# Blender v3.4.1 OBJ File: ''
# www.blender.org
mtllib Dragon_Attenuation.mtl
o Cube
v 1.000000 1.000000 -1.000000
v 1.000000 -1.000000 -1.000000
v 1.000000 1.000000 1.000000
v 1.000000 -1.000000 1.000000
v -1.000000 1.000000 -1.000000
v -1.000000 -1.000000 -1.000000
v -1.000000 1.000000 1.000000
v -1.000000 -1.000000 1.000000
vn -0.0000 1.0000 -0.0000
vn -0.0000 -0.0000 1.0000
vn -1.0000 -0.0000 -0.0000
vn -0.0000 -1.0000 -0.0000
vn 1.0000 -0.0000 -0.0000
vn -0.0000 -0.0000 -1.0000
vt 0.625000 0.500000
vt 0.875000 0.500000
vt 0.875000 0.750000
vt 0.625000 0.750000
vt 0.375000 0.750000
vt 0.625000 1.000000
vt 0.375000 1.000000
vt 0.375000 0.000000
vt 0.625000 0.000000
vt 0.625000 0.250000
vt 0.375000 0.250000
vt 0.125000 0.500000
vt 0.375000 0.500000
vt 0.125000 0.750000
s 0
f 1/1/1 5/2/1 7/3/1 3/4/1
f 4/5/2 3/4/2 7/6/2 8/7/2
f 8/8/3 7/9/3 5/10/3 6/11/3
f 6/12/4 2/13/4 4/5/4 8/14/4
f 2/13/5 1/1/5 3/4/5 4/5/5
f 6/11/6 5/10/6 1/1/6 2/13/6

o Stanford_dragon
v 1.023788 -0.275278 0.501327
v 1.088645 -0.273373 0.538426
v 1.054805 -0.190577 0.527069
v 1.566004 0.006412 0.228970
v 1.507088 -0.030373 0.195887
v 1.559389 0.028289 0.231721
v 1.184144 0.015333 0.465977
v 1.164076 -0.040036 0.512747
v 1.239198 0.000293 0.541584
v 1.555213 0.065400 0.187905
v 1.594043 0.094327 0.262419
v 1.243327 0.068195 0.485121
v 1.402368 -0.309925 0.358899
v 1.430496 -0.282241 0.380919
v 1.427702 -0.244624 0.469427
v 1.444460 -0.249866 0.368107
v 1.252080 0.073255 0.461793
v 1.271017 0.046130 0.521335
v 1.330502 0.061662 0.536619
v 1.481575 -0.209091 0.397935
v 1.481188 -0.193381 0.361980
v 1.586881 0.086570 0.319530
v 1.569411 0.138543 0.390831
v 1.587120 0.112992 0.397584
v 1.408641 -0.029743 0.539515
v 1.392785 -0.016428 0.548667
v 1.351360 -0.047458 0.553716
v 1.305621 -0.212849 -0.055366
v 1.249273 -0.198497 -0.038099
v 1.305407 -0.151382 -0.047727
v 1.210397 -0.289258 0.529238
v 1.305755 -0.172680 0.547268
v 1.254105 -0.205702 0.566339
v 1.412029 0.191458 0.488780
v 1.361334 0.230300 0.446880
v 1.377148 0.215781 0.475457
v 1.310433 -0.107807 -0.012023
v 1.378124 -0.186789 0.033723
v 1.277623 -0.144705 0.569929
v 1.421271 -0.135844 0.088547
v 1.333320 -0.090289 0.034945
v 1.364526 -0.116455 0.142335
v 1.400265 -0.030270 0.111667
v 1.407219 -0.126566 0.123737
v 1.361718 -0.102297 0.551194
v 1.310908 -0.096546 0.562559
v 1.265557 0.123877 0.418330
v 1.282032 0.130980 0.459766
v 1.335138 0.161102 0.480558
v 1.296900 0.170558 0.430313
v 1.334728 0.203045 0.453373
v 1.363079 0.288140 0.412170
v 1.384404 0.264656 0.432407
v 1.515597 -0.144223 0.374056
v 1.504840 -0.107973 0.451134
v 1.402160 0.330151 0.404560
v 1.441461 0.271836 0.447641
v 1.469714 0.306181 0.425599
v 1.445011 -0.224041 0.235744
v 1.393270 -0.255684 0.208234
v 1.480338 -0.135737 0.204058
v 1.588553 0.197043 0.213812
v 1.569475 0.246534 0.159862
v 1.596962 0.250288 0.240625
v 1.428633 -0.142908 0.533899
v 1.451915 -0.125060 0.493196
v 1.526379 -0.043030 0.211098
v 1.573435 0.019163 0.301841
v 1.535297 -0.076077 0.264546
v 1.323194 -0.205010 0.563635
v 1.404308 -0.196896 0.506535
v 1.584215 0.355129 0.195226
v 1.588135 0.392470 0.245912
v 1.592356 0.350453 0.252955
v 1.358808 -0.146671 0.561958
v 1.385282 -0.339906 0.357160
v 1.377314 -0.301961 0.463909
v 1.535371 0.340092 0.377892
v 1.592388 0.355375 0.295872
v 1.546603 0.385879 0.345795
v 1.183755 -0.187954 0.565528
v 1.200257 -0.266609 0.555768
v 1.217164 -0.171012 0.559716
v 1.037678 -0.338166 0.497061
v 1.120249 -0.338524 0.511060
v 1.369887 -0.267225 0.491454
v 1.324265 -0.256266 -0.095248
v 1.407686 -0.223361 0.041304
v 1.423795 -0.252605 0.063377
v 1.365780 -0.226292 -0.015703
v 1.239941 -0.196013 -0.096512
v 1.177115 -0.167663 -0.076123
v 1.214635 -0.158420 0.018183
v 1.211454 -0.122705 0.094452
v 1.298884 -0.044449 0.558830
v 1.400579 0.086791 0.534569
v 1.462635 0.117242 0.515200
v 1.386479 0.168524 0.508581
v 1.185410 -0.191854 0.004832
v 1.477934 0.198961 0.482740
v 1.447028 0.194434 0.498737
v 1.276812 -0.100302 0.130541
v 1.388347 -0.219747 0.529474
v 1.470129 -0.177347 0.464683
v 1.456902 -0.206549 0.095520
v 1.447248 -0.232627 0.071075
v 1.442341 -0.169864 0.131505
v 1.349794 -0.046523 0.156354
v 1.225621 0.013491 0.200136
v 1.286826 0.069410 0.194078
v 1.514674 0.015450 0.457659
v 1.542075 -0.047706 0.360705
v 1.568957 -0.008846 0.363051
v 1.537473 0.072534 0.482938
v 1.572082 0.415211 0.180822
v 1.563839 0.414897 0.247775
v 1.599352 0.115395 0.325078
v 1.595494 0.177944 0.381283
v 1.527642 0.109504 0.167532
v 1.516434 0.038631 0.177522
v 1.506273 0.283849 0.433751
v 1.498237 0.409591 0.356161
v 1.371100 -0.340510 -0.090528
v 1.424389 -0.290451 0.053240
v 1.437273 -0.335310 0.004989
v 1.546440 0.463913 0.210251
v 1.558518 0.468016 0.246462
v 1.599264 0.170277 0.264521
v 1.600170 0.207877 0.275637
v 1.083546 -0.200379 0.534958
v 1.519628 0.453479 0.304801
v 1.474357 0.465163 0.320784
v 1.506599 -0.137410 0.245103
v 1.302094 -0.335012 0.463207
v 1.335780 -0.288977 0.522224
v 1.262520 -0.265996 0.553968
v 1.533837 -0.101449 0.364405
v 1.590942 0.254050 0.336383
v 1.611283 0.209787 0.328752
v 1.115502 -0.140368 0.540169
v 1.144674 -0.145035 0.539576
v 1.158316 -0.086243 0.540573
v 1.597048 0.174814 0.329444
v 1.548026 0.204936 0.451106
v 1.364660 -0.318093 0.236690
v 1.348967 -0.339305 0.332088
v 1.320497 -0.339336 0.179196
v 1.407584 -0.339094 0.110448
v 1.437945 -0.213085 0.127337
v 1.348779 -0.338938 0.120792
v 1.546290 0.172728 0.154397
v 1.341030 0.097041 0.522141
v 1.344433 -0.337797 0.157777
v 1.449036 -0.212680 0.162272
v 1.404328 -0.287169 0.350332
v 1.251166 -0.337959 0.509031
v 1.509793 0.174668 0.124955
v 1.500458 0.235658 0.110921
v 1.563018 0.265953 0.415721
v 1.539356 0.287070 0.404409
v 1.536593 0.276237 0.115657
v 1.147438 -0.230599 0.556022
v 1.467057 0.043961 0.524038
v 1.506563 0.108717 0.491010
v 1.527130 0.143199 0.483108
v 1.237767 -0.095923 0.552568
v 1.250213 -0.035302 0.554421
v 1.572546 0.032031 0.354149
v 1.554694 -0.011429 0.332302
v 1.510787 0.022132 0.139657
v 1.488743 -0.124475 0.141394
v 1.463447 -0.333072 0.049905
v 1.139928 -0.171665 -0.020156
v 1.411344 0.189120 0.122241
v 1.446399 0.108313 0.126565
v 1.586641 0.150314 0.208966
v 1.301211 -0.264321 -0.141147
v 1.242213 -0.210146 -0.152517
v 1.468772 -0.077089 0.519326
v 1.499817 -0.081339 0.442529
v 1.428051 -0.035948 0.539041
v 1.534368 0.487522 0.127554
v 1.542346 0.346282 0.085921
v 1.528627 0.441321 0.067195
v 1.550189 0.438904 0.122301
v 1.448655 -0.219478 0.289738
v 1.447244 -0.013550 0.545237
v 1.502080 0.008934 0.506205
v 1.551206 0.078860 0.415376
v 1.080381 -0.078971 0.491501
v 1.339774 -0.013283 0.556973
v 1.508531 -0.039654 0.480245
v 1.524420 0.231416 0.440772
v 1.097900 -0.071349 0.489273
v 1.509752 0.166357 0.472705
v 1.202399 -0.107737 0.562057
v 1.271284 -0.007785 0.532229
v 1.386005 -0.293264 -0.050558
v 1.447173 0.364336 0.388360
v 1.525877 -0.088149 0.332709
v 1.609365 0.292192 0.323357
v 1.416757 -0.064077 0.556627
v 0.944529 -0.339350 0.452649
v 0.992989 -0.251014 0.503664
v 1.201760 -0.061279 0.164884
v 1.160500 -0.121359 0.069392
v 1.553185 0.316306 0.392237
v 1.446575 0.225640 0.096768
v 1.394681 0.279179 0.084511
v 1.563458 0.420265 0.294204
v 1.314308 0.201985 0.163103
v 1.535593 0.527351 0.214703
v 1.544237 -0.046270 0.403876
v 1.423095 0.422500 0.336443
v 1.454277 0.405415 0.345591
v 1.120663 -0.040931 0.439738
v 1.331393 0.265226 0.396890
v 1.279087 -0.241209 0.547858
v 1.606709 0.287947 0.272180
v 1.180518 -0.215804 -0.218975
v 1.202205 -0.166081 -0.161947
v 1.204655 -0.167733 -0.122680
v 0.909742 -0.262552 0.450303
v 1.185354 -0.163070 -0.191143
v 1.459740 0.309352 0.055498
v 1.127747 -0.010010 0.405146
v 1.198663 0.048209 0.408807
v 1.290340 0.177061 0.357650
v 1.312949 -0.339443 -0.140315
v 1.158586 -0.262941 -0.299577
v 1.116010 -0.209905 -0.316075
v 1.140838 -0.005965 0.168838
v 1.211948 0.063574 0.188821
v 1.281294 0.138427 0.195195
v 1.457465 0.333964 0.052213
v 1.504431 0.490479 0.270714
v 1.201131 -0.338570 -0.273724
v 0.976737 -0.209944 0.487997
v 1.147058 -0.337810 -0.305764
v 1.117156 -0.271924 -0.342040
v 1.103898 -0.335714 -0.316350
v 1.092862 0.531706 0.038787
v 1.138497 0.514234 0.008026
v 1.097803 0.578944 0.064576
v 0.940295 0.067712 0.035634
v 0.981281 0.212892 0.009527
v 0.940654 0.220001 0.062606
v 0.978169 0.105701 -0.049367
v 0.941094 0.093502 -0.094868
v 0.964324 0.183086 -0.087801
v 0.993103 0.137566 -0.018406
v 1.015774 0.168892 -0.054839
v 1.273402 0.571136 0.042527
v 1.299491 0.576126 0.115008
v 1.293498 0.636263 0.091176
v 0.509494 -0.332150 0.205580
v 0.557577 -0.338192 0.229768
v 0.534938 -0.339113 0.534231
v 1.364230 0.664582 0.148555
v 1.322679 0.694721 0.110783
v 1.270551 0.242169 0.142205
v 1.324652 0.275480 0.127967
v 1.464501 0.830122 -0.091947
v 1.525458 0.815184 -0.063389
v 1.500673 0.826991 -0.056010
v 1.558071 0.889479 -0.061479
v 0.387598 -0.299586 0.506126
v 0.515435 -0.283323 0.495266
v 0.454998 -0.315464 0.444526
v 0.558968 -0.284626 0.442369
v 0.947046 -0.115451 -0.447808
v 0.929227 -0.092188 -0.376703
v 1.007345 -0.131915 -0.337348
v 1.313559 0.407168 0.164629
v 1.305274 0.290245 0.234898
v 1.323368 0.337996 0.309076
v 1.004019 -0.048276 -0.349201
v 1.230192 0.790992 -0.049589
v 1.271909 0.780916 0.014790
v 0.532751 -0.233378 0.295846
v 0.604094 -0.237882 0.308033
v 0.605488 -0.135582 0.372542
v 1.139337 -0.147107 -0.094271
v 1.473206 0.474730 0.012732
v 1.446147 0.408271 0.014905
v 1.406965 0.441143 -0.007142
v 0.383963 -0.312910 0.569542
v 0.467036 -0.310377 0.545895
v 1.102435 -0.074834 0.115399
v 1.453645 0.867546 -0.011637
v 1.455783 0.831173 -0.024818
v 1.533144 0.841007 -0.014101
v 1.503968 0.952292 -0.003759
v 1.626292 0.954863 0.010736
v 1.471453 0.974916 0.000154
v 1.133889 0.481236 -0.118718
v 1.156963 0.397576 -0.059039
v 1.127336 0.364934 -0.036553
v 1.370019 0.475086 0.281220
v 1.476916 0.485621 0.294778
v 1.424655 0.515389 0.273963
v 1.367483 0.855552 0.002854
v 1.403773 0.923111 -0.005789
v 1.346123 0.987141 0.009641
v 1.444926 1.060128 0.044664
v 1.381290 1.038008 0.029592
v 0.774654 0.090766 0.123049
v 0.798967 0.053348 0.140039
v 0.835140 0.142518 0.102806
v 1.706955 1.196987 0.047556
v 1.713736 1.227887 0.031211
v 1.702085 1.215966 0.084371
v 1.630772 1.101936 0.035417
v 0.940007 0.173696 -0.152047
v 0.960790 0.205380 -0.187309
v 0.776957 -0.283566 0.397601
v 0.779885 -0.242041 0.388851
v 0.784483 -0.281583 0.448192
v 1.022222 -0.268380 -0.380983
v 1.008384 -0.222174 -0.435745
v 0.715993 0.018112 0.191752
v 0.720458 0.061815 0.231019
v 0.741958 0.039569 0.217571
v 1.179634 0.457597 -0.030330
v 1.188911 0.506916 -0.072366
v 1.217543 0.524452 -0.025315
v 0.700065 -0.028281 0.452963
v 0.716495 0.067537 0.489254
v 0.629162 0.031697 0.433921
v 1.072719 -0.065417 -0.174884
v 1.080079 -0.063302 -0.214589
v 1.030003 -0.053088 -0.140225
v 1.014505 -0.123210 0.483192
v 0.998306 0.351078 0.051190
v 0.983597 0.002700 0.053492
v 0.970421 0.070772 -0.005380
v 0.978745 0.064944 0.024306
v 0.951885 0.008569 0.072625
v 1.084532 -0.043178 0.435650
v 0.970404 -0.010957 0.083871
v 0.898696 -0.014785 0.233936
v 1.028055 -0.027659 0.085773
v 0.988063 -0.006300 0.160220
v 1.254747 0.451992 0.035574
v 1.266196 0.351133 0.091068
v 1.233627 0.521853 0.026390
v 1.281598 0.397337 0.127148
v 1.000886 0.258788 0.583875
v 0.990160 0.378342 0.512316
v 0.976839 0.383228 0.557277
v 0.823416 0.411360 0.617490
v 0.830166 0.333246 0.660339
v 0.911748 0.427764 0.576442
v 1.553056 0.842533 -0.059059
v 1.542733 0.874460 -0.015089
v 1.191872 0.618412 -0.104624
v 1.536477 0.914899 -0.094778
v 1.635642 0.895892 -0.045957
v 1.010690 -0.078609 -0.102623
v 1.035244 -0.067930 -0.034767
v 0.695063 -0.336314 -0.503574
v 0.638899 -0.322566 -0.524786
v 0.688906 -0.309077 -0.545209
v 0.854018 -0.332976 -0.453836
v 0.722551 -0.327109 -0.567599
v 0.732429 -0.326664 -0.674461
v 0.818603 -0.333379 -0.446915
v 1.178028 0.599016 -0.000769
v 1.200736 0.522451 0.005285
v 1.203681 0.720938 -0.029604
v 0.637396 -0.245335 -0.597579
v 0.754342 -0.269796 -0.590080
v 1.077900 -0.027077 0.135967
v 1.391416 0.355874 0.364046
v 0.684840 -0.307738 -0.477493
v 1.635671 0.979379 0.004524
v 1.620513 0.997281 0.024753
v 1.662574 0.897462 -0.006086
v 1.659903 0.934655 -0.039865
v 1.666857 0.925545 0.009721
v 0.781734 -0.187815 -0.529246
v 0.736679 -0.231187 -0.602440
v 0.707137 -0.179640 -0.589448
v 1.444320 0.702417 0.060408
v 1.442678 0.684023 0.007442
v 1.426167 0.739564 0.056480
v 1.480911 0.622176 0.135354
v 1.462962 0.661125 0.116738
v 1.446385 0.622623 0.160460
v 1.422618 0.668602 0.125103
v 1.252335 0.165152 0.182642
v 1.450366 0.965781 -0.156628
v 1.597325 1.029756 -0.082080
v 1.614561 1.006207 -0.087507
v 1.674698 1.053027 0.044661
v 1.723827 1.047952 0.027606
v 1.623801 1.076268 0.044157
v 0.718188 -0.229489 -0.298419
v 0.605515 -0.205647 -0.330799
v 0.657926 -0.186981 -0.349548
v 1.444545 0.906055 -0.011178
v 1.413832 0.834836 -0.003087
v 1.429675 0.489023 -0.023064
v 1.504921 0.514005 0.049604
v 1.480382 1.003962 0.017568
v 1.359512 0.381433 0.333960
v 1.328707 0.428279 0.254987
v 1.385761 0.430151 0.318208
v 0.787589 -0.243787 0.497447
v 0.906710 -0.038791 0.555929
v 0.789469 -0.159316 0.563566
v 0.860000 -0.012759 0.422517
v 0.863312 0.009038 0.391984
v 0.888077 0.077576 0.420990
v 1.517729 0.954473 -0.120993
v 1.108666 -0.107470 -0.124829
v 1.518543 0.561661 0.169667
v 1.498705 0.575411 0.154647
v 1.485990 0.582995 0.196127
v 0.753549 0.033463 0.148239
v 0.804066 0.030401 0.180559
v 0.477057 -0.235220 0.244544
v 0.451709 -0.282027 0.332520
v 0.639939 -0.249136 0.335600
v 0.603880 -0.282227 0.473041
v 0.351081 -0.333063 0.523530
v 0.377282 -0.329842 0.451507
v 0.708336 -0.202761 0.350187
v 0.667690 -0.167206 0.446979
v 0.696723 -0.124358 0.409902
v 1.081085 -0.158598 -0.286932
v 1.129698 -0.182149 -0.246046
v 0.660640 -0.233733 0.488055
v 0.689474 -0.049763 0.517615
v 1.522951 0.529346 0.187350
v 0.930373 -0.248934 -0.239561
v 0.903748 -0.270485 -0.208672
v 0.899127 -0.255295 -0.201561
v 0.853688 -0.339308 -0.159900
v 0.859794 -0.295165 -0.183832
v 1.390663 0.806275 0.024897
v 1.405972 0.786220 -0.003034
v 0.987537 0.350049 0.492477
v 0.943213 0.452872 0.461900
v 0.953052 0.210440 -0.231970
v 0.913556 0.149588 -0.303936
v 0.911460 0.199614 -0.310640
v 0.954545 0.008953 -0.036668
v 1.611936 1.130001 -0.063468
v 1.637478 1.096592 -0.012904
v 1.603660 1.096246 -0.068814
v 0.768316 0.119522 0.087222
v 0.813231 -0.339634 0.498945
v 0.774460 -0.291006 0.492445
v 1.594334 1.206359 -0.020936
v 1.694458 1.255878 0.053546
v 0.745891 -0.292177 -0.593574
v 1.043004 0.350211 -0.147845
v 1.013173 0.320747 -0.237292
v 1.044320 0.344419 -0.209432
v 1.089893 0.290543 -0.009098
v 1.038715 0.185881 -0.001457
v 1.072185 0.300652 -0.047026
v 0.991087 0.004922 -0.180000
v 0.633838 -0.252427 -0.464260
v 0.655874 -0.314908 -0.455852
v 0.748692 -0.298575 -0.425720
v 1.007816 -0.058203 -0.048876
v 0.947737 0.004801 -0.161272
v 0.855525 -0.167299 -0.490296
v 0.766620 -0.153560 -0.476733
v 0.662385 -0.064778 0.412890
v 1.406770 0.344106 0.040793
v 1.327347 0.334333 0.097086
v 1.352180 0.391051 0.038038
v 1.128936 0.333860 -0.004327
v 1.151196 0.386252 -0.014326
v 1.053422 0.385867 -0.191272
v 1.073117 0.450834 -0.244187
v 1.120720 0.503194 -0.171664
v 0.789892 0.126837 0.339922
v 0.748966 0.039656 0.590603
v 0.760834 0.074655 0.634842
v 0.769542 0.149616 0.639073
v 1.456969 0.532431 -0.016560
v 1.403269 0.589900 -0.069891
v 1.439718 0.642557 -0.043015
v 0.811021 0.159094 0.671213
v 0.554900 -0.336474 0.108737
v 0.515613 -0.334114 0.055061
v 0.515958 -0.338738 0.012592
v 1.325176 0.557968 0.173976
v 1.323944 0.488334 0.214147
v 1.246620 0.657319 -0.101896
v 1.177806 0.710838 -0.152715
v 1.136497 0.586731 -0.002422
v 1.507544 0.557506 0.090235
v 1.278100 0.503049 -0.018516
v 1.239921 0.499526 0.001632
v 1.564978 0.887195 -0.023100
v 1.151296 0.629261 0.026020
v 1.139082 0.675467 0.039281
v 0.447659 -0.272303 0.409477
v 0.808391 -0.322683 -0.663157
v 0.751280 -0.296866 -0.670968
v 0.864337 -0.273247 -0.584440
v 0.960622 -0.090496 0.413018
v 0.970096 -0.056625 0.348963
v 1.414058 0.648122 0.165898
v 0.862814 -0.338826 0.402523
v 0.864044 -0.176847 0.413507
v 0.927746 -0.143279 0.435636
v 1.382176 0.606010 0.194040
v 1.457385 0.554738 0.234172
v 1.712163 1.016090 0.033713
v 1.715022 1.020792 -0.029703
v 1.386751 0.706896 0.118826
v 1.330946 0.742404 0.093777
v 0.739095 -0.315332 -0.457765
v 0.599821 -0.025290 0.416349
v 1.030698 -0.179485 -0.400035
v 0.867345 -0.091344 0.375965
v 0.838336 -0.024229 0.272239
v 0.853630 -0.134745 0.466686
v 0.835824 -0.055613 0.418666
v 0.918372 0.000918 0.484538
v 0.858100 -0.110724 -0.441757
v 1.641514 0.975008 -0.040791
v 1.651499 1.071463 -0.063370
v 0.401139 -0.339275 0.575940
v 0.846319 -0.078573 -0.390617
v 1.184018 0.027342 0.175396
v 0.968302 0.095242 -0.281217
v 1.013663 0.027616 -0.322419
v 0.899481 0.155999 -0.337249
v 0.933269 0.112492 -0.251455
v 0.888829 0.092070 0.640267
v 1.428586 0.707463 0.091025
v 1.541163 1.133228 0.063748
v 1.493476 1.230434 0.050091
v 0.933011 0.139678 -0.218419
v 0.968223 0.095249 0.575441
v 0.998498 0.199683 0.540449
v 0.727614 0.107191 0.283619
v 0.967133 0.224068 -0.124942
v 0.986988 0.243319 -0.183218
v 1.012140 0.278058 -0.102256
v 0.772127 0.132179 0.311413
v 0.807900 -0.176099 0.396334
v 0.815662 -0.306643 0.395288
v 0.550688 -0.288138 0.148635
v 0.590994 -0.338364 0.188643
v 0.576749 -0.303962 0.204071
v 0.777961 -0.337865 0.546088
v 1.046877 0.318408 -0.101270
v 0.776710 -0.003804 0.618015
v 1.058696 0.385418 -0.107734
v 0.870542 0.093269 0.102612
v 0.845075 0.231171 0.077580
v 0.776855 0.236127 0.556536
v 0.686821 0.115220 0.492628
v 0.766628 0.239426 0.600176
v 0.873348 0.166143 0.430801
v 0.961231 -0.271574 -0.343728
v 0.873957 -0.221163 -0.261826
v 1.261043 0.308132 0.105521
v 1.004348 0.413208 0.090767
v 1.098529 0.416637 0.001292
v 1.050530 0.477908 0.073373
v 1.255487 0.124502 0.215412
v 1.123380 0.473873 0.004821
v 0.872959 -0.329471 -0.601000
v 0.912341 -0.262944 -0.529704
v 0.816383 0.397117 0.597280
v 0.797373 0.266493 0.639985
v 0.815173 0.264372 0.647376
v 0.887260 -0.244915 -0.326864
v 0.713708 -0.230728 -0.397016
v 0.933519 -0.226253 -0.509825
v 1.321681 0.284227 0.344405
v 0.625616 -0.301284 -0.567513
v 0.700109 -0.272487 0.516081
v 0.737524 -0.282060 0.510060
v 0.738431 -0.157829 0.569670
v 0.613949 -0.315374 -0.495569
v 1.054302 0.255966 -0.070368
v 0.788256 -0.197869 -0.299777
v 1.394747 0.798902 -0.140716
v 0.746643 -0.064476 -0.400534
v 0.765512 -0.096928 -0.463063
v 0.558183 -0.260793 -0.279829
v 0.595800 -0.338444 -0.237024
v 0.590531 -0.337509 -0.202554
v 0.736010 -0.210772 -0.343006
v 1.351848 0.516104 -0.049400
v 1.021448 -0.330918 -0.180652
v 1.002284 -0.313478 -0.131842
v 1.436315 0.980617 0.002156
v 1.575121 1.143368 0.061973
v 1.019675 -0.338092 -0.109348
v 0.499934 -0.254435 0.054826
v 0.463924 -0.204912 0.039679
v 1.354931 0.545143 0.215626
v 1.535805 1.202136 0.004444
v 1.574690 1.192870 0.078085
v 1.463674 0.618670 0.021333
v 1.472035 0.631341 0.032836
v 1.252728 0.130717 0.179081
v 0.985261 0.001015 0.007870
v 1.452409 0.670823 0.095582
v 1.088642 0.392593 -0.112120
v 1.110211 0.325876 -0.055538
v 0.933444 -0.028882 -0.396465
v 0.983511 0.016466 -0.368154
v 1.113106 -0.108356 -0.262955
v 1.096122 -0.097035 -0.274133
v 1.720770 1.052868 -0.019629
v 1.399798 0.306279 0.082153
v 1.131853 -0.101293 -0.220140
v 0.810335 -0.094756 0.382914
v 0.520115 -0.149595 0.322143
v 0.527612 -0.082163 0.348678
v 0.765117 0.241066 0.386010
v 0.839959 0.320896 0.406005
v 1.311150 0.598772 -0.090862
v 1.031803 0.207182 -0.024050
v 1.016061 0.368191 -0.278786
v 1.362453 0.440984 -0.003652
v 0.699490 -0.323536 -0.625495
v 1.429980 0.677594 -0.033436
v 1.417013 0.744911 0.027729
v 1.389505 0.748160 0.064618
v 0.905679 -0.290144 -0.482174
v 0.955065 -0.264379 -0.416117
v 1.485222 0.548164 0.225341
v 1.181280 0.409944 -0.008970
v 1.046740 0.419524 -0.236907
v 1.016707 -0.070709 -0.328233
v 1.047002 -0.093438 -0.321708
v 0.824063 -0.028391 0.327942
v 0.702283 -0.338971 -0.227610
v 1.219818 0.488147 -0.019915
v 1.053213 -0.338389 -0.270440
v 1.366845 0.668501 -0.109634
v 1.150645 0.538330 -0.130228
v 1.140079 0.582445 -0.187325
v 0.561731 -0.271439 0.360186
v 1.065714 -0.082069 -0.300701
v 1.063506 -0.034370 -0.277075
v 1.357213 0.806097 0.044469
v 0.785064 -0.024346 0.255571
v 0.853074 0.015913 0.181548
v 0.763028 0.005370 0.208873
v 1.294061 0.879858 -0.004829
v 0.705381 -0.062100 0.555965
v 0.729008 0.082455 0.538149
v 1.571204 1.158663 -0.053121
v 1.522690 1.171534 -0.056593
v 1.062485 -0.081468 0.024023
v 1.169023 0.030152 0.220326
v 1.527974 1.177255 0.055137
v 0.679994 0.039251 0.155944
v 0.711592 0.141198 0.303808
v 0.744536 0.184952 0.351213
v 0.720973 0.186740 0.493000
v 0.944124 0.342029 0.613396
v 0.789214 -0.279026 -0.612307
v 0.631030 -0.337519 0.495394
v 0.625200 -0.289235 0.484672
v 0.810585 -0.247069 -0.540322
v 1.007872 0.113773 0.006874
v 0.669587 -0.207508 -0.604832
v 0.884878 -0.204207 -0.500821
v 0.882711 -0.025461 -0.421999
v 0.758241 0.034973 -0.422252
v 0.782071 -0.338655 0.386143
v 1.362015 0.836117 -0.167515
v 1.472540 1.037380 -0.130910
v 0.501199 -0.321172 0.166952
v 0.464003 -0.329814 0.187575
v 0.498664 -0.289722 0.160025
v 1.407343 0.751277 -0.085062
v 1.049481 -0.020761 0.111747
v 1.302157 0.371871 0.082433
v 0.831671 -0.052000 0.312121
v 0.719324 -0.338603 0.521399
v 1.041571 -0.042531 -0.327566
v 0.907783 0.228412 -0.342845
v 0.966137 0.241159 -0.269021
v 0.938882 0.223063 0.646100
v 0.787334 0.255356 0.616810
v 0.866887 0.039313 0.126083
v 0.741805 0.065765 0.123975
v 0.814743 0.272832 0.064881
v 0.901966 0.330601 0.075059
v 0.893401 0.140167 -0.391545
v 0.951183 -0.152816 -0.480083
v 0.908377 0.426636 0.097163
v 0.995899 0.456772 0.109677
v 1.052528 0.555795 0.115593
v 1.160114 0.436618 0.009137
v 1.116086 0.616733 0.080875
v 1.424553 0.798966 -0.093321
v 1.380170 0.995988 -0.151724
v 0.517775 -0.270210 0.153626
v 0.517132 -0.289280 0.197417
v 1.487890 1.151685 -0.084539
v 1.092437 0.000206 0.213112
v 1.140136 -0.123129 -0.224258
v 0.921446 -0.270072 -0.372099
v 1.672469 1.238882 0.083345
v 0.882727 0.406273 0.394750
v 0.792910 0.359104 0.582454
v 0.808774 0.465700 0.568307
v 0.621975 -0.283811 -0.520353
v 1.302350 0.786873 -0.155766
v 0.540190 -0.299783 0.530440
v 1.564963 0.935862 -0.076151
v 1.101156 0.510295 -0.238304
v 0.640071 -0.240856 0.411984
v 1.041783 0.532254 0.096619
v 1.159096 0.655375 -0.177473
v 1.299496 0.907293 -0.169137
v 0.849877 0.068654 -0.435033
v 1.424191 1.173995 0.049946
v 1.331100 0.618670 0.160299
v 0.650558 0.131241 0.448050
v 0.781808 0.290957 0.547596
v 1.593687 1.127728 0.072271
v 0.590284 -0.291922 -0.495921
v 0.680411 -0.162413 -0.518739
v 0.968975 0.271279 -0.273892
v 0.484007 -0.215591 0.083139
v 0.469952 -0.251036 0.207436
v 0.399035 -0.275148 0.208204
v 0.360553 -0.334693 0.296589
v 0.316768 -0.336765 0.410607
v 0.936317 0.326905 -0.337869
v 0.864370 0.379574 0.077777
v 1.088247 0.496497 -0.219728
v 1.111197 0.538209 -0.254180
v 1.215734 0.778206 -0.130113
v 1.142833 0.704564 0.059531
v 0.881892 0.572740 0.395858
v 0.724011 0.265184 0.469336
v 0.840455 0.362411 0.401004
v 0.635549 -0.223174 -0.455296
v 0.818037 0.421685 0.308697
v 0.829123 0.486329 0.306947
v 0.826840 0.421494 0.340899
v 0.436741 0.009002 0.001314
v 0.433062 -0.094921 0.023957
v 0.461698 -0.017608 0.033187
v 0.557415 0.093348 0.082090
v 0.610680 0.056786 0.131999
v 0.595988 0.104233 0.077138
v 0.622607 0.102919 0.240000
v 0.697074 0.342452 0.488150
v 0.772207 0.394077 0.532269
v 0.768423 0.446792 0.540457
v 0.692411 0.223286 -0.404683
v 0.715953 0.135246 -0.409122
v 0.647919 0.219900 -0.398703
v 0.661553 0.513051 -0.046209
v 0.617821 0.445838 -0.030723
v 0.664517 0.545392 -0.009376
v 0.748453 0.279192 -0.398866
v 0.749397 0.215402 -0.413166
v 0.682927 0.267550 -0.398575
v 0.670305 -0.102225 -0.528719
v 0.782966 0.525099 0.270355
v 0.833976 0.485085 0.513699
v 0.746695 0.459417 0.504246
v 0.731255 0.454900 0.350362
v 0.762316 0.432949 0.296995
v 0.761114 0.387199 0.369715
v 0.821187 0.534859 0.456246
v 0.826017 0.588812 0.424027
v 0.761301 0.431399 0.435345
v 0.880930 0.378284 -0.392009
v 0.824571 0.384175 -0.402836
v 0.835906 0.453503 -0.397250
v 0.715769 0.524970 0.316995
v 0.872339 0.456775 -0.376512
v 0.888030 0.611538 -0.391806
v 0.828544 0.655294 -0.375392
v 0.873523 0.679344 -0.389518
v 0.069353 -0.212767 -0.027515
v 0.076898 -0.162355 0.100919
v 0.084535 -0.201072 0.089877
v 0.802969 0.566946 -0.380671
v 0.785978 0.645257 -0.363382
v 1.127146 1.026409 -0.044299
v 1.198173 1.035072 -0.095764
v 1.072941 1.112920 -0.067617
v 0.764936 0.523466 0.359774
v 0.778830 0.479177 0.421775
v 0.774188 0.541922 0.395434
v 0.555755 0.198375 0.039062
v 0.541605 0.160455 0.034197
v 0.569187 0.138188 0.066538
v 1.026744 1.013622 0.066053
v 1.039288 0.989353 0.055631
v 1.082089 1.003784 0.030918
v 1.039434 1.016378 0.066780
v 0.585859 0.212019 0.051365
v 0.954612 0.829996 -0.383852
v 0.938795 0.769843 -0.383258
v 0.861810 0.765471 -0.384658
v 0.794199 0.560154 0.383439
v 0.932269 0.906689 0.084349
v 1.001626 0.902337 0.094877
v 1.009027 0.931861 0.103388
v 0.139430 -0.099687 0.032087
v 0.075279 -0.125649 0.163127
v 0.121968 -0.070081 0.107682
v -0.000659 -0.193261 0.194112
v 0.055358 -0.217486 0.149534
v 0.048194 -0.183789 0.154104
v 0.659391 0.361345 0.049011
v 0.670685 0.318160 0.055347
v 0.719692 0.304391 0.073997
v 0.510622 -0.166950 -0.444225
v 0.609793 -0.192004 -0.445827
v 0.552762 -0.167142 -0.384686
v -0.018154 -0.191802 0.441555
v 0.018976 -0.207021 0.433019
v -0.040859 -0.152451 0.457696
v 0.811200 0.723202 0.318021
v 0.811774 0.715504 0.253209
v 0.779080 0.730671 0.226326
v 0.761599 0.685466 -0.319697
v 0.728014 0.646171 -0.303506
v 0.743772 0.707104 -0.314830
v 0.593006 -0.117276 -0.366853
v 0.525057 -0.179961 -0.306162
v 0.967616 0.666607 -0.376537
v 1.005405 0.625740 -0.369042
v 0.957291 0.631901 -0.363753
v 1.026335 0.599630 -0.349381
v 0.608289 0.086876 -0.389569
v 0.681231 0.037228 -0.396136
v 0.616749 0.030343 -0.402076
v 1.018388 0.765863 -0.363689
v 1.027589 0.801260 -0.370752
v 1.098643 0.811340 -0.316460
v 0.455215 -0.222557 0.149181
v 0.482860 -0.153281 -0.290486
v 0.518275 -0.138949 -0.302675
v 0.483395 -0.182340 -0.234797
v 0.868462 0.877969 -0.387440
v 0.885164 0.860274 -0.374512
v 1.089437 0.996603 -0.274467
v 1.061310 1.007598 -0.310566
v 1.049435 1.065839 -0.269982
v 0.433520 -0.167477 -0.205725
v 0.420812 -0.222245 -0.035277
v 0.459285 -0.296326 -0.077643
v 0.446213 -0.200175 -0.005197
v 1.130530 1.159613 -0.141314
v 1.119746 1.191085 -0.152131
v 1.127583 1.192612 -0.122960
v 1.135647 1.152105 -0.111047
v 0.684390 0.592674 -0.235529
v 0.733296 0.689579 -0.237508
v 0.989010 1.007210 0.085610
v 1.022290 1.056257 0.065070
v 0.985610 1.088809 0.055972
v 0.578002 -0.279339 -0.542923
v 0.599314 0.191278 -0.386741
v 0.568464 0.140057 -0.385003
v 0.548580 0.121731 -0.349185
v 0.616041 -0.240699 -0.512514
v 0.568242 0.203100 -0.347389
v 0.465217 0.018756 -0.302085
v 0.432981 0.025400 -0.200918
v 0.485124 0.079539 -0.218789
v 0.467524 -0.057240 0.249708
v 0.426418 -0.163504 0.137764
v 0.486734 -0.124190 0.290889
v 0.456548 -0.127562 0.063827
v 0.433612 -0.086031 0.093445
v 0.476164 -0.036669 0.066750
v 0.638467 -0.186571 -0.493753
v 1.196394 1.054136 -0.155365
v 1.212429 1.037209 -0.120050
v 1.239032 1.024013 -0.115385
v 0.434567 0.062723 -0.135577
v 0.448309 0.031312 -0.136871
v 0.677553 0.758971 -0.011939
v 0.734669 0.706967 0.008218
v 0.737764 0.728007 0.037410
v 0.751110 0.051631 -0.395180
v 0.820729 0.141807 -0.383925
v 0.867166 0.245758 -0.364329
v 0.836100 0.158956 -0.368555
v 0.783637 0.232363 -0.402074
v 0.780055 0.864549 0.036748
v 0.817582 0.867398 0.041243
v 0.747314 0.899493 0.051294
v 0.831047 0.249641 -0.396486
v 0.878841 0.274959 -0.359527
v 0.909529 0.298871 -0.362963
v 0.858573 0.313193 -0.390994
v 0.730311 -0.052845 -0.376983
v 0.545848 0.062691 0.165820
v 0.537748 0.034835 0.106459
v 0.477778 0.022485 0.146030
v 0.545324 -0.240867 -0.264557
v 0.514812 -0.276238 -0.166977
v 0.502399 -0.268865 -0.230275
v 0.480637 0.008959 0.237418
v 0.433254 -0.060997 0.151736
v 0.989359 1.087306 -0.317650
v 1.041494 1.089161 -0.273551
v 0.767345 0.584182 0.261103
v 0.796395 0.596486 0.265275
v 0.005602 -0.293283 0.481431
v -0.005779 -0.257527 0.458858
v 0.988497 0.366159 -0.297698
v 1.047580 1.123818 0.005443
v 0.974602 1.157156 -0.014422
v 1.005575 1.115647 0.028583
v 0.763024 0.664665 0.314487
v 0.454136 -0.231650 0.014885
v 0.706761 0.092497 0.105575
v 0.796790 0.397331 -0.387061
v 0.766281 0.328524 -0.412659
v 0.691889 0.387824 -0.378341
v 0.788684 0.429097 -0.397999
v -0.037529 -0.342128 -0.018115
v 0.007031 -0.310662 -0.015725
v -0.012729 -0.336397 0.022618
v 0.644783 0.143272 0.089974
v 0.472290 -0.098308 -0.228060
v 0.434894 -0.063759 -0.126595
v 0.427357 -0.069676 -0.194010
v 0.734156 0.474474 -0.360202
v 0.703364 0.463085 -0.356932
v 0.760708 0.530354 -0.367566
v 0.706654 0.511939 -0.321575
v 0.687881 0.456698 -0.319916
v 0.548418 0.051350 -0.376674
v 0.544728 -0.010982 -0.373938
v 0.525312 -0.023853 -0.343239
v 0.007089 -0.311664 0.030032
v 0.011180 -0.278754 -0.009117
v 0.489113 0.207589 -0.014783
v 0.512776 0.185874 0.028577
v 0.522168 0.223819 -0.005233
v 1.190351 0.822557 -0.165827
v 1.151842 0.701098 -0.219813
v 1.159445 0.812385 -0.213892
v 1.047242 0.449797 -0.282863
v 0.777388 0.417584 0.064176
v 0.769044 0.329136 0.060044
v 0.513802 0.200976 -0.294530
v 0.484516 0.218509 -0.175115
v 0.525910 0.257872 -0.177283
v 0.843174 0.507906 0.076111
v 0.916356 0.471544 0.092226
v 0.345725 -0.285309 0.433501
v 0.637811 0.412242 0.027535
v 0.679509 0.409280 0.054320
v 0.676339 0.465620 0.031113
v 0.386160 -0.256938 0.401513
v 0.383807 -0.282408 0.320548
v 0.328965 -0.270407 0.388285
v 0.990281 0.562302 0.111935
v 1.002032 0.608079 0.127998
v 0.943619 0.622881 0.108681
v 0.462528 0.030624 0.024969
v 1.241535 0.808355 -0.138776
v 1.100635 0.750097 -0.312748
v 1.103199 0.791807 -0.290203
v 1.153845 0.803844 -0.254279
v 0.998809 0.668100 0.101975
v 0.933306 0.711508 -0.387732
v 1.053707 0.737599 0.094271
v 1.101900 0.716304 0.088133
v 1.039407 0.766143 0.107369
v 1.116459 0.742546 0.101958
v 1.123401 0.799707 0.055742
v 0.860266 0.571605 0.079254
v 1.019132 0.577931 0.112500
v 0.687667 0.522652 0.038623
v 0.769030 0.571741 0.073905
v 0.714021 0.597699 0.034344
v 0.582871 0.348584 -0.267460
v 0.540925 0.313452 -0.174584
v 0.584432 0.347349 -0.174484
v 0.737530 0.616271 0.037077
v 0.819612 0.352999 -0.394325
v 0.554353 0.278058 -0.165304
v 0.517759 0.290138 -0.181272
v 0.962364 0.679583 0.112468
v 1.008725 0.727211 0.118974
v 0.870766 0.486333 -0.391661
v 1.376011 1.075456 -0.118206
v 1.354116 1.035673 -0.141987
v 1.338749 1.124562 -0.103373
v 1.008322 0.784768 0.117926
v 1.065848 0.819275 0.106749
v 1.079543 0.817202 0.073453
v 1.072925 0.847697 0.094504
v 0.570348 0.383008 -0.075911
v 0.948835 0.803888 0.096145
v 0.917453 0.867233 0.067586
v 0.898035 0.806682 0.068608
v 0.006617 -0.227022 0.187668
v 1.401222 1.198355 -0.019701
v 1.412428 1.155228 -0.073785
v 1.383058 1.199014 -0.025129
v 1.445179 1.233804 -0.033470
v 1.293279 0.995957 -0.153242
v 1.274258 1.059429 -0.110975
v 0.582159 0.400407 -0.100434
v 1.148669 0.841580 -0.011197
v 1.131534 0.821581 0.073878
v 0.663668 0.409966 -0.346143
v 0.640139 0.420967 -0.292240
v 1.237354 0.993843 -0.080854
v 1.240942 0.868652 -0.060297
v 1.274379 0.942766 -0.064203
v 0.985342 0.556607 -0.368496
v 0.590016 0.384735 -0.178652
v 1.021554 0.480970 -0.330089
v 1.070543 0.538453 -0.295077
v 1.148793 0.865159 0.011365
v 1.113905 0.887936 0.034268
v 1.101001 0.867505 0.067185
v 1.397092 1.146016 0.034134
v 1.094278 0.572795 -0.275227
v 1.440675 1.070722 -0.111110
v 1.161337 0.910654 -0.055058
v 1.142326 0.916911 0.014716
v 1.125061 0.633698 -0.261146
v 1.142808 0.621837 -0.219248
v 1.106475 0.612216 -0.241449
v 0.987097 0.983224 0.073865
v 0.830012 0.600393 0.062143
v 1.238681 1.028039 -0.094528
v 1.274985 1.071055 -0.051212
v 0.727362 0.617691 0.291929
v 0.751167 0.628816 0.326329
v 0.731699 0.672442 0.278990
v 1.461029 1.285420 0.017395
v 0.780800 0.683131 0.216314
v 0.568328 0.348235 -0.060137
v 0.926249 0.553363 0.098877
v 0.919160 0.721063 0.090385
v 0.963579 0.764487 0.084599
v 0.932676 0.761962 0.098723
v 0.984208 0.820791 0.103751
v 1.358851 1.218142 -0.034024
v 1.337712 1.208559 0.032141
v 0.646306 0.082375 0.184514
v 1.505754 1.280084 0.017538
v 1.150247 0.759685 0.001819
v 1.140323 0.734930 0.054367
v 0.689589 0.578846 -0.047778
v 1.149449 0.787283 0.026574
v 1.183100 1.087929 -0.127243
v 0.456049 0.112281 -0.139420
v 0.042333 -0.236669 0.383599
v -0.017098 -0.095961 0.364729
v -0.013134 -0.147386 0.404515
v 0.581425 0.083855 0.374328
v 0.591220 0.110253 0.307309
v 0.550940 0.070837 0.327311
v 0.445480 0.123774 -0.074037
v 0.450163 0.103722 -0.015225
v 0.764406 0.317112 0.404483
v 0.729324 0.288933 0.430514
v 0.741408 0.371360 0.420111
v 0.849173 0.604309 0.329680
v 0.837129 0.694310 0.315922
v 1.021988 0.882396 0.105822
v 1.063050 0.923163 0.073999
v 0.812235 0.696677 -0.370939
v 0.820007 0.783768 -0.382405
v 0.751080 0.758705 -0.332678
v 0.768873 0.453076 0.405045
v 0.747438 0.514974 0.365965
v 0.695911 0.638291 -0.005472
v 0.744332 0.654184 0.049436
v 0.597335 -0.156065 -0.477046
v 0.526297 -0.119802 -0.468312
v 0.920513 0.882011 -0.387561
v 0.580571 -0.091789 -0.466957
v 0.505192 -0.151366 -0.414215
v 0.580003 -0.118757 -0.386881
v 0.802730 0.749812 0.063729
v 1.301375 0.960918 -0.019204
v 0.778806 0.715796 0.319044
v 0.920466 0.982140 0.076916
v 0.878756 0.844985 0.055499
v 0.513286 -0.094441 -0.326458
v 1.360118 1.170048 0.044524
v 0.714660 0.666467 -0.182744
v 0.673094 0.612054 -0.182590
v 0.673160 0.681106 -0.181951
v 0.646420 0.365978 -0.361288
v 0.433953 -0.153487 -0.120919
v 0.666390 0.657610 -0.092663
v 0.689532 0.629864 -0.098203
v 0.689058 0.694789 -0.054219
v 0.448388 -0.256398 -0.126848
v 0.414839 -0.186553 -0.115442
v 1.466342 1.193586 0.029208
v 1.472776 1.268203 0.041536
v 1.046422 1.161036 -0.064966
v 0.472285 -0.065735 -0.311910
v 0.821956 0.531534 -0.372341
v 1.060098 1.096644 -0.016497
v 0.611198 0.093098 0.111272
v 0.591692 0.213789 -0.379258
v 0.603175 0.002612 -0.383937
v 0.595196 -0.282410 -0.584894
v 0.419542 -0.121965 -0.041221
v 0.433259 -0.109146 0.004926
v 0.833884 0.928698 0.027206
v 0.694927 0.111680 -0.400602
v 0.425197 -0.027439 -0.131752
v 0.417210 -0.128526 -0.130394
v 0.421545 -0.060854 -0.057980
v 0.646036 0.151782 0.358525
v 0.700724 0.210470 0.418264
v 0.445867 -0.027107 -0.113093
v 0.555739 0.281382 0.013741
v 0.594523 0.281450 0.021136
v 0.568073 0.357554 -0.023010
v 0.592010 0.317762 0.030410
v 1.040081 1.154416 -0.209458
v 1.034221 1.198138 -0.167183
v 0.675171 -0.052987 -0.482720
v 0.921105 1.081763 0.060667
v 0.966178 1.170922 0.012117
v 0.607153 0.058904 0.413471
v 0.613288 0.133178 0.372857
v 0.439114 -0.298376 -0.120003
v 0.550880 -0.338315 -0.206571
v 0.515130 0.042334 0.057215
v -0.059658 -0.297193 0.460068
v 0.484805 -0.336830 -0.098954
v 0.501827 0.028390 0.165866
v 0.511648 0.048746 0.255195
v 0.016599 -0.246962 -0.021029
v 0.039031 -0.240433 0.000541
v 0.468747 -0.335892 -0.022003
v 0.066543 -0.164838 -0.035749
v 0.620217 0.214080 0.050929
v 0.849899 0.698601 0.046890
v 0.840296 0.764294 0.046824
v 0.013317 -0.251881 0.019781
v 0.677355 0.503902 -0.275173
v 0.484298 -0.066718 0.293431
v 0.684724 0.541191 -0.292503
v 0.554007 0.280816 -0.294253
v 1.154612 0.988642 -0.194835
v 1.127965 1.079001 -0.191093
v 0.782961 0.198851 -0.389951
v 0.916907 0.411599 -0.371770
v 0.607604 0.374769 -0.312711
v 0.621644 0.343368 -0.308708
v 0.889521 0.363968 -0.363157
v 0.670626 0.216158 0.073598
v 0.012624 -0.287537 0.151486
v 0.011632 -0.244815 0.134108
v -0.039719 -0.258672 0.195204
v -0.026259 -0.298471 0.194673
v 0.937230 0.427270 -0.376456
v 0.947962 0.506677 -0.363160
v 0.698889 0.120978 0.096222
v 0.554542 0.311105 -0.114802
v 0.817467 0.379054 0.078836
v 1.060924 0.645719 -0.343748
v 0.511133 0.087290 -0.300880
v 0.523070 0.142098 -0.348274
v 0.479292 0.111107 -0.293285
v 0.648906 0.453781 -0.307043
v 1.016638 0.856137 0.088681
v 0.633327 0.431180 -0.167326
v 0.611511 0.420759 -0.184739
v 0.560200 0.372450 -0.194397
v 1.137908 0.911456 -0.247534
v 1.074343 0.574661 -0.320922
v 1.080724 0.661348 -0.306153
v 1.113386 0.664388 -0.296416
v 1.106781 0.994872 0.017322
v 1.108042 0.922793 0.051730
v 1.112571 0.985177 -0.027364
v 1.147363 0.693579 -0.246582
v 0.999518 0.394211 -0.318735
v 0.631271 0.469339 -0.092537
v 0.627479 0.469067 -0.162987
v 1.243357 0.918221 -0.133189
v 0.456554 -0.178195 0.211639
v 1.033340 0.673895 0.121978
v 0.305052 -0.324881 0.381302
v 0.356997 -0.298106 0.299716
v 1.158303 0.936727 -0.045266
v 0.648073 0.534862 -0.063161
v -0.064444 -0.187288 0.470525
v -0.017801 -0.206339 0.482120
v -0.045401 -0.247564 0.499286
v -0.094005 -0.208467 0.497985
v 1.082037 0.875692 0.099121
v 0.572649 0.098677 -0.391526
v 0.629290 0.122915 -0.403338
v 1.199759 0.967466 -0.077783
v 1.405582 1.080543 -0.126692
v 0.880883 0.582110 -0.379053
v 0.495372 -0.008515 -0.284677
v 1.318667 1.214498 -0.004276
v 1.341927 1.078024 0.029351
v 1.190526 0.786423 -0.042357
v 0.738071 0.743912 -0.272703
v 0.465700 0.158092 -0.019841
v 0.698463 0.696519 -0.231173
v 0.687263 0.689717 -0.183278
v 0.521328 0.277178 -0.029323
v 0.534918 0.239976 0.021459
v 0.763333 0.816872 0.055807
v 0.819176 0.846873 0.057752
v 1.080536 0.651226 0.113060
v 0.832560 0.819106 0.072569
v 0.660165 0.708814 -0.045874
v 1.008187 0.458240 -0.307116
v 0.702116 0.678419 -0.018329
v 0.721614 0.251059 0.070813
v 0.635552 0.442824 0.009710
v 0.884290 1.030991 0.052015
v 0.846297 1.022910 0.036383
v 0.439035 0.060271 0.003996
v 0.708752 0.403016 0.466565
v 0.943256 0.534856 -0.379234
v 0.890819 1.065426 0.069700
v -0.065952 -0.297815 -0.024434
v 0.620091 0.276994 0.047359
v 0.603353 0.371457 0.014528
v 0.643078 0.358752 0.025268
v 1.175205 1.127978 -0.141068
v 1.160671 1.121528 -0.100379
v 0.722837 0.397137 0.059940
v 0.693535 0.452535 0.055830
v 0.760041 0.478413 0.076834
v 1.098144 1.037892 -0.038098
v 0.756259 0.619858 -0.332108
v 1.016396 0.879997 -0.365665
v 0.758932 0.650026 0.270303
v 1.093732 0.902754 -0.307339
v 0.748199 0.744687 0.255884
v 0.507054 0.072084 0.055827
v 1.491417 1.283826 0.014095
v 1.181796 0.869157 -0.047148
v 0.446797 0.124483 -0.171486
v 0.467302 -0.253362 -0.187160
v -0.147203 -0.297969 0.468544
v -0.107179 -0.266220 0.455609
v 0.482473 0.134501 -0.138216
v 0.490731 0.176534 -0.105128
v 0.657596 -0.051053 -0.381555
v 0.607579 0.445522 -0.196830
v 0.132868 -0.093863 -0.046256
v 0.649453 0.495064 -0.183597
v 0.665622 0.504325 -0.152753
v 0.124293 -0.048964 0.067334
v 0.527865 -0.007293 0.340767
v 0.491233 -0.006995 0.286914
v 1.077867 0.697663 -0.334530
v 0.612073 0.283129 -0.363508
v 0.055738 -0.120234 0.175901
v 0.692186 0.207467 0.444880
v 0.474829 -0.263823 -0.106236
v 0.665347 0.139452 -0.415911
v 0.668783 0.556123 -0.080773
v 0.965023 0.413358 -0.335162
v 0.532054 0.057960 -0.342063
v 0.466449 -0.011513 -0.205863
v 0.780162 0.803311 -0.367791
v 0.335736 -0.331055 0.226033
v 0.966327 0.855711 -0.367540
v 1.030672 0.567459 -0.323553
v 0.695352 0.779745 0.010991
v 0.950503 0.982664 0.069096
v 0.946036 1.060143 0.049378
v 1.013562 0.968840 -0.345220
v 1.054833 1.254585 -0.150945
v 1.077770 1.223181 -0.127402
v 1.062485 1.254088 -0.120999
v 0.792130 0.663169 0.068160
v 0.931677 1.187629 0.007260
v 0.821341 1.056830 0.063157
v 0.901456 1.126036 0.060244
v 1.018109 1.243522 -0.089982
v 1.321809 1.071847 -0.003721
v 1.308444 1.101036 -0.057523
v 0.390035 -0.243237 0.290577
v 0.497920 -0.096294 -0.271485
v -0.031958 -0.239265 0.245238
v 0.820944 0.127125 -0.410832
v 0.524763 0.172464 -0.265429
v 1.063845 0.618872 0.102027
v 1.082708 0.945010 0.079984
v 1.037356 0.950970 0.083492
v 0.500758 0.187086 -0.154460
v 0.469203 0.172391 -0.142349
v 0.063042 -0.338579 0.459392
v 0.058073 -0.279125 0.445994
v 0.076225 -0.063937 0.151161
v 0.678137 0.306454 -0.398896
v 0.649482 0.071668 -0.408615
v 0.426485 0.024809 -0.084761
v 0.721564 0.312343 0.528976
v 0.487382 0.215414 -0.085811
v 0.936909 0.951400 -0.373864
v 0.860373 0.960559 -0.385522
v 0.921714 1.060668 -0.360011
v 0.998320 1.001929 -0.348927
v 0.937788 1.038106 -0.347668
v 0.743297 0.789043 0.043180
v 0.722437 0.856387 0.050308
v 0.879947 0.670940 0.070097
v 0.017489 -0.339162 0.329542
v -0.026454 -0.337083 0.275385
v -0.003422 -0.159309 0.247259
v 1.092003 1.042765 0.022732
v 0.008799 -0.190007 -0.026517
v -0.091413 -0.338389 0.534198
v 0.729142 0.738647 0.277464
v 0.372575 -0.251991 0.245665
v 0.648748 0.529546 -0.189455
v 0.655336 0.565810 -0.104787
v 0.684209 0.611327 -0.059740
v -0.014315 -0.069864 0.260707
v 0.871115 0.937659 -0.369663
v 1.012110 0.710270 -0.372963
v 0.704129 0.746980 -0.274015
v 0.520791 0.277785 -0.078043
v -0.013383 -0.339143 0.178627
v 0.971203 1.213512 -0.066075
v 0.069478 -0.150940 -0.043286
v 0.712028 0.583897 -0.263869
v 0.129160 -0.045154 -0.056823
v 0.157521 -0.010605 0.049557
v 0.498230 0.119403 0.043919
v 0.690604 0.579816 -0.180606
v 0.129009 0.001413 0.123850
v -0.007088 -0.337939 0.502067
v 0.623721 0.322319 -0.350901
v 0.050093 -0.023044 0.226708
v 1.319597 1.050365 -0.130131
v 0.565521 0.256756 -0.302888
v -0.089410 -0.151014 0.469166
v 0.614008 -0.179256 -0.399763
v 0.512375 0.218784 -0.121792
v 0.503035 0.235826 -0.149436
v 0.685664 0.754638 -0.180310
v 0.655012 0.700028 -0.109578
v 0.736978 0.956484 0.060389
v 1.044104 1.273428 -0.137031
v -0.011446 -0.317609 0.151867
v 0.026189 -0.299317 0.097089
v 0.969325 0.349025 -0.324895
v 0.005434 -0.260146 -0.072575
v 0.165346 0.010942 -0.059067
v 0.153852 0.026006 0.041325
v -0.051275 -0.057605 0.390606
v -0.070096 -0.119679 0.413719
v 0.613945 0.787988 -0.018036
v 0.742798 0.501401 0.295872
v -0.048660 -0.339308 0.143278
v 0.991122 1.201937 -0.206826
v 0.896781 1.152191 0.027262
v 0.058187 -0.174748 -0.119182
v 0.068502 -0.141921 -0.117563
v -0.067026 -0.338818 -0.030237
v -0.003711 -0.210378 -0.115606
v 0.066671 -0.096618 -0.054216
v 0.110996 0.024217 0.125413
v 0.054536 -0.016360 0.206336
v 0.206347 0.073301 -0.065119
v 0.161818 0.083015 0.112548
v -0.146732 -0.334056 0.523687
v 0.940982 1.208554 -0.024985
v 0.869353 1.170453 0.048989
v 1.001782 1.255409 -0.104558
v 0.756672 0.673141 0.218087
v 0.764840 0.632971 0.280062
v 0.779177 0.608060 0.230203
v 0.258684 0.497828 -0.313077
v 0.210873 0.489517 -0.332196
v 0.201969 0.555281 -0.367986
v 0.691817 1.252626 0.022592
v 0.750700 1.276275 -0.030397
v 0.731453 1.290464 -0.017844
v 0.349823 0.564323 -0.161840
v 0.380303 0.587247 -0.213749
v 0.385411 0.606185 -0.157067
v -0.224434 -0.018953 -0.424432
v -0.241658 0.069465 -0.447904
v -0.212417 0.057249 -0.435828
v 0.383980 0.632732 -0.167935
v 0.297093 0.586131 -0.313543
v 0.283044 0.656375 -0.364077
v 0.346038 0.684777 -0.337370
v 0.410611 0.664165 -0.174260
v -0.333653 -0.131110 -0.332393
v -0.362461 -0.064338 -0.313299
v -0.310964 -0.006789 -0.345980
v 0.508007 0.803139 0.017061
v 0.575453 0.780398 -0.005682
v 0.530961 0.875486 0.069213
v 0.199087 0.752732 0.158801
v 0.222125 0.725908 0.143654
v 0.185152 0.801558 0.145584
v 0.443392 0.688304 -0.176518
v 0.461816 0.732657 -0.190744
v 0.500927 0.745085 -0.181127
v 0.066110 0.327607 0.196474
v 0.119145 0.351133 0.190250
v 0.067898 0.444279 0.203356
v 0.244144 0.814845 0.142596
v 0.280901 0.812093 0.131749
v 0.225083 0.884162 0.148177
v 0.616455 0.939668 0.083731
v 0.656891 0.971120 0.077797
v 0.603682 1.047300 0.094079
v 0.632584 1.044162 0.081558
v 0.695654 1.067611 0.094131
v 0.246822 0.906886 0.127085
v -0.178302 -0.204295 0.428294
v -0.149105 -0.206873 0.427212
v -0.168351 -0.168059 0.372475
v -0.103724 -0.339369 -0.138463
v 0.128180 0.463049 0.173477
v 0.217930 0.435348 0.140255
v 0.132024 0.561480 0.183800
v 0.322652 0.601153 0.047516
v 0.377896 0.658195 0.030397
v 0.326430 0.638297 0.062132
v 0.035586 0.397877 -0.384217
v -0.027437 0.379386 -0.373118
v -0.002835 0.458786 -0.391724
v 0.174919 0.576492 0.164132
v 0.252098 0.498195 0.106755
v 0.241784 0.603000 0.138224
v 0.953521 1.319631 -0.159648
v 0.899807 1.273458 -0.195137
v 0.872605 1.287331 -0.180809
v -0.038879 0.065171 0.264538
v 0.015642 0.009177 0.242398
v 0.587019 0.889217 -0.355765
v 0.595288 0.918910 -0.345968
v 0.614979 0.851058 -0.304640
v 0.038958 0.088733 0.237632
v 0.024601 0.060696 0.252050
v 0.634018 0.966470 -0.381555
v 0.666058 0.882109 -0.353332
v 0.779404 1.066884 -0.391562
v 0.733750 1.008532 -0.397677
v 0.711430 1.063725 -0.386782
v 0.789129 1.136939 0.072290
v 0.773102 1.185342 0.039547
v 0.751705 1.202708 0.055442
v -0.190436 -0.249886 -0.444443
v -0.197471 -0.144446 -0.419747
v -0.162327 -0.212619 -0.427191
v 0.479042 0.767359 -0.252072
v 0.519652 0.793809 -0.292431
v 0.562576 0.775170 -0.232234
v 0.527077 0.778250 -0.191343
v 0.487378 0.741923 -0.236435
v 0.215103 0.327014 0.082082
v 0.231171 0.413794 0.090297
v 0.198536 0.372401 0.133293
v 0.122737 0.077944 0.139873
v 0.169824 0.210396 0.104585
v 0.149393 0.214884 0.155513
v 0.381893 0.713148 0.039308
v 0.456899 0.712663 -0.014789
v 0.426950 0.745147 0.020598
v 0.267311 0.423980 0.029378
v 0.272499 0.398014 0.048309
v 0.692531 1.326082 -0.091156
v 0.735953 1.322078 -0.114990
v 0.776029 1.379837 -0.129379
v -0.078749 0.036940 -0.348455
v -0.162234 0.095818 -0.350664
v -0.146559 0.179206 -0.372314
v -0.060269 0.139132 -0.367257
v -0.071465 0.263263 -0.386524
v -0.033190 0.222510 -0.382471
v -0.164855 -0.153937 0.318820
v -0.117372 -0.121945 0.366876
v 0.646165 1.283418 -0.035050
v -0.182420 -0.334525 -0.211608
v -0.176664 -0.310168 -0.246603
v -0.151662 -0.279330 -0.221171
v -0.021803 -0.015965 -0.334855
v -0.054697 0.032580 -0.335483
v 0.001705 -0.007326 -0.310871
v -0.048545 -0.039499 0.364620
v -0.088949 0.046986 0.354419
v 0.122493 0.285667 -0.358876
v 0.111389 0.217513 -0.330110
v 0.054994 0.225181 -0.340786
v -0.141996 -0.227540 -0.298553
v -0.064116 -0.209566 -0.265523
v -0.511223 -0.022823 0.497381
v -0.456535 -0.027552 0.488362
v -0.475192 0.046017 0.464716
v 0.111710 0.364746 -0.372221
v 0.079110 0.459537 -0.388595
v 0.131923 0.447860 -0.376111
v 0.113076 0.462092 -0.376791
v -0.447639 0.008297 0.481860
v 0.789422 1.378602 -0.154938
v 0.739695 1.415427 -0.139323
v 0.761720 0.860323 -0.358869
v 0.747646 0.894970 -0.376596
v 0.830424 0.964200 -0.381695
v 0.110153 0.513300 0.184625
v 0.071998 0.550828 0.178257
v 0.866916 1.162543 -0.335110
v 0.852818 1.025358 -0.385319
v 0.810037 1.083188 -0.370104
v 0.040005 -0.024937 -0.295754
v 0.012736 -0.072713 -0.269004
v 0.652123 0.771686 -0.242902
v 0.642805 0.754782 -0.188094
v 0.597953 0.794074 -0.189332
v 0.147583 0.637967 0.177261
v 0.178149 0.597797 0.150127
v 0.661227 1.114004 0.093370
v 0.673752 1.109479 0.088476
v 0.732872 1.171301 0.077840
v -0.164087 0.358506 0.152794
v -0.189582 0.333886 0.145869
v -0.151991 0.314871 0.192438
v -0.177507 0.315732 0.193518
v 0.794481 1.313185 -0.091332
v 0.963136 1.329429 -0.121075
v 0.886972 1.345146 -0.128796
v 0.603008 0.851905 0.041418
v -0.092412 0.376220 0.191796
v -0.111527 0.362901 0.209584
v 0.325234 0.822535 0.129523
v 0.364698 0.819939 0.106640
v 0.341852 0.884657 0.123169
v 0.406259 0.873412 0.105363
v 0.379935 0.924067 0.121198
v 0.175131 0.172906 -0.262652
v 0.161730 0.204468 -0.262346
v 0.198561 0.238084 -0.224266
v 0.651131 0.894311 0.056740
v 0.700831 0.934410 0.075629
v 0.159445 0.380375 0.162950
v 0.131887 0.424396 0.188779
v 0.183127 0.118070 0.050552
v -0.472841 -0.287365 0.362222
v -0.448649 -0.320354 0.450269
v -0.492172 -0.284181 0.409244
v -0.238939 -0.338453 -0.496388
v -0.301649 -0.299279 -0.481895
v -0.297218 -0.256114 -0.468024
v -0.506821 -0.293678 0.471123
v -0.404266 -0.336372 0.483385
v 0.285445 0.593899 0.108539
v -0.213339 -0.156634 -0.433849
v -0.215740 -0.195100 -0.451477
v -0.247201 -0.135802 -0.408257
v 0.980207 1.285031 -0.150035
v 0.949713 1.243247 -0.182763
v 0.917730 1.236501 -0.091371
v 0.861561 1.215145 -0.007142
v -0.068710 -0.075992 0.388963
v -0.644050 -0.228083 0.686800
v -0.605172 -0.211047 0.677782
v -0.729565 -0.225894 0.762231
v -0.179389 -0.066876 -0.440684
v -0.587416 -0.125205 0.662150
v -0.686736 -0.166349 0.739790
v 0.722828 0.816051 -0.319908
v 0.832150 1.213343 0.030401
v -0.541627 -0.074812 0.479326
v -0.450234 -0.135799 0.491861
v -0.434949 -0.052185 0.492242
v -0.175223 -0.292210 -0.427726
v -0.136525 -0.151247 -0.408107
v -0.114433 -0.214400 -0.352212
v 0.162454 0.560889 -0.394681
v 0.116835 0.564915 -0.389932
v 0.141818 0.595061 -0.377297
v 0.024035 0.215128 -0.369825
v -0.030112 0.141415 -0.341941
v -0.021072 0.245975 -0.363977
v 0.678519 0.811744 -0.285309
v -0.270713 -0.116400 0.428796
v -0.293228 -0.064105 0.332371
v -0.321967 -0.073014 0.434964
v -0.193281 0.146722 0.259025
v -0.235714 0.177867 0.229008
v -0.213358 0.146955 0.278111
v -0.036058 -0.260431 -0.181829
v -0.094022 -0.300744 -0.206983
v -0.075650 -0.246215 -0.212733
v 0.632101 0.693456 -0.131301
v -0.311015 -0.239402 0.550804
v -0.252774 -0.240702 0.478994
v -0.398266 -0.162552 0.482633
v -0.131590 0.270604 0.204228
v -0.141913 0.261461 0.219538
v -0.266923 -0.168943 0.471215
v -0.225776 -0.204412 0.471414
v -0.239323 -0.154406 0.436877
v 0.124716 0.352096 -0.354637
v 0.330240 0.879086 -0.393189
v 0.336057 0.772654 -0.372870
v 0.253836 0.840980 -0.402192
v -0.174129 0.154893 0.263069
v -0.188759 0.253833 0.223701
v 0.103790 0.110145 -0.298608
v 0.052053 0.118238 -0.318717
v 0.096483 0.200691 -0.347116
v 0.323834 0.959310 -0.406307
v 0.396330 0.938206 -0.403514
v 0.410082 0.965021 -0.385564
v 0.388259 0.974478 -0.404822
v -0.074116 0.400468 0.178386
v -0.016459 0.418604 0.203534
v 0.404515 1.046653 -0.402996
v 0.479223 0.931008 -0.386848
v 0.137589 0.192409 -0.295398
v 0.160278 0.029279 -0.171787
v 0.099667 -0.006404 -0.242880
v 0.120002 0.037732 -0.225860
v 0.537423 1.192339 -0.358075
v 0.515462 1.114673 -0.400720
v 0.513196 1.184999 -0.372089
v 0.952634 1.167540 -0.287244
v 0.033897 0.113856 0.222958
v 0.006353 0.175787 0.236318
v -0.131815 0.119632 0.261442
v -0.118093 0.122271 0.312556
v -0.067272 0.213084 0.236945
v 0.095565 0.204752 0.201390
v 0.098799 0.268899 0.204941
v 0.018648 0.203009 0.216841
v -0.609060 -0.337470 0.708605
v -0.553068 -0.337730 0.653561
v 0.626830 1.283793 -0.268774
v 0.562316 1.248337 -0.308281
v 0.566020 1.316409 -0.212802
v -0.550212 -0.307438 0.370041
v 0.224172 0.205475 -0.094855
v 0.250850 0.245564 -0.109468
v 0.270318 0.286472 -0.112231
v 0.239543 0.275888 -0.123876
v 0.206702 0.345360 -0.303667
v 0.187259 0.404533 -0.354514
v 0.206707 0.461419 -0.351458
v 0.218160 0.237505 0.024489
v 0.261870 0.701196 -0.382745
v 0.287683 0.703145 -0.359914
v 0.632422 1.371841 -0.174068
v 0.636137 1.331990 -0.187798
v 0.601726 1.390538 -0.175418
v 0.642016 1.390798 -0.143375
v 0.254570 0.305092 0.036910
v 0.294272 0.530891 -0.274423
v 0.265293 0.512504 -0.283627
v 0.352260 0.609203 -0.237138
v 0.401625 0.659136 -0.264104
v 0.306543 0.595646 -0.290313
v 0.296145 0.434549 -0.107883
v 0.278646 0.368996 -0.139062
v 0.322040 0.457070 -0.132136
v 0.357628 0.793299 -0.357143
v 0.389231 0.868388 -0.383885
v 0.517292 1.257538 -0.008001
v 0.526934 1.295444 -0.056773
v 0.485003 1.273254 -0.009160
v -0.268967 -0.079326 0.308429
v -0.211616 -0.134386 0.306436
v 0.397750 0.682503 -0.262862
v 0.113891 -0.060580 -0.175972
v 0.132514 -0.037281 -0.126475
v 0.323252 0.493648 -0.005222
v -0.408600 -0.274451 0.555442
v -0.315766 -0.339284 0.549034
v 0.169155 0.053556 -0.074038
v 0.386534 1.012242 0.099116
v 0.359833 1.011785 0.112928
v 0.384136 0.979412 0.121937
v 0.369166 1.085811 0.090896
v 0.150653 0.784802 0.150366
v 0.159027 0.857844 0.133087
v -0.503367 -0.202791 0.604666
v -0.404914 -0.226176 0.579478
v -0.500011 -0.139564 0.615764
v 0.408303 0.762001 -0.308426
v 0.478212 0.816155 -0.300306
v 0.450811 1.146972 0.081286
v 0.527442 1.110256 0.095916
v 0.461740 1.185377 0.068042
v 0.330745 0.516340 -0.075174
v 0.280918 0.516233 0.047356
v -0.543721 -0.094620 0.617505
v -0.410698 -0.192281 0.570107
v -0.432492 -0.154979 0.551095
v 0.281365 0.479833 0.062972
v 0.360549 0.737198 0.082658
v 0.306392 1.027709 0.093998
v 0.299590 1.008564 0.109930
v 0.420937 0.783591 0.072334
v -0.196238 -0.027530 0.320754
v -0.395003 -0.336995 -0.482847
v -0.505713 -0.339495 -0.459641
v -0.453827 -0.231042 -0.423481
v -0.419786 -0.247670 -0.418980
v 0.451747 0.857590 0.088129
v 0.415010 0.898804 0.097845
v 0.268699 0.428184 -0.240743
v 0.239658 0.425414 -0.281782
v 0.334047 0.495986 -0.220109
v -0.051991 0.097697 0.304891
v 0.488287 0.686322 -0.165735
v 0.514312 0.719157 -0.179563
v 0.490284 0.729074 -0.085337
v 0.552709 0.997919 0.099549
v 0.600655 1.089452 0.093571
v 0.582886 1.134257 0.095280
v 0.310759 0.523263 -0.241904
v 0.351730 0.567612 -0.256023
v 0.184322 0.268117 0.115730
v 0.840812 1.257732 -0.249170
v 0.801490 1.248686 -0.286700
v 0.794822 1.309751 -0.205182
v 0.745385 0.963611 -0.381078
v -0.393195 -0.055426 -0.322137
v -0.252055 -0.027689 -0.442954
v -0.284077 0.031018 -0.357264
v 0.263669 0.578772 -0.344441
v 0.148084 0.671023 0.162052
v 0.102562 0.669694 0.160416
v 0.203239 0.691816 0.164445
v 0.143779 0.698730 0.146012
v 0.556320 0.820831 -0.260211
v 0.626140 1.185785 0.077819
v 0.650583 1.172333 0.063770
v 0.675741 1.218353 0.053637
v 0.568695 0.769629 -0.189032
v 0.411898 0.770717 -0.334610
v -0.175399 0.136758 -0.372037
v -0.169465 0.177061 -0.392127
v -0.108745 -0.031236 0.400238
v -0.119524 0.267243 -0.371087
v -0.114883 0.185580 -0.356671
v 0.396881 0.682132 -0.002451
v -0.054440 0.277265 -0.378221
v 0.100928 0.029948 0.165835
v -0.032428 0.320663 -0.380896
v -0.092516 0.372036 -0.384040
v 0.516552 0.754476 -0.002709
v 0.444789 0.768744 0.028772
v 0.494049 0.954023 -0.377159
v 0.572430 0.918137 -0.367493
v 0.552839 0.986930 -0.398018
v 0.006963 0.348688 -0.386688
v -0.047423 0.463175 -0.373792
v 0.049861 0.362981 -0.364689
v 0.034401 0.470664 -0.380734
v -0.377004 -0.242783 -0.467855
v -0.331503 -0.220632 -0.455656
v 0.287963 0.641705 0.109559
v 0.245639 0.641883 0.123496
v 0.685635 0.927981 -0.364151
v 0.650880 0.989145 -0.370179
v 0.673477 1.044285 -0.397396
v 0.568592 0.821817 0.016631
v 0.587639 0.909642 0.078183
v 0.753883 1.156696 -0.365948
v 0.458360 0.957764 0.114894
v 0.233352 0.687014 0.145698
v 0.313268 0.706366 0.113176
v 0.570665 0.996997 0.083271
v -0.368295 -0.177506 -0.451589
v 0.083236 0.072813 0.213554
v 0.289549 0.759259 0.128849
v 0.599531 0.823243 -0.291213
v 0.535182 0.837456 -0.298822
v 0.578242 0.849897 -0.310066
v -0.214151 -0.260305 -0.504561
v -0.242616 -0.199130 -0.493001
v -0.275379 -0.107927 -0.342005
v 0.713977 1.262809 -0.289392
v 0.685860 1.332944 -0.205789
v 0.745171 1.324361 -0.188575
v -0.143661 0.000746 -0.392708
v 0.538113 0.778072 -0.019389
v 0.572943 0.736356 -0.112511
v 0.869081 1.250475 -0.029374
v 0.814021 1.229455 0.010188
v 0.475314 0.924322 0.096276
v 0.517928 0.922700 0.080777
v 0.555261 1.164461 0.070862
v 0.566387 1.235680 0.045964
v 0.531521 0.983389 0.098561
v 0.049215 0.270837 -0.375674
v 0.648357 1.272222 0.017055
v 0.593418 1.232686 0.029719
v -0.664780 -0.123647 0.659294
v 0.848911 1.273797 -0.090212
v 0.880104 1.272433 -0.078386
v 0.745886 1.390859 -0.168352
v 0.714304 1.041174 0.070575
v 0.770119 1.084043 0.080479
v 0.775661 1.143539 -0.350261
v 0.782305 1.227120 -0.303264
v 0.838962 1.146985 -0.357060
v 0.033509 0.439620 0.187509
v 0.040902 0.536461 0.188577
v 0.027380 0.083684 -0.337283
v 0.016888 0.057252 -0.343198
v 0.046886 0.193049 -0.356918
v 0.040416 0.098797 -0.340052
v 0.042037 0.379444 0.212182
v 0.589058 0.723729 -0.184220
v 0.090050 0.563375 0.164595
v 0.778156 1.282609 -0.036675
v -0.240777 0.259401 0.167065
v -0.238352 0.229363 0.209217
v -0.216431 0.257161 0.168022
v 0.790822 1.237090 0.029331
v 0.665040 0.842242 0.028852
v 0.857315 1.371488 -0.126794
v 0.885929 1.357457 -0.153826
v -0.098681 0.418538 0.187665
v 0.226723 0.306192 0.082777
v -0.011185 -0.109931 -0.276531
v -0.046671 -0.109766 -0.311512
v -0.057798 -0.075394 -0.309051
v 0.060619 0.009378 -0.283125
v -0.742055 -0.299283 0.743941
v 0.128932 0.127086 -0.265327
v 0.080619 0.040616 -0.272196
v 0.122746 0.158405 -0.274380
v 0.819157 1.107054 0.055292
v 0.073727 0.582500 -0.393551
v 0.039225 -0.072458 -0.234064
v 0.096811 -0.022569 -0.177012
v 0.229566 0.292801 -0.254267
v 0.273564 0.780719 -0.385871
v 0.173414 0.772647 -0.398117
v -0.484429 -0.338408 0.594410
v -0.494114 -0.266484 0.578742
v -0.493079 -0.336976 0.658629
v 0.168798 0.102183 -0.235433
v 0.139186 0.120454 -0.234199
v 0.183813 0.164010 -0.173620
v 0.023102 -0.186651 -0.196067
v 0.238544 0.225851 -0.195667
v -0.359717 0.010516 0.330369
v -0.316596 0.077499 0.297749
v -0.375135 0.029098 0.338687
v -0.105003 -0.061944 -0.345846
v 0.057017 -0.126761 -0.128388
v -0.310109 -0.118653 0.468390
v -0.360171 -0.118573 0.482801
v 0.631664 1.171375 -0.378403
v 0.120659 -0.004424 -0.125710
v 0.126935 0.019448 -0.070401
v 0.364589 1.111057 0.063725
v 0.392841 1.100877 0.095735
v 0.171976 0.088467 -0.081018
v -0.551541 -0.177966 0.655795
v 0.477213 1.192952 0.043847
v 0.452222 1.234629 0.030843
v 0.127700 0.478831 -0.361624
v 0.167882 0.258399 -0.304356
v 0.197079 0.309031 -0.269535
v 0.193622 0.642906 -0.394460
v 0.213643 0.595827 -0.360103
v -0.564643 -0.339311 0.369147
v -0.509036 -0.339188 0.342987
v -0.296803 -0.298312 0.566770
v -0.006705 0.253490 0.231592
v 0.026581 0.313480 0.219778
v -0.028603 0.297340 0.210295
v -0.253111 0.034404 0.301506
v 0.553585 1.304984 -0.074956
v 0.511154 1.313052 -0.122252
v -0.217493 0.010822 0.302653
v 0.558222 1.318120 -0.095133
v 0.607661 1.413893 -0.144950
v 0.465966 1.252044 -0.003924
v 0.495530 1.037462 -0.400046
v -0.542378 -0.332814 0.505959
v -0.557325 -0.286360 0.417559
v -0.537070 -0.295761 0.503157
v 0.584380 1.161140 -0.388678
v 0.587518 1.067243 -0.401711
v 0.530606 1.123764 -0.378182
v -0.026672 0.598796 0.133039
v -0.005486 0.534362 0.158916
v 0.021215 0.629837 0.161132
v -0.131759 0.448606 0.151178
v -0.100989 0.454535 0.161239
v 0.409388 0.709955 -0.290078
v 0.371147 0.707282 -0.297963
v -0.446882 -0.339136 0.355422
v 0.360081 1.059876 0.107417
v 0.445036 1.016048 0.108228
v 0.449003 1.080129 0.094655
v 0.520061 1.159665 0.078460
v 0.099699 0.160152 0.208439
v 0.311615 0.419373 -0.203868
v 0.299290 0.451863 -0.182672
v 0.323345 0.497742 -0.141621
v 0.448492 0.674719 -0.169205
v -0.065628 0.291646 0.226632
v -0.042518 0.331865 0.212009
v -0.128528 0.027894 0.374270
v -0.101631 -0.000922 0.368843
v -0.027080 0.185308 0.245243
v -0.036115 0.236157 0.244080
v -0.078229 0.077787 0.320279
v -0.059864 0.187493 0.295242
v -0.410704 -0.170452 -0.319341
v 0.250951 0.335397 -0.005038
v 0.768550 1.205586 -0.332995
v 0.685230 1.194294 -0.351914
v 0.734987 1.264752 -0.258710
v -0.519807 -0.337270 0.665923
v -0.189664 0.079387 -0.425012
v 0.194725 0.118710 -0.082577
v 0.253336 0.376115 -0.256852
v 0.833516 1.346313 -0.178672
v -0.262409 0.088979 -0.368104
v 0.557386 0.709164 -0.160578
v 0.310785 0.913853 0.125123
v 0.338752 0.935749 0.109170
v 0.822441 1.382665 -0.129184
v 0.637302 1.116015 -0.392865
v 0.614115 1.061322 -0.388009
v 0.702618 1.015340 0.081868
v 0.611785 0.725617 -0.064472
v 0.718548 1.379318 -0.109596
v 0.979609 1.290953 -0.122621
v 0.904655 1.219566 -0.256750
v 0.879920 1.218402 -0.282115
v -0.096291 0.024587 -0.360156
v -0.101090 -0.108706 -0.329169
v -0.375039 0.121446 0.258638
v -0.333391 0.097085 0.289210
v -0.342162 0.167751 0.206916
v -0.113388 -0.323885 -0.149458
v 0.793809 1.258188 -0.047626
v 0.700565 1.109263 0.074713
v -0.292471 0.179170 0.238375
v 0.051130 -0.100401 -0.232962
v -0.046883 -0.187721 -0.240243
v 0.814850 1.210214 -0.296471
v 0.151671 0.318289 0.178782
v 0.177469 0.308911 0.143358
v 0.023280 -0.147024 -0.192091
v -0.458987 0.060191 0.318998
v -0.413190 0.031115 0.392481
v -0.418401 -0.004589 0.460163
v -0.327431 -0.185940 -0.470263
v 0.796158 1.334412 -0.092984
v 0.265143 0.314645 -0.124617
v -0.286917 0.077204 0.278131
v -0.266780 0.158444 0.250012
v -0.230754 -0.336535 -0.282760
v -0.172908 0.253817 0.209260
v -0.480063 -0.260906 0.559692
v 0.025818 0.576230 -0.385737
v 0.114631 0.667650 -0.391724
v 0.066501 0.286178 -0.358956
v 0.279148 0.326409 -0.203537
v 0.241754 0.343148 -0.226175
v 0.459493 1.188518 -0.353277
v 0.488064 1.109233 -0.397389
v 0.367066 1.196399 0.034400
v 0.326487 1.109218 0.081028
v 0.420544 1.188560 0.054882
v 0.490385 1.269270 -0.264288
v -0.257297 -0.339391 0.564576
v -0.113248 0.236257 0.234375
v 0.083543 0.084502 0.195052
v 0.143329 0.337019 -0.354234
v -0.171382 -0.130699 0.299443
v 0.154447 0.112550 0.105296
v -0.377143 0.008126 0.351625
v 0.065015 0.656277 0.150991
v 0.038844 0.713874 0.139221
v -0.370748 -0.077539 0.480366
v 0.669002 0.847872 -0.308912
v 0.101156 0.732270 0.158059
v 0.107881 0.772161 0.134504
v 0.067555 0.742916 0.139103
v 0.709998 1.105308 -0.391688
v 0.305120 0.965296 0.129002
v 0.192642 0.990141 0.106623
v 0.637259 1.313447 -0.052761
v 0.642865 1.335172 -0.114224
v 0.275311 1.058224 0.100880
v 0.612507 1.289701 -0.025612
v 0.533651 1.201113 0.074644
v 0.502676 0.831102 -0.332445
v 0.579773 1.282683 -0.001353
v 0.673115 0.786352 -0.232824
v 0.512594 1.057155 0.094049
v -0.199322 0.149205 -0.429046
v 0.894846 1.136755 -0.332947
v -0.363715 -0.294965 -0.456763
v 0.345488 0.526122 -0.148494
v 0.371232 0.549697 -0.145189
v 0.356551 0.578086 0.013028
v 0.378549 0.602881 -0.126768
v -0.057134 0.382575 -0.379436
v -0.289280 -0.162052 -0.471959
v 0.412051 0.651432 -0.015341
v 0.430833 0.629747 -0.162677
v -0.567439 -0.071359 0.492708
v 0.001986 0.486679 0.192106
v -0.301949 0.183827 0.170349
v -0.275135 0.184732 0.214640
v -0.338684 0.187113 0.156770
v -0.225817 0.305328 0.102645
v -0.767496 -0.269295 0.804791
v 0.715373 1.225929 0.054259
v -0.526955 -0.336339 0.542402
v -0.496441 -0.326146 0.466030
v -0.536196 -0.324412 0.524782
v 0.107319 0.611900 -0.400142
v 0.203603 0.706053 -0.377898
v 0.188424 0.689401 -0.393779
v 0.160693 0.764741 -0.403752
v 0.228214 0.200189 0.027331
v 0.395441 1.069894 -0.390889
v -0.303312 -0.046358 0.336712
v -0.210963 -0.337833 -0.497446
v 0.468857 1.218396 -0.322005
v 0.291284 0.360931 -0.124623
v -0.166695 0.049523 0.293198
v -0.133822 0.108064 0.279184
v -0.186325 -0.339116 -0.364244
v -0.259388 -0.008975 0.325246
v 0.566111 1.390891 -0.128800
v 0.179834 0.362086 -0.335710
v -0.029007 0.527237 0.171479
v -0.110581 0.465050 0.142496
v 0.675679 1.391703 -0.122492
v 0.167878 0.897931 0.116166
v 0.228417 0.952242 0.121564
v -0.100804 0.276482 0.232858
v 0.632717 1.010343 -0.395592
v -0.418331 -0.201636 -0.380838
v -0.429549 -0.123016 -0.311023
v -0.288201 0.045331 -0.341517
v -0.174205 -0.040193 0.313774
v -0.171951 0.207829 -0.355713
v -0.153465 0.282520 -0.375077
v -0.120934 0.289004 -0.350917
v 0.057044 0.193233 0.228110
v -0.044245 -0.222514 -0.228403
v 0.209819 0.123577 -0.157823
v 0.222489 0.161601 -0.089450
v 0.364341 0.609176 -0.029334
v -0.272413 0.255029 0.131131
v -0.847725 -0.339970 0.752148
v -0.698233 -0.142810 0.716539
v 0.190681 0.193965 0.099563
v 0.293238 0.393295 -0.059363
v 0.519928 1.317864 -0.188212
v -0.221581 0.088483 0.300071
v 0.487401 1.323146 -0.117212
v -0.415299 -0.094551 0.482845
v -0.072812 0.573183 0.126099
v 0.068436 0.602026 0.174199
v -0.152933 0.215353 0.234215
v -0.276167 0.054282 0.314635
v 0.462867 0.865048 -0.362540
v -0.357245 0.009520 -0.330335
v -0.185869 -0.339418 -0.249399
v -0.194348 0.196393 -0.372220
v -0.513308 0.029757 0.490269
v -0.190285 0.401881 0.104003
v -0.511936 0.090934 0.412382
v -0.746017 -0.190545 0.760174
v 0.186716 0.790717 -0.385114
v 0.601833 1.239508 -0.319728
v 0.347028 1.155491 0.066346
v 0.140213 0.881404 0.123095
v -0.056374 0.417259 -0.385593
v -0.643696 -0.086770 0.566320
v -0.303369 0.220997 0.112462
v -0.253330 0.308921 0.078447
v -0.479799 0.085880 0.322283
v -0.782589 -0.215571 0.808844
v 0.393136 1.147578 -0.367380
v 0.390874 1.199893 0.020412
v -0.700663 -0.339363 0.737753
v 0.420104 1.260916 -0.053008
v -0.124268 0.531571 0.093703
v 0.097239 0.851120 0.121519
v 0.076011 0.813503 0.121220
v 0.222825 1.006886 0.086667
v -0.488369 -0.161145 -0.378585
v -0.463778 -0.129590 -0.305785
v -0.359323 0.045037 -0.332734
v -0.243756 0.124564 -0.361656
v -0.157440 0.309276 -0.345553
v -0.204531 0.217323 -0.333450
v -0.139899 0.351391 -0.359947
v -0.606573 -0.068545 0.490552
v 0.036874 0.605176 -0.374583
v 0.323516 0.982664 -0.387806
v 0.271231 1.104952 0.064447
v 0.393084 1.271691 -0.046001
v -0.131549 0.503282 0.117731
v -0.003077 0.686744 0.131316
v -0.391499 0.211421 0.005027
v -0.332203 0.264620 -0.013601
v -0.360123 0.261322 -0.027804
v -0.237419 0.594276 -0.079912
v -0.189860 0.560306 -0.045062
v -0.196727 0.651989 -0.071463
v -1.041969 -0.243632 -0.154424
v -1.062367 -0.271280 -0.196460
v -1.069160 -0.281898 -0.136370
v -0.723786 -0.276910 -0.431012
v -0.642370 -0.338916 -0.451009
v -0.845525 -0.339174 -0.390120
v -0.480159 0.571641 0.030948
v -0.483693 0.513852 -0.003010
v -0.432005 0.513462 -0.085691
v -0.053644 0.925701 -0.158622
v -0.039343 0.913030 -0.121739
v -0.009939 1.017467 -0.128608
v -0.967434 -0.243204 -0.263530
v -0.948370 -0.216748 -0.299506
v -1.076366 -0.269126 -0.283523
v 0.088304 0.774095 -0.360657
v -0.340905 0.646253 -0.145912
v -0.376332 0.601183 -0.107117
v -0.400684 0.679123 -0.158155
v 0.157405 0.836548 -0.389158
v 0.176135 0.868472 -0.388077
v -0.809303 -0.155432 -0.388175
v -0.877231 -0.168493 -0.339107
v -0.938303 -0.019238 -0.380572
v -0.350844 0.620100 -0.093193
v -0.390020 0.695209 -0.041139
v -0.239902 0.414091 -0.016630
v -0.195588 0.470541 0.019286
v -0.216872 0.497839 -0.028698
v 0.088664 1.161826 -0.175598
v 0.027917 1.039709 -0.179089
v 0.016921 1.035260 -0.146154
v 0.058537 1.131140 -0.158768
v -0.517898 0.139044 0.248346
v -0.554809 0.119713 0.304976
v -0.530188 0.100811 0.341347
v 0.363068 1.130090 -0.376097
v 0.315002 1.079461 -0.367967
v 0.084480 1.069704 -0.218833
v 0.063311 1.014803 -0.213145
v -0.434720 0.079831 -0.283058
v -0.505153 0.025182 -0.281505
v -0.487715 0.084936 -0.220148
v 0.176470 1.233309 -0.175890
v 0.151108 1.196596 -0.183363
v 0.155526 1.244162 -0.153609
v -0.296310 0.734384 -0.135643
v -0.327046 0.713144 -0.146552
v -0.308035 0.739286 -0.176583
v -1.122827 -0.198093 0.270659
v -1.086205 -0.146981 0.353378
v -1.135978 -0.179265 0.324976
v -1.119177 -0.138508 0.363415
v -0.210037 0.449623 -0.162865
v -0.253970 0.512595 -0.118386
v -0.210710 0.490773 -0.126923
v -0.266366 0.786128 -0.158164
v -0.035334 0.493386 -0.364318
v -0.834125 -0.251755 -0.395763
v -0.856984 -0.185315 -0.344707
v 0.293342 1.119757 0.047844
v 0.256129 1.156487 0.026733
v -0.342151 0.715462 -0.103145
v 0.073855 0.690676 -0.394080
v 0.009545 0.755265 -0.338685
v 0.059208 0.773546 -0.367034
v 0.029289 0.688098 -0.354136
v 0.085789 0.751702 -0.378303
v 0.454759 1.288475 -0.218579
v 0.486978 1.397227 -0.161788
v 0.521440 1.383415 -0.156109
v -0.844227 0.145626 0.418569
v -0.906290 0.188157 0.390832
v -0.849470 0.118523 0.430113
v -0.539792 0.053471 -0.247035
v -0.552928 0.074294 -0.213438
v -0.891465 0.204194 0.394138
v -0.545182 0.108530 -0.116054
v -0.573227 0.098062 -0.127098
v 0.234579 0.881906 -0.397481
v 0.129275 0.946291 -0.357462
v -0.440063 0.221769 -0.054606
v -0.540647 0.139928 -0.067279
v -0.490640 0.203210 -0.064288
v -0.082053 0.645014 0.078428
v -0.116332 0.567640 0.063298
v -0.051453 0.683554 0.052558
v -0.070988 0.661778 0.059401
v -0.007176 0.728013 0.101835
v -1.046712 -0.338996 -0.085886
v -1.053514 -0.337739 -0.011327
v -1.102635 -0.275576 -0.017539
v -0.618976 0.599307 0.212443
v -0.584363 0.532052 0.167794
v -0.545598 0.544503 0.135003
v 0.051432 0.827441 0.090302
v 0.087945 0.856976 0.093395
v 0.059600 0.866725 0.083040
v 0.300171 1.140240 -0.335318
v 0.324342 1.146688 -0.314946
v -0.519970 0.584283 0.097587
v -0.593651 0.612663 0.191376
v -0.767356 0.070940 0.484044
v -0.703885 0.029255 0.490588
v -0.685507 0.078608 0.485100
v -0.567328 -0.006437 0.485374
v 0.146468 0.987842 0.058351
v 0.147737 0.957700 0.093384
v 0.402443 1.220824 -0.298949
v 0.375750 1.205213 -0.320317
v 0.306948 1.213535 -0.246849
v -0.890614 -0.182645 -0.303733
v -0.971901 -0.246933 -0.353222
v -0.460159 0.095792 -0.184713
v -0.684724 0.142592 0.459101
v -0.646922 0.088856 0.492080
v -0.504717 0.229188 -0.046096
v -0.898205 -0.193380 -0.233073
v -0.608912 0.155386 -0.090632
v -0.639039 0.117332 -0.140693
v -0.420824 0.134689 0.196035
v -0.921163 -0.150342 -0.228455
v -0.253000 0.538805 -0.099102
v -0.274214 0.434239 -0.041799
v -0.934646 -0.183065 -0.203934
v 0.270315 1.160045 0.003411
v 0.291830 1.196651 0.002957
v 0.239770 1.169628 -0.042846
v -0.519882 -0.073114 -0.301648
v -0.470657 -0.047802 -0.296301
v -1.090098 -0.339456 0.023038
v -1.102947 -0.329532 0.153105
v -1.101486 -0.300928 0.129439
v -0.487845 -0.054019 -0.310351
v -0.613702 0.144891 0.319269
v -0.174379 0.551061 -0.153857
v -0.218547 0.609975 -0.125800
v -0.196985 0.662179 -0.117808
v -1.059233 -0.286489 0.302110
v -1.132264 -0.285410 0.236122
v -1.099570 -0.284154 0.302434
v -0.744950 -0.056738 0.468596
v -0.668229 -0.000816 0.496734
v -0.373135 0.011334 -0.340182
v -0.419116 0.000362 -0.320592
v -0.787006 0.106112 0.466180
v -0.737889 0.149040 0.461311
v 0.406232 1.358355 -0.149013
v 0.357773 1.278260 -0.104171
v 0.429593 1.322968 -0.128350
v -0.424319 0.801071 0.075550
v -0.424799 0.737712 0.077767
v -0.401918 0.760963 0.036760
v 0.469760 1.392851 -0.135763
v 0.375478 1.307953 -0.191157
v -0.285840 0.130178 -0.345984
v -0.333862 0.141357 -0.301675
v -0.297703 0.145726 -0.312767
v -0.350603 0.830122 -0.028640
v -0.312932 0.831376 -0.126174
v -0.335479 0.889672 -0.002204
v -0.343515 0.796211 -0.093200
v -0.383186 0.776984 0.037522
v -0.520630 0.066697 0.473387
v -0.438752 0.205807 -0.041671
v -0.388912 0.228305 -0.051190
v -0.833548 -0.262142 0.810521
v -0.224707 0.304937 -0.297957
v -0.232509 0.252920 -0.328573
v -0.402193 0.806783 0.068771
v -0.183836 0.304406 -0.348417
v -0.197967 0.307777 -0.300726
v -0.167439 0.389476 -0.325591
v -0.961400 -0.044360 0.406057
v -0.962610 -0.023106 0.420729
v -1.015570 -0.059490 0.417952
v -0.623319 0.211779 0.219275
v -0.670226 0.229136 0.305912
v -0.648886 0.201195 0.269471
v -0.070674 0.735687 0.005325
v -0.004235 0.789282 0.060814
v -0.004375 0.817221 0.026837
v -0.146068 0.393654 -0.342131
v -0.118906 0.386120 -0.343612
v -0.004224 0.831875 -0.024714
v -0.129531 0.453917 -0.331941
v 0.099449 1.019585 -0.278463
v 0.065619 0.919676 -0.309359
v -0.925660 0.065775 0.412664
v -0.903994 0.020395 0.433120
v -0.921365 0.098444 0.412664
v -0.090249 0.884511 -0.115834
v -0.072085 0.899542 -0.173653
v -0.105817 0.852518 -0.147269
v -0.070505 0.524540 -0.368845
v -0.054367 0.566703 -0.353370
v 0.054352 0.891143 0.014981
v 0.078522 0.888409 0.072393
v -0.031995 0.578322 -0.373323
v 0.076287 0.984656 -0.043987
v -0.031056 0.863068 -0.102744
v 0.000377 0.906188 -0.090290
v -0.619952 -0.246144 -0.409921
v -0.590800 -0.124577 -0.407064
v -0.482779 -0.209423 -0.411115
v -0.574638 0.124288 0.419790
v 0.085387 1.157683 -0.142522
v -1.052497 -0.304379 -0.362166
v -1.089564 -0.275686 -0.336143
v -1.040869 -0.288827 -0.248911
v 0.211500 1.130752 -0.268432
v 0.141570 1.129416 -0.199094
v 0.182046 1.184631 -0.195794
v -1.133852 -0.309291 -0.238012
v -0.496696 0.478022 -0.111044
v -0.476166 0.534534 -0.132451
v -0.460747 0.462341 -0.107378
v -0.018687 0.748064 -0.310599
v 0.003884 0.776334 -0.300627
v -1.140605 -0.339269 -0.130456
v -1.147747 -0.306804 -0.155831
v -0.522101 0.459439 0.008920
v -0.527414 0.523925 0.070031
v -0.358538 0.151690 -0.239333
v -0.378743 0.195390 -0.182305
v -0.346761 0.204853 -0.187112
v -0.061900 0.638297 -0.321313
v -0.100566 0.623408 -0.243967
v -0.064248 0.671596 -0.271900
v -0.450336 0.608943 -0.005848
v 0.247930 1.202804 -0.215351
v -0.246080 0.360375 -0.198112
v -0.251023 0.301872 -0.227935
v -0.275405 0.311485 -0.158828
v 0.233764 1.225629 -0.184244
v -0.247703 0.370137 -0.143877
v -0.418321 0.627829 -0.039108
v 0.279520 1.245226 -0.116123
v 0.287451 1.306675 -0.142165
v 0.256983 1.305001 -0.136422
v 0.182865 1.220048 -0.138013
v 0.179675 1.130185 -0.091982
v 0.222885 1.198507 -0.111112
v 0.215336 1.261124 -0.130470
v -0.564357 0.099022 0.467829
v -0.588609 0.027587 0.498300
v -0.541936 0.046113 0.499508
v -0.351154 0.186151 0.029765
v -0.282667 0.272838 0.029184
v 0.030846 0.829626 -0.322790
v 0.116162 0.858922 -0.369405
v 0.065958 0.863789 -0.331734
v -0.706749 0.310596 0.295461
v -0.664120 0.318655 0.234413
v -0.687152 0.365975 0.278751
v -0.395575 0.153079 0.092408
v -0.442766 0.145816 0.202848
v -0.683667 -0.168429 -0.413309
v 0.217043 0.978131 -0.382469
v 0.151928 0.971450 -0.338120
v -0.230085 0.387862 0.012386
v -0.596688 -0.058876 -0.382875
v 0.025118 0.865348 -0.029285
v 0.187925 1.039602 -0.344609
v -0.727284 0.093977 -0.224493
v -0.761542 0.103767 -0.310857
v -0.837137 0.180331 -0.209111
v -0.490194 0.114684 0.253296
v -0.859774 -0.289682 0.762147
v -0.848804 -0.212441 0.786835
v -0.825391 0.021915 0.471957
v -0.904450 0.239543 0.390008
v -0.796210 0.221239 0.385396
v 0.201348 1.116161 -0.018356
v 0.152519 1.115013 -0.093694
v 0.207912 1.083372 0.047672
v -0.500567 0.335982 -0.045380
v -0.515192 0.271254 -0.049593
v -0.570953 0.355751 -0.095916
v -0.765973 -0.175615 0.733279
v -0.825597 -0.195311 0.728680
v -0.815447 -0.199774 0.803584
v 0.305864 1.191318 -0.275340
v 0.257317 1.134580 -0.304840
v -0.324585 0.095546 -0.325265
v 0.270183 1.233078 -0.208868
v 0.329605 1.251875 -0.213335
v 0.012248 0.673171 -0.364134
v -0.564851 0.228648 0.063650
v -0.591870 0.270244 0.055906
v -0.613280 0.270875 0.122329
v 0.106819 0.695154 -0.373584
v -0.590904 0.204841 0.104945
v -0.624980 0.229339 0.132529
v -0.236455 0.209569 -0.333818
v 0.373888 1.367183 -0.167594
v 0.316500 1.261428 -0.184990
v -0.632896 0.255760 0.200419
v -0.639816 0.508314 0.236029
v 0.334071 1.348006 -0.137731
v 0.305099 1.240734 -0.123603
v 0.359823 1.331973 -0.116627
v -0.913065 -0.258488 -0.406773
v -0.696984 0.186724 0.356943
v -0.582244 0.628249 0.204091
v -0.520156 0.662519 0.162647
v 0.301840 0.988366 -0.397327
v 0.297877 1.064063 -0.383267
v -0.694023 -0.060078 0.491375
v -0.653601 -0.020875 0.480984
v -0.840131 -0.180261 0.522547
v -0.808109 -0.124332 0.498024
v -0.909898 -0.144314 0.500606
v -0.617931 0.115998 0.480732
v -0.780569 -0.035375 0.474742
v -0.002400 1.027968 -0.178542
v -0.757299 0.350848 0.323811
v -0.724943 0.426315 0.282833
v -0.357693 0.207452 -0.128682
v 0.416087 1.294390 -0.189379
v -0.409669 0.140567 -0.128522
v -0.379144 0.257497 -0.069423
v -0.319765 0.259365 -0.124722
v 0.119864 1.177678 -0.157915
v -0.626097 0.150388 0.427887
v -0.322843 0.337055 -0.083443
v 0.348518 1.258188 -0.071310
v 0.373879 1.255351 -0.032801
v -0.334825 0.296745 -0.048736
v 0.312965 1.200938 -0.020418
v -0.134983 0.613923 -0.175137
v -0.164338 0.675718 -0.151219
v -0.152645 0.717956 -0.130607
v -0.306616 0.357642 -0.030194
v -0.566530 -0.022528 -0.307039
v -0.506171 -0.007083 -0.300923
v 0.445840 1.303273 -0.104333
v -1.071640 -0.090358 0.390654
v -0.282986 0.388474 -0.104425
v -0.278247 0.333850 -0.016291
v 0.007750 0.847523 -0.265223
v 0.017998 0.932703 -0.222574
v -0.778680 0.164963 0.434053
v -0.646771 0.321565 -0.126901
v -0.636677 0.363395 -0.156520
v -0.601821 0.294835 -0.080947
v -0.521569 0.376412 -0.076753
v -0.587325 0.360465 0.051450
v -0.556523 0.427173 0.022085
v -0.582365 0.467796 0.113925
v -0.103175 0.767175 -0.097264
v -0.075561 0.773827 -0.067571
v -0.065813 0.827469 -0.081762
v -0.618070 0.411860 0.163989
v 0.032793 0.957936 -0.104656
v -0.001590 0.951617 -0.097922
v -0.918747 -0.338661 0.353612
v -0.883273 -0.337426 0.397730
v -0.918064 -0.308204 0.380904
v -0.171327 0.441156 0.083746
v -0.922403 -0.257634 0.468077
v -0.891293 -0.282346 0.416363
v -0.905616 -0.338638 0.464862
v -0.737326 0.204151 0.369285
v -0.717061 0.181566 0.432668
v -0.484904 0.110513 -0.112907
v -0.445797 0.578639 -0.140825
v -0.452328 0.647960 -0.166130
v -0.437350 0.142748 -0.102301
v -0.401962 0.059774 -0.320068
v -0.351017 0.073010 -0.339214
v -0.298832 0.205432 -0.288612
v 0.155495 1.230538 -0.131631
v 0.117883 1.079256 -0.114874
v -0.261858 0.215088 -0.329076
v -0.279707 0.232437 -0.258698
v 0.140311 1.029737 -0.008506
v 0.182037 1.064354 0.027995
v -0.703223 -0.121318 0.580256
v 0.268658 1.295395 -0.179325
v 0.246150 1.309626 -0.159943
v 0.301169 1.309912 -0.172520
v -0.249491 0.302463 -0.275087
v -1.088140 -0.245568 -0.114193
v -1.062194 -0.274059 -0.094468
v -0.986710 -0.189749 -0.190355
v -1.059727 -0.208731 -0.168421
v 0.250746 0.964151 -0.398577
v -0.411393 0.236228 -0.080310
v -0.266662 0.827634 -0.192108
v -0.249513 0.843661 -0.184102
v -0.661213 0.018038 -0.366765
v -1.014253 -0.339133 -0.465627
v -1.020803 -0.295808 -0.427086
v -0.172711 0.606301 -0.035901
v -0.137111 0.609105 -0.001293
v 0.020551 0.810185 0.034866
v -0.955737 0.120479 0.402916
v -0.707490 0.333666 -0.187789
v -1.052453 -0.339360 0.271047
v -1.002271 -0.335827 0.341652
v -1.044657 -0.208372 0.366585
v -0.998538 -0.247361 0.368354
v -0.626305 -0.046475 0.493642
v -0.589842 -0.013638 0.500352
v -0.521644 0.574733 -0.191647
v -0.906406 -0.271335 0.487983
v -0.030625 0.667456 -0.346310
v -0.944310 -0.133626 0.424265
v -0.939653 -0.131732 0.463697
v -0.904708 -0.079621 0.428186
v -0.451607 0.020030 -0.307012
v -0.829734 -0.070032 0.429073
v -0.820218 -0.019951 0.447740
v -0.784541 0.013406 0.473633
v -0.714847 0.100911 0.494210
v -0.883289 -0.001834 0.424826
v -0.847884 0.083349 0.442436
v -0.686101 0.469523 0.267144
v -0.464415 0.427544 -0.060253
v -0.483359 0.404517 -0.033285
v -0.602600 0.171233 0.258754
v -0.624316 0.173019 0.307142
v -0.209459 0.386779 -0.252353
v -0.199466 0.441812 -0.230439
v -0.902284 -0.267252 0.607964
v -0.854114 -0.339121 0.704446
v -0.842702 -0.237151 0.684701
v -0.519851 0.334236 0.004236
v -0.840056 -0.278490 0.712804
v 0.229794 1.044928 -0.360292
v 0.226353 1.123394 -0.274264
v -0.154260 0.685384 -0.081901
v -0.181290 0.457015 -0.232097
v -0.160192 0.474908 -0.237528
v -0.157380 0.471629 -0.290887
v -0.129889 0.478785 -0.302894
v -0.363052 0.862964 0.030273
v -0.031821 0.592428 -0.343964
v -0.139759 0.797890 -0.116293
v -0.130984 0.691939 -0.051889
v 0.008120 0.635739 -0.381240
v -0.379512 0.835794 0.059895
v -0.033171 0.824426 -0.209403
v -0.458801 0.698840 0.102190
v -0.506373 0.738672 0.137080
v -0.485303 0.779531 0.146143
v -0.162873 1.186568 -0.001570
v -0.137427 1.164406 0.055714
v -0.171069 1.142960 0.001018
v -0.174521 1.136350 0.072234
v -1.093681 -0.306675 -0.479022
v 0.377375 1.366680 -0.139899
v -0.785237 -0.041306 -0.404531
v -0.808780 -0.088366 -0.403505
v 0.146730 1.042335 -0.292245
v -0.466453 0.688644 -0.204434
v -0.363304 0.757141 -0.165712
v -0.497097 0.585622 0.097928
v -0.389367 0.138621 -0.241964
v -0.419762 0.136806 -0.187289
v -0.439698 0.649431 0.049244
v 0.092400 1.058155 -0.105811
v -0.685112 0.143214 -0.166006
v -0.544348 0.037909 -0.277417
v -0.807633 0.119982 0.466732
v -1.146564 -0.190647 -0.061306
v -1.151272 -0.198924 -0.037528
v -1.120001 -0.251710 0.010034
v -1.140077 -0.289737 0.149408
v -1.150079 -0.249458 0.019463
v -0.644515 0.051797 -0.265832
v -0.437020 0.469484 -0.081753
v 0.202968 1.051357 0.068821
v -0.873100 0.187155 -0.253869
v -0.731347 0.032654 -0.375782
v -0.703239 0.067929 -0.325970
v -1.099801 -0.048751 0.368706
v -0.948803 -0.296314 0.362357
v -0.961157 -0.337901 0.318128
v -1.084092 0.003476 0.386825
v -1.001129 -0.224714 0.397592
v -0.927086 -0.212726 0.420034
v -0.686898 -0.028484 -0.394014
v -0.798141 -0.081619 0.444630
v -0.819417 -0.190904 0.632192
v -0.639037 0.396791 -0.182257
v -0.605742 0.463579 -0.170912
v -0.574386 0.457545 -0.162590
v -0.081774 0.577954 -0.323174
v -0.571255 0.511771 -0.186535
v -0.193585 0.370250 -0.283652
v -0.958283 -0.116076 -0.289458
v -0.509117 0.160504 0.087697
v -0.573576 0.160084 0.151280
v -0.513200 0.213354 0.038768
v -0.526878 0.253477 0.028369
v -0.563105 0.206312 0.061880
v -0.578125 0.184502 0.139053
v -0.573186 0.170908 0.203460
v -0.630575 0.080916 -0.197716
v -1.070842 -0.248955 0.356536
v -0.091755 0.717523 -0.180664
v -0.132759 0.813777 -0.157037
v -0.712605 0.126507 -0.175626
v -0.742482 0.165621 -0.168436
v -0.694692 0.238825 -0.148467
v -0.685402 0.194207 -0.132216
v -0.771849 0.195779 0.380879
v -1.015391 0.033877 0.412862
v -0.998561 0.061393 0.409846
v -0.573548 0.261258 -0.052402
v -0.328636 0.909900 -0.049142
v -0.041022 0.739739 -0.249523
v -0.762985 -0.186075 0.671304
v -0.429321 0.823506 0.106256
v 0.309997 1.228145 -0.055435
v -0.462979 0.144419 0.087276
v -0.436776 0.198498 0.009867
v -0.200978 1.164315 0.083378
v -0.721483 0.261898 0.322202
v -0.467993 0.670260 0.088223
v -0.521677 0.640486 -0.222139
v 0.191748 1.236605 -0.162321
v -0.472746 0.705098 -0.226525
v -0.735650 0.311282 0.311155
v -0.805667 0.297076 0.357689
v -0.653161 0.487632 0.226322
v -0.403833 0.112122 -0.259296
v -0.347250 0.798353 -0.183470
v -0.319267 0.867019 -0.195840
v -1.045824 -0.162432 0.393329
v -0.124515 0.540314 -0.286928
v -0.666702 0.237398 -0.128102
v -1.150852 -0.195712 0.139130
v -0.517173 0.396516 0.015363
v -1.086139 0.018878 0.394470
v -0.624330 0.322742 0.141372
v -0.410855 0.771879 -0.214229
v -0.243581 0.886766 -0.185482
v -0.306116 0.970105 -0.207866
v -1.026354 -0.136154 0.410305
v -0.225581 0.940373 -0.198518
v -0.292016 0.924956 -0.134314
v -0.308758 0.895273 -0.142500
v -0.346999 0.317378 -0.091869
v 0.052045 1.001010 -0.115324
v -0.324552 0.213875 -0.187266
v -0.278645 0.288587 -0.225196
v -0.231736 1.227504 0.098158
v -0.078272 0.482158 -0.359947
v -0.102209 0.474481 -0.358628
v -0.100116 0.569022 -0.270890
v -0.411686 0.548968 -0.053955
v -0.394960 0.550550 -0.098436
v -1.142654 -0.314449 -0.371781
v -1.174286 -0.337626 -0.170171
v -0.678919 0.053792 -0.330879
v 0.149888 1.068524 -0.048482
v -0.836261 0.074769 -0.378695
v -1.186968 -0.178615 0.224280
v -1.044363 0.108459 0.387249
v -0.986180 0.196125 0.383706
v -0.634972 0.465831 -0.201829
v -1.024298 -0.163063 -0.199937
v -0.572891 0.691797 0.180411
v -0.831638 0.279041 0.353296
v -0.855337 0.307308 0.367012
v -0.781212 0.315236 0.348856
v -0.773809 0.426732 0.308524
v -0.378872 0.923265 0.063920
v -0.420157 0.914052 0.091716
v -0.327094 0.978922 0.006443
v -0.251229 1.104024 0.031930
v -0.250688 1.124246 0.076871
v -0.914081 -0.339333 0.594577
v -1.131717 -0.291233 -0.206124
v -1.148117 -0.192068 -0.086102
v -0.742746 0.323731 -0.174599
v -0.786192 0.195702 -0.189712
v -0.751362 0.285121 -0.166546
v -0.712737 0.277567 -0.170706
v -1.051231 0.147912 0.377592
v -0.693213 0.419107 -0.180829
v -0.681492 0.551814 0.239624
v -0.236529 0.922441 -0.211313
v -0.554389 0.723696 0.183191
v -1.131605 -0.339278 -0.497578
v -1.173215 -0.299065 -0.255395
v -1.500721 1.107569 0.278100
v -1.507922 1.115151 0.323829
v -1.463292 1.087784 0.311779
v -0.992917 -0.043829 -0.323472
v -1.036270 -0.120022 -0.203034
v -0.990700 -0.096625 -0.223674
v -1.092589 -0.154317 -0.160088
v -0.889704 0.156465 -0.322548
v -0.798852 0.397055 0.306300
v -0.382401 0.880074 -0.229853
v -0.228639 1.166466 -0.039304
v -0.212099 1.254866 0.050962
v -0.446955 1.448787 0.161690
v -0.453283 1.490277 0.144636
v -0.533750 1.459491 0.174223
v -0.435258 0.974001 -0.279860
v -0.387563 0.901696 -0.245698
v -0.444451 0.936809 -0.263358
v -0.414801 1.493860 -0.019720
v -0.463007 1.515358 -0.018239
v -0.222579 1.528013 -0.006253
v -1.115457 0.032371 -0.191691
v -1.135798 0.052582 -0.150879
v -1.134622 0.091461 -0.165274
v -0.306265 1.584585 0.045410
v -0.440777 1.601886 0.064502
v -0.924565 0.679046 0.047915
v -0.836185 0.676806 0.198232
v -0.903388 0.714422 0.099516
v -0.971421 0.334042 -0.180713
v -0.895449 0.360976 -0.190236
v -0.902381 0.343503 -0.171549
v -0.791595 0.745763 0.147395
v -0.856695 0.740664 0.007453
v -0.456938 1.613142 0.093952
v -0.339610 1.246743 -0.220205
v -0.388371 1.244266 -0.255219
v -0.364028 1.314572 -0.208264
v -1.240391 0.100238 0.140995
v -1.214552 0.067175 0.138948
v -1.192095 0.047287 0.234610
v -1.073866 0.531292 -0.065148
v -1.089662 0.504636 -0.022673
v -1.087393 0.544047 -0.023287
v -1.222007 0.081709 0.250354
v -1.130195 0.147835 0.346785
v -1.183221 0.178682 0.241623
v -0.680985 0.938546 0.112350
v -0.693379 0.909545 0.055650
v -0.647973 0.924444 0.128791
v -0.616210 0.787833 0.177130
v -0.572408 0.777268 0.187968
v -1.070936 0.541205 0.079342
v -0.991059 0.494349 0.258252
v -0.979159 0.524405 0.265742
v -1.087306 0.302978 0.310354
v -1.051463 0.307873 0.325692
v -1.010837 0.378745 0.309886
v -0.628210 1.005414 0.122176
v -1.060361 0.350382 0.315146
v -1.010788 0.559568 -0.101975
v -1.004430 0.601512 0.044738
v -0.913543 0.584789 0.233003
v -0.999055 0.412979 0.295452
v -0.596148 1.078894 0.187473
v -0.548819 1.032240 0.159124
v -0.590229 1.119052 0.197640
v -0.460220 0.907057 0.117116
v -0.524782 1.002659 0.126417
v -0.665899 1.068061 -0.361840
v -0.595720 1.009487 -0.357585
v -0.630232 1.023434 -0.322870
v -0.618871 1.035214 0.221398
v -0.550382 0.991988 0.208236
v -1.009794 0.615624 -0.075154
v -1.023975 0.620110 -0.026298
v -0.997741 0.648134 -0.014144
v -0.542319 0.989782 -0.339060
v -0.537297 0.973905 -0.282342
v -0.608207 0.982145 -0.268034
v -0.668247 1.016029 -0.298263
v -0.394941 1.016940 0.072013
v -0.324081 1.046138 -0.035221
v -0.360448 1.060771 0.042518
v -0.349083 1.082707 0.102579
v -0.320851 1.122699 0.118863
v -0.466267 1.194487 0.159432
v -0.340912 1.323313 -0.041048
v -0.347244 1.280366 -0.066459
v -0.375772 1.382303 -0.041138
v -1.147472 -0.339275 -0.234122
v -0.618759 1.078545 -0.361774
v -0.661536 1.094811 -0.346085
v -0.532416 1.034386 -0.324744
v -0.604689 1.086765 -0.351853
v -0.775776 0.624201 -0.216982
v -0.729592 0.529171 -0.217826
v -0.782630 0.606224 -0.197495
v -0.517689 1.055472 -0.333447
v -0.514690 1.174841 -0.451578
v -0.502867 1.210459 -0.435511
v -0.446206 1.165571 -0.459716
v -0.765503 0.981158 -0.293655
v -0.704183 0.992317 -0.327246
v -0.676333 0.976112 -0.281973
v -0.733867 0.778283 0.164795
v -0.701135 0.790139 0.190896
v -0.677267 0.857289 0.146064
v -0.776220 0.722069 0.192538
v -0.749894 0.709599 0.219382
v -0.324536 1.307009 -0.495227
v -0.412252 1.301079 -0.507992
v -0.279591 1.393278 -0.533085
v -0.369053 1.037892 0.111936
v -0.368196 1.246277 0.127032
v -0.267601 1.262344 0.109043
v -0.307972 1.266208 0.147764
v -0.284010 1.416231 -0.524675
v -0.939961 0.526735 0.266815
v -0.950091 0.466131 0.306834
v -0.414863 1.440750 0.116470
v -0.300923 1.443673 0.110299
v -0.228559 1.508416 0.105421
v -0.521440 1.148639 -0.429989
v -0.592616 1.157149 -0.403882
v -0.612888 1.185039 -0.421421
v -0.211747 1.590250 0.045257
v -0.304487 1.558220 0.104853
v -0.195736 1.554135 0.105913
v -0.486432 1.259452 -0.486513
v -0.541846 1.271059 -0.468384
v -0.449401 1.295199 -0.472908
v -0.272938 1.326864 0.101347
v -0.244684 1.400176 0.126832
v -0.332550 1.358624 0.126297
v -0.316718 1.203635 0.111088
v -0.303000 1.242446 0.089230
v -0.516169 0.880705 -0.268075
v -0.570656 0.829148 -0.267735
v -0.554138 0.898381 -0.266558
v -0.218326 1.221638 -0.016110
v -0.218694 1.266110 -0.004601
v -0.283677 1.171449 -0.452266
v -0.348158 1.144641 -0.468442
v -0.316754 1.165182 -0.496183
v -0.312894 1.194821 -0.498054
v -1.211354 0.076308 -0.054853
v -1.230945 0.005989 -0.048086
v -1.221125 0.039775 -0.015980
v -1.226091 0.077245 0.017369
v -1.203452 0.160035 -0.021780
v -0.999853 0.240649 -0.204683
v -1.068977 0.255019 -0.177476
v -1.059992 0.309031 -0.168815
v -0.748190 0.960170 -0.125614
v -0.734324 0.942779 -0.143809
v -0.730310 0.921144 -0.042302
v -0.731413 0.957256 -0.029606
v -0.822546 0.267917 -0.190815
v -0.112685 1.360470 0.080373
v -0.119271 1.401993 0.074501
v -0.357954 1.394853 -0.141759
v -0.345825 1.396020 -0.189988
v -0.328961 1.430910 -0.160578
v -1.207237 -0.134114 0.013705
v -1.205614 -0.040230 0.110163
v -1.216467 -0.039399 0.032690
v -0.579767 0.659117 -0.244038
v -0.529842 0.729104 -0.236440
v -0.284992 1.291295 -0.200812
v -0.243807 1.228626 -0.217324
v -0.284833 1.335693 -0.207910
v -0.280089 1.313205 -0.187855
v -0.527996 0.755330 -0.255245
v -0.451116 0.792215 -0.232553
v -0.926318 0.285670 0.365591
v -1.154744 -0.310045 -0.470511
v -1.168584 -0.338664 -0.463750
v -1.159948 -0.300828 -0.425092
v -0.701500 0.943315 0.067274
v -0.700446 1.002892 0.181218
v -0.730448 1.021714 0.247278
v -0.809811 1.005537 0.206999
v -0.984569 0.154390 0.378975
v -1.200077 -0.338295 -0.341985
v -1.185283 -0.287494 -0.296157
v -1.162157 -0.290010 -0.341849
v -0.350898 1.274878 -0.116494
v -0.257367 1.319640 -0.070441
v -0.278587 1.293976 -0.083923
v -0.328322 1.312736 -0.072053
v -1.139465 0.315886 0.265489
v -1.136964 0.362131 0.220317
v -1.032711 0.078381 -0.310028
v -1.038185 0.014254 -0.294536
v -1.024750 0.121698 -0.286261
v -1.097035 0.398505 0.219243
v -1.052121 0.393728 0.279300
v -1.065012 0.087275 -0.227455
v -0.643152 1.116827 0.213888
v -0.690994 1.195263 0.192078
v -0.704013 1.164436 0.219324
v -1.091792 0.425138 0.238304
v -0.627732 1.223544 0.214862
v -0.618303 1.187896 0.178753
v -0.597772 1.244941 0.194874
v -1.055032 -0.002597 -0.219053
v -0.729005 1.144279 0.214945
v -0.776717 1.142063 0.243265
v -0.672542 0.600053 0.245690
v -1.145784 -0.084251 -0.121382
v -1.166514 -0.163609 -0.092983
v -0.755033 0.728983 -0.207059
v -0.766955 0.762991 -0.213590
v -0.688528 0.757962 -0.228818
v -0.809218 1.202979 0.233779
v -0.879352 0.993993 0.293820
v -0.827327 1.017455 0.248393
v -0.788691 0.993077 0.284969
v -0.839788 0.705777 0.203149
v -0.875771 1.033999 0.320597
v -0.290449 1.319165 -0.039213
v -0.608730 1.381458 0.210532
v -0.548741 1.320232 0.139514
v -0.447507 1.291920 0.174942
v -0.743371 0.557351 0.279258
v -0.893007 1.078693 0.289221
v -0.531982 1.379582 0.144782
v -0.398864 1.362256 0.159437
v -0.479305 1.411155 0.147100
v -0.413078 1.440605 -0.087831
v -0.501021 1.549306 -0.074564
v -0.294713 1.473684 -0.026654
v -0.400441 1.473644 0.126426
v -0.291443 1.515775 0.121207
v -0.916173 0.204471 -0.211984
v -1.028172 0.436256 0.294791
v -0.843063 0.243190 -0.179681
v -0.627095 1.431100 0.165745
v -0.250440 1.455386 -0.004747
v -0.199303 1.503470 0.001486
v -0.235536 1.444304 0.041663
v -0.285799 1.054333 -0.138101
v -0.167080 1.525329 0.086724
v -0.266034 1.060048 -0.193505
v -1.173091 0.310735 -0.090709
v -1.176590 0.285977 -0.056306
v -1.165209 0.353910 -0.046209
v -0.249473 1.448266 0.080696
v -1.211281 0.246236 -0.012960
v -1.178953 0.314791 -0.000371
v -0.983152 0.407731 0.326263
v -0.966394 0.371951 0.334402
v -0.889904 0.396451 0.330970
v -0.992064 0.457707 -0.176008
v -1.048397 0.509059 -0.118260
v -0.968598 0.611569 -0.131585
v -0.970425 0.516672 -0.158296
v -0.595820 0.928634 -0.253181
v -1.099202 0.431408 -0.108294
v -1.118564 0.353451 -0.124198
v -1.112880 0.429330 -0.078269
v -0.659058 0.672786 -0.246480
v -0.717102 0.680107 -0.239506
v -0.640795 0.709260 -0.249476
v -0.505392 0.996111 -0.293677
v -0.639428 0.731801 -0.258693
v -0.633412 0.781832 -0.253497
v -0.778114 0.407343 -0.194534
v -0.742793 0.429602 -0.210102
v -0.635502 0.830377 -0.245389
v -0.594262 0.803995 -0.249079
v -0.645789 0.546437 -0.203597
v -0.473736 0.856085 -0.277113
v -0.453393 1.088410 -0.372398
v -0.449291 1.082367 -0.427720
v -0.442843 1.124479 -0.400122
v -0.617100 0.544037 -0.221692
v -0.647861 0.572276 -0.222814
v -0.753531 1.046695 -0.200087
v -1.186186 0.012062 -0.088569
v -1.221590 -0.025707 -0.035967
v -0.645584 0.684204 0.212972
v -0.669584 0.733947 0.211872
v -0.268920 1.129018 -0.008762
v -0.330920 1.231687 -0.382974
v -0.336403 1.272181 -0.445350
v -0.341528 1.277759 -0.370884
v -1.242396 -0.016157 0.024212
v -0.260854 1.102427 0.079596
v -0.397242 1.153524 -0.296904
v -0.373824 1.233908 -0.309192
v -0.764958 0.519990 0.276142
v -0.837876 0.524127 0.302439
v -1.239561 0.049380 0.001009
v -1.220857 -0.032976 0.233351
v -0.588930 1.253317 -0.427079
v -0.480732 1.236226 -0.447281
v -1.184366 0.349007 0.132750
v -1.138577 0.411452 0.079357
v -1.131531 0.446751 0.123855
v -0.245039 1.330606 -0.045318
v -0.388811 1.348401 -0.226628
v -0.380754 1.355963 -0.461689
v -0.517195 1.336168 -0.479957
v -0.468169 1.359718 -0.462465
v -0.505547 0.773760 -0.269852
v -0.452962 0.824790 -0.260998
v -1.098978 0.082691 -0.205715
v -1.190787 0.068204 -0.122233
v -0.942956 0.238427 -0.196449
v -0.995885 0.312846 -0.174114
v -0.618754 0.842280 0.174526
v -0.533351 0.858479 0.153308
v -0.591833 0.900095 0.154964
v -0.394844 1.441359 -0.500970
v -0.435876 1.468251 -0.511661
v -0.347812 1.470457 -0.467422
v -0.304287 1.450807 -0.417903
v -0.352820 1.497575 -0.419354
v -0.917497 0.580615 -0.176551
v -0.887849 0.663029 -0.172333
v -0.868411 0.729773 -0.151980
v -0.492553 1.099138 0.125476
v -0.459759 1.048237 0.073798
v -0.441979 1.100532 0.154133
v -0.853617 0.739600 -0.109779
v -0.948866 0.632194 -0.103229
v -0.927788 0.664704 -0.082689
v -0.916423 0.611670 0.235315
v -0.465026 1.518207 -0.133927
v -0.327112 1.440320 -0.179720
v -0.478501 1.529519 -0.184031
v -0.259422 1.708608 -0.233297
v -0.117613 1.830443 -0.281065
v -0.246773 1.771484 -0.196331
v -0.520156 1.122386 0.140798
v -0.545493 1.211152 0.147147
v -0.375939 1.340158 -0.090449
v -0.314494 1.306420 0.127471
v -0.259040 1.295296 0.138030
v -0.122054 1.853343 -0.302329
v -0.144489 1.868923 -0.273088
v -0.148896 1.839761 -0.248602
v -0.447609 1.206853 0.165388
v -0.704985 0.993662 -0.198556
v -0.725002 1.013217 -0.130706
v -0.840339 0.507591 -0.199365
v -0.837869 0.471929 -0.182356
v -0.888201 0.483315 -0.198046
v -0.741744 1.050747 -0.127817
v -0.858256 0.570573 -0.201110
v -0.312982 1.113063 -0.059026
v -0.797612 0.791209 0.137039
v -0.936931 0.700942 0.011447
v -0.329345 1.080372 0.007225
v -0.615698 0.680796 -0.229570
v -0.699983 0.649628 -0.229808
v -0.362870 1.070583 0.125501
v -1.162396 -0.181183 -0.017810
v -0.778572 1.118628 0.234357
v -0.851709 1.138024 0.259050
v -0.804840 1.090690 0.268698
v -0.915262 0.529382 0.295810
v -0.873790 0.593320 0.257942
v -1.190038 -0.113462 -0.044791
v -1.215748 -0.077901 -0.050105
v -1.189440 -0.093080 -0.094274
v -1.078514 0.502534 0.080770
v -1.123323 -0.036368 -0.189745
v -1.146111 -0.063789 -0.146492
v -1.170386 -0.028278 -0.144953
v -0.629509 1.264406 0.184288
v -0.798378 1.225652 0.228344
v -1.150044 0.167209 -0.136775
v -1.181476 0.141758 -0.097785
v -0.839448 0.647577 0.232001
v -0.222703 1.270220 0.074850
v -0.867843 0.767628 -0.084947
v -0.802655 0.811672 -0.131417
v -1.153216 0.217345 -0.137686
v -1.099699 0.186217 -0.170989
v -1.201477 -0.069765 0.161242
v -1.229343 -0.023565 0.124352
v -1.227496 -0.052218 0.181311
v -0.762556 1.009729 0.284282
v -0.821705 1.060073 0.296846
v -1.214439 0.145117 -0.044069
v -0.166201 1.300059 0.081583
v -0.397292 1.128760 -0.370193
v -1.004721 0.055530 -0.340893
v -0.956662 0.132014 -0.335456
v -0.491219 1.104590 -0.448925
v -0.956313 0.160366 -0.304062
v -0.200171 1.346247 0.104684
v -0.797576 0.834572 -0.067776
v -0.106819 1.372064 0.020839
v -0.135097 1.401604 0.013319
v -0.764353 0.875486 -0.168769
v -0.799097 0.864705 -0.112097
v -0.150494 1.334605 0.103855
v -0.441386 1.028517 -0.285315
v -0.421852 1.102579 -0.299294
v -0.932222 0.694779 -0.080762
v -0.693691 0.450974 -0.200647
v -1.213652 0.201130 0.034567
v -0.875273 0.334730 -0.198436
v -0.859121 0.268711 -0.191862
v -0.245751 1.397213 -0.489712
v -0.273907 1.447694 -0.507031
v -0.254653 1.440881 -0.480041
v -0.844011 0.368559 -0.192328
v -0.340714 1.224587 -0.070959
v -0.326276 1.209550 -0.103515
v -0.311672 1.315954 -0.146096
v -0.673722 1.058608 -0.334983
v -1.156025 0.048274 0.307186
v -1.163593 0.074322 0.332236
v -0.640781 0.889501 0.158926
v -1.092788 -0.111412 -0.181360
v -1.174637 -0.148614 0.010300
v -0.628294 0.950824 0.125621
v -1.036376 0.308730 0.350730
v -0.966699 0.333831 0.347736
v -0.586407 0.939933 0.157044
v -0.573116 0.980343 0.153744
v -1.192274 -0.156877 0.127737
v -1.087950 0.225042 0.326620
v -1.106065 0.151126 0.350088
v -1.073682 0.230831 0.351921
v -0.593839 1.208351 -0.422995
v -0.582628 1.259714 -0.448374
v -0.786880 0.873975 -0.033739
v -0.950345 0.511059 -0.183496
v -0.932178 0.049254 -0.385706
v -0.702315 1.004565 0.016095
v -0.674912 0.993094 0.094216
v -0.798130 0.653675 -0.213922
v -0.789633 0.766632 -0.192369
v -0.732863 1.020782 0.028851
v -0.374431 1.492864 -0.467139
v -0.252004 1.406520 -0.007032
v -0.648093 1.026551 0.213811
v -0.694270 1.029963 0.253420
v -0.847882 0.499084 0.296419
v -0.592602 1.199160 0.157091
v -0.560781 0.789566 -0.271647
v -0.399465 1.405168 0.127465
v -0.152839 1.560276 0.061333
v -0.191811 1.568015 0.014308
v -0.139454 1.823096 -0.329065
v -0.153976 1.873340 -0.306920
v -0.711104 1.013762 -0.025756
v -0.611368 0.588448 -0.229000
v -0.286896 1.071505 0.065732
v -0.483452 1.067866 -0.425125
v -0.713781 1.056031 -0.053634
v -0.751387 1.018273 -0.009249
v -0.824620 1.045893 -0.083307
v -0.665904 0.777155 0.193184
v -0.596984 0.821315 0.175777
v -0.862093 0.404627 0.336196
v -0.822827 0.468679 0.308747
v -1.191119 0.170031 -0.105137
v -0.531066 0.970761 0.124644
v -1.145618 0.272818 -0.122039
v -1.029091 0.217950 -0.197511
v -1.050918 0.119955 -0.225616
v -0.681926 1.288689 0.148695
v -0.608503 1.307785 0.196142
v -1.189760 0.230371 -0.034422
v -0.565010 0.626781 -0.225495
v -0.558447 0.597638 -0.201649
v -0.492446 1.042041 0.161501
v -0.488583 1.002724 0.109070
v -1.134881 0.130300 -0.176457
v -0.333122 1.149399 -0.216059
v -0.247132 1.104393 -0.206307
v -0.236475 1.102524 -0.187847
v -0.259580 1.174034 -0.192589
v -0.458951 1.311740 0.174695
v -0.274154 1.171987 -0.093812
v -0.255638 1.143014 -0.046904
v -0.313259 1.154627 -0.089194
v -0.280772 1.333918 -0.461067
v -0.263271 1.378020 -0.431092
v -0.580033 1.400792 0.170292
v -0.691538 1.427188 0.224044
v -0.558068 1.495163 0.139807
v -0.468940 0.881433 0.111051
v -0.344317 1.560066 0.136223
v -0.398304 1.570288 0.148330
v -0.566300 0.719537 -0.262209
v -0.925070 0.468954 -0.180199
v -0.422067 0.975612 0.084606
v -0.706555 0.628629 -0.215085
v -1.202468 -0.068238 -0.012015
v -0.323852 1.187558 0.130254
v -0.847817 0.613671 -0.203838
v -0.865360 0.602159 -0.184124
v -1.193627 0.345262 0.053977
v -0.194825 1.305848 -0.013277
v -0.983991 0.634258 0.096973
v -1.148032 -0.072701 0.298476
v -1.027714 0.436458 -0.154359
v -0.426857 1.227599 0.146050
v -0.442175 1.266711 0.156927
v -0.536229 1.279567 0.138575
v -1.119826 -0.031705 0.350648
v -0.326520 1.540744 -0.503494
v -0.304544 1.563707 -0.459713
v -0.859209 0.777818 0.006572
v -0.356096 1.457043 -0.369158
v -0.401473 1.537762 -0.359242
v -0.946557 0.177113 -0.255046
v -1.024212 0.162348 -0.230371
v -0.346597 1.446315 -0.197380
v -0.723020 0.861548 0.139766
v -0.347973 1.043353 -0.230665
v -1.244495 0.106214 0.011675
v -0.999195 0.589854 -0.073698
v -0.944405 0.093852 -0.361645
v -0.617167 1.020627 0.140735
v -0.350907 1.185983 -0.502424
v -0.805190 0.419535 -0.198381
v -0.727896 0.512332 -0.199050
v -0.792390 0.505985 -0.209468
v -0.368481 1.256956 -0.464985
v -1.008409 0.626756 0.040647
v -0.762612 0.368114 -0.197903
v -0.788119 0.388502 -0.175839
v -0.771691 0.301972 -0.189480
v -0.709556 0.710502 0.231752
v -1.097252 0.090818 0.375024
v -1.073105 0.165187 0.382778
v -1.017078 0.269772 0.359436
v -1.016299 0.230571 0.361168
v -0.751878 0.890750 -0.195395
v -0.677964 1.374842 0.183058
v -0.731279 0.831228 -0.208402
v -0.463643 1.519032 0.138954
v -0.701805 0.792968 -0.242346
v -0.726115 0.835500 0.125367
v -0.756756 0.795358 0.165809
v -0.721744 1.039513 -0.321653
v -0.740874 1.018886 -0.326664
v -0.694674 1.043806 -0.339294
v -0.527038 0.981199 0.183443
v -0.562046 0.973519 0.195140
v -0.545175 0.824129 0.148061
v -0.898758 0.395731 -0.188185
v -1.001494 0.365319 -0.185251
v -0.941765 0.446550 -0.168605
v -0.359235 1.420280 -0.051179
v -1.202796 -0.339265 -0.277762
v -0.422269 1.444392 -0.211296
v -0.317287 1.586298 0.111060
v -1.197189 0.212052 0.244694
v -1.150348 0.186162 0.305618
v -1.126322 0.230280 0.330107
v -1.139395 0.292470 0.248480
v -0.360906 1.355792 -0.333759
v -1.009460 0.356110 -0.171490
v -0.161096 1.781166 -0.303817
v -0.378530 1.662656 -0.256962
v -0.205168 1.832554 -0.333766
v -0.889748 1.034687 0.030330
v -0.909843 1.030822 0.139047
v -0.790915 1.182713 0.208631
v -0.936511 0.262940 0.358808
v -0.913422 1.017730 0.224847
v -0.464264 1.148590 0.149826
v -0.659127 0.882319 -0.240095
v -0.770945 1.007406 -0.321029
v -1.162143 -0.041164 0.343357
v -1.110534 0.067251 0.358515
v -1.124795 0.082656 0.343228
v -0.527087 1.111746 0.166459
v -0.600339 1.119230 -0.408695
v -0.644156 1.133464 -0.334482
v -0.700010 1.194530 -0.339129
v -0.610753 1.233513 -0.427614
v -1.060239 0.503323 -0.073691
v -0.420990 1.307287 0.154046
v -0.670506 0.610515 -0.235302
v -0.713659 0.657053 0.236671
v -0.324857 1.586748 -0.507915
v -0.808181 0.609170 0.272709
v -0.233832 1.226771 -0.198128
v -0.465883 1.449541 -0.249916
v -0.306715 1.246313 -0.044407
v -1.223924 0.229295 0.121446
v -1.016300 0.595575 -0.023418
v -1.182029 0.312159 0.120109
v -0.424544 1.639037 -0.143650
v -0.227230 1.794664 -0.330995
v -0.418607 1.347368 -0.259404
v -0.389738 1.377620 -0.102357
v -1.159853 -0.164075 0.113300
v -0.524864 1.552107 0.147800
v -0.481144 1.576886 0.131699
v -0.768214 1.149693 -0.301111
v -0.432729 1.524241 -0.321297
v -0.781083 0.638451 0.254600
v -0.272137 1.823093 -0.190434
v -0.672292 1.331957 0.201314
v -1.137550 0.413833 -0.028580
v -0.910502 0.994811 0.314882
v -0.907582 1.110181 0.283906
v -0.675116 1.431188 0.188624
v -1.148825 0.435462 -0.025384
v -1.137772 0.457765 -0.041289
v -0.671560 0.976764 -0.238616
v -0.574144 1.301824 -0.433430
v -0.370481 1.615316 -0.442982
v -0.397769 1.628186 -0.192995
v -0.704104 1.309847 0.157739
v -0.594111 1.473208 0.166799
v -0.826644 1.001673 -0.273930
v -0.324638 1.226005 -0.050139
v -0.484549 1.440302 -0.504306
v -0.455085 1.495600 -0.477966
v -0.369790 1.540579 -0.516827
v -1.166101 -0.339741 -0.376368
v -0.805045 0.812100 -0.165707
v -0.817308 1.076090 -0.097854
v -0.973172 1.069509 0.306843
v -0.513587 1.576865 0.000475
v -0.765828 1.120581 -0.290505
v -0.465273 1.752825 -0.104483
v -0.765951 1.258550 0.129789
v -0.473769 1.641672 0.052460
v -0.693582 1.231178 -0.334901
v -0.563029 1.375857 -0.445449
v -0.285298 1.844417 -0.288992
v -1.404620 0.967805 0.063315
v -1.377416 0.941465 0.021600
v -1.366133 0.962456 0.154824
v -1.211026 1.342743 0.225300
v -0.943069 1.326836 0.071508
v -0.985764 1.305339 0.267363
v -0.777241 1.237944 -0.334080
v -0.772664 1.176314 -0.331033
v -0.837719 1.179005 -0.316783
v -1.382492 0.958065 0.159080
v -0.631040 1.684267 0.087007
v -0.702744 1.575676 0.167348
v -0.560844 1.726440 0.150395
v -1.022882 0.962395 -0.228738
v -1.026141 0.936515 -0.209864
v -1.113012 0.983448 -0.176753
v -1.419017 0.965108 0.162365
v -1.431168 0.965024 0.217293
v -1.082726 0.926991 -0.177717
v -1.103444 0.940172 -0.195903
v -0.798307 1.241045 -0.268303
v -0.790733 1.213318 -0.251515
v -0.802436 1.242989 -0.219756
v -1.091457 1.362284 0.308741
v -1.128334 1.341154 0.318605
v -0.879330 1.322822 0.264457
v -0.905119 1.355213 0.261456
v -0.930274 1.366074 0.300599
v -1.136790 1.389410 0.349956
v -1.059680 1.392256 0.339889
v -0.969440 1.017347 -0.238210
v -1.032116 1.010045 -0.229806
v -1.017863 1.039182 -0.214907
v -0.586670 1.446326 -0.472706
v -0.691930 1.386048 -0.382548
v -1.382642 1.055617 0.253436
v -1.362335 1.079247 0.328998
v -1.337479 1.061994 0.300724
v -0.691796 1.361757 -0.385679
v -0.654747 1.350598 -0.391299
v -1.350298 0.947205 0.178940
v -1.315380 0.965306 0.278916
v -1.344610 0.971996 0.290321
v -0.554660 1.503477 -0.417356
v -0.653068 1.441188 -0.427504
v -1.009885 1.091461 -0.229724
v -1.175736 1.044925 -0.125189
v -1.061266 1.010234 0.087279
v -1.075726 1.015913 -0.037366
v -1.035141 1.040509 0.072912
v -1.387085 1.081248 0.235910
v -1.254951 1.052305 0.239181
v -1.156837 1.090668 0.187279
v -1.093051 0.995366 0.091301
v -1.101905 1.004565 0.159382
v -1.124750 0.998078 0.087430
v -0.961192 1.427009 -0.295968
v -0.951824 1.471869 -0.298202
v -0.898262 1.487621 -0.330681
v -0.956237 1.499943 -0.295828
v -1.324577 0.954103 0.319906
v -1.373503 0.924340 0.424858
v -1.437860 0.927916 0.404219
v -0.924937 1.515149 -0.285116
v -1.413242 0.963869 0.434217
v -0.919694 1.582375 -0.287152
v -0.847890 1.541620 -0.289054
v -0.422064 1.565842 -0.376309
v -0.945953 1.245229 -0.283945
v -1.132073 1.242581 -0.216899
v -1.071078 1.266433 -0.234156
v -0.968718 1.294442 -0.310387
v -1.135946 1.283553 -0.257906
v -1.063713 1.296250 -0.278457
v -0.870392 1.354938 -0.349526
v -0.872640 1.260794 -0.310391
v -0.794242 1.272294 -0.348071
v -0.460400 1.806879 -0.222091
v -0.437023 1.805831 -0.156790
v -0.468272 1.556946 -0.161787
v -0.888307 1.423631 -0.312558
v -0.885934 1.372746 -0.303948
v -0.366464 1.597226 -0.502380
v -1.018017 1.379095 -0.277121
v -1.043411 1.316448 -0.246900
v -1.065448 1.349992 -0.209501
v -0.688683 1.441255 -0.427267
v -0.589402 1.535396 -0.465385
v -0.943857 1.347102 0.032028
v -0.853018 1.338778 -0.064409
v -0.947715 1.344764 0.054588
v -0.868099 1.506477 -0.330040
v -0.769163 1.357353 -0.382852
v -0.754352 1.389475 -0.362091
v -1.003540 1.025426 -0.115983
v -0.921293 1.053677 -0.159519
v -0.905871 1.074758 -0.028566
v -1.287990 0.943714 0.003100
v -1.068274 0.956713 -0.123827
v -1.179397 0.984411 -0.015402
v -0.833265 1.199733 -0.199923
v -1.210059 0.969044 0.119675
v -1.223537 0.982829 0.117132
v -1.257979 0.961408 0.007993
v -0.724140 1.628070 -0.429809
v -0.817179 1.528964 -0.383004
v -0.771326 1.622256 -0.399838
v -1.062721 1.451984 0.134663
v -1.017911 1.520810 0.165131
v -1.048277 1.500489 0.099571
v -0.759993 1.593217 -0.241021
v -0.656457 1.712968 -0.360738
v -0.766315 1.640931 -0.338682
v -1.109722 0.985378 0.285106
v -0.985966 0.984900 0.321690
v -0.996075 1.038339 0.065869
v -1.009610 1.033886 -0.061712
v -0.961057 1.066955 0.046541
v -0.782125 1.578912 -0.247120
v -0.481325 1.661512 -0.258312
v -0.567756 1.677199 -0.249496
v -0.478943 1.776409 -0.250125
v -0.953890 1.116048 0.258040
v -0.822930 1.636782 -0.141421
v -0.780043 1.634532 -0.177289
v -0.673268 1.719196 -0.418643
v -0.920787 1.202531 0.041218
v -0.899120 1.161214 0.124477
v -0.821694 1.221642 0.075481
v -1.262723 0.977393 0.261585
v -0.522006 1.824080 -0.194858
v -0.487103 1.820774 -0.121595
v -1.210712 1.032550 0.236819
v -1.207532 1.052366 0.292089
v -1.278439 1.090594 0.265504
v -1.224350 1.053612 0.320923
v -0.909075 1.290360 -0.275294
v -1.157024 1.069435 -0.077870
v -0.830647 1.272047 -0.075327
v -0.800257 1.278610 0.000795
v -0.777494 1.308596 -0.018963
v -1.053045 1.312209 -0.111557
v -0.883670 1.244741 -0.244588
v -0.986125 1.294807 -0.154981
v -0.717785 1.587593 0.112421
v -0.737178 1.588534 0.077835
v -0.785989 1.616241 0.103805
v -0.804057 1.322800 -0.047442
v -0.851260 1.614142 -0.181229
v -0.926058 1.636459 -0.132246
v -0.899716 1.638712 -0.089146
v -0.792733 1.339600 0.000120
v -0.855770 1.161498 0.225298
v -0.531799 1.604907 -0.060754
v -0.514960 1.654047 -0.078548
v -0.856785 1.634965 -0.146273
v -0.884144 1.643425 -0.024687
v -0.797510 1.296467 0.020296
v -0.820246 1.331356 0.022670
v -0.873136 1.602459 0.081014
v -0.956020 1.631737 0.043572
v -0.992363 1.636999 0.043865
v -1.102363 1.360522 0.063010
v -1.084419 1.347948 0.110782
v -0.949762 1.565514 0.219714
v -0.977615 1.574000 0.187965
v -1.029769 1.584906 0.177901
v -0.997225 1.562388 0.214563
v -1.083680 1.039807 -0.164126
v -1.159663 1.018880 -0.122914
v -0.780502 1.467772 -0.367713
v -0.836991 1.441740 -0.344395
v -0.725166 1.537740 -0.381863
v -1.183000 0.989129 0.246382
v -1.039420 1.034759 0.175131
v -0.983535 1.044244 0.205396
v -0.999497 1.156567 0.085699
v -0.961024 1.169521 0.109897
v -0.613349 1.681677 -0.427046
v -0.708420 1.580514 -0.373859
v -0.641322 1.704819 -0.432372
v -1.287722 1.016603 -0.069710
v -1.340212 0.975116 -0.045649
v -1.499423 0.983951 0.006904
v -1.105816 0.996001 -0.056837
v -1.089752 1.053919 0.295774
v -1.065607 1.081753 0.300751
v -1.264632 1.060710 0.034222
v -1.274143 1.055914 -0.002066
v -1.340356 1.100965 0.037594
v -1.287071 1.096965 0.079209
v -0.860281 1.284650 -0.105194
v -0.864686 1.306666 -0.075231
v -0.653814 1.615168 -0.219051
v -0.813251 1.347512 -0.046004
v -1.179285 0.958389 0.122150
v -0.701437 1.652463 -0.168154
v -1.444808 0.980029 0.180710
v -0.684998 1.302783 -0.349591
v -0.700079 1.280526 -0.328890
v -0.643918 1.550210 0.158721
v -0.600032 1.620264 0.189194
v -1.246149 0.998578 0.344092
v -1.159205 1.027828 0.315173
v -1.269286 1.022796 0.359788
v -1.336392 1.036466 0.261056
v -0.548445 1.556930 0.167166
v -0.423864 1.540339 -0.496383
v -0.435882 1.551513 -0.472240
v -1.089643 1.013982 0.349076
v -1.006457 1.234070 -0.255428
v -1.471030 0.975763 0.343067
v -1.410778 0.963057 0.349397
v -0.551398 1.949090 -0.129829
v -0.609474 1.873634 -0.088218
v -0.539250 1.903874 -0.093738
v -1.201342 1.000787 -0.104093
v -1.255415 0.972440 -0.099885
v -0.554465 1.659232 0.016019
v -0.554737 1.736840 0.066433
v -0.476211 1.759040 0.083649
v -0.534803 1.518008 -0.264653
v -1.478757 0.950171 0.463532
v -1.502101 0.997827 0.444696
v -0.730638 1.165160 -0.309457
v -0.514233 1.747906 0.134806
v -0.839675 1.383327 -0.319937
v -0.790390 1.382481 -0.350424
v -1.391500 1.044784 0.362606
v -1.404733 1.070237 0.323333
v -0.477871 1.585584 -0.207863
v -0.524154 1.532678 -0.229096
v -0.575003 1.569308 -0.243353
v -1.016369 1.458940 -0.234034
v -0.965539 0.986519 -0.216208
v -0.958537 0.996609 -0.181185
v -0.749606 1.557356 0.150752
v -0.772450 1.524112 0.188936
v -0.737865 1.516593 0.200586
v -1.301246 0.973083 0.134928
v -1.322138 0.954237 0.143666
v -1.334959 0.953664 0.033127
v -1.286800 0.951074 0.144324
v -1.159400 1.255733 -0.188451
v -1.136060 1.311640 -0.228778
v -0.830157 1.131485 -0.282828
v -0.891811 1.111656 -0.257083
v -1.325422 1.077920 0.280908
v -0.744735 1.236489 -0.353694
v -1.223455 1.320339 -0.091444
v -1.185142 1.359798 0.015225
v -0.839881 1.078325 -0.151239
v -0.880071 1.066922 -0.052068
v -1.421526 0.974901 0.304935
v -0.721945 1.652941 -0.128506
v -0.696715 1.658215 -0.049271
v -0.923053 1.063207 0.002412
v -0.936140 1.062055 0.045369
v -0.947739 1.060225 0.101432
v -0.787298 1.326774 -0.324666
v -1.027406 1.448362 0.205693
v -1.140453 1.464322 0.157403
v -0.858248 1.028097 -0.278225
v -1.013042 1.066867 -0.204903
v -0.537503 1.562652 -0.457149
v -0.476224 1.611064 -0.446659
v -0.771567 1.599340 0.155245
v -0.859376 1.616826 0.124228
v -1.090192 1.460438 0.257053
v -1.144467 0.973636 0.359121
v -1.219465 0.960869 0.373408
v -0.891562 1.655696 0.025869
v -1.191733 0.989685 0.371738
v -0.934188 1.645763 0.045276
v -0.901431 1.136832 0.246972
v -1.260102 0.922474 -0.063679
v -1.173564 0.988709 -0.149766
v -1.163497 0.956030 -0.147998
v -1.243733 0.963246 0.120875
v -1.386501 0.919654 -0.050566
v -1.441139 0.946015 -0.019720
v -1.376442 0.943422 -0.049409
v -1.343828 0.941869 -0.074985
v -1.109210 1.081695 0.258693
v -1.461468 0.954915 0.051593
v -1.517956 0.927466 0.048166
v -1.105034 1.081818 0.300386
v -0.547603 1.598166 -0.029272
v -0.640238 1.506262 -0.440397
v -0.844472 1.198481 -0.132762
v -0.894398 1.385791 0.290491
v -0.638553 1.590173 -0.264338
v -0.577454 1.616626 -0.373390
v -0.600660 1.630579 -0.343053
v -1.457083 0.965878 0.219385
v -1.524705 0.957188 0.370132
v -1.489156 0.926565 0.441245
v -0.851419 1.492371 0.199050
v -0.915364 1.540769 0.228837
v -0.818045 1.537934 0.202831
v -0.721648 1.396376 0.243802
v -0.503249 1.859264 -0.109384
v -1.494938 0.985694 0.338084
v -1.549776 1.072349 0.392585
v -0.755578 1.341384 -0.382206
v -1.536172 1.021950 0.408888
v -0.812516 1.621180 0.042038
v -0.802093 1.646183 0.018340
v -0.453834 1.666127 0.095143
v -0.583042 1.395457 -0.470305
v -0.977180 1.519194 0.191803
v -0.832277 1.309470 -0.133837
v -0.818262 1.481093 -0.334972
v -0.865857 1.547550 0.162523
v -0.958456 1.600983 0.176882
v -0.813759 1.311073 0.054751
v -0.904290 1.640453 0.040551
v -0.844502 1.110266 -0.264049
v -1.355069 0.913691 -0.031562
v -1.319194 0.905282 -0.055786
v -0.712313 1.189621 -0.313447
v -1.016053 1.163711 -0.019943
v -1.306915 1.032817 -0.048083
v -0.512322 1.606109 -0.399521
v -1.235482 0.949711 0.133420
v -1.058036 1.395548 -0.181334
v -1.054661 1.041303 0.324477
v -0.815853 1.292483 -0.135950
v -0.862849 1.318767 -0.111011
v -1.092302 1.087134 -0.036974
v -1.154345 1.112571 0.016148
v -0.722914 1.433300 0.185500
v -0.919190 1.392334 0.259629
v -0.712769 1.501417 0.185570
v -0.508761 1.940170 -0.181673
v -0.561418 1.925024 -0.185446
v -0.528380 1.966028 -0.167914
v -1.264053 0.948596 0.378270
v -1.269252 0.985539 0.376585
v -0.499040 1.954584 -0.146470
v -1.211536 1.094474 0.146247
v -1.144262 1.007734 0.368393
v -1.322264 1.052764 0.335019
v -1.275888 1.095277 0.317212
v -0.863371 1.312258 0.250651
v -0.699119 1.496230 -0.426843
v -0.763355 1.448506 -0.366957
v -0.687577 1.527941 -0.377905
v -0.948219 1.322056 -0.102720
v -1.480628 1.029669 0.421459
v -0.938253 1.408529 0.254687
v -1.094530 1.412047 0.325752
v -1.140149 1.411921 0.300355
v -1.173358 1.435375 0.343975
v -0.474830 1.590161 -0.118135
v -1.145801 1.342891 0.137505
v -0.605979 1.708791 -0.398399
v -0.623136 1.566210 -0.415697
v -0.972771 1.637189 -0.071322
v -0.617195 1.622660 -0.011503
v -0.692121 1.616403 0.040716
v -0.651820 1.727203 -0.203276
v -1.073204 1.573991 0.149849
v -0.855932 1.028184 -0.216325
v -1.417014 0.904335 -0.025073
v -1.015523 0.985710 0.341901
v -0.984498 1.032003 0.334489
v -0.881132 1.578903 0.143014
v -0.847293 1.599932 0.165196
v -0.949619 1.078373 0.311934
v -1.349112 1.109199 -0.032334
v -1.337476 1.086316 0.060387
v -1.309035 1.096739 0.097760
v -0.652442 1.496363 0.182227
v -0.653203 1.795225 -0.082111
v -1.376411 1.087248 0.092084
v -1.231415 0.924969 -0.100000
v -1.275594 0.958996 -0.106179
v -1.193621 0.936712 -0.098921
v -1.230979 0.975143 -0.123241
v -1.154148 0.928265 -0.152808
v -1.416782 1.044024 0.264118
v -0.537588 1.655706 0.123954
v -0.460356 1.736455 0.118147
v -0.532281 1.695207 0.166900
v -0.771471 1.656308 -0.011588
v -0.840458 1.638451 -0.061644
v -0.617390 1.550375 -0.453883
v -0.587260 1.591783 -0.416545
v -1.229514 1.262679 -0.182953
v -0.771383 1.640775 0.009472
v -1.446552 1.004008 0.404044
v -0.810794 1.548782 0.175441
v -1.222750 1.384495 0.135452
v -1.045286 1.444641 -0.197037
v -0.890485 1.217493 -0.100633
v -1.323389 0.938623 0.392720
v -0.577443 1.801608 -0.209787
v -1.321317 0.954427 0.402447
v -1.018280 1.589807 0.096811
v -0.979151 1.613492 0.133581
v -0.909961 1.481054 0.181114
v -1.070145 0.976676 0.345536
v -1.037573 1.489892 -0.287100
v -0.968891 1.598733 -0.222434
v -0.877069 1.602665 -0.194751
v -0.664895 1.802927 -0.144719
v -1.174427 1.278858 -0.203787
v -1.222709 1.346542 0.291858
v -0.447312 1.704176 0.071789
v -0.577103 1.582512 0.123229
v -1.120679 1.392787 -0.161416
v -0.873531 1.002675 -0.287498
v -0.855189 0.986694 -0.273379
v -0.970231 1.606164 0.079856
v -0.955929 1.083547 -0.224802
v -0.910524 1.088705 -0.237864
v -1.301056 0.945289 -0.069318
v -1.252354 1.349375 0.198446
v -1.295755 1.433177 0.343234
v -1.272336 1.457631 0.364432
v -0.953770 1.594225 -0.169342
v -0.990738 1.626378 -0.111527
v -1.383798 0.976685 0.419988
v -1.339868 0.945262 0.421406
v -0.835941 1.251351 -0.132551
v -1.451761 0.949748 0.423500
v -1.479509 0.970619 0.190822
v -1.577223 0.945970 0.418855
v -1.531633 0.953741 0.451287
v -1.450946 0.983547 0.134855
v -0.802487 1.256176 0.070091
v -1.434781 1.091406 0.337348
v -0.772911 1.295225 0.079226
v -0.994412 1.514313 -0.240191
v -0.964921 1.579767 -0.268771
v -1.154696 1.434085 0.276718
v -1.032645 1.430563 0.286153
v -1.146561 1.516645 0.078760
v -1.335590 1.419500 0.351160
v -1.072592 1.000793 -0.081339
v -1.404774 1.088530 0.202165
v -1.281748 0.959851 0.126439
v -1.469831 0.935752 -0.021282
v -1.487970 0.963249 0.010885
v -1.424723 1.024049 -0.008961
v -1.375106 1.096053 -0.040673
v -1.426010 1.107888 0.194777
v -0.993131 1.561279 -0.221171
v -1.179002 1.381173 -0.188874
v -0.602886 1.914112 -0.158603
v -1.088120 1.554397 0.078938
v -1.008372 1.631737 -0.019687
v -1.377459 1.069701 0.041286
v -1.069078 1.511818 -0.270774
v -1.275147 1.303380 0.260065
v -1.026868 1.623521 0.036661
v -1.041253 1.608650 0.060184
v -1.280184 1.308146 -0.090076
v -1.117839 1.442057 -0.183562
v -1.101927 1.481733 -0.190547
v -0.986161 1.574502 -0.171647
v -1.301534 1.317373 0.288752
v -1.245214 1.466657 0.288741
v -1.506577 0.915495 0.003104
v -1.404893 1.051419 -0.009201
v -1.022320 1.618977 -0.112334
v -1.558760 1.159472 0.156455
v -1.576101 1.119033 0.153903
v -1.604967 1.172701 0.172961
v -1.073518 1.617595 0.005971
v -1.136511 1.598665 -0.040606
v -1.110606 1.610883 0.071845
v -1.310351 1.312629 0.262565
v -1.325960 1.356270 0.250061
v -1.575963 1.106453 0.232981
v -1.588876 1.090585 0.242694
v -1.627838 1.141895 0.255782
v -1.638015 0.997728 0.226343
v -1.606757 0.963410 0.355315
v -1.645273 0.981202 0.349034
v -1.585342 1.111173 0.295406
v -1.460319 1.492318 0.130550
v -1.491087 1.507917 0.184458
v -1.501323 1.546229 0.172717
v -1.598005 1.160713 0.289057
v -1.493963 1.090755 0.034652
v -1.521794 1.085924 0.057801
v -1.471736 1.081766 0.099464
v -1.258360 1.459911 -0.011964
v -1.407132 1.555070 -0.023685
v -1.316925 1.603280 0.055220
v -1.460987 1.499082 0.285196
v -1.502593 1.535101 0.294141
v -1.281855 1.413321 -0.059059
v -1.246051 1.415287 -0.053716
v -1.371991 1.107989 -0.012222
v -1.466124 1.613745 0.131664
v -1.429593 1.583266 0.187087
v -1.402096 1.584673 0.147481
v -1.410248 1.339226 -0.088152
v -1.382958 1.293226 -0.063079
v -1.416789 1.334887 -0.063959
v -1.503658 1.560332 0.310348
v -1.457813 1.599984 0.251342
v -1.474169 1.602294 0.223448
v -1.339532 1.331098 -0.028253
v -1.403539 1.346623 -0.034098
v -1.329480 1.401653 0.022145
v -1.380784 1.413696 0.011880
v -1.438419 1.656854 0.090841
v -1.390337 1.639757 0.151526
v -1.349044 1.643156 0.124047
v -1.431749 1.339272 -0.130213
v -1.506832 1.368128 -0.107952
v -1.531839 1.427673 -0.092931
v -1.383447 1.449863 -0.037437
v -1.360112 1.499299 -0.023362
v -1.447524 1.077086 -0.008676
v -1.480033 1.060985 0.013912
v -1.075158 1.594069 0.081349
v -1.527523 1.487278 -0.044497
v -1.477127 1.444375 -0.068339
v -1.329452 1.430851 0.110890
v -1.391974 1.449207 0.049850
v -1.534595 1.446646 -0.028677
v -1.509847 1.404266 -0.059399
v -1.510747 1.393488 -0.009256
v -1.415599 1.056435 0.078090
v -1.438722 1.070179 0.068568
v -1.203708 1.469881 0.188809
v -1.277456 1.569231 0.119775
v -1.285877 1.503603 0.213929
v -1.446950 1.090426 0.021235
v -1.387803 1.495128 0.348793
v -1.406133 1.472252 0.359831
v -1.349865 1.490183 0.317957
v -1.277010 1.462139 0.294067
v -1.305441 1.489653 0.245320
v -1.318659 1.515973 0.231957
v -1.538907 0.979574 0.090342
v -1.372666 1.390562 -0.143576
v -1.396054 1.386040 -0.178145
v -1.406833 1.431023 -0.085952
v -1.510207 0.998565 0.194901
v -1.602881 0.995354 0.227180
v -1.453055 1.477232 0.177620
v -1.437262 1.439487 0.248717
v -1.439201 1.419343 0.284984
v -1.398268 1.401427 0.262590
v -1.395620 1.418473 0.300095
v -1.429666 1.563659 0.046683
v -1.427228 1.620270 0.031183
v -1.625732 0.924621 0.038008
v -1.664417 0.929526 0.064420
v -1.645701 0.980090 0.054367
v -1.465839 1.377228 -0.020143
v -1.506442 1.432802 0.017503
v -1.311272 1.563271 0.197162
v -1.384753 1.652463 0.059638
v -1.584911 0.950459 0.026799
v -1.582977 0.988939 0.062132
v -1.612009 1.022881 0.108237
v -1.131797 1.533358 -0.234292
v -1.115043 1.497893 -0.241832
v -1.151912 1.531838 -0.204016
v -1.444642 1.464402 0.065638
v -1.549779 1.039846 0.048704
v -1.559299 1.095881 0.117440
v -1.549279 1.115730 0.086681
v -1.618301 1.180326 0.235080
v -1.129262 1.529610 -0.050868
v -1.147939 1.562514 -0.147269
v -1.510704 1.122123 0.120246
v -1.098483 1.561272 -0.164727
v -1.078333 1.597016 -0.087565
v -1.312690 1.333860 -0.208887
v -1.674248 0.990028 0.108045
v -1.654315 1.051556 0.177318
v -1.508461 1.606556 0.251927
v -1.485137 1.083997 0.360130
v -1.679796 0.958518 0.125655
v -1.663588 1.015614 0.226705
v -1.529154 1.125849 0.083959
v -1.572489 1.057952 0.384828
v -1.406275 1.563749 0.209296
v -1.410544 1.541666 0.231754
v -1.320908 1.311429 -0.151719
v -1.427844 1.470172 0.309279
v -1.469409 1.511371 0.341324
v -1.568163 1.405388 -0.076156
v -1.248432 1.513550 0.028072
v -1.230874 1.521021 0.090017
v -1.476871 1.522160 0.009899
v -1.144279 1.552447 -0.007749
v -1.355769 1.333545 -0.193146
v -1.460692 1.405295 -0.141709
v -1.143655 1.449579 -0.135914
v -1.147104 1.406074 -0.127003
v -1.476038 1.572090 0.056610
v -1.457975 1.386900 -0.115849
v -1.046885 1.565263 -0.226859
v -1.322102 1.356764 0.289487
v -1.389500 1.367931 0.293575
v -1.524845 1.553198 0.115823
v -1.509947 1.502707 0.061270
v -1.319268 1.300809 -0.125060
v -1.399286 1.479165 -0.030943
v -1.431256 1.482312 -0.012142
v -1.481858 1.617178 0.205660
v -1.514841 1.075250 0.022755
v -1.116193 1.474168 -0.065284
v -1.473041 1.470834 0.247304
v -1.055778 1.610694 -0.085699
v -1.114319 1.585826 -0.059363
v -1.033397 1.594099 -0.124124
v -1.535362 1.501718 0.044411
v -1.511426 1.446627 0.038847
v -1.444056 1.530312 0.344929
v -1.171695 1.507920 0.002640
v -1.359720 1.512685 0.217632
v -1.145400 1.422547 -0.069758
v -1.329330 1.521205 0.283503
v -1.478718 1.607599 0.082831
v -1.305343 1.496285 0.335376
v -1.286342 1.500330 0.310503
v -1.431787 1.470420 -0.077009
v -1.445757 1.335616 -0.036655
v -1.629373 0.945669 0.122891
v -1.620071 1.161985 0.189150
v -1.599824 1.042840 0.077152
v -1.556230 1.427453 -0.094167
v -1.335685 1.295995 -0.066497
v -1.640743 1.054783 0.327482
v -1.369903 1.585862 0.214527
v -1.556257 0.922293 0.000285
v -1.453988 1.444169 -0.125608
v -1.595201 1.083040 0.310643
v -1.596760 1.046016 0.409040
v -1.341202 1.433109 0.155510
v -1.247049 1.332802 -0.184837
v -1.590970 0.924385 0.061339
v -1.544925 1.609735 0.166857
v -1.527719 1.623022 0.154852
v -1.318998 1.391021 0.308581
v -1.079290 1.528724 -0.226266
v -1.562032 1.501737 -0.065955
v -1.063217 1.571313 -0.128256
v -1.117682 1.498239 -0.161394
v -1.125794 1.562533 0.062538
v -1.356518 1.616847 0.183275
v -1.527935 0.984178 0.212775
v -1.374218 1.434063 -0.099773
v -1.563586 1.544437 0.070479
v -1.260835 1.357848 -0.010367
v -1.604631 1.454856 -0.047729
v -1.563163 1.543367 -0.008095
v -1.529552 1.622939 0.094899
v -1.566988 1.572412 0.019980
v -1.565647 1.610375 0.081730
v -1.600865 1.510239 -0.029395
v -1.616454 1.529552 0.009704
v -0.054442 -0.335717 0.181721
vt 0.000000 0.000000
vt 0.000000 0.000000
vt 0.000000 0.000000
vt 0.000000 0.000000
vt 0.000000 0.000000
vt 0.000000 0.000000
vt 0.000000 0.000000
vt 0.000000 0.000000
vt 0.000000 0.000000
vt 0.000000 0.000000
vt 0.000000 0.000000
vt 0.000000 0.000000
vt 0.000000 0.000000
vt 0.000000 0.000000
vt 0.000000 0.000000
vt 0.000000 0.000000
vt 0.000000 0.000000
vt 0.000000 0.000000
vt 0.000000 0.000000
vt 0.000000 0.000000
vt 0.000000 0.000000
vt 0.000000 0.000000
vt 0.000000 0.000000
vt 0.000000 0.000000
vt 0.000000 0.000000
vt 0.000000 0.000000
vt 0.000000 0.000000
vt 0.000000 0.000000
vt 0.000000 0.000000
vt 0.000000 0.000000
vt 0.000000 0.000000
vt 0.000000 0.000000
vt 0.000000 0.000000
vt 0.000000 0.000000
vt 0.000000 0.000000
vt 0.000000 0.000000
vt 0.000000 0.000000
vt 0.000000 0.000000
vt 0.000000 0.000000
vt 0.000000 0.000000
vt 0.000000 0.000000
vt 0.000000 0.000000
vt 0.000000 0.000000
vt 0.000000 0.000000
vt 0.000000 0.000000
vt 0.000000 0.000000
vt 0.000000 0.000000
vt 0.000000 0.000000
vt 0.000000 0.000000
vt 0.000000 0.000000
vt 0.000000 0.000000
vt 0.000000 0.000000
vt 0.000000 0.000000
vt 0.000000 0.000000
vt 0.000000 0.000000
vt 0.000000 0.000000
vt 0.000000 0.000000
vt 0.000000 0.000000
vt 0.000000 0.000000
vt 0.000000 0.000000
vt 0.000000 0.000000
vt 0.000000 0.000000
vt 0.000000 0.000000
vt 0.000000 0.000000
vt 0.000000 0.000000
vt 0.000000 0.000000
vt 0.000000 0.000000
vt 0.000000 0.000000
vt 0.000000 0.000000
vt 0.000000 0.000000
vt 0.000000 0.000000
vt 0.000000 0.000000
vt 0.000000 0.000000
vt 0.000000 0.000000
vt 0.000000 0.000000
vt 0.000000 0.000000
vt 0.000000 0.000000
vt 0.000000 0.000000
vt 0.000000 0.000000
vt 0.000000 0.000000
vt 0.000000 0.000000
vt 0.000000 0.000000
vt 0.000000 0.000000
vt 0.000000 0.000000
vt 0.000000 0.000000
vt 0.000000 0.000000
vt 0.000000 0.000000
vt 0.000000 0.000000
vt 0.000000 0.000000
vt 0.000000 0.000000
vt 0.000000 0.000000
vt 0.000000 0.000000
vt 0.000000 0.000000
vt 0.000000 0.000000
vt 0.000000 0.000000
vt 0.000000 0.000000
vt 0.000000 0.000000
vt 0.000000 0.000000
vt 0.000000 0.000000
vt 0.000000 0.000000
vt 0.000000 0.000000
vt 0.000000 0.000000
vt 0.000000 0.000000
vt 0.000000 0.000000
vt 0.000000 0.000000
vt 0.000000 0.000000
vt 0.000000 0.000000
vt 0.000000 0.000000
vt 0.000000 0.000000
vt 0.000000 0.000000
vt 0.000000 0.000000
vt 0.000000 0.000000
vt 0.000000 0.000000
vt 0.000000 0.000000
vt 0.000000 0.000000
vt 0.000000 0.000000
vt 0.000000 0.000000
vt 0.000000 0.000000
vt 0.000000 0.000000
vt 0.000000 0.000000
vt 0.000000 0.000000
vt 0.000000 0.000000
vt 0.000000 0.000000
vt 0.000000 0.000000
vt 0.000000 0.000000
vt 0.000000 0.000000
vt 0.000000 0.000000
vt 0.000000 0.000000
vt 0.000000 0.000000
vt 0.000000 0.000000
vt 0.000000 0.000000
vt 0.000000 0.000000
vt 0.000000 0.000000
vt 0.000000 0.000000
vt 0.000000 0.000000
vt 0.000000 0.000000
vt 0.000000 0.000000
vt 0.000000 0.000000
vt 0.000000 0.000000
vt 0.000000 0.000000
vt 0.000000 0.000000
vt 0.000000 0.000000
vt 0.000000 0.000000
vt 0.000000 0.000000
vt 0.000000 0.000000
vt 0.000000 0.000000
vt 0.000000 0.000000
vt 0.000000 0.000000
vt 0.000000 0.000000
vt 0.000000 0.000000
vt 0.000000 0.000000
vt 0.000000 0.000000
vt 0.000000 0.000000
vt 0.000000 0.000000
vt 0.000000 0.000000
vt 0.000000 0.000000
vt 0.000000 0.000000
vt 0.000000 0.000000
vt 0.000000 0.000000
vt 0.000000 0.000000
vt 0.000000 0.000000
vt 0.000000 0.000000
vt 0.000000 0.000000
vt 0.000000 0.000000
vt 0.000000 0.000000
vt 0.000000 0.000000
vt 0.000000 0.000000
vt 0.000000 0.000000
vt 0.000000 0.000000
vt 0.000000 0.000000
vt 0.000000 0.000000
vt 0.000000 0.000000
vt 0.000000 0.000000
vt 0.000000 0.000000
vt 0.000000 0.000000
vt 0.000000 0.000000
vt 0.000000 0.000000
vt 0.000000 0.000000
vt 0.000000 0.000000
vt 0.000000 0.000000
vt 0.000000 0.000000
vt 0.000000 0.000000
vt 0.000000 0.000000
vt 0.000000 0.000000
vt 0.000000 0.000000
vt 0.000000 0.000000
vt 0.000000 0.000000
vt 0.000000 0.000000
vt 0.000000 0.000000
vt 0.000000 0.000000
vt 0.000000 0.000000
vt 0.000000 0.000000
vt 0.000000 0.000000
vt 0.000000 0.000000
vt 0.000000 0.000000
vt 0.000000 0.000000
vt 0.000000 0.000000
vt 0.000000 0.000000
vt 0.000000 0.000000
vt 0.000000 0.000000
vt 0.000000 0.000000
vt 0.000000 0.000000
vt 0.000000 0.000000
vt 0.000000 0.000000
vt 0.000000 0.000000
vt 0.000000 0.000000
vt 0.000000 0.000000
vt 0.000000 0.000000
vt 0.000000 0.000000
vt 0.000000 0.000000
vt 0.000000 0.000000
vt 0.000000 0.000000
vt 0.000000 0.000000
vt 0.000000 0.000000
vt 0.000000 0.000000
vt 0.000000 0.000000
vt 0.000000 0.000000
vt 0.000000 0.000000
vt 0.000000 0.000000
vt 0.000000 0.000000
vt 0.000000 0.000000
vt 0.000000 0.000000
vt 0.000000 0.000000
vt 0.000000 0.000000
vt 0.000000 0.000000
vt 0.000000 0.000000
vt 0.000000 0.000000
vt 0.000000 0.000000
vt 0.000000 0.000000
vt 0.000000 0.000000
vt 0.000000 0.000000
vt 0.000000 0.000000
vt 0.000000 0.000000
vt 0.000000 0.000000
vt 0.000000 0.000000
vt 0.000000 0.000000
vt 0.000000 0.000000
vt 0.000000 0.000000
vt 0.000000 0.000000
vt 0.000000 0.000000
vt 0.000000 0.000000
vt 0.000000 0.000000
vt 0.000000 0.000000
vt 0.000000 0.000000
vt 0.000000 0.000000
vt 0.000000 0.000000
vt 0.000000 0.000000
vt 0.000000 0.000000
vt 0.000000 0.000000
vt 0.000000 0.000000
vt 0.000000 0.000000
vt 0.000000 0.000000
vt 0.000000 0.000000
vt 0.000000 0.000000
vt 0.000000 0.000000
vt 0.000000 0.000000
vt 0.000000 0.000000
vt 0.000000 0.000000
vt 0.000000 0.000000
vt 0.000000 0.000000
vt 0.000000 0.000000
vt 0.000000 0.000000
vt 0.000000 0.000000
vt 0.000000 0.000000
vt 0.000000 0.000000
vt 0.000000 0.000000
vt 0.000000 0.000000
vt 0.000000 0.000000
vt 0.000000 0.000000
vt 0.000000 0.000000
vt 0.000000 0.000000
vt 0.000000 0.000000
vt 0.000000 0.000000
vt 0.000000 0.000000
vt 0.000000 0.000000
vt 0.000000 0.000000
vt 0.000000 0.000000
vt 0.000000 0.000000
vt 0.000000 0.000000
vt 0.000000 0.000000
vt 0.000000 0.000000
vt 0.000000 0.000000
vt 0.000000 0.000000
vt 0.000000 0.000000
vt 0.000000 0.000000
vt 0.000000 0.000000
vt 0.000000 0.000000
vt 0.000000 0.000000
vt 0.000000 0.000000
vt 0.000000 0.000000
vt 0.000000 0.000000
vt 0.000000 0.000000
vt 0.000000 0.000000
vt 0.000000 0.000000
vt 0.000000 0.000000
vt 0.000000 0.000000
vt 0.000000 0.000000
vt 0.000000 0.000000
vt 0.000000 0.000000
vt 0.000000 0.000000
vt 0.000000 0.000000
vt 0.000000 0.000000
vt 0.000000 0.000000
vt 0.000000 0.000000
vt 0.000000 0.000000
vt 0.000000 0.000000
vt 0.000000 0.000000
vt 0.000000 0.000000
vt 0.000000 0.000000
vt 0.000000 0.000000
vt 0.000000 0.000000
vt 0.000000 0.000000
vt 0.000000 0.000000
vt 0.000000 0.000000
vt 0.000000 0.000000
vt 0.000000 0.000000
vt 0.000000 0.000000
vt 0.000000 0.000000
vt 0.000000 0.000000
vt 0.000000 0.000000
vt 0.000000 0.000000
vt 0.000000 0.000000
vt 0.000000 0.000000
vt 0.000000 0.000000
vt 0.000000 0.000000
vt 0.000000 0.000000
vt 0.000000 0.000000
vt 0.000000 0.000000
vt 0.000000 0.000000
vt 0.000000 0.000000
vt 0.000000 0.000000
vt 0.000000 0.000000
vt 0.000000 0.000000
vt 0.000000 0.000000
vt 0.000000 0.000000
vt 0.000000 0.000000
vt 0.000000 0.000000
vt 0.000000 0.000000
vt 0.000000 0.000000
vt 0.000000 0.000000
vt 0.000000 0.000000
vt 0.000000 0.000000
vt 0.000000 0.000000
vt 0.000000 0.000000
vt 0.000000 0.000000
vt 0.000000 0.000000
vt 0.000000 0.000000
vt 0.000000 0.000000
vt 0.000000 0.000000
vt 0.000000 0.000000
vt 0.000000 0.000000
vt 0.000000 0.000000
vt 0.000000 0.000000
vt 0.000000 0.000000
vt 0.000000 0.000000
vt 0.000000 0.000000
vt 0.000000 0.000000
vt 0.000000 0.000000
vt 0.000000 0.000000
vt 0.000000 0.000000
vt 0.000000 0.000000
vt 0.000000 0.000000
vt 0.000000 0.000000
vt 0.000000 0.000000
vt 0.000000 0.000000
vt 0.000000 0.000000
vt 0.000000 0.000000
vt 0.000000 0.000000
vt 0.000000 0.000000
vt 0.000000 0.000000
vt 0.000000 0.000000
vt 0.000000 0.000000
vt 0.000000 0.000000
vt 0.000000 0.000000
vt 0.000000 0.000000
vt 0.000000 0.000000
vt 0.000000 0.000000
vt 0.000000 0.000000
vt 0.000000 0.000000
vt 0.000000 0.000000
vt 0.000000 0.000000
vt 0.000000 0.000000
vt 0.000000 0.000000
vt 0.000000 0.000000
vt 0.000000 0.000000
vt 0.000000 0.000000
vt 0.000000 0.000000
vt 0.000000 0.000000
vt 0.000000 0.000000
vt 0.000000 0.000000
vt 0.000000 0.000000
vt 0.000000 0.000000
vt 0.000000 0.000000
vt 0.000000 0.000000
vt 0.000000 0.000000
vt 0.000000 0.000000
vt 0.000000 0.000000
vt 0.000000 0.000000
vt 0.000000 0.000000
vt 0.000000 0.000000
vt 0.000000 0.000000
vt 0.000000 0.000000
vt 0.000000 0.000000
vt 0.000000 0.000000
vt 0.000000 0.000000
vt 0.000000 0.000000
vt 0.000000 0.000000
vt 0.000000 0.000000
vt 0.000000 0.000000
vt 0.000000 0.000000
vt 0.000000 0.000000
vt 0.000000 0.000000
vt 0.000000 0.000000
vt 0.000000 0.000000
vt 0.000000 0.000000
vt 0.000000 0.000000
vt 0.000000 0.000000
vt 0.000000 0.000000
vt 0.000000 0.000000
vt 0.000000 0.000000
vt 0.000000 0.000000
vt 0.000000 0.000000
vt 0.000000 0.000000
vt 0.000000 0.000000
vt 0.000000 0.000000
vt 0.000000 0.000000
vt 0.000000 0.000000
vt 0.000000 0.000000
vt 0.000000 0.000000
vt 0.000000 0.000000
vt 0.000000 0.000000
vt 0.000000 0.000000
vt 0.000000 0.000000
vt 0.000000 0.000000
vt 0.000000 0.000000
vt 0.000000 0.000000
vt 0.000000 0.000000
vt 0.000000 0.000000
vt 0.000000 0.000000
vt 0.000000 0.000000
vt 0.000000 0.000000
vt 0.000000 0.000000
vt 0.000000 0.000000
vt 0.000000 0.000000
vt 0.000000 0.000000
vt 0.000000 0.000000
vt 0.000000 0.000000
vt 0.000000 0.000000
vt 0.000000 0.000000
vt 0.000000 0.000000
vt 0.000000 0.000000
vt 0.000000 0.000000
vt 0.000000 0.000000
vt 0.000000 0.000000
vt 0.000000 0.000000
vt 0.000000 0.000000
vt 0.000000 0.000000
vt 0.000000 0.000000
vt 0.000000 0.000000
vt 0.000000 0.000000
vt 0.000000 0.000000
vt 0.000000 0.000000
vt 0.000000 0.000000
vt 0.000000 0.000000
vt 0.000000 0.000000
vt 0.000000 0.000000
vt 0.000000 0.000000
vt 0.000000 0.000000
vt 0.000000 0.000000
vt 0.000000 0.000000
vt 0.000000 0.000000
vt 0.000000 0.000000
vt 0.000000 0.000000
vt 0.000000 0.000000
vt 0.000000 0.000000
vt 0.000000 0.000000
vt 0.000000 0.000000
vt 0.000000 0.000000
vt 0.000000 0.000000
vt 0.000000 0.000000
vt 0.000000 0.000000
vt 0.000000 0.000000
vt 0.000000 0.000000
vt 0.000000 0.000000
vt 0.000000 0.000000
vt 0.000000 0.000000
vt 0.000000 0.000000
vt 0.000000 0.000000
vt 0.000000 0.000000
vt 0.000000 0.000000
vt 0.000000 0.000000
vt 0.000000 0.000000
vt 0.000000 0.000000
vt 0.000000 0.000000
vt 0.000000 0.000000
vt 0.000000 0.000000
vt 0.000000 0.000000
vt 0.000000 0.000000
vt 0.000000 0.000000
vt 0.000000 0.000000
vt 0.000000 0.000000
vt 0.000000 0.000000
vt 0.000000 0.000000
vt 0.000000 0.000000
vt 0.000000 0.000000
vt 0.000000 0.000000
vt 0.000000 0.000000
vt 0.000000 0.000000
vt 0.000000 0.000000
vt 0.000000 0.000000
vt 0.000000 0.000000
vt 0.000000 0.000000
vt 0.000000 0.000000
vt 0.000000 0.000000
vt 0.000000 0.000000
vt 0.000000 0.000000
vt 0.000000 0.000000
vt 0.000000 0.000000
vt 0.000000 0.000000
vt 0.000000 0.000000
vt 0.000000 0.000000
vt 0.000000 0.000000
vt 0.000000 0.000000
vt 0.000000 0.000000
vt 0.000000 0.000000
vt 0.000000 0.000000
vt 0.000000 0.000000
vt 0.000000 0.000000
vt 0.000000 0.000000
vt 0.000000 0.000000
vt 0.000000 0.000000
vt 0.000000 0.000000
vt 0.000000 0.000000
vt 0.000000 0.000000
vt 0.000000 0.000000
vt 0.000000 0.000000
vt 0.000000 0.000000
vt 0.000000 0.000000
vt 0.000000 0.000000
vt 0.000000 0.000000
vt 0.000000 0.000000
vt 0.000000 0.000000
vt 0.000000 0.000000
vt 0.000000 0.000000
vt 0.000000 0.000000
vt 0.000000 0.000000
vt 0.000000 0.000000
vt 0.000000 0.000000
vt 0.000000 0.000000
vt 0.000000 0.000000
vt 0.000000 0.000000
vt 0.000000 0.000000
vt 0.000000 0.000000
vt 0.000000 0.000000
vt 0.000000 0.000000
vt 0.000000 0.000000
vt 0.000000 0.000000
vt 0.000000 0.000000
vt 0.000000 0.000000
vt 0.000000 0.000000
vt 0.000000 0.000000
vt 0.000000 0.000000
vt 0.000000 0.000000
vt 0.000000 0.000000
vt 0.000000 0.000000
vt 0.000000 0.000000
vt 0.000000 0.000000
vt 0.000000 0.000000
vt 0.000000 0.000000
vt 0.000000 0.000000
vt 0.000000 0.000000
vt 0.000000 0.000000
vt 0.000000 0.000000
vt 0.000000 0.000000
vt 0.000000 0.000000
vt 0.000000 0.000000
vt 0.000000 0.000000
vt 0.000000 0.000000
vt 0.000000 0.000000
vt 0.000000 0.000000
vt 0.000000 0.000000
vt 0.000000 0.000000
vt 0.000000 0.000000
vt 0.000000 0.000000
vt 0.000000 0.000000
vt 0.000000 0.000000
vt 0.000000 0.000000
vt 0.000000 0.000000
vt 0.000000 0.000000
vt 0.000000 0.000000
vt 0.000000 0.000000
vt 0.000000 0.000000
vt 0.000000 0.000000
vt 0.000000 0.000000
vt 0.000000 0.000000
vt 0.000000 0.000000
vt 0.000000 0.000000
vt 0.000000 0.000000
vt 0.000000 0.000000
vt 0.000000 0.000000
vt 0.000000 0.000000
vt 0.000000 0.000000
vt 0.000000 0.000000
vt 0.000000 0.000000
vt 0.000000 0.000000
vt 0.000000 0.000000
vt 0.000000 0.000000
vt 0.000000 0.000000
vt 0.000000 0.000000
vt 0.000000 0.000000
vt 0.000000 0.000000
vt 0.000000 0.000000
vt 0.000000 0.000000
vt 0.000000 0.000000
vt 0.000000 0.000000
vt 0.000000 0.000000
vt 0.000000 0.000000
vt 0.000000 0.000000
vt 0.000000 0.000000
vt 0.000000 0.000000
vt 0.000000 0.000000
vt 0.000000 0.000000
vt 0.000000 0.000000
vt 0.000000 0.000000
vt 0.000000 0.000000
vt 0.000000 0.000000
vt 0.000000 0.000000
vt 0.000000 0.000000
vt 0.000000 0.000000
vt 0.000000 0.000000
vt 0.000000 0.000000
vt 0.000000 0.000000
vt 0.000000 0.000000
vt 0.000000 0.000000
vt 0.000000 0.000000
vt 0.000000 0.000000
vt 0.000000 0.000000
vt 0.000000 0.000000
vt 0.000000 0.000000
vt 0.000000 0.000000
vt 0.000000 0.000000
vt 0.000000 0.000000
vt 0.000000 0.000000
vt 0.000000 0.000000
vt 0.000000 0.000000
vt 0.000000 0.000000
vt 0.000000 0.000000
vt 0.000000 0.000000
vt 0.000000 0.000000
vt 0.000000 0.000000
vt 0.000000 0.000000
vt 0.000000 0.000000
vt 0.000000 0.000000
vt 0.000000 0.000000
vt 0.000000 0.000000
vt 0.000000 0.000000
vt 0.000000 0.000000
vt 0.000000 0.000000
vt 0.000000 0.000000
vt 0.000000 0.000000
vt 0.000000 0.000000
vt 0.000000 0.000000
vt 0.000000 0.000000
vt 0.000000 0.000000
vt 0.000000 0.000000
vt 0.000000 0.000000
vt 0.000000 0.000000
vt 0.000000 0.000000
vt 0.000000 0.000000
vt 0.000000 0.000000
vt 0.000000 0.000000
vt 0.000000 0.000000
vt 0.000000 0.000000
vt 0.000000 0.000000
vt 0.000000 0.000000
vt 0.000000 0.000000
vt 0.000000 0.000000
vt 0.000000 0.000000
vt 0.000000 0.000000
vt 0.000000 0.000000
vt 0.000000 0.000000
vt 0.000000 0.000000
vt 0.000000 0.000000
vt 0.000000 0.000000
vt 0.000000 0.000000
vt 0.000000 0.000000
vt 0.000000 0.000000
vt 0.000000 0.000000
vt 0.000000 0.000000
vt 0.000000 0.000000
vt 0.000000 0.000000
vt 0.000000 0.000000
vt 0.000000 0.000000
vt 0.000000 0.000000
vt 0.000000 0.000000
vt 0.000000 0.000000
vt 0.000000 0.000000
vt 0.000000 0.000000
vt 0.000000 0.000000
vt 0.000000 0.000000
vt 0.000000 0.000000
vt 0.000000 0.000000
vt 0.000000 0.000000
vt 0.000000 0.000000
vt 0.000000 0.000000
vt 0.000000 0.000000
vt 0.000000 0.000000
vt 0.000000 0.000000
vt 0.000000 0.000000
vt 0.000000 0.000000
vt 0.000000 0.000000
vt 0.000000 0.000000
vt 0.000000 0.000000
vt 0.000000 0.000000
vt 0.000000 0.000000
vt 0.000000 0.000000
vt 0.000000 0.000000
vt 0.000000 0.000000
vt 0.000000 0.000000
vt 0.000000 0.000000
vt 0.000000 0.000000
vt 0.000000 0.000000
vt 0.000000 0.000000
vt 0.000000 0.000000
vt 0.000000 0.000000
vt 0.000000 0.000000
vt 0.000000 0.000000
vt 0.000000 0.000000
vt 0.000000 0.000000
vt 0.000000 0.000000
vt 0.000000 0.000000
vt 0.000000 0.000000
vt 0.000000 0.000000
vt 0.000000 0.000000
vt 0.000000 0.000000
vt 0.000000 0.000000
vt 0.000000 0.000000
vt 0.000000 0.000000
vt 0.000000 0.000000
vt 0.000000 0.000000
vt 0.000000 0.000000
vt 0.000000 0.000000
vt 0.000000 0.000000
vt 0.000000 0.000000
vt 0.000000 0.000000
vt 0.000000 0.000000
vt 0.000000 0.000000
vt 0.000000 0.000000
vt 0.000000 0.000000
vt 0.000000 0.000000
vt 0.000000 0.000000
vt 0.000000 0.000000
vt 0.000000 0.000000
vt 0.000000 0.000000
vt 0.000000 0.000000
vt 0.000000 0.000000
vt 0.000000 0.000000
vt 0.000000 0.000000
vt 0.000000 0.000000
vt 0.000000 0.000000
vt 0.000000 0.000000
vt 0.000000 0.000000
vt 0.000000 0.000000
vt 0.000000 0.000000
vt 0.000000 0.000000
vt 0.000000 0.000000
vt 0.000000 0.000000
vt 0.000000 0.000000
vt 0.000000 0.000000
vt 0.000000 0.000000
vt 0.000000 0.000000
vt 0.000000 0.000000
vt 0.000000 0.000000
vt 0.000000 0.000000
vt 0.000000 0.000000
vt 0.000000 0.000000
vt 0.000000 0.000000
vt 0.000000 0.000000
vt 0.000000 0.000000
vt 0.000000 0.000000
vt 0.000000 0.000000
vt 0.000000 0.000000
vt 0.000000 0.000000
vt 0.000000 0.000000
vt 0.000000 0.000000
vt 0.000000 0.000000
vt 0.000000 0.000000
vt 0.000000 0.000000
vt 0.000000 0.000000
vt 0.000000 0.000000
vt 0.000000 0.000000
vt 0.000000 0.000000
vt 0.000000 0.000000
vt 0.000000 0.000000
vt 0.000000 0.000000
vt 0.000000 0.000000
vt 0.000000 0.000000
vt 0.000000 0.000000
vt 0.000000 0.000000
vt 0.000000 0.000000
vt 0.000000 0.000000
vt 0.000000 0.000000
vt 0.000000 0.000000
vt 0.000000 0.000000
vt 0.000000 0.000000
vt 0.000000 0.000000
vt 0.000000 0.000000
vt 0.000000 0.000000
vt 0.000000 0.000000
vt 0.000000 0.000000
vt 0.000000 0.000000
vt 0.000000 0.000000
vt 0.000000 0.000000
vt 0.000000 0.000000
vt 0.000000 0.000000
vt 0.000000 0.000000
vt 0.000000 0.000000
vt 0.000000 0.000000
vt 0.000000 0.000000
vt 0.000000 0.000000
vt 0.000000 0.000000
vt 0.000000 0.000000
vt 0.000000 0.000000
vt 0.000000 0.000000
vt 0.000000 0.000000
vt 0.000000 0.000000
vt 0.000000 0.000000
vt 0.000000 0.000000
vt 0.000000 0.000000
vt 0.000000 0.000000
vt 0.000000 0.000000
vt 0.000000 0.000000
vt 0.000000 0.000000
vt 0.000000 0.000000
vt 0.000000 0.000000
vt 0.000000 0.000000
vt 0.000000 0.000000
vt 0.000000 0.000000
vt 0.000000 0.000000
vt 0.000000 0.000000
vt 0.000000 0.000000
vt 0.000000 0.000000
vt 0.000000 0.000000
vt 0.000000 0.000000
vt 0.000000 0.000000
vt 0.000000 0.000000
vt 0.000000 0.000000
vt 0.000000 0.000000
vt 0.000000 0.000000
vt 0.000000 0.000000
vt 0.000000 0.000000
vt 0.000000 0.000000
vt 0.000000 0.000000
vt 0.000000 0.000000
vt 0.000000 0.000000
vt 0.000000 0.000000
vt 0.000000 0.000000
vt 0.000000 0.000000
vt 0.000000 0.000000
vt 0.000000 0.000000
vt 0.000000 0.000000
vt 0.000000 0.000000
vt 0.000000 0.000000
vt 0.000000 0.000000
vt 0.000000 0.000000
vt 0.000000 0.000000
vt 0.000000 0.000000
vt 0.000000 0.000000
vt 0.000000 0.000000
vt 0.000000 0.000000
vt 0.000000 0.000000
vt 0.000000 0.000000
vt 0.000000 0.000000
vt 0.000000 0.000000
vt 0.000000 0.000000
vt 0.000000 0.000000
vt 0.000000 0.000000
vt 0.000000 0.000000
vt 0.000000 0.000000
vt 0.000000 0.000000
vt 0.000000 0.000000
vt 0.000000 0.000000
vt 0.000000 0.000000
vt 0.000000 0.000000
vt 0.000000 0.000000
vt 0.000000 0.000000
vt 0.000000 0.000000
vt 0.000000 0.000000
vt 0.000000 0.000000
vt 0.000000 0.000000
vt 0.000000 0.000000
vt 0.000000 0.000000
vt 0.000000 0.000000
vt 0.000000 0.000000
vt 0.000000 0.000000
vt 0.000000 0.000000
vt 0.000000 0.000000
vt 0.000000 0.000000
vt 0.000000 0.000000
vt 0.000000 0.000000
vt 0.000000 0.000000
vt 0.000000 0.000000
vt 0.000000 0.000000
vt 0.000000 0.000000
vt 0.000000 0.000000
vt 0.000000 0.000000
vt 0.000000 0.000000
vt 0.000000 0.000000
vt 0.000000 0.000000
vt 0.000000 0.000000
vt 0.000000 0.000000
vt 0.000000 0.000000
vt 0.000000 0.000000
vt 0.000000 0.000000
vt 0.000000 0.000000
vt 0.000000 0.000000
vt 0.000000 0.000000
vt 0.000000 0.000000
vt 0.000000 0.000000
vt 0.000000 0.000000
vt 0.000000 0.000000
vt 0.000000 0.000000
vt 0.000000 0.000000
vt 0.000000 0.000000
vt 0.000000 0.000000
vt 0.000000 0.000000
vt 0.000000 0.000000
vt 0.000000 0.000000
vt 0.000000 0.000000
vt 0.000000 0.000000
vt 0.000000 0.000000
vt 0.000000 0.000000
vt 0.000000 0.000000
vt 0.000000 0.000000
vt 0.000000 0.000000
vt 0.000000 0.000000
vt 0.000000 0.000000
vt 0.000000 0.000000
vt 0.000000 0.000000
vt 0.000000 0.000000
vt 0.000000 0.000000
vt 0.000000 0.000000
vt 0.000000 0.000000
vt 0.000000 0.000000
vt 0.000000 0.000000
vt 0.000000 0.000000
vt 0.000000 0.000000
vt 0.000000 0.000000
vt 0.000000 0.000000
vt 0.000000 0.000000
vt 0.000000 0.000000
vt 0.000000 0.000000
vt 0.000000 0.000000
vt 0.000000 0.000000
vt 0.000000 0.000000
vt 0.000000 0.000000
vt 0.000000 0.000000
vt 0.000000 0.000000
vt 0.000000 0.000000
vt 0.000000 0.000000
vt 0.000000 0.000000
vt 0.000000 0.000000
vt 0.000000 0.000000
vt 0.000000 0.000000
vt 0.000000 0.000000
vt 0.000000 0.000000
vt 0.000000 0.000000
vt 0.000000 0.000000
vt 0.000000 0.000000
vt 0.000000 0.000000
vt 0.000000 0.000000
vt 0.000000 0.000000
vt 0.000000 0.000000
vt 0.000000 0.000000
vt 0.000000 0.000000
vt 0.000000 0.000000
vt 0.000000 0.000000
vt 0.000000 0.000000
vt 0.000000 0.000000
vt 0.000000 0.000000
vt 0.000000 0.000000
vt 0.000000 0.000000
vt 0.000000 0.000000
vt 0.000000 0.000000
vt 0.000000 0.000000
vt 0.000000 0.000000
vt 0.000000 0.000000
vt 0.000000 0.000000
vt 0.000000 0.000000
vt 0.000000 0.000000
vt 0.000000 0.000000
vt 0.000000 0.000000
vt 0.000000 0.000000
vt 0.000000 0.000000
vt 0.000000 0.000000
vt 0.000000 0.000000
vt 0.000000 0.000000
vt 0.000000 0.000000
vt 0.000000 0.000000
vt 0.000000 0.000000
vt 0.000000 0.000000
vt 0.000000 0.000000
vt 0.000000 0.000000
vt 0.000000 0.000000
vt 0.000000 0.000000
vt 0.000000 0.000000
vt 0.000000 0.000000
vt 0.000000 0.000000
vt 0.000000 0.000000
vt 0.000000 0.000000
vt 0.000000 0.000000
vt 0.000000 0.000000
vt 0.000000 0.000000
vt 0.000000 0.000000
vt 0.000000 0.000000
vt 0.000000 0.000000
vt 0.000000 0.000000
vt 0.000000 0.000000
vt 0.000000 0.000000
vt 0.000000 0.000000
vt 0.000000 0.000000
vt 0.000000 0.000000
vt 0.000000 0.000000
vt 0.000000 0.000000
vt 0.000000 0.000000
vt 0.000000 0.000000
vt 0.000000 0.000000
vt 0.000000 0.000000
vt 0.000000 0.000000
vt 0.000000 0.000000
vt 0.000000 0.000000
vt 0.000000 0.000000
vt 0.000000 0.000000
vt 0.000000 0.000000
vt 0.000000 0.000000
vt 0.000000 0.000000
vt 0.000000 0.000000
vt 0.000000 0.000000
vt 0.000000 0.000000
vt 0.000000 0.000000
vt 0.000000 0.000000
vt 0.000000 0.000000
vt 0.000000 0.000000
vt 0.000000 0.000000
vt 0.000000 0.000000
vt 0.000000 0.000000
vt 0.000000 0.000000
vt 0.000000 0.000000
vt 0.000000 0.000000
vt 0.000000 0.000000
vt 0.000000 0.000000
vt 0.000000 0.000000
vt 0.000000 0.000000
vt 0.000000 0.000000
vt 0.000000 0.000000
vt 0.000000 0.000000
vt 0.000000 0.000000
vt 0.000000 0.000000
vt 0.000000 0.000000
vt 0.000000 0.000000
vt 0.000000 0.000000
vt 0.000000 0.000000
vt 0.000000 0.000000
vt 0.000000 0.000000
vt 0.000000 0.000000
vt 0.000000 0.000000
vt 0.000000 0.000000
vt 0.000000 0.000000
vt 0.000000 0.000000
vt 0.000000 0.000000
vt 0.000000 0.000000
vt 0.000000 0.000000
vt 0.000000 0.000000
vt 0.000000 0.000000
vt 0.000000 0.000000
vt 0.000000 0.000000
vt 0.000000 0.000000
vt 0.000000 0.000000
vt 0.000000 0.000000
vt 0.000000 0.000000
vt 0.000000 0.000000
vt 0.000000 0.000000
vt 0.000000 0.000000
vt 0.000000 0.000000
vt 0.000000 0.000000
vt 0.000000 0.000000
vt 0.000000 0.000000
vt 0.000000 0.000000
vt 0.000000 0.000000
vt 0.000000 0.000000
vt 0.000000 0.000000
vt 0.000000 0.000000
vt 0.000000 0.000000
vt 0.000000 0.000000
vt 0.000000 0.000000
vt 0.000000 0.000000
vt 0.000000 0.000000
vt 0.000000 0.000000
vt 0.000000 0.000000
vt 0.000000 0.000000
vt 0.000000 0.000000
vt 0.000000 0.000000
vt 0.000000 0.000000
vt 0.000000 0.000000
vt 0.000000 0.000000
vt 0.000000 0.000000
vt 0.000000 0.000000
vt 0.000000 0.000000
vt 0.000000 0.000000
vt 0.000000 0.000000
vt 0.000000 0.000000
vt 0.000000 0.000000
vt 0.000000 0.000000
vt 0.000000 0.000000
vt 0.000000 0.000000
vt 0.000000 0.000000
vt 0.000000 0.000000
vt 0.000000 0.000000
vt 0.000000 0.000000
vt 0.000000 0.000000
vt 0.000000 0.000000
vt 0.000000 0.000000
vt 0.000000 0.000000
vt 0.000000 0.000000
vt 0.000000 0.000000
vt 0.000000 0.000000
vt 0.000000 0.000000
vt 0.000000 0.000000
vt 0.000000 0.000000
vt 0.000000 0.000000
vt 0.000000 0.000000
vt 0.000000 0.000000
vt 0.000000 0.000000
vt 0.000000 0.000000
vt 0.000000 0.000000
vt 0.000000 0.000000
vt 0.000000 0.000000
vt 0.000000 0.000000
vt 0.000000 0.000000
vt 0.000000 0.000000
vt 0.000000 0.000000
vt 0.000000 0.000000
vt 0.000000 0.000000
vt 0.000000 0.000000
vt 0.000000 0.000000
vt 0.000000 0.000000
vt 0.000000 0.000000
vt 0.000000 0.000000
vt 0.000000 0.000000
vt 0.000000 0.000000
vt 0.000000 0.000000
vt 0.000000 0.000000
vt 0.000000 0.000000
vt 0.000000 0.000000
vt 0.000000 0.000000
vt 0.000000 0.000000
vt 0.000000 0.000000
vt 0.000000 0.000000
vt 0.000000 0.000000
vt 0.000000 0.000000
vt 0.000000 0.000000
vt 0.000000 0.000000
vt 0.000000 0.000000
vt 0.000000 0.000000
vt 0.000000 0.000000
vt 0.000000 0.000000
vt 0.000000 0.000000
vt 0.000000 0.000000
vt 0.000000 0.000000
vt 0.000000 0.000000
vt 0.000000 0.000000
vt 0.000000 0.000000
vt 0.000000 0.000000
vt 0.000000 0.000000
vt 0.000000 0.000000
vt 0.000000 0.000000
vt 0.000000 0.000000
vt 0.000000 0.000000
vt 0.000000 0.000000
vt 0.000000 0.000000
vt 0.000000 0.000000
vt 0.000000 0.000000
vt 0.000000 0.000000
vt 0.000000 0.000000
vt 0.000000 0.000000
vt 0.000000 0.000000
vt 0.000000 0.000000
vt 0.000000 0.000000
vt 0.000000 0.000000
vt 0.000000 0.000000
vt 0.000000 0.000000
vt 0.000000 0.000000
vt 0.000000 0.000000
vt 0.000000 0.000000
vt 0.000000 0.000000
vt 0.000000 0.000000
vt 0.000000 0.000000
vt 0.000000 0.000000
vt 0.000000 0.000000
vt 0.000000 0.000000
vt 0.000000 0.000000
vt 0.000000 0.000000
vt 0.000000 0.000000
vt 0.000000 0.000000
vt 0.000000 0.000000
vt 0.000000 0.000000
vt 0.000000 0.000000
vt 0.000000 0.000000
vt 0.000000 0.000000
vt 0.000000 0.000000
vt 0.000000 0.000000
vt 0.000000 0.000000
vt 0.000000 0.000000
vt 0.000000 0.000000
vt 0.000000 0.000000
vt 0.000000 0.000000
vt 0.000000 0.000000
vt 0.000000 0.000000
vt 0.000000 0.000000
vt 0.000000 0.000000
vt 0.000000 0.000000
vt 0.000000 0.000000
vt 0.000000 0.000000
vt 0.000000 0.000000
vt 0.000000 0.000000
vt 0.000000 0.000000
vt 0.000000 0.000000
vt 0.000000 0.000000
vt 0.000000 0.000000
vt 0.000000 0.000000
vt 0.000000 0.000000
vt 0.000000 0.000000
vt 0.000000 0.000000
vt 0.000000 0.000000
vt 0.000000 0.000000
vt 0.000000 0.000000
vt 0.000000 0.000000
vt 0.000000 0.000000
vt 0.000000 0.000000
vt 0.000000 0.000000
vt 0.000000 0.000000
vt 0.000000 0.000000
vt 0.000000 0.000000
vt 0.000000 0.000000
vt 0.000000 0.000000
vt 0.000000 0.000000
vt 0.000000 0.000000
vt 0.000000 0.000000
vt 0.000000 0.000000
vt 0.000000 0.000000
vt 0.000000 0.000000
vt 0.000000 0.000000
vt 0.000000 0.000000
vt 0.000000 0.000000
vt 0.000000 0.000000
vt 0.000000 0.000000
vt 0.000000 0.000000
vt 0.000000 0.000000
vt 0.000000 0.000000
vt 0.000000 0.000000
vt 0.000000 0.000000
vt 0.000000 0.000000
vt 0.000000 0.000000
vt 0.000000 0.000000
vt 0.000000 0.000000
vt 0.000000 0.000000
vt 0.000000 0.000000
vt 0.000000 0.000000
vt 0.000000 0.000000
vt 0.000000 0.000000
vt 0.000000 0.000000
vt 0.000000 0.000000
vt 0.000000 0.000000
vt 0.000000 0.000000
vt 0.000000 0.000000
vt 0.000000 0.000000
vt 0.000000 0.000000
vt 0.000000 0.000000
vt 0.000000 0.000000
vt 0.000000 0.000000
vt 0.000000 0.000000
vt 0.000000 0.000000
vt 0.000000 0.000000
vt 0.000000 0.000000
vt 0.000000 0.000000
vt 0.000000 0.000000
vt 0.000000 0.000000
vt 0.000000 0.000000
vt 0.000000 0.000000
vt 0.000000 0.000000
vt 0.000000 0.000000
vt 0.000000 0.000000
vt 0.000000 0.000000
vt 0.000000 0.000000
vt 0.000000 0.000000
vt 0.000000 0.000000
vt 0.000000 0.000000
vt 0.000000 0.000000
vt 0.000000 0.000000
vt 0.000000 0.000000
vt 0.000000 0.000000
vt 0.000000 0.000000
vt 0.000000 0.000000
vt 0.000000 0.000000
vt 0.000000 0.000000
vt 0.000000 0.000000
vt 0.000000 0.000000
vt 0.000000 0.000000
vt 0.000000 0.000000
vt 0.000000 0.000000
vt 0.000000 0.000000
vt 0.000000 0.000000
vt 0.000000 0.000000
vt 0.000000 0.000000
vt 0.000000 0.000000
vt 0.000000 0.000000
vt 0.000000 0.000000
vt 0.000000 0.000000
vt 0.000000 0.000000
vt 0.000000 0.000000
vt 0.000000 0.000000
vt 0.000000 0.000000
vt 0.000000 0.000000
vt 0.000000 0.000000
vt 0.000000 0.000000
vt 0.000000 0.000000
vt 0.000000 0.000000
vt 0.000000 0.000000
vt 0.000000 0.000000
vt 0.000000 0.000000
vt 0.000000 0.000000
vt 0.000000 0.000000
vt 0.000000 0.000000
vt 0.000000 0.000000
vt 0.000000 0.000000
vt 0.000000 0.000000
vt 0.000000 0.000000
vt 0.000000 0.000000
vt 0.000000 0.000000
vt 0.000000 0.000000
vt 0.000000 0.000000
vt 0.000000 0.000000
vt 0.000000 0.000000
vt 0.000000 0.000000
vt 0.000000 0.000000
vt 0.000000 0.000000
vt 0.000000 0.000000
vt 0.000000 0.000000
vt 0.000000 0.000000
vt 0.000000 0.000000
vt 0.000000 0.000000
vt 0.000000 0.000000
vt 0.000000 0.000000
vt 0.000000 0.000000
vt 0.000000 0.000000
vt 0.000000 0.000000
vt 0.000000 0.000000
vt 0.000000 0.000000
vt 0.000000 0.000000
vt 0.000000 0.000000
vt 0.000000 0.000000
vt 0.000000 0.000000
vt 0.000000 0.000000
vt 0.000000 0.000000
vt 0.000000 0.000000
vt 0.000000 0.000000
vt 0.000000 0.000000
vt 0.000000 0.000000
vt 0.000000 0.000000
vt 0.000000 0.000000
vt 0.000000 0.000000
vt 0.000000 0.000000
vt 0.000000 0.000000
vt 0.000000 0.000000
vt 0.000000 0.000000
vt 0.000000 0.000000
vt 0.000000 0.000000
vt 0.000000 0.000000
vt 0.000000 0.000000
vt 0.000000 0.000000
vt 0.000000 0.000000
vt 0.000000 0.000000
vt 0.000000 0.000000
vt 0.000000 0.000000
vt 0.000000 0.000000
vt 0.000000 0.000000
vt 0.000000 0.000000
vt 0.000000 0.000000
vt 0.000000 0.000000
vt 0.000000 0.000000
vt 0.000000 0.000000
vt 0.000000 0.000000
vt 0.000000 0.000000
vt 0.000000 0.000000
vt 0.000000 0.000000
vt 0.000000 0.000000
vt 0.000000 0.000000
vt 0.000000 0.000000
vt 0.000000 0.000000
vt 0.000000 0.000000
vt 0.000000 0.000000
vt 0.000000 0.000000
vt 0.000000 0.000000
vt 0.000000 0.000000
vt 0.000000 0.000000
vt 0.000000 0.000000
vt 0.000000 0.000000
vt 0.000000 0.000000
vt 0.000000 0.000000
vt 0.000000 0.000000
vt 0.000000 0.000000
vt 0.000000 0.000000
vt 0.000000 0.000000
vt 0.000000 0.000000
vt 0.000000 0.000000
vt 0.000000 0.000000
vt 0.000000 0.000000
vt 0.000000 0.000000
vt 0.000000 0.000000
vt 0.000000 0.000000
vt 0.000000 0.000000
vt 0.000000 0.000000
vt 0.000000 0.000000
vt 0.000000 0.000000
vt 0.000000 0.000000
vt 0.000000 0.000000
vt 0.000000 0.000000
vt 0.000000 0.000000
vt 0.000000 0.000000
vt 0.000000 0.000000
vt 0.000000 0.000000
vt 0.000000 0.000000
vt 0.000000 0.000000
vt 0.000000 0.000000
vt 0.000000 0.000000
vt 0.000000 0.000000
vt 0.000000 0.000000
vt 0.000000 0.000000
vt 0.000000 0.000000
vt 0.000000 0.000000
vt 0.000000 0.000000
vt 0.000000 0.000000
vt 0.000000 0.000000
vt 0.000000 0.000000
vt 0.000000 0.000000
vt 0.000000 0.000000
vt 0.000000 0.000000
vt 0.000000 0.000000
vt 0.000000 0.000000
vt 0.000000 0.000000
vt 0.000000 0.000000
vt 0.000000 0.000000
vt 0.000000 0.000000
vt 0.000000 0.000000
vt 0.000000 0.000000
vt 0.000000 0.000000
vt 0.000000 0.000000
vt 0.000000 0.000000
vt 0.000000 0.000000
vt 0.000000 0.000000
vt 0.000000 0.000000
vt 0.000000 0.000000
vt 0.000000 0.000000
vt 0.000000 0.000000
vt 0.000000 0.000000
vt 0.000000 0.000000
vt 0.000000 0.000000
vt 0.000000 0.000000
vt 0.000000 0.000000
vt 0.000000 0.000000
vt 0.000000 0.000000
vt 0.000000 0.000000
vt 0.000000 0.000000
vt 0.000000 0.000000
vt 0.000000 0.000000
vt 0.000000 0.000000
vt 0.000000 0.000000
vt 0.000000 0.000000
vt 0.000000 0.000000
vt 0.000000 0.000000
vt 0.000000 0.000000
vt 0.000000 0.000000
vt 0.000000 0.000000
vt 0.000000 0.000000
vt 0.000000 0.000000
vt 0.000000 0.000000
vt 0.000000 0.000000
vt 0.000000 0.000000
vt 0.000000 0.000000
vt 0.000000 0.000000
vt 0.000000 0.000000
vt 0.000000 0.000000
vt 0.000000 0.000000
vt 0.000000 0.000000
vt 0.000000 0.000000
vt 0.000000 0.000000
vt 0.000000 0.000000
vt 0.000000 0.000000
vt 0.000000 0.000000
vt 0.000000 0.000000
vt 0.000000 0.000000
vt 0.000000 0.000000
vt 0.000000 0.000000
vt 0.000000 0.000000
vt 0.000000 0.000000
vt 0.000000 0.000000
vt 0.000000 0.000000
vt 0.000000 0.000000
vt 0.000000 0.000000
vt 0.000000 0.000000
vt 0.000000 0.000000
vt 0.000000 0.000000
vt 0.000000 0.000000
vt 0.000000 0.000000
vt 0.000000 0.000000
vt 0.000000 0.000000
vt 0.000000 0.000000
vt 0.000000 0.000000
vt 0.000000 0.000000
vt 0.000000 0.000000
vt 0.000000 0.000000
vt 0.000000 0.000000
vt 0.000000 0.000000
vt 0.000000 0.000000
vt 0.000000 0.000000
vt 0.000000 0.000000
vt 0.000000 0.000000
vt 0.000000 0.000000
vt 0.000000 0.000000
vt 0.000000 0.000000
vt 0.000000 0.000000
vt 0.000000 0.000000
vt 0.000000 0.000000
vt 0.000000 0.000000
vt 0.000000 0.000000
vt 0.000000 0.000000
vt 0.000000 0.000000
vt 0.000000 0.000000
vt 0.000000 0.000000
vt 0.000000 0.000000
vt 0.000000 0.000000
vt 0.000000 0.000000
vt 0.000000 0.000000
vt 0.000000 0.000000
vt 0.000000 0.000000
vt 0.000000 0.000000
vt 0.000000 0.000000
vt 0.000000 0.000000
vt 0.000000 0.000000
vt 0.000000 0.000000
vt 0.000000 0.000000
vt 0.000000 0.000000
vt 0.000000 0.000000
vt 0.000000 0.000000
vt 0.000000 0.000000
vt 0.000000 0.000000
vt 0.000000 0.000000
vt 0.000000 0.000000
vt 0.000000 0.000000
vt 0.000000 0.000000
vt 0.000000 0.000000
vt 0.000000 0.000000
vt 0.000000 0.000000
vt 0.000000 0.000000
vt 0.000000 0.000000
vt 0.000000 0.000000
vt 0.000000 0.000000
vt 0.000000 0.000000
vt 0.000000 0.000000
vt 0.000000 0.000000
vt 0.000000 0.000000
vt 0.000000 0.000000
vt 0.000000 0.000000
vt 0.000000 0.000000
vt 0.000000 0.000000
vt 0.000000 0.000000
vt 0.000000 0.000000
vt 0.000000 0.000000
vt 0.000000 0.000000
vt 0.000000 0.000000
vt 0.000000 0.000000
vt 0.000000 0.000000
vt 0.000000 0.000000
vt 0.000000 0.000000
vt 0.000000 0.000000
vt 0.000000 0.000000
vt 0.000000 0.000000
vt 0.000000 0.000000
vt 0.000000 0.000000
vt 0.000000 0.000000
vt 0.000000 0.000000
vt 0.000000 0.000000
vt 0.000000 0.000000
vt 0.000000 0.000000
vt 0.000000 0.000000
vt 0.000000 0.000000
vt 0.000000 0.000000
vt 0.000000 0.000000
vt 0.000000 0.000000
vt 0.000000 0.000000
vt 0.000000 0.000000
vt 0.000000 0.000000
vt 0.000000 0.000000
vt 0.000000 0.000000
vt 0.000000 0.000000
vt 0.000000 0.000000
vt 0.000000 0.000000
vt 0.000000 0.000000
vt 0.000000 0.000000
vt 0.000000 0.000000
vt 0.000000 0.000000
vt 0.000000 0.000000
vt 0.000000 0.000000
vt 0.000000 0.000000
vt 0.000000 0.000000
vt 0.000000 0.000000
vt 0.000000 0.000000
vt 0.000000 0.000000
vt 0.000000 0.000000
vt 0.000000 0.000000
vt 0.000000 0.000000
vt 0.000000 0.000000
vt 0.000000 0.000000
vt 0.000000 0.000000
vt 0.000000 0.000000
vt 0.000000 0.000000
vt 0.000000 0.000000
vt 0.000000 0.000000
vt 0.000000 0.000000
vt 0.000000 0.000000
vt 0.000000 0.000000
vt 0.000000 0.000000
vt 0.000000 0.000000
vt 0.000000 0.000000
vt 0.000000 0.000000
vt 0.000000 0.000000
vt 0.000000 0.000000
vt 0.000000 0.000000
vt 0.000000 0.000000
vt 0.000000 0.000000
vt 0.000000 0.000000
vt 0.000000 0.000000
vt 0.000000 0.000000
vt 0.000000 0.000000
vt 0.000000 0.000000
vt 0.000000 0.000000
vt 0.000000 0.000000
vt 0.000000 0.000000
vt 0.000000 0.000000
vt 0.000000 0.000000
vt 0.000000 0.000000
vt 0.000000 0.000000
vt 0.000000 0.000000
vt 0.000000 0.000000
vt 0.000000 0.000000
vt 0.000000 0.000000
vt 0.000000 0.000000
vt 0.000000 0.000000
vt 0.000000 0.000000
vt 0.000000 0.000000
vt 0.000000 0.000000
vt 0.000000 0.000000
vt 0.000000 0.000000
vt 0.000000 0.000000
vt 0.000000 0.000000
vt 0.000000 0.000000
vt 0.000000 0.000000
vt 0.000000 0.000000
vt 0.000000 0.000000
vt 0.000000 0.000000
vt 0.000000 0.000000
vt 0.000000 0.000000
vt 0.000000 0.000000
vt 0.000000 0.000000
vt 0.000000 0.000000
vt 0.000000 0.000000
vt 0.000000 0.000000
vt 0.000000 0.000000
vt 0.000000 0.000000
vt 0.000000 0.000000
vt 0.000000 0.000000
vt 0.000000 0.000000
vt 0.000000 0.000000
vt 0.000000 0.000000
vt 0.000000 0.000000
vt 0.000000 0.000000
vt 0.000000 0.000000
vt 0.000000 0.000000
vt 0.000000 0.000000
vt 0.000000 0.000000
vt 0.000000 0.000000
vt 0.000000 0.000000
vt 0.000000 0.000000
vt 0.000000 0.000000
vt 0.000000 0.000000
vt 0.000000 0.000000
vt 0.000000 0.000000
vt 0.000000 0.000000
vt 0.000000 0.000000
vt 0.000000 0.000000
vt 0.000000 0.000000
vt 0.000000 0.000000
vt 0.000000 0.000000
vt 0.000000 0.000000
vt 0.000000 0.000000
vt 0.000000 0.000000
vt 0.000000 0.000000
vt 0.000000 0.000000
vt 0.000000 0.000000
vt 0.000000 0.000000
vt 0.000000 0.000000
vt 0.000000 0.000000
vt 0.000000 0.000000
vt 0.000000 0.000000
vt 0.000000 0.000000
vt 0.000000 0.000000
vt 0.000000 0.000000
vt 0.000000 0.000000
vt 0.000000 0.000000
vt 0.000000 0.000000
vt 0.000000 0.000000
vt 0.000000 0.000000
vt 0.000000 0.000000
vt 0.000000 0.000000
vt 0.000000 0.000000
vt 0.000000 0.000000
vt 0.000000 0.000000
vt 0.000000 0.000000
vt 0.000000 0.000000
vt 0.000000 0.000000
vt 0.000000 0.000000
vt 0.000000 0.000000
vt 0.000000 0.000000
vt 0.000000 0.000000
vt 0.000000 0.000000
vt 0.000000 0.000000
vt 0.000000 0.000000
vt 0.000000 0.000000
vt 0.000000 0.000000
vt 0.000000 0.000000
vt 0.000000 0.000000
vt 0.000000 0.000000
vt 0.000000 0.000000
vt 0.000000 0.000000
vt 0.000000 0.000000
vt 0.000000 0.000000
vt 0.000000 0.000000
vt 0.000000 0.000000
vt 0.000000 0.000000
vt 0.000000 0.000000
vt 0.000000 0.000000
vt 0.000000 0.000000
vt 0.000000 0.000000
vt 0.000000 0.000000
vt 0.000000 0.000000
vt 0.000000 0.000000
vt 0.000000 0.000000
vt 0.000000 0.000000
vt 0.000000 0.000000
vt 0.000000 0.000000
vt 0.000000 0.000000
vt 0.000000 0.000000
vt 0.000000 0.000000
vt 0.000000 0.000000
vt 0.000000 0.000000
vt 0.000000 0.000000
vt 0.000000 0.000000
vt 0.000000 0.000000
vt 0.000000 0.000000
vt 0.000000 0.000000
vt 0.000000 0.000000
vt 0.000000 0.000000
vt 0.000000 0.000000
vt 0.000000 0.000000
vt 0.000000 0.000000
vt 0.000000 0.000000
vt 0.000000 0.000000
vt 0.000000 0.000000
vt 0.000000 0.000000
vt 0.000000 0.000000
vt 0.000000 0.000000
vt 0.000000 0.000000
vt 0.000000 0.000000
vt 0.000000 0.000000
vt 0.000000 0.000000
vt 0.000000 0.000000
vt 0.000000 0.000000
vt 0.000000 0.000000
vt 0.000000 0.000000
vt 0.000000 0.000000
vt 0.000000 0.000000
vt 0.000000 0.000000
vt 0.000000 0.000000
vt 0.000000 0.000000
vt 0.000000 0.000000
vt 0.000000 0.000000
vt 0.000000 0.000000
vt 0.000000 0.000000
vt 0.000000 0.000000
vt 0.000000 0.000000
vt 0.000000 0.000000
vt 0.000000 0.000000
vt 0.000000 0.000000
vt 0.000000 0.000000
vt 0.000000 0.000000
vt 0.000000 0.000000
vt 0.000000 0.000000
vt 0.000000 0.000000
vt 0.000000 0.000000
vt 0.000000 0.000000
vt 0.000000 0.000000
vt 0.000000 0.000000
vt 0.000000 0.000000
vt 0.000000 0.000000
vt 0.000000 0.000000
vt 0.000000 0.000000
vt 0.000000 0.000000
vt 0.000000 0.000000
vt 0.000000 0.000000
vt 0.000000 0.000000
vt 0.000000 0.000000
vt 0.000000 0.000000
vt 0.000000 0.000000
vt 0.000000 0.000000
vt 0.000000 0.000000
vt 0.000000 0.000000
vt 0.000000 0.000000
vt 0.000000 0.000000
vt 0.000000 0.000000
vt 0.000000 0.000000
vt 0.000000 0.000000
vt 0.000000 0.000000
vt 0.000000 0.000000
vt 0.000000 0.000000
vt 0.000000 0.000000
vt 0.000000 0.000000
vt 0.000000 0.000000
vt 0.000000 0.000000
vt 0.000000 0.000000
vt 0.000000 0.000000
vt 0.000000 0.000000
vt 0.000000 0.000000
vt 0.000000 0.000000
vt 0.000000 0.000000
vt 0.000000 0.000000
vt 0.000000 0.000000
vt 0.000000 0.000000
vt 0.000000 0.000000
vt 0.000000 0.000000
vt 0.000000 0.000000
vt 0.000000 0.000000
vt 0.000000 0.000000
vt 0.000000 0.000000
vt 0.000000 0.000000
vt 0.000000 0.000000
vt 0.000000 0.000000
vt 0.000000 0.000000
vt 0.000000 0.000000
vt 0.000000 0.000000
vt 0.000000 0.000000
vt 0.000000 0.000000
vt 0.000000 0.000000
vt 0.000000 0.000000
vt 0.000000 0.000000
vt 0.000000 0.000000
vt 0.000000 0.000000
vt 0.000000 0.000000
vt 0.000000 0.000000
vt 0.000000 0.000000
vt 0.000000 0.000000
vt 0.000000 0.000000
vt 0.000000 0.000000
vt 0.000000 0.000000
vt 0.000000 0.000000
vt 0.000000 0.000000
vt 0.000000 0.000000
vt 0.000000 0.000000
vt 0.000000 0.000000
vt 0.000000 0.000000
vt 0.000000 0.000000
vt 0.000000 0.000000
vt 0.000000 0.000000
vt 0.000000 0.000000
vt 0.000000 0.000000
vt 0.000000 0.000000
vt 0.000000 0.000000
vt 0.000000 0.000000
vt 0.000000 0.000000
vt 0.000000 0.000000
vt 0.000000 0.000000
vt 0.000000 0.000000
vt 0.000000 0.000000
vt 0.000000 0.000000
vt 0.000000 0.000000
vt 0.000000 0.000000
vt 0.000000 0.000000
vt 0.000000 0.000000
vt 0.000000 0.000000
vt 0.000000 0.000000
vt 0.000000 0.000000
vt 0.000000 0.000000
vt 0.000000 0.000000
vt 0.000000 0.000000
vt 0.000000 0.000000
vt 0.000000 0.000000
vt 0.000000 0.000000
vt 0.000000 0.000000
vt 0.000000 0.000000
vt 0.000000 0.000000
vt 0.000000 0.000000
vt 0.000000 0.000000
vt 0.000000 0.000000
vt 0.000000 0.000000
vt 0.000000 0.000000
vt 0.000000 0.000000
vt 0.000000 0.000000
vt 0.000000 0.000000
vt 0.000000 0.000000
vt 0.000000 0.000000
vt 0.000000 0.000000
vt 0.000000 0.000000
vt 0.000000 0.000000
vt 0.000000 0.000000
vt 0.000000 0.000000
vt 0.000000 0.000000
vt 0.000000 0.000000
vt 0.000000 0.000000
vt 0.000000 0.000000
vt 0.000000 0.000000
vt 0.000000 0.000000
vt 0.000000 0.000000
vt 0.000000 0.000000
vt 0.000000 0.000000
vt 0.000000 0.000000
vt 0.000000 0.000000
vt 0.000000 0.000000
vt 0.000000 0.000000
vt 0.000000 0.000000
vt 0.000000 0.000000
vt 0.000000 0.000000
vt 0.000000 0.000000
vt 0.000000 0.000000
vt 0.000000 0.000000
vt 0.000000 0.000000
vt 0.000000 0.000000
vt 0.000000 0.000000
vt 0.000000 0.000000
vt 0.000000 0.000000
vt 0.000000 0.000000
vt 0.000000 0.000000
vt 0.000000 0.000000
vt 0.000000 0.000000
vt 0.000000 0.000000
vt 0.000000 0.000000
vt 0.000000 0.000000
vt 0.000000 0.000000
vt 0.000000 0.000000
vt 0.000000 0.000000
vt 0.000000 0.000000
vt 0.000000 0.000000
vt 0.000000 0.000000
vt 0.000000 0.000000
vt 0.000000 0.000000
vt 0.000000 0.000000
vt 0.000000 0.000000
vt 0.000000 0.000000
vt 0.000000 0.000000
vt 0.000000 0.000000
vt 0.000000 0.000000
vt 0.000000 0.000000
vt 0.000000 0.000000
vt 0.000000 0.000000
vt 0.000000 0.000000
vt 0.000000 0.000000
vt 0.000000 0.000000
vt 0.000000 0.000000
vt 0.000000 0.000000
vt 0.000000 0.000000
vt 0.000000 0.000000
vt 0.000000 0.000000
vt 0.000000 0.000000
vt 0.000000 0.000000
vt 0.000000 0.000000
vt 0.000000 0.000000
vt 0.000000 0.000000
vt 0.000000 0.000000
vt 0.000000 0.000000
vt 0.000000 0.000000
vt 0.000000 0.000000
vt 0.000000 0.000000
vt 0.000000 0.000000
vt 0.000000 0.000000
vt 0.000000 0.000000
vt 0.000000 0.000000
vt 0.000000 0.000000
vt 0.000000 0.000000
vt 0.000000 0.000000
vt 0.000000 0.000000
vt 0.000000 0.000000
vt 0.000000 0.000000
vt 0.000000 0.000000
vt 0.000000 0.000000
vt 0.000000 0.000000
vt 0.000000 0.000000
vt 0.000000 0.000000
vt 0.000000 0.000000
vt 0.000000 0.000000
vt 0.000000 0.000000
vt 0.000000 0.000000
vt 0.000000 0.000000
vt 0.000000 0.000000
vt 0.000000 0.000000
vt 0.000000 0.000000
vt 0.000000 0.000000
vt 0.000000 0.000000
vt 0.000000 0.000000
vt 0.000000 0.000000
vt 0.000000 0.000000
vt 0.000000 0.000000
vt 0.000000 0.000000
vt 0.000000 0.000000
vt 0.000000 0.000000
vt 0.000000 0.000000
vt 0.000000 0.000000
vt 0.000000 0.000000
vt 0.000000 0.000000
vt 0.000000 0.000000
vt 0.000000 0.000000
vt 0.000000 0.000000
vt 0.000000 0.000000
vt 0.000000 0.000000
vt 0.000000 0.000000
vt 0.000000 0.000000
vt 0.000000 0.000000
vt 0.000000 0.000000
vt 0.000000 0.000000
vt 0.000000 0.000000
vt 0.000000 0.000000
vt 0.000000 0.000000
vt 0.000000 0.000000
vt 0.000000 0.000000
vt 0.000000 0.000000
vt 0.000000 0.000000
vt 0.000000 0.000000
vt 0.000000 0.000000
vt 0.000000 0.000000
vt 0.000000 0.000000
vt 0.000000 0.000000
vt 0.000000 0.000000
vt 0.000000 0.000000
vt 0.000000 0.000000
vt 0.000000 0.000000
vt 0.000000 0.000000
vt 0.000000 0.000000
vt 0.000000 0.000000
vt 0.000000 0.000000
vt 0.000000 0.000000
vt 0.000000 0.000000
vt 0.000000 0.000000
vt 0.000000 0.000000
vt 0.000000 0.000000
vt 0.000000 0.000000
vt 0.000000 0.000000
vt 0.000000 0.000000
vt 0.000000 0.000000
vt 0.000000 0.000000
vt 0.000000 0.000000
vt 0.000000 0.000000
vt 0.000000 0.000000
vt 0.000000 0.000000
vt 0.000000 0.000000
vt 0.000000 0.000000
vt 0.000000 0.000000
vt 0.000000 0.000000
vt 0.000000 0.000000
vt 0.000000 0.000000
vt 0.000000 0.000000
vt 0.000000 0.000000
vt 0.000000 0.000000
vt 0.000000 0.000000
vt 0.000000 0.000000
vt 0.000000 0.000000
vt 0.000000 0.000000
vt 0.000000 0.000000
vt 0.000000 0.000000
vt 0.000000 0.000000
vt 0.000000 0.000000
vt 0.000000 0.000000
vt 0.000000 0.000000
vt 0.000000 0.000000
vt 0.000000 0.000000
vt 0.000000 0.000000
vt 0.000000 0.000000
vt 0.000000 0.000000
vt 0.000000 0.000000
vt 0.000000 0.000000
vt 0.000000 0.000000
vt 0.000000 0.000000
vt 0.000000 0.000000
vt 0.000000 0.000000
vt 0.000000 0.000000
vt 0.000000 0.000000
vt 0.000000 0.000000
vt 0.000000 0.000000
vt 0.000000 0.000000
vt 0.000000 0.000000
vt 0.000000 0.000000
vt 0.000000 0.000000
vt 0.000000 0.000000
vt 0.000000 0.000000
vt 0.000000 0.000000
vt 0.000000 0.000000
vt 0.000000 0.000000
vt 0.000000 0.000000
vt 0.000000 0.000000
vt 0.000000 0.000000
vt 0.000000 0.000000
vt 0.000000 0.000000
vt 0.000000 0.000000
vt 0.000000 0.000000
vt 0.000000 0.000000
vt 0.000000 0.000000
vt 0.000000 0.000000
vt 0.000000 0.000000
vt 0.000000 0.000000
vt 0.000000 0.000000
vt 0.000000 0.000000
vt 0.000000 0.000000
vt 0.000000 0.000000
vt 0.000000 0.000000
vt 0.000000 0.000000
vt 0.000000 0.000000
vt 0.000000 0.000000
vt 0.000000 0.000000
vt 0.000000 0.000000
vt 0.000000 0.000000
vt 0.000000 0.000000
vt 0.000000 0.000000
vt 0.000000 0.000000
vt 0.000000 0.000000
vt 0.000000 0.000000
vt 0.000000 0.000000
vt 0.000000 0.000000
vt 0.000000 0.000000
vt 0.000000 0.000000
vt 0.000000 0.000000
vt 0.000000 0.000000
vt 0.000000 0.000000
vt 0.000000 0.000000
vt 0.000000 0.000000
vt 0.000000 0.000000
vt 0.000000 0.000000
vt 0.000000 0.000000
vt 0.000000 0.000000
vt 0.000000 0.000000
vt 0.000000 0.000000
vt 0.000000 0.000000
vt 0.000000 0.000000
vt 0.000000 0.000000
vt 0.000000 0.000000
vt 0.000000 0.000000
vt 0.000000 0.000000
vt 0.000000 0.000000
vt 0.000000 0.000000
vt 0.000000 0.000000
vt 0.000000 0.000000
vt 0.000000 0.000000
vt 0.000000 0.000000
vt 0.000000 0.000000
vt 0.000000 0.000000
vt 0.000000 0.000000
vt 0.000000 0.000000
vt 0.000000 0.000000
vt 0.000000 0.000000
vt 0.000000 0.000000
vt 0.000000 0.000000
vt 0.000000 0.000000
vt 0.000000 0.000000
vt 0.000000 0.000000
vt 0.000000 0.000000
vt 0.000000 0.000000
vt 0.000000 0.000000
vt 0.000000 0.000000
vt 0.000000 0.000000
vt 0.000000 0.000000
vt 0.000000 0.000000
vt 0.000000 0.000000
vt 0.000000 0.000000
vt 0.000000 0.000000
vt 0.000000 0.000000
vt 0.000000 0.000000
vt 0.000000 0.000000
vt 0.000000 0.000000
vt 0.000000 0.000000
vt 0.000000 0.000000
vt 0.000000 0.000000
vt 0.000000 0.000000
vt 0.000000 0.000000
vt 0.000000 0.000000
vt 0.000000 0.000000
vt 0.000000 0.000000
vt 0.000000 0.000000
vt 0.000000 0.000000
vt 0.000000 0.000000
vt 0.000000 0.000000
vt 0.000000 0.000000
vt 0.000000 0.000000
vt 0.000000 0.000000
vt 0.000000 0.000000
vt 0.000000 0.000000
vt 0.000000 0.000000
vt 0.000000 0.000000
vt 0.000000 0.000000
vt 0.000000 0.000000
vt 0.000000 0.000000
vt 0.000000 0.000000
vt 0.000000 0.000000
vt 0.000000 0.000000
vt 0.000000 0.000000
vt 0.000000 0.000000
vt 0.000000 0.000000
vt 0.000000 0.000000
vt 0.000000 0.000000
vt 0.000000 0.000000
vt 0.000000 0.000000
vt 0.000000 0.000000
vt 0.000000 0.000000
vt 0.000000 0.000000
vt 0.000000 0.000000
vt 0.000000 0.000000
vt 0.000000 0.000000
vt 0.000000 0.000000
vt 0.000000 0.000000
vt 0.000000 0.000000
vt 0.000000 0.000000
vt 0.000000 0.000000
vt 0.000000 0.000000
vt 0.000000 0.000000
vt 0.000000 0.000000
vt 0.000000 0.000000
vt 0.000000 0.000000
vt 0.000000 0.000000
vt 0.000000 0.000000
vt 0.000000 0.000000
vt 0.000000 0.000000
vt 0.000000 0.000000
vt 0.000000 0.000000
vt 0.000000 0.000000
vt 0.000000 0.000000
vt 0.000000 0.000000
vt 0.000000 0.000000
vt 0.000000 0.000000
vt 0.000000 0.000000
vt 0.000000 0.000000
vt 0.000000 0.000000
vt 0.000000 0.000000
vt 0.000000 0.000000
vt 0.000000 0.000000
vt 0.000000 0.000000
vt 0.000000 0.000000
vt 0.000000 0.000000
vt 0.000000 0.000000
vt 0.000000 0.000000
vt 0.000000 0.000000
vt 0.000000 0.000000
vt 0.000000 0.000000
vt 0.000000 0.000000
vt 0.000000 0.000000
vt 0.000000 0.000000
vt 0.000000 0.000000
vt 0.000000 0.000000
vt 0.000000 0.000000
vt 0.000000 0.000000
vt 0.000000 0.000000
vt 0.000000 0.000000
vt 0.000000 0.000000
vt 0.000000 0.000000
vt 0.000000 0.000000
vt 0.000000 0.000000
vt 0.000000 0.000000
vt 0.000000 0.000000
vt 0.000000 0.000000
vt 0.000000 0.000000
vt 0.000000 0.000000
vt 0.000000 0.000000
vt 0.000000 0.000000
vt 0.000000 0.000000
vt 0.000000 0.000000
vt 0.000000 0.000000
vt 0.000000 0.000000
vt 0.000000 0.000000
vt 0.000000 0.000000
vt 0.000000 0.000000
vt 0.000000 0.000000
vt 0.000000 0.000000
vt 0.000000 0.000000
vt 0.000000 0.000000
vt 0.000000 0.000000
vt 0.000000 0.000000
vt 0.000000 0.000000
vt 0.000000 0.000000
vt 0.000000 0.000000
vt 0.000000 0.000000
vt 0.000000 0.000000
vt 0.000000 0.000000
vt 0.000000 0.000000
vt 0.000000 0.000000
vt 0.000000 0.000000
vt 0.000000 0.000000
vt 0.000000 0.000000
vt 0.000000 0.000000
vt 0.000000 0.000000
vt 0.000000 0.000000
vt 0.000000 0.000000
vt 0.000000 0.000000
vt 0.000000 0.000000
vt 0.000000 0.000000
vt 0.000000 0.000000
vt 0.000000 0.000000
vt 0.000000 0.000000
vt 0.000000 0.000000
vt 0.000000 0.000000
vt 0.000000 0.000000
vt 0.000000 0.000000
vt 0.000000 0.000000
vt 0.000000 0.000000
vt 0.000000 0.000000
vt 0.000000 0.000000
vt 0.000000 0.000000
vt 0.000000 0.000000
vt 0.000000 0.000000
vt 0.000000 0.000000
vt 0.000000 0.000000
vt 0.000000 0.000000
vt 0.000000 0.000000
vt 0.000000 0.000000
vt 0.000000 0.000000
vt 0.000000 0.000000
vt 0.000000 0.000000
vt 0.000000 0.000000
vt 0.000000 0.000000
vt 0.000000 0.000000
vt 0.000000 0.000000
vt 0.000000 0.000000
vt 0.000000 0.000000
vt 0.000000 0.000000
vt 0.000000 0.000000
vt 0.000000 0.000000
vt 0.000000 0.000000
vt 0.000000 0.000000
vt 0.000000 0.000000
vt 0.000000 0.000000
vt 0.000000 0.000000
vt 0.000000 0.000000
vt 0.000000 0.000000
vt 0.000000 0.000000
vt 0.000000 0.000000
vt 0.000000 0.000000
vt 0.000000 0.000000
vt 0.000000 0.000000
vt 0.000000 0.000000
vt 0.000000 0.000000
vt 0.000000 0.000000
vt 0.000000 0.000000
vt 0.000000 0.000000
vt 0.000000 0.000000
vt 0.000000 0.000000
vt 0.000000 0.000000
vt 0.000000 0.000000
vt 0.000000 0.000000
vt 0.000000 0.000000
vt 0.000000 0.000000
vt 0.000000 0.000000
vt 0.000000 0.000000
vt 0.000000 0.000000
vt 0.000000 0.000000
vt 0.000000 0.000000
vt 0.000000 0.000000
vt 0.000000 0.000000
vt 0.000000 0.000000
vt 0.000000 0.000000
vt 0.000000 0.000000
vt 0.000000 0.000000
vt 0.000000 0.000000
vt 0.000000 0.000000
vt 0.000000 0.000000
vt 0.000000 0.000000
vt 0.000000 0.000000
vt 0.000000 0.000000
vt 0.000000 0.000000
vt 0.000000 0.000000
vt 0.000000 0.000000
vt 0.000000 0.000000
vt 0.000000 0.000000
vt 0.000000 0.000000
vt 0.000000 0.000000
vt 0.000000 0.000000
vt 0.000000 0.000000
vt 0.000000 0.000000
vt 0.000000 0.000000
vt 0.000000 0.000000
vt 0.000000 0.000000
vt 0.000000 0.000000
vt 0.000000 0.000000
vt 0.000000 0.000000
vt 0.000000 0.000000
vt 0.000000 0.000000
vt 0.000000 0.000000
vt 0.000000 0.000000
vt 0.000000 0.000000
vt 0.000000 0.000000
vt 0.000000 0.000000
vt 0.000000 0.000000
vt 0.000000 0.000000
vt 0.000000 0.000000
vt 0.000000 0.000000
vt 0.000000 0.000000
vt 0.000000 0.000000
vt 0.000000 0.000000
vt 0.000000 0.000000
vt 0.000000 0.000000
vt 0.000000 0.000000
vt 0.000000 0.000000
vt 0.000000 0.000000
vt 0.000000 0.000000
vt 0.000000 0.000000
vt 0.000000 0.000000
vt 0.000000 0.000000
vt 0.000000 0.000000
vt 0.000000 0.000000
vt 0.000000 0.000000
vt 0.000000 0.000000
vt 0.000000 0.000000
vt 0.000000 0.000000
vt 0.000000 0.000000
vt 0.000000 0.000000
vt 0.000000 0.000000
vt 0.000000 0.000000
vt 0.000000 0.000000
vt 0.000000 0.000000
vt 0.000000 0.000000
vt 0.000000 0.000000
vt 0.000000 0.000000
vt 0.000000 0.000000
vt 0.000000 0.000000
vt 0.000000 0.000000
vt 0.000000 0.000000
vt 0.000000 0.000000
vt 0.000000 0.000000
vt 0.000000 0.000000
vt 0.000000 0.000000
vt 0.000000 0.000000
vt 0.000000 0.000000
vt 0.000000 0.000000
vt 0.000000 0.000000
vt 0.000000 0.000000
vt 0.000000 0.000000
vt 0.000000 0.000000
vt 0.000000 0.000000
vt 0.000000 0.000000
vt 0.000000 0.000000
vt 0.000000 0.000000
vt 0.000000 0.000000
vt 0.000000 0.000000
vt 0.000000 0.000000
vt 0.000000 0.000000
vt 0.000000 0.000000
vt 0.000000 0.000000
vt 0.000000 0.000000
vt 0.000000 0.000000
vt 0.000000 0.000000
vt 0.000000 0.000000
vt 0.000000 0.000000
vt 0.000000 0.000000
vt 0.000000 0.000000
vt 0.000000 0.000000
vt 0.000000 0.000000
vt 0.000000 0.000000
vt 0.000000 0.000000
vt 0.000000 0.000000
vt 0.000000 0.000000
vt 0.000000 0.000000
vt 0.000000 0.000000
vt 0.000000 0.000000
vt 0.000000 0.000000
vt 0.000000 0.000000
vt 0.000000 0.000000
vt 0.000000 0.000000
vt 0.000000 0.000000
vt 0.000000 0.000000
vt 0.000000 0.000000
vt 0.000000 0.000000
vt 0.000000 0.000000
vt 0.000000 0.000000
vt 0.000000 0.000000
vt 0.000000 0.000000
vt 0.000000 0.000000
vt 0.000000 0.000000
vt 0.000000 0.000000
vt 0.000000 0.000000
vt 0.000000 0.000000
vt 0.000000 0.000000
vt 0.000000 0.000000
vt 0.000000 0.000000
vt 0.000000 0.000000
vt 0.000000 0.000000
vt 0.000000 0.000000
vt 0.000000 0.000000
vt 0.000000 0.000000
vt 0.000000 0.000000
vt 0.000000 0.000000
vt 0.000000 0.000000
vt 0.000000 0.000000
vt 0.000000 0.000000
vt 0.000000 0.000000
vt 0.000000 0.000000
vt 0.000000 0.000000
vt 0.000000 0.000000
vt 0.000000 0.000000
vt 0.000000 0.000000
vt 0.000000 0.000000
vt 0.000000 0.000000
vt 0.000000 0.000000
vt 0.000000 0.000000
vt 0.000000 0.000000
vt 0.000000 0.000000
vt 0.000000 0.000000
vt 0.000000 0.000000
vt 0.000000 0.000000
vt 0.000000 0.000000
vt 0.000000 0.000000
vt 0.000000 0.000000
vt 0.000000 0.000000
vt 0.000000 0.000000
vt 0.000000 0.000000
vt 0.000000 0.000000
vt 0.000000 0.000000
vt 0.000000 0.000000
vt 0.000000 0.000000
vt 0.000000 0.000000
vt 0.000000 0.000000
vt 0.000000 0.000000
vt 0.000000 0.000000
vt 0.000000 0.000000
vt 0.000000 0.000000
vt 0.000000 0.000000
vt 0.000000 0.000000
vt 0.000000 0.000000
vt 0.000000 0.000000
vt 0.000000 0.000000
vt 0.000000 0.000000
vt 0.000000 0.000000
vt 0.000000 0.000000
vt 0.000000 0.000000
vt 0.000000 0.000000
vt 0.000000 0.000000
vt 0.000000 0.000000
vt 0.000000 0.000000
vt 0.000000 0.000000
vt 0.000000 0.000000
vt 0.000000 0.000000
vt 0.000000 0.000000
vt 0.000000 0.000000
vt 0.000000 0.000000
vt 0.000000 0.000000
vt 0.000000 0.000000
vt 0.000000 0.000000
vt 0.000000 0.000000
vt 0.000000 0.000000
vt 0.000000 0.000000
vt 0.000000 0.000000
vt 0.000000 0.000000
vt 0.000000 0.000000
vt 0.000000 0.000000
vt 0.000000 0.000000
vt 0.000000 0.000000
vt 0.000000 0.000000
vt 0.000000 0.000000
vt 0.000000 0.000000
vt 0.000000 0.000000
vt 0.000000 0.000000
vt 0.000000 0.000000
vt 0.000000 0.000000
vt 0.000000 0.000000
vt 0.000000 0.000000
vt 0.000000 0.000000
vt 0.000000 0.000000
vt 0.000000 0.000000
vt 0.000000 0.000000
vt 0.000000 0.000000
vt 0.000000 0.000000
vt 0.000000 0.000000
vt 0.000000 0.000000
vt 0.000000 0.000000
vt 0.000000 0.000000
vt 0.000000 0.000000
vt 0.000000 0.000000
vt 0.000000 0.000000
vt 0.000000 0.000000
vt 0.000000 0.000000
vt 0.000000 0.000000
vt 0.000000 0.000000
vt 0.000000 0.000000
vt 0.000000 0.000000
vt 0.000000 0.000000
vt 0.000000 0.000000
vt 0.000000 0.000000
vt 0.000000 0.000000
vt 0.000000 0.000000
vt 0.000000 0.000000
vt 0.000000 0.000000
vt 0.000000 0.000000
vt 0.000000 0.000000
vt 0.000000 0.000000
vt 0.000000 0.000000
vt 0.000000 0.000000
vt 0.000000 0.000000
vt 0.000000 0.000000
vt 0.000000 0.000000
vt 0.000000 0.000000
vt 0.000000 0.000000
vt 0.000000 0.000000
vt 0.000000 0.000000
vt 0.000000 0.000000
vt 0.000000 0.000000
vt 0.000000 0.000000
vt 0.000000 0.000000
vt 0.000000 0.000000
vt 0.000000 0.000000
vt 0.000000 0.000000
vt 0.000000 0.000000
vt 0.000000 0.000000
vt 0.000000 0.000000
vt 0.000000 0.000000
vt 0.000000 0.000000
vt 0.000000 0.000000
vt 0.000000 0.000000
vt 0.000000 0.000000
vt 0.000000 0.000000
vt 0.000000 0.000000
vt 0.000000 0.000000
vt 0.000000 0.000000
vt 0.000000 0.000000
vt 0.000000 0.000000
vt 0.000000 0.000000
vt 0.000000 0.000000
vt 0.000000 0.000000
vt 0.000000 0.000000
vt 0.000000 0.000000
vt 0.000000 0.000000
vt 0.000000 0.000000
vt 0.000000 0.000000
vt 0.000000 0.000000
vt 0.000000 0.000000
vt 0.000000 0.000000
vt 0.000000 0.000000
vt 0.000000 0.000000
vt 0.000000 0.000000
vt 0.000000 0.000000
vt 0.000000 0.000000
vt 0.000000 0.000000
vt 0.000000 0.000000
vt 0.000000 0.000000
vt 0.000000 0.000000
vt 0.000000 0.000000
vt 0.000000 0.000000
vt 0.000000 0.000000
vt 0.000000 0.000000
vt 0.000000 0.000000
vt 0.000000 0.000000
vt 0.000000 0.000000
vt 0.000000 0.000000
vt 0.000000 0.000000
vt 0.000000 0.000000
vt 0.000000 0.000000
vt 0.000000 0.000000
vt 0.000000 0.000000
vt 0.000000 0.000000
vt 0.000000 0.000000
vt 0.000000 0.000000
vt 0.000000 0.000000
vt 0.000000 0.000000
vt 0.000000 0.000000
vt 0.000000 0.000000
vt 0.000000 0.000000
vt 0.000000 0.000000
vt 0.000000 0.000000
vt 0.000000 0.000000
vt 0.000000 0.000000
vt 0.000000 0.000000
vt 0.000000 0.000000
vt 0.000000 0.000000
vt 0.000000 0.000000
vt 0.000000 0.000000
vt 0.000000 0.000000
vt 0.000000 0.000000
vt 0.000000 0.000000
vt 0.000000 0.000000
vt 0.000000 0.000000
vt 0.000000 0.000000
vt 0.000000 0.000000
vt 0.000000 0.000000
vt 0.000000 0.000000
vt 0.000000 0.000000
vt 0.000000 0.000000
vt 0.000000 0.000000
vt 0.000000 0.000000
vt 0.000000 0.000000
vt 0.000000 0.000000
vt 0.000000 0.000000
vt 0.000000 0.000000
vt 0.000000 0.000000
vt 0.000000 0.000000
vt 0.000000 0.000000
vt 0.000000 0.000000
vt 0.000000 0.000000
vt 0.000000 0.000000
vt 0.000000 0.000000
vt 0.000000 0.000000
vt 0.000000 0.000000
vt 0.000000 0.000000
vt 0.000000 0.000000
vt 0.000000 0.000000
vt 0.000000 0.000000
vt 0.000000 0.000000
vt 0.000000 0.000000
vt 0.000000 0.000000
vt 0.000000 0.000000
vt 0.000000 0.000000
vt 0.000000 0.000000
vt 0.000000 0.000000
vt 0.000000 0.000000
vt 0.000000 0.000000
vt 0.000000 0.000000
vt 0.000000 0.000000
vt 0.000000 0.000000
vt 0.000000 0.000000
vt 0.000000 0.000000
vt 0.000000 0.000000
vt 0.000000 0.000000
vt 0.000000 0.000000
vt 0.000000 0.000000
vt 0.000000 0.000000
vt 0.000000 0.000000
vt 0.000000 0.000000
vt 0.000000 0.000000
vt 0.000000 0.000000
vt 0.000000 0.000000
vt 0.000000 0.000000
vt 0.000000 0.000000
vt 0.000000 0.000000
vt 0.000000 0.000000
vt 0.000000 0.000000
vt 0.000000 0.000000
vt 0.000000 0.000000
vt 0.000000 0.000000
vt 0.000000 0.000000
vt 0.000000 0.000000
vt 0.000000 0.000000
vt 0.000000 0.000000
vt 0.000000 0.000000
vt 0.000000 0.000000
vt 0.000000 0.000000
vt 0.000000 0.000000
vt 0.000000 0.000000
vt 0.000000 0.000000
vt 0.000000 0.000000
vt 0.000000 0.000000
vt 0.000000 0.000000
vt 0.000000 0.000000
vt 0.000000 0.000000
vt 0.000000 0.000000
vt 0.000000 0.000000
vt 0.000000 0.000000
vt 0.000000 0.000000
vt 0.000000 0.000000
vt 0.000000 0.000000
vt 0.000000 0.000000
vt 0.000000 0.000000
vt 0.000000 0.000000
vt 0.000000 0.000000
vt 0.000000 0.000000
vt 0.000000 0.000000
vt 0.000000 0.000000
vt 0.000000 0.000000
vt 0.000000 0.000000
vt 0.000000 0.000000
vt 0.000000 0.000000
vt 0.000000 0.000000
vt 0.000000 0.000000
vt 0.000000 0.000000
vt 0.000000 0.000000
vt 0.000000 0.000000
vt 0.000000 0.000000
vt 0.000000 0.000000
vt 0.000000 0.000000
vt 0.000000 0.000000
vt 0.000000 0.000000
vt 0.000000 0.000000
vt 0.000000 0.000000
vt 0.000000 0.000000
vt 0.000000 0.000000
vt 0.000000 0.000000
vt 0.000000 0.000000
vt 0.000000 0.000000
vt 0.000000 0.000000
vt 0.000000 0.000000
vt 0.000000 0.000000
vt 0.000000 0.000000
vt 0.000000 0.000000
vt 0.000000 0.000000
vt 0.000000 0.000000
vt 0.000000 0.000000
vt 0.000000 0.000000
vt 0.000000 0.000000
vt 0.000000 0.000000
vt 0.000000 0.000000
vt 0.000000 0.000000
vt 0.000000 0.000000
vt 0.000000 0.000000
vt 0.000000 0.000000
vt 0.000000 0.000000
vt 0.000000 0.000000
vt 0.000000 0.000000
vt 0.000000 0.000000
vt 0.000000 0.000000
vt 0.000000 0.000000
vt 0.000000 0.000000
vt 0.000000 0.000000
vt 0.000000 0.000000
vt 0.000000 0.000000
vt 0.000000 0.000000
vt 0.000000 0.000000
vt 0.000000 0.000000
vt 0.000000 0.000000
vt 0.000000 0.000000
vt 0.000000 0.000000
vt 0.000000 0.000000
vt 0.000000 0.000000
vt 0.000000 0.000000
vt 0.000000 0.000000
vt 0.000000 0.000000
vt 0.000000 0.000000
vt 0.000000 0.000000
vt 0.000000 0.000000
vt 0.000000 0.000000
vt 0.000000 0.000000
vt 0.000000 0.000000
vt 0.000000 0.000000
vt 0.000000 0.000000
vt 0.000000 0.000000
vt 0.000000 0.000000
vt 0.000000 0.000000
vt 0.000000 0.000000
vt 0.000000 0.000000
vt 0.000000 0.000000
vt 0.000000 0.000000
vt 0.000000 0.000000
vt 0.000000 0.000000
vt 0.000000 0.000000
vt 0.000000 0.000000
vt 0.000000 0.000000
vt 0.000000 0.000000
vt 0.000000 0.000000
vt 0.000000 0.000000
vt 0.000000 0.000000
vt 0.000000 0.000000
vt 0.000000 0.000000
vt 0.000000 0.000000
vt 0.000000 0.000000
vt 0.000000 0.000000
vt 0.000000 0.000000
vt 0.000000 0.000000
vt 0.000000 0.000000
vt 0.000000 0.000000
vt 0.000000 0.000000
vt 0.000000 0.000000
vt 0.000000 0.000000
vt 0.000000 0.000000
vt 0.000000 0.000000
vt 0.000000 0.000000
vt 0.000000 0.000000
vt 0.000000 0.000000
vt 0.000000 0.000000
vt 0.000000 0.000000
vt 0.000000 0.000000
vt 0.000000 0.000000
vt 0.000000 0.000000
vt 0.000000 0.000000
vt 0.000000 0.000000
vt 0.000000 0.000000
vt 0.000000 0.000000
vt 0.000000 0.000000
vt 0.000000 0.000000
vt 0.000000 0.000000
vt 0.000000 0.000000
vt 0.000000 0.000000
vt 0.000000 0.000000
vt 0.000000 0.000000
vt 0.000000 0.000000
vt 0.000000 0.000000
vt 0.000000 0.000000
vt 0.000000 0.000000
vt 0.000000 0.000000
vt 0.000000 0.000000
vt 0.000000 0.000000
vt 0.000000 0.000000
vt 0.000000 0.000000
vt 0.000000 0.000000
vt 0.000000 0.000000
vt 0.000000 0.000000
vt 0.000000 0.000000
vt 0.000000 0.000000
vt 0.000000 0.000000
vt 0.000000 0.000000
vt 0.000000 0.000000
vt 0.000000 0.000000
vt 0.000000 0.000000
vt 0.000000 0.000000
vt 0.000000 0.000000
vt 0.000000 0.000000
vt 0.000000 0.000000
vt 0.000000 0.000000
vt 0.000000 0.000000
vt 0.000000 0.000000
vt 0.000000 0.000000
vt 0.000000 0.000000
vt 0.000000 0.000000
vt 0.000000 0.000000
vt 0.000000 0.000000
vt 0.000000 0.000000
vt 0.000000 0.000000
vt 0.000000 0.000000
vt 0.000000 0.000000
vt 0.000000 0.000000
vt 0.000000 0.000000
vt 0.000000 0.000000
vt 0.000000 0.000000
vt 0.000000 0.000000
vt 0.000000 0.000000
vt 0.000000 0.000000
vt 0.000000 0.000000
vt 0.000000 0.000000
vt 0.000000 0.000000
vt 0.000000 0.000000
vt 0.000000 0.000000
vt 0.000000 0.000000
vt 0.000000 0.000000
vt 0.000000 0.000000
vt 0.000000 0.000000
vt 0.000000 0.000000
vt 0.000000 0.000000
vt 0.000000 0.000000
vt 0.000000 0.000000
vt 0.000000 0.000000
vt 0.000000 0.000000
vt 0.000000 0.000000
vt 0.000000 0.000000
vt 0.000000 0.000000
vt 0.000000 0.000000
vt 0.000000 0.000000
vt 0.000000 0.000000
vt 0.000000 0.000000
vt 0.000000 0.000000
vt 0.000000 0.000000
vt 0.000000 0.000000
vt 0.000000 0.000000
vt 0.000000 0.000000
vt 0.000000 0.000000
vt 0.000000 0.000000
vt 0.000000 0.000000
vt 0.000000 0.000000
vt 0.000000 0.000000
vt 0.000000 0.000000
vt 0.000000 0.000000
vt 0.000000 0.000000
vt 0.000000 0.000000
vt 0.000000 0.000000
vt 0.000000 0.000000
vt 0.000000 0.000000
vt 0.000000 0.000000
vt 0.000000 0.000000
vt 0.000000 0.000000
vt 0.000000 0.000000
vt 0.000000 0.000000
vt 0.000000 0.000000
vt 0.000000 0.000000
vt 0.000000 0.000000
vt 0.000000 0.000000
vt 0.000000 0.000000
vt 0.000000 0.000000
vt 0.000000 0.000000
vt 0.000000 0.000000
vt 0.000000 0.000000
vt 0.000000 0.000000
vt 0.000000 0.000000
vt 0.000000 0.000000
vt 0.000000 0.000000
vt 0.000000 0.000000
vt 0.000000 0.000000
vt 0.000000 0.000000
vt 0.000000 0.000000
vt 0.000000 0.000000
vt 0.000000 0.000000
vt 0.000000 0.000000
vt 0.000000 0.000000
vt 0.000000 0.000000
vt 0.000000 0.000000
vt 0.000000 0.000000
vt 0.000000 0.000000
vt 0.000000 0.000000
vt 0.000000 0.000000
vt 0.000000 0.000000
vt 0.000000 0.000000
vt 0.000000 0.000000
vt 0.000000 0.000000
vt 0.000000 0.000000
vt 0.000000 0.000000
vt 0.000000 0.000000
vt 0.000000 0.000000
vt 0.000000 0.000000
vt 0.000000 0.000000
vt 0.000000 0.000000
vt 0.000000 0.000000
vt 0.000000 0.000000
vt 0.000000 0.000000
vt 0.000000 0.000000
vt 0.000000 0.000000
vt 0.000000 0.000000
vt 0.000000 0.000000
vt 0.000000 0.000000
vt 0.000000 0.000000
vt 0.000000 0.000000
vt 0.000000 0.000000
vt 0.000000 0.000000
vt 0.000000 0.000000
vt 0.000000 0.000000
vt 0.000000 0.000000
vt 0.000000 0.000000
vt 0.000000 0.000000
vt 0.000000 0.000000
vt 0.000000 0.000000
vt 0.000000 0.000000
vt 0.000000 0.000000
vt 0.000000 0.000000
vt 0.000000 0.000000
vt 0.000000 0.000000
vt 0.000000 0.000000
vt 0.000000 0.000000
vt 0.000000 0.000000
vt 0.000000 0.000000
vt 0.000000 0.000000
vt 0.000000 0.000000
vt 0.000000 0.000000
vt 0.000000 0.000000
vt 0.000000 0.000000
vt 0.000000 0.000000
vt 0.000000 0.000000
vt 0.000000 0.000000
vt 0.000000 0.000000
vt 0.000000 0.000000
vt 0.000000 0.000000
vt 0.000000 0.000000
vt 0.000000 0.000000
vt 0.000000 0.000000
vt 0.000000 0.000000
vt 0.000000 0.000000
vt 0.000000 0.000000
vt 0.000000 0.000000
vt 0.000000 0.000000
vt 0.000000 0.000000
vt 0.000000 0.000000
vt 0.000000 0.000000
vt 0.000000 0.000000
vt 0.000000 0.000000
vt 0.000000 0.000000
vt 0.000000 0.000000
vt 0.000000 0.000000
vt 0.000000 0.000000
vt 0.000000 0.000000
vt 0.000000 0.000000
vt 0.000000 0.000000
vt 0.000000 0.000000
vt 0.000000 0.000000
vt 0.000000 0.000000
vt 0.000000 0.000000
vt 0.000000 0.000000
vt 0.000000 0.000000
vt 0.000000 0.000000
vt 0.000000 0.000000
vt 0.000000 0.000000
vt 0.000000 0.000000
vt 0.000000 0.000000
vt 0.000000 0.000000
vt 0.000000 0.000000
vt 0.000000 0.000000
vt 0.000000 0.000000
vt 0.000000 0.000000
vt 0.000000 0.000000
vt 0.000000 0.000000
vt 0.000000 0.000000
vt 0.000000 0.000000
vt 0.000000 0.000000
vt 0.000000 0.000000
vt 0.000000 0.000000
vt 0.000000 0.000000
vt 0.000000 0.000000
vt 0.000000 0.000000
vt 0.000000 0.000000
vt 0.000000 0.000000
vt 0.000000 0.000000
vt 0.000000 0.000000
vt 0.000000 0.000000
vt 0.000000 0.000000
vt 0.000000 0.000000
vt 0.000000 0.000000
vt 0.000000 0.000000
vt 0.000000 0.000000
vt 0.000000 0.000000
vt 0.000000 0.000000
vt 0.000000 0.000000
vt 0.000000 0.000000
vt 0.000000 0.000000
vt 0.000000 0.000000
vt 0.000000 0.000000
vt 0.000000 0.000000
vt 0.000000 0.000000
vt 0.000000 0.000000
vt 0.000000 0.000000
vt 0.000000 0.000000
vt 0.000000 0.000000
vt 0.000000 0.000000
vt 0.000000 0.000000
vt 0.000000 0.000000
vt 0.000000 0.000000
vt 0.000000 0.000000
vt 0.000000 0.000000
vt 0.000000 0.000000
vt 0.000000 0.000000
vt 0.000000 0.000000
vt 0.000000 0.000000
vt 0.000000 0.000000
vt 0.000000 0.000000
vt 0.000000 0.000000
vt 0.000000 0.000000
vt 0.000000 0.000000
vt 0.000000 0.000000
vt 0.000000 0.000000
vt 0.000000 0.000000
vt 0.000000 0.000000
vt 0.000000 0.000000
vt 0.000000 0.000000
vt 0.000000 0.000000
vt 0.000000 0.000000
vt 0.000000 0.000000
vt 0.000000 0.000000
vt 0.000000 0.000000
vt 0.000000 0.000000
vt 0.000000 0.000000
vt 0.000000 0.000000
vt 0.000000 0.000000
vt 0.000000 0.000000
vt 0.000000 0.000000
vt 0.000000 0.000000
vt 0.000000 0.000000
vt 0.000000 0.000000
vt 0.000000 0.000000
vt 0.000000 0.000000
vt 0.000000 0.000000
vt 0.000000 0.000000
vt 0.000000 0.000000
vt 0.000000 0.000000
vt 0.000000 0.000000
vt 0.000000 0.000000
vt 0.000000 0.000000
vt 0.000000 0.000000
vt 0.000000 0.000000
vt 0.000000 0.000000
vt 0.000000 0.000000
vt 0.000000 0.000000
vt 0.000000 0.000000
vt 0.000000 0.000000
vt 0.000000 0.000000
vt 0.000000 0.000000
vt 0.000000 0.000000
vt 0.000000 0.000000
vt 0.000000 0.000000
vt 0.000000 0.000000
vt 0.000000 0.000000
vt 0.000000 0.000000
vt 0.000000 0.000000
vt 0.000000 0.000000
vt 0.000000 0.000000
vt 0.000000 0.000000
vt 0.000000 0.000000
vt 0.000000 0.000000
vt 0.000000 0.000000
vt 0.000000 0.000000
vt 0.000000 0.000000
vt 0.000000 0.000000
vt 0.000000 0.000000
vt 0.000000 0.000000
vt 0.000000 0.000000
vt 0.000000 0.000000
vt 0.000000 0.000000
vt 0.000000 0.000000
vt 0.000000 0.000000
vt 0.000000 0.000000
vt 0.000000 0.000000
vt 0.000000 0.000000
vt 0.000000 0.000000
vt 0.000000 0.000000
vt 0.000000 0.000000
vt 0.000000 0.000000
vt 0.000000 0.000000
vt 0.000000 0.000000
vt 0.000000 0.000000
vt 0.000000 0.000000
vt 0.000000 0.000000
vt 0.000000 0.000000
vt 0.000000 0.000000
vt 0.000000 0.000000
vt 0.000000 0.000000
vt 0.000000 0.000000
vt 0.000000 0.000000
vt 0.000000 0.000000
vt 0.000000 0.000000
vt 0.000000 0.000000
vt 0.000000 0.000000
vt 0.000000 0.000000
vt 0.000000 0.000000
vt 0.000000 0.000000
vt 0.000000 0.000000
vt 0.000000 0.000000
vt 0.000000 0.000000
vt 0.000000 0.000000
vt 0.000000 0.000000
vt 0.000000 0.000000
vt 0.000000 0.000000
vt 0.000000 0.000000
vt 0.000000 0.000000
vt 0.000000 0.000000
vt 0.000000 0.000000
vt 0.000000 0.000000
vt 0.000000 0.000000
vt 0.000000 0.000000
vt 0.000000 0.000000
vt 0.000000 0.000000
vt 0.000000 0.000000
vt 0.000000 0.000000
vt 0.000000 0.000000
vt 0.000000 0.000000
vt 0.000000 0.000000
vt 0.000000 0.000000
vt 0.000000 0.000000
vt 0.000000 0.000000
vt 0.000000 0.000000
vt 0.000000 0.000000
vt 0.000000 0.000000
vt 0.000000 0.000000
vt 0.000000 0.000000
vt 0.000000 0.000000
vt 0.000000 0.000000
vt 0.000000 0.000000
vt 0.000000 0.000000
vt 0.000000 0.000000
vt 0.000000 0.000000
vt 0.000000 0.000000
vt 0.000000 0.000000
vt 0.000000 0.000000
vt 0.000000 0.000000
vt 0.000000 0.000000
vt 0.000000 0.000000
vt 0.000000 0.000000
vt 0.000000 0.000000
vt 0.000000 0.000000
vt 0.000000 0.000000
vt 0.000000 0.000000
vt 0.000000 0.000000
vt 0.000000 0.000000
vt 0.000000 0.000000
vt 0.000000 0.000000
vt 0.000000 0.000000
vt 0.000000 0.000000
vt 0.000000 0.000000
vt 0.000000 0.000000
vt 0.000000 0.000000
vt 0.000000 0.000000
vt 0.000000 0.000000
vt 0.000000 0.000000
vt 0.000000 0.000000
vt 0.000000 0.000000
vt 0.000000 0.000000
vt 0.000000 0.000000
vt 0.000000 0.000000
vt 0.000000 0.000000
vt 0.000000 0.000000
vt 0.000000 0.000000
vt 0.000000 0.000000
vt 0.000000 0.000000
vt 0.000000 0.000000
vt 0.000000 0.000000
vt 0.000000 0.000000
vt 0.000000 0.000000
vt 0.000000 0.000000
vt 0.000000 0.000000
vt 0.000000 0.000000
vt 0.000000 0.000000
vt 0.000000 0.000000
vt 0.000000 0.000000
vt 0.000000 0.000000
vt 0.000000 0.000000
vt 0.000000 0.000000
vt 0.000000 0.000000
vt 0.000000 0.000000
vt 0.000000 0.000000
vt 0.000000 0.000000
vt 0.000000 0.000000
vt 0.000000 0.000000
vt 0.000000 0.000000
vt 0.000000 0.000000
vt 0.000000 0.000000
vt 0.000000 0.000000
vt 0.000000 0.000000
vt 0.000000 0.000000
vt 0.000000 0.000000
vt 0.000000 0.000000
vt 0.000000 0.000000
vt 0.000000 0.000000
vt 0.000000 0.000000
vt 0.000000 0.000000
vt 0.000000 0.000000
vt 0.000000 0.000000
vt 0.000000 0.000000
vt 0.000000 0.000000
vt 0.000000 0.000000
vt 0.000000 0.000000
vt 0.000000 0.000000
vt 0.000000 0.000000
vt 0.000000 0.000000
vt 0.000000 0.000000
vt 0.000000 0.000000
vt 0.000000 0.000000
vt 0.000000 0.000000
vt 0.000000 0.000000
vt 0.000000 0.000000
vt 0.000000 0.000000
vt 0.000000 0.000000
vt 0.000000 0.000000
vt 0.000000 0.000000
vt 0.000000 0.000000
vt 0.000000 0.000000
vt 0.000000 0.000000
vt 0.000000 0.000000
vt 0.000000 0.000000
vt 0.000000 0.000000
vt 0.000000 0.000000
vt 0.000000 0.000000
vt 0.000000 0.000000
vt 0.000000 0.000000
vt 0.000000 0.000000
vt 0.000000 0.000000
vt 0.000000 0.000000
vt 0.000000 0.000000
vt 0.000000 0.000000
vt 0.000000 0.000000
vt 0.000000 0.000000
vt 0.000000 0.000000
vt 0.000000 0.000000
vt 0.000000 0.000000
vt 0.000000 0.000000
vt 0.000000 0.000000
vt 0.000000 0.000000
vt 0.000000 0.000000
vt 0.000000 0.000000
vt 0.000000 0.000000
vt 0.000000 0.000000
vt 0.000000 0.000000
vt 0.000000 0.000000
vt 0.000000 0.000000
vt 0.000000 0.000000
vt 0.000000 0.000000
vt 0.000000 0.000000
vt 0.000000 0.000000
vt 0.000000 0.000000
vt 0.000000 0.000000
vt 0.000000 0.000000
vt 0.000000 0.000000
vt 0.000000 0.000000
vt 0.000000 0.000000
vt 0.000000 0.000000
vt 0.000000 0.000000
vt 0.000000 0.000000
vt 0.000000 0.000000
vt 0.000000 0.000000
vt 0.000000 0.000000
vt 0.000000 0.000000
vt 0.000000 0.000000
vt 0.000000 0.000000
vt 0.000000 0.000000
vt 0.000000 0.000000
vt 0.000000 0.000000
vt 0.000000 0.000000
vt 0.000000 0.000000
vt 0.000000 0.000000
vt 0.000000 0.000000
vt 0.000000 0.000000
vt 0.000000 0.000000
vt 0.000000 0.000000
vt 0.000000 0.000000
vt 0.000000 0.000000
vt 0.000000 0.000000
vt 0.000000 0.000000
vt 0.000000 0.000000
vt 0.000000 0.000000
vt 0.000000 0.000000
vt 0.000000 0.000000
vt 0.000000 0.000000
vt 0.000000 0.000000
vt 0.000000 0.000000
vt 0.000000 0.000000
vt 0.000000 0.000000
vt 0.000000 0.000000
vt 0.000000 0.000000
vt 0.000000 0.000000
vt 0.000000 0.000000
vt 0.000000 0.000000
vt 0.000000 0.000000
vt 0.000000 0.000000
vt 0.000000 0.000000
vt 0.000000 0.000000
vt 0.000000 0.000000
vt 0.000000 0.000000
vt 0.000000 0.000000
vt 0.000000 0.000000
vt 0.000000 0.000000
vt 0.000000 0.000000
vt 0.000000 0.000000
vt 0.000000 0.000000
vt 0.000000 0.000000
vt 0.000000 0.000000
vt 0.000000 0.000000
vt 0.000000 0.000000
vt 0.000000 0.000000
vt 0.000000 0.000000
vt 0.000000 0.000000
vt 0.000000 0.000000
vt 0.000000 0.000000
vt 0.000000 0.000000
vt 0.000000 0.000000
vt 0.000000 0.000000
vt 0.000000 0.000000
vt 0.000000 0.000000
vt 0.000000 0.000000
vt 0.000000 0.000000
vt 0.000000 0.000000
vt 0.000000 0.000000
vt 0.000000 0.000000
vt 0.000000 0.000000
vt 0.000000 0.000000
vt 0.000000 0.000000
vt 0.000000 0.000000
vt 0.000000 0.000000
vt 0.000000 0.000000
vt 0.000000 0.000000
vt 0.000000 0.000000
vt 0.000000 0.000000
vt 0.000000 0.000000
vt 0.000000 0.000000
vt 0.000000 0.000000
vt 0.000000 0.000000
vt 0.000000 0.000000
vt 0.000000 0.000000
vt 0.000000 0.000000
vt 0.000000 0.000000
vt 0.000000 0.000000
vt 0.000000 0.000000
vt 0.000000 0.000000
vt 0.000000 0.000000
vt 0.000000 0.000000
vt 0.000000 0.000000
vt 0.000000 0.000000
vt 0.000000 0.000000
vt 0.000000 0.000000
vt 0.000000 0.000000
vt 0.000000 0.000000
vt 0.000000 0.000000
vt 0.000000 0.000000
vt 0.000000 0.000000
vt 0.000000 0.000000
vt 0.000000 0.000000
vt 0.000000 0.000000
vt 0.000000 0.000000
vt 0.000000 0.000000
vt 0.000000 0.000000
vt 0.000000 0.000000
vt 0.000000 0.000000
vt 0.000000 0.000000
vt 0.000000 0.000000
vt 0.000000 0.000000
vt 0.000000 0.000000
vt 0.000000 0.000000
vt 0.000000 0.000000
vt 0.000000 0.000000
vt 0.000000 0.000000
vt 0.000000 0.000000
vt 0.000000 0.000000
vt 0.000000 0.000000
vt 0.000000 0.000000
vt 0.000000 0.000000
vt 0.000000 0.000000
vt 0.000000 0.000000
vt 0.000000 0.000000
vt 0.000000 0.000000
vt 0.000000 0.000000
vt 0.000000 0.000000
vt 0.000000 0.000000
vt 0.000000 0.000000
vt 0.000000 0.000000
vt 0.000000 0.000000
vt 0.000000 0.000000
vt 0.000000 0.000000
vt 0.000000 0.000000
vt 0.000000 0.000000
vt 0.000000 0.000000
vt 0.000000 0.000000
vt 0.000000 0.000000
vt 0.000000 0.000000
vt 0.000000 0.000000
vt 0.000000 0.000000
vt 0.000000 0.000000
vt 0.000000 0.000000
vt 0.000000 0.000000
vt 0.000000 0.000000
vt 0.000000 0.000000
vt 0.000000 0.000000
vt 0.000000 0.000000
vt 0.000000 0.000000
vt 0.000000 0.000000
vt 0.000000 0.000000
vt 0.000000 0.000000
vt 0.000000 0.000000
vt 0.000000 0.000000
vt 0.000000 0.000000
vt 0.000000 0.000000
vt 0.000000 0.000000
vt 0.000000 0.000000
vt 0.000000 0.000000
vt 0.000000 0.000000
vt 0.000000 0.000000
vt 0.000000 0.000000
vt 0.000000 0.000000
vt 0.000000 0.000000
vt 0.000000 0.000000
vt 0.000000 0.000000
vt 0.000000 0.000000
vt 0.000000 0.000000
vt 0.000000 0.000000
vt 0.000000 0.000000
vt 0.000000 0.000000
vt 0.000000 0.000000
vt 0.000000 0.000000
vt 0.000000 0.000000
vt 0.000000 0.000000
vt 0.000000 0.000000
vt 0.000000 0.000000
vt 0.000000 0.000000
vt 0.000000 0.000000
vt 0.000000 0.000000
vt 0.000000 0.000000
vt 0.000000 0.000000
vt 0.000000 0.000000
vt 0.000000 0.000000
vt 0.000000 0.000000
vt 0.000000 0.000000
vt 0.000000 0.000000
vt 0.000000 0.000000
vt 0.000000 0.000000
vt 0.000000 0.000000
vt 0.000000 0.000000
vt 0.000000 0.000000
vt 0.000000 0.000000
vt 0.000000 0.000000
vt 0.000000 0.000000
vt 0.000000 0.000000
vt 0.000000 0.000000
vt 0.000000 0.000000
vt 0.000000 0.000000
vt 0.000000 0.000000
vt 0.000000 0.000000
vt 0.000000 0.000000
vt 0.000000 0.000000
vt 0.000000 0.000000
vt 0.000000 0.000000
vt 0.000000 0.000000
vt 0.000000 0.000000
vt 0.000000 0.000000
vt 0.000000 0.000000
vt 0.000000 0.000000
vt 0.000000 0.000000
vt 0.000000 0.000000
vt 0.000000 0.000000
vt 0.000000 0.000000
vt 0.000000 0.000000
vt 0.000000 0.000000
vt 0.000000 0.000000
vt 0.000000 0.000000
vt 0.000000 0.000000
vt 0.000000 0.000000
vt 0.000000 0.000000
vt 0.000000 0.000000
vt 0.000000 0.000000
vt 0.000000 0.000000
vt 0.000000 0.000000
vt 0.000000 0.000000
vt 0.000000 0.000000
vt 0.000000 0.000000
vt 0.000000 0.000000
vt 0.000000 0.000000
vt 0.000000 0.000000
vt 0.000000 0.000000
vt 0.000000 0.000000
vt 0.000000 0.000000
vt 0.000000 0.000000
vt 0.000000 0.000000
vt 0.000000 0.000000
vt 0.000000 0.000000
vt 0.000000 0.000000
vt 0.000000 0.000000
vt 0.000000 0.000000
vt 0.000000 0.000000
vt 0.000000 0.000000
vt 0.000000 0.000000
vt 0.000000 0.000000
vt 0.000000 0.000000
vt 0.000000 0.000000
vt 0.000000 0.000000
vt 0.000000 0.000000
vt 0.000000 0.000000
vt 0.000000 0.000000
vt 0.000000 0.000000
vt 0.000000 0.000000
vt 0.000000 0.000000
vt 0.000000 0.000000
vt 0.000000 0.000000
vt 0.000000 0.000000
vt 0.000000 0.000000
vt 0.000000 0.000000
vt 0.000000 0.000000
vt 0.000000 0.000000
vt 0.000000 0.000000
vt 0.000000 0.000000
vt 0.000000 0.000000
vt 0.000000 0.000000
vt 0.000000 0.000000
vt 0.000000 0.000000
vt 0.000000 0.000000
vt 0.000000 0.000000
vt 0.000000 0.000000
vt 0.000000 0.000000
vt 0.000000 0.000000
vt 0.000000 0.000000
vt 0.000000 0.000000
vt 0.000000 0.000000
vt 0.000000 0.000000
vt 0.000000 0.000000
vt 0.000000 0.000000
vt 0.000000 0.000000
vt 0.000000 0.000000
vt 0.000000 0.000000
vt 0.000000 0.000000
vt 0.000000 0.000000
vt 0.000000 0.000000
vt 0.000000 0.000000
vt 0.000000 0.000000
vt 0.000000 0.000000
vt 0.000000 0.000000
vt 0.000000 0.000000
vt 0.000000 0.000000
vt 0.000000 0.000000
vt 0.000000 0.000000
vt 0.000000 0.000000
vt 0.000000 0.000000
vt 0.000000 0.000000
vt 0.000000 0.000000
vt 0.000000 0.000000
vt 0.000000 0.000000
vt 0.000000 0.000000
vt 0.000000 0.000000
vt 0.000000 0.000000
vt 0.000000 0.000000
vt 0.000000 0.000000
vt 0.000000 0.000000
vt 0.000000 0.000000
vt 0.000000 0.000000
vt 0.000000 0.000000
vt 0.000000 0.000000
vt 0.000000 0.000000
vt 0.000000 0.000000
vt 0.000000 0.000000
vt 0.000000 0.000000
vt 0.000000 0.000000
vt 0.000000 0.000000
vt 0.000000 0.000000
vt 0.000000 0.000000
vt 0.000000 0.000000
vt 0.000000 0.000000
vt 0.000000 0.000000
vt 0.000000 0.000000
vt 0.000000 0.000000
vt 0.000000 0.000000
vt 0.000000 0.000000
vt 0.000000 0.000000
vt 0.000000 0.000000
vt 0.000000 0.000000
vt 0.000000 0.000000
vt 0.000000 0.000000
vt 0.000000 0.000000
vt 0.000000 0.000000
vt 0.000000 0.000000
vt 0.000000 0.000000
vt 0.000000 0.000000
vt 0.000000 0.000000
vt 0.000000 0.000000
vt 0.000000 0.000000
vt 0.000000 0.000000
vt 0.000000 0.000000
vt 0.000000 0.000000
vt 0.000000 0.000000
vt 0.000000 0.000000
vt 0.000000 0.000000
vt 0.000000 0.000000
vt 0.000000 0.000000
vt 0.000000 0.000000
vt 0.000000 0.000000
vt 0.000000 0.000000
vt 0.000000 0.000000
vt 0.000000 0.000000
vt 0.000000 0.000000
vt 0.000000 0.000000
vt 0.000000 0.000000
vt 0.000000 0.000000
vt 0.000000 0.000000
vt 0.000000 0.000000
vt 0.000000 0.000000
vt 0.000000 0.000000
vt 0.000000 0.000000
vt 0.000000 0.000000
vt 0.000000 0.000000
vt 0.000000 0.000000
vt 0.000000 0.000000
vt 0.000000 0.000000
vt 0.000000 0.000000
vt 0.000000 0.000000
vt 0.000000 0.000000
vt 0.000000 0.000000
vt 0.000000 0.000000
vt 0.000000 0.000000
vt 0.000000 0.000000
vt 0.000000 0.000000
vt 0.000000 0.000000
vt 0.000000 0.000000
vt 0.000000 0.000000
vt 0.000000 0.000000
vt 0.000000 0.000000
vt 0.000000 0.000000
vt 0.000000 0.000000
vt 0.000000 0.000000
vt 0.000000 0.000000
vt 0.000000 0.000000
vt 0.000000 0.000000
vt 0.000000 0.000000
vt 0.000000 0.000000
vt 0.000000 0.000000
vt 0.000000 0.000000
vt 0.000000 0.000000
vt 0.000000 0.000000
vt 0.000000 0.000000
vt 0.000000 0.000000
vt 0.000000 0.000000
vt 0.000000 0.000000
vt 0.000000 0.000000
vt 0.000000 0.000000
vt 0.000000 0.000000
vt 0.000000 0.000000
vt 0.000000 0.000000
vt 0.000000 0.000000
vt 0.000000 0.000000
vt 0.000000 0.000000
vt 0.000000 0.000000
vt 0.000000 0.000000
vt 0.000000 0.000000
vt 0.000000 0.000000
vt 0.000000 0.000000
vt 0.000000 0.000000
vt 0.000000 0.000000
vt 0.000000 0.000000
vt 0.000000 0.000000
vt 0.000000 0.000000
vt 0.000000 0.000000
vt 0.000000 0.000000
vt 0.000000 0.000000
vt 0.000000 0.000000
vt 0.000000 0.000000
vt 0.000000 0.000000
vt 0.000000 0.000000
vt 0.000000 0.000000
vt 0.000000 0.000000
vt 0.000000 0.000000
vt 0.000000 0.000000
vt 0.000000 0.000000
vt 0.000000 0.000000
vt 0.000000 0.000000
vt 0.000000 0.000000
vt 0.000000 0.000000
vt 0.000000 0.000000
vt 0.000000 0.000000
vt 0.000000 0.000000
vt 0.000000 0.000000
vt 0.000000 0.000000
vt 0.000000 0.000000
vt 0.000000 0.000000
vt 0.000000 0.000000
vt 0.000000 0.000000
vt 0.000000 0.000000
vt 0.000000 0.000000
vt 0.000000 0.000000
vt 0.000000 0.000000
vt 0.000000 0.000000
vt 0.000000 0.000000
vt 0.000000 0.000000
vt 0.000000 0.000000
vt 0.000000 0.000000
vt 0.000000 0.000000
vt 0.000000 0.000000
vt 0.000000 0.000000
vt 0.000000 0.000000
vt 0.000000 0.000000
vt 0.000000 0.000000
vt 0.000000 0.000000
vt 0.000000 0.000000
vt 0.000000 0.000000
vt 0.000000 0.000000
vt 0.000000 0.000000
vt 0.000000 0.000000
vt 0.000000 0.000000
vt 0.000000 0.000000
vt 0.000000 0.000000
vt 0.000000 0.000000
vt 0.000000 0.000000
vt 0.000000 0.000000
vt 0.000000 0.000000
vt 0.000000 0.000000
vt 0.000000 0.000000
vt 0.000000 0.000000
vt 0.000000 0.000000
vt 0.000000 0.000000
vt 0.000000 0.000000
vt 0.000000 0.000000
vt 0.000000 0.000000
vt 0.000000 0.000000
vt 0.000000 0.000000
vt 0.000000 0.000000
vt 0.000000 0.000000
vt 0.000000 0.000000
vt 0.000000 0.000000
vt 0.000000 0.000000
vt 0.000000 0.000000
vt 0.000000 0.000000
vt 0.000000 0.000000
vt 0.000000 0.000000
vt 0.000000 0.000000
vt 0.000000 0.000000
vt 0.000000 0.000000
vt 0.000000 0.000000
vt 0.000000 0.000000
vt 0.000000 0.000000
vt 0.000000 0.000000
vt 0.000000 0.000000
vt 0.000000 0.000000
vt 0.000000 0.000000
vt 0.000000 0.000000
vt 0.000000 0.000000
vt 0.000000 0.000000
vt 0.000000 0.000000
vt 0.000000 0.000000
vt 0.000000 0.000000
vt 0.000000 0.000000
vt 0.000000 0.000000
vt 0.000000 0.000000
vt 0.000000 0.000000
vt 0.000000 0.000000
vt 0.000000 0.000000
vt 0.000000 0.000000
vt 0.000000 0.000000
vt 0.000000 0.000000
vt 0.000000 0.000000
vt 0.000000 0.000000
vt 0.000000 0.000000
vt 0.000000 0.000000
vt 0.000000 0.000000
vt 0.000000 0.000000
vt 0.000000 0.000000
vt 0.000000 0.000000
vt 0.000000 0.000000
vt 0.000000 0.000000
vt 0.000000 0.000000
vt 0.000000 0.000000
vt 0.000000 0.000000
vt 0.000000 0.000000
vt 0.000000 0.000000
vt 0.000000 0.000000
vt 0.000000 0.000000
vt 0.000000 0.000000
vt 0.000000 0.000000
vt 0.000000 0.000000
vt 0.000000 0.000000
vt 0.000000 0.000000
vt 0.000000 0.000000
vt 0.000000 0.000000
vt 0.000000 0.000000
vt 0.000000 0.000000
vt 0.000000 0.000000
vt 0.000000 0.000000
vt 0.000000 0.000000
vt 0.000000 0.000000
vt 0.000000 0.000000
vt 0.000000 0.000000
vt 0.000000 0.000000
vt 0.000000 0.000000
vt 0.000000 0.000000
vt 0.000000 0.000000
vt 0.000000 0.000000
vt 0.000000 0.000000
vt 0.000000 0.000000
vt 0.000000 0.000000
vt 0.000000 0.000000
vt 0.000000 0.000000
vt 0.000000 0.000000
vt 0.000000 0.000000
vt 0.000000 0.000000
vt 0.000000 0.000000
vt 0.000000 0.000000
vt 0.000000 0.000000
vt 0.000000 0.000000
vt 0.000000 0.000000
vt 0.000000 0.000000
vt 0.000000 0.000000
vt 0.000000 0.000000
vt 0.000000 0.000000
vt 0.000000 0.000000
vt 0.000000 0.000000
vt 0.000000 0.000000
vt 0.000000 0.000000
vt 0.000000 0.000000
vt 0.000000 0.000000
vt 0.000000 0.000000
vt 0.000000 0.000000
vt 0.000000 0.000000
vt 0.000000 0.000000
vt 0.000000 0.000000
vt 0.000000 0.000000
vt 0.000000 0.000000
vt 0.000000 0.000000
vt 0.000000 0.000000
vt 0.000000 0.000000
vt 0.000000 0.000000
vt 0.000000 0.000000
vt 0.000000 0.000000
vt 0.000000 0.000000
vt 0.000000 0.000000
vt 0.000000 0.000000
vt 0.000000 0.000000
vt 0.000000 0.000000
vt 0.000000 0.000000
vt 0.000000 0.000000
vt 0.000000 0.000000
vt 0.000000 0.000000
vt 0.000000 0.000000
vt 0.000000 0.000000
vt 0.000000 0.000000
vt 0.000000 0.000000
vt 0.000000 0.000000
vt 0.000000 0.000000
vt 0.000000 0.000000
vt 0.000000 0.000000
vt 0.000000 0.000000
vt 0.000000 0.000000
vt 0.000000 0.000000
vt 0.000000 0.000000
vt 0.000000 0.000000
vt 0.000000 0.000000
vt 0.000000 0.000000
vt 0.000000 0.000000
vt 0.000000 0.000000
vt 0.000000 0.000000
vt 0.000000 0.000000
vt 0.000000 0.000000
vt 0.000000 0.000000
vt 0.000000 0.000000
vt 0.000000 0.000000
vt 0.000000 0.000000
vt 0.000000 0.000000
vt 0.000000 0.000000
vt 0.000000 0.000000
vt 0.000000 0.000000
vt 0.000000 0.000000
vt 0.000000 0.000000
vt 0.000000 0.000000
vt 0.000000 0.000000
vt 0.000000 0.000000
vt 0.000000 0.000000
vt 0.000000 0.000000
vt 0.000000 0.000000
vt 0.000000 0.000000
vt 0.000000 0.000000
vt 0.000000 0.000000
vt 0.000000 0.000000
vt 0.000000 0.000000
vn -0.4930 -0.0827 0.8661
vn 0.3668 0.2244 -0.9028
vn -0.5500 0.6462 0.5290
vn 0.8878 -0.3060 -0.3438
vn -0.6423 0.5128 0.5697
vn 0.5023 -0.7900 0.3516
vn 0.9275 -0.3325 0.1706
vn -0.3347 0.8128 0.4767
vn 0.7998 -0.5469 -0.2476
vn 0.8301 0.5274 -0.1811
vn 0.3078 -0.2621 0.9146
vn -0.2633 0.1181 -0.9575
vn 0.5783 -0.5642 0.5893
vn 0.5334 0.8359 0.1295
vn 0.7693 0.3495 -0.5348
vn 0.4625 -0.2288 0.8566
vn 0.6209 0.5857 -0.5210
vn -0.4235 -0.1427 -0.8946
vn 0.1914 -0.2057 0.9597
vn -0.5088 0.8591 0.0551
vn -0.7212 0.3275 0.6105
vn -0.4991 0.6292 0.5959
vn -0.2318 0.5057 0.8310
vn -0.6983 0.3845 0.6038
vn -0.5147 0.4628 0.7218
vn 0.7124 -0.5915 0.3776
vn -0.0531 0.5699 0.8200
vn 0.6214 -0.4728 -0.6248
vn 0.9464 0.0130 -0.3227
vn 0.5278 0.6245 0.5757
vn 0.9190 -0.2479 -0.3066
vn 0.4287 0.5813 0.6916
vn 0.9881 0.0770 -0.1331
vn 0.1322 -0.6781 0.7230
vn 0.7827 -0.4897 -0.3842
vn 0.8380 -0.4914 0.2372
vn 0.7819 0.2176 0.5841
vn 0.2087 -0.0772 0.9749
vn -0.1516 -0.4444 0.8829
vn 0.4575 -0.8075 0.3722
vn 0.8447 0.0642 -0.5315
vn 0.7036 0.4609 -0.5409
vn 0.7048 0.4583 -0.5416
vn 0.7039 0.4601 -0.5411
vn 0.7050 0.4576 -0.5418
vn 0.4042 0.9143 -0.0257
vn -0.5346 0.4974 -0.6832
vn -0.5075 0.5804 -0.6369
vn -0.5229 0.7634 -0.3793
vn -0.3071 0.2818 0.9090
vn 0.1349 0.3213 0.9373
vn 0.2746 0.9287 0.2494
vn 0.2747 0.9286 0.2494
vn 0.2655 0.9309 0.2510
vn 0.9673 0.2362 0.0928
vn 0.4114 0.2689 0.8709
vn -0.2884 0.9549 -0.0705
vn 0.4870 -0.7592 0.4318
vn 0.4942 0.4193 0.7616
vn 0.5012 -0.7450 0.4402
vn -0.1059 0.9915 0.0760
vn 0.7276 0.3061 -0.6139
vn 0.8930 0.4413 -0.0885
vn -0.2522 0.1729 -0.9521
vn 0.5878 -0.6564 0.4729
vn 0.6858 -0.5057 0.5234
vn 0.6857 -0.5059 0.5233
vn 0.6857 -0.5059 0.5234
vn 0.9456 0.3253 0.0074
vn 0.9671 0.2241 0.1201
vn 0.7589 -0.4235 0.4947
vn 0.7760 -0.3944 0.4922
vn 0.3725 -0.1870 -0.9090
vn 0.4984 0.6928 -0.5212
vn 0.4755 0.4838 0.7348
vn 0.6010 0.6590 -0.4522
vn 0.7476 0.5844 -0.3156
vn 0.9812 0.0325 -0.1901
vn -0.2557 0.0280 0.9664
vn 0.4343 0.5874 0.6829
vn 0.3992 0.6083 0.6860
vn 0.8260 -0.5568 -0.0871
vn 0.0355 -0.7977 0.6020
vn 0.0376 -0.7662 0.6415
vn 0.9095 -0.4070 -0.0850
vn -0.6646 0.0098 -0.7471
vn 0.8769 0.4374 -0.1992
vn 0.0170 -0.0209 0.9996
vn 0.4483 0.8930 -0.0405
vn 0.5332 -0.8402 -0.0991
vn 0.1702 -0.1711 0.9704
vn 0.8351 -0.2252 -0.5019
vn -0.5806 0.4504 0.6783
vn 0.3563 0.1981 0.9131
vn 0.9728 0.0255 0.2302
vn -0.2805 0.5265 0.8026
vn 0.7258 -0.6177 0.3027
vn -0.3681 0.8077 0.4605
vn 0.6283 -0.5423 -0.5578
vn 0.6178 -0.3231 -0.7169
vn 0.0160 -0.3717 0.9282
vn 0.6230 -0.0836 -0.7778
vn 0.4984 -0.5560 0.6652
vn 0.6328 0.7668 0.1077
vn 0.9272 0.3493 0.1353
vn 0.8228 0.0719 -0.5637
vn -0.2190 -0.3277 0.9190
vn 0.7445 -0.5261 0.4110
vn 0.4833 -0.2037 0.8514
vn 0.2179 -0.0037 0.9760
vn -0.2829 0.4392 0.8527
vn 0.4085 -0.1342 0.9028
vn 0.8188 -0.2143 -0.5326
vn -0.3027 0.0241 0.9528
vn -0.3134 0.0556 0.9480
vn 0.4692 -0.0783 0.8796
vn -0.4374 0.0624 0.8971
vn 0.8955 -0.4285 0.1206
vn 0.9848 -0.1590 -0.0694
vn 0.9850 -0.1535 -0.0785
vn 0.9860 -0.1491 -0.0744
vn -0.3940 0.6166 -0.6816
vn 0.5871 0.3970 0.7055
vn 0.7224 -0.2599 0.6407
vn 0.9958 -0.0667 -0.0619
vn -0.3347 0.9246 -0.1818
vn 0.9989 0.0367 0.0281
vn 0.9988 0.0364 0.0315
vn 0.9988 0.0365 0.0313
vn 0.0725 -0.1189 -0.9903
vn 0.2752 0.9285 0.2493
vn 0.9989 0.0367 0.0277
vn 0.0210 -0.0443 -0.9988
vn 0.9763 -0.0176 -0.2155
vn 0.1921 0.9772 -0.0903
vn 0.6425 0.2353 0.7292
vn -0.2040 0.1715 -0.9638
vn 0.6581 0.6302 -0.4120
vn 0.7459 0.6099 0.2678
vn 0.8404 0.0401 -0.5405
vn 0.3764 -0.8637 0.3351
vn 0.9873 0.1019 0.1220
vn 0.9625 -0.0257 0.2702
vn -0.3673 0.2419 0.8981
vn 0.9303 0.0632 -0.3614
vn 0.9303 0.0631 -0.3613
vn 0.9303 0.0631 -0.3614
vn 0.7749 -0.6195 -0.1252
vn 0.7758 -0.6183 -0.1260
vn 0.7757 -0.6184 -0.1260
vn 0.6966 -0.5079 -0.5068
vn 0.5428 0.1195 0.8313
vn 0.8170 0.0959 0.5685
vn -0.6847 0.2994 -0.6645
vn 0.6953 -0.4327 0.5739
vn 0.6939 -0.4288 0.5784
vn 0.6939 -0.4285 0.5787
vn 0.0950 0.2589 -0.9612
vn 0.5784 -0.5122 0.6349
vn 0.8316 -0.0238 0.5549
vn -0.2295 0.1545 0.9610
vn -0.2293 0.1547 0.9610
vn -0.2292 0.1548 0.9610
vn 0.3093 0.8987 0.3110
vn -0.4742 0.3641 0.8016
vn 0.8570 -0.2658 0.4416
vn 0.9791 0.1986 0.0432
vn -0.1417 0.2431 0.9596
vn 0.7028 -0.5525 0.4482
vn 0.7175 0.6862 0.1192
vn -0.5284 0.4124 0.7421
vn 0.7505 -0.6191 -0.2311
vn 0.5326 0.2731 0.8011
vn 0.0169 0.5949 0.8036
vn 0.7300 -0.2664 -0.6294
vn 0.3491 0.4116 0.8418
vn -0.3114 0.4421 0.8412
vn 0.6742 0.5925 -0.4410
vn 0.6745 0.5910 -0.4425
vn 0.6736 0.5956 -0.4376
vn 0.5662 -0.6016 -0.5635
vn -0.0834 0.5143 0.8536
vn 0.9151 -0.3999 0.0509
vn 0.9779 -0.0617 -0.2000
vn 0.8327 -0.5537 -0.0094
vn 0.9251 -0.3754 0.0578
vn 0.0981 0.4787 0.8725
vn 0.0981 0.4791 0.8723
vn 0.0984 0.4781 0.8728
vn 0.8153 -0.5790 -0.0061
vn 0.7765 -0.6172 -0.1267
vn 0.5635 0.1038 -0.8195
vn 0.6856 0.1788 -0.7057
vn 0.7743 -0.6320 0.0316
vn 0.9724 0.0308 -0.2313
vn 0.9412 0.3033 -0.1491
vn 0.9381 -0.1648 -0.3047
vn 0.9747 -0.2125 0.0688
vn 0.9747 -0.2125 0.0689
vn 0.8815 -0.3017 0.3632
vn 0.6955 -0.4329 0.5735
vn 0.7443 -0.2911 0.6011
vn 0.9747 -0.2124 0.0689
vn 0.8937 0.3659 0.2596
vn -0.3335 0.3562 0.8729
vn -0.4107 -0.2764 0.8688
vn 0.5392 -0.2968 -0.7881
vn 0.6331 -0.3199 -0.7049
vn -0.0489 -0.2272 0.9726
vn 0.1719 0.4717 0.8648
vn -0.3409 -0.1971 -0.9192
vn 0.3581 -0.8243 0.4386
vn 0.3141 0.7365 -0.5991
vn 0.7439 -0.1359 0.6543
vn 0.7386 -0.3148 0.5961
vn -0.0960 0.4494 -0.8882
vn 0.3383 -0.5422 0.7691
vn 0.1522 -0.0425 0.9874
vn -0.1697 0.0074 0.9855
vn 0.9449 0.3165 -0.0834
vn 0.9453 0.3162 -0.0797
vn 0.9455 0.3161 -0.0780
vn 0.0043 -0.3855 0.9227
vn 0.4788 -0.6546 0.5850
vn 0.3956 -0.5426 0.7410
vn -0.2147 -0.4109 -0.8860
vn 0.6728 0.7355 -0.0795
vn 0.5563 -0.5613 0.6128
vn 0.1648 0.2774 0.9465
vn 0.3959 0.4600 0.7948
vn -0.3994 -0.1293 -0.9076
vn 0.2272 0.1149 0.9670
vn 0.5676 -0.4230 -0.7064
vn 0.2015 0.5232 0.8281
vn 0.3957 -0.6603 0.6383
vn 0.5243 -0.3098 -0.7932
vn 0.8629 0.0254 0.5047
vn 0.6317 -0.2984 0.7155
vn 0.2365 0.1304 0.9628
vn 0.2404 0.4669 0.8510
vn 0.6256 -0.5311 0.5714
vn 0.8280 0.1029 0.5512
vn 0.7963 -0.4439 0.4108
vn 0.5229 0.2884 0.8022
vn 0.7577 0.6387 0.1342
vn 0.1764 0.6951 0.6969
vn -0.2260 0.7210 0.6550
vn -0.5888 0.3314 0.7372
vn 0.9847 -0.1553 -0.0790
vn 0.1100 0.5857 0.8030
vn -0.1418 0.5638 0.8136
vn -0.6945 0.5949 0.4048
vn -0.6944 0.5943 0.4056
vn -0.6953 0.5998 0.3961
vn -0.4365 0.1399 0.8887
vn -0.6496 0.7561 -0.0797
vn 0.7569 -0.6475 -0.0880
vn -0.4913 0.1858 0.8509
vn 0.1002 0.4720 0.8759
vn 0.7635 0.3979 -0.5087
vn 0.1756 0.5782 0.7968
vn 0.7349 -0.4696 -0.4893
vn -0.8529 0.4517 0.2617
vn 0.9512 -0.0677 -0.3012
vn 0.4787 0.8771 -0.0401
vn 0.9826 -0.0682 -0.1727
vn 0.5640 -0.4219 -0.7099
vn -0.4401 0.5907 0.6763
vn -0.5446 0.5252 0.6539
vn 0.7041 -0.3315 0.6279
vn 0.8989 -0.4355 0.0471
vn 0.9009 -0.0358 -0.4325
vn 0.8396 -0.3881 -0.3801
vn -0.4639 0.1880 0.8657
vn 0.9356 -0.3516 -0.0334
vn 0.9870 -0.1544 -0.0443
vn 0.5519 -0.1455 -0.8211
vn 0.9161 0.0902 -0.3906
vn 0.2402 -0.6910 0.6818
vn 0.9676 -0.1374 -0.2117
vn -0.3029 0.4197 0.8556
vn 0.6929 -0.7196 -0.0460
vn 0.7182 -0.3265 0.6145
vn 0.7687 -0.1006 0.6317
vn -0.1838 -0.0081 0.9829
vn 0.7412 0.5956 0.3096
vn 0.6000 0.5271 -0.6019
vn 0.7304 -0.2944 0.6163
vn 0.6375 0.4441 -0.6296
vn 0.6844 0.7131 -0.1522
vn 0.2473 0.9689 0.0017
vn 0.4586 0.1336 0.8786
vn -0.5084 -0.2042 0.8366
vn -0.5080 -0.2045 0.8367
vn -0.5125 -0.2063 0.8335
vn 0.8606 0.1738 -0.4788
vn 0.3887 -0.0328 0.9208
vn -0.1019 0.5395 -0.8358
vn 0.5656 0.6567 -0.4989
vn 0.3308 -0.5820 0.7429
vn 0.3307 0.6983 -0.6349
vn -0.2821 0.1452 0.9483
vn 0.2473 -0.6243 0.7410
vn -0.0553 -0.5348 -0.8432
vn 0.0715 0.5320 0.8437
vn 0.4854 -0.3382 -0.8062
vn 0.4862 -0.5940 0.6409
vn 0.9130 0.1550 0.3773
vn 0.9083 0.1440 0.3927
vn 0.8096 0.2639 -0.5243
vn 0.4733 0.8751 -0.1007
vn 0.9637 0.1631 0.2112
vn 0.6999 -0.4427 -0.5606
vn 0.8337 0.2393 -0.4977
vn 0.5880 0.8041 -0.0881
vn 0.9779 0.0373 -0.2059
vn -0.2833 0.0678 0.9566
vn 0.0671 0.5270 0.8472
vn 0.5779 0.5792 0.5749
vn 0.0271 -0.0617 0.9977
vn 0.9379 -0.0025 -0.3468
vn 0.8635 -0.1313 0.4870
vn 0.8633 -0.1311 0.4874
vn 0.8632 -0.1342 0.4866
vn 0.9315 0.1077 -0.3474
vn -0.4055 0.0786 0.9107
vn -0.4363 0.1828 0.8810
vn 0.3184 0.1893 0.9289
vn 0.6859 -0.3364 -0.6453
vn 0.8092 0.0278 -0.5869
vn -0.4213 0.5949 0.6846
vn -0.0188 0.7218 0.6918
vn -0.1890 0.3477 0.9184
vn 0.9766 -0.0882 -0.1964
vn 0.9955 -0.0832 -0.0448
vn -0.3521 0.1450 0.9247
vn -0.6954 0.6006 0.3945
vn -0.5293 0.4272 0.7331
vn 0.2404 0.0008 0.9707
vn -0.1962 0.2395 0.9509
vn 0.5296 -0.6499 0.5451
vn 0.7578 -0.5244 -0.3883
vn -0.6998 0.5634 0.4392
vn 0.9188 -0.3906 0.0578
vn 0.8080 -0.5783 0.1128
vn -0.4888 0.4940 0.7191
vn 0.9467 -0.0239 -0.3211
vn 0.9139 -0.3421 0.2187
vn 0.9760 0.2163 -0.0255
vn 0.7878 -0.5256 -0.3212
vn 0.4893 0.8667 -0.0973
vn 0.6997 -0.3434 0.6265
vn -0.6894 0.7133 0.1261
vn 0.6996 0.6542 0.2875
vn 0.6654 0.6817 0.3041
vn 0.5037 0.2456 0.8282
vn 0.2304 -0.0146 0.9730
vn 0.5037 0.2358 0.8311
vn 0.2519 0.0230 0.9675
vn 0.1698 0.0032 0.9855
vn 0.6011 0.3971 -0.6935
vn 0.7532 0.4576 -0.4726
vn 0.6734 0.5968 -0.4363
vn 0.8759 -0.4804 0.0446
vn 0.5858 0.6200 -0.5220
vn 0.9120 -0.4060 0.0592
vn 0.6142 0.3499 -0.7073
vn 0.2620 -0.0579 -0.9633
vn -0.6314 0.6918 -0.3503
vn -0.4043 0.0769 -0.9114
vn 0.2803 -0.1743 -0.9439
vn 0.8951 0.2807 0.3463
vn 0.7394 0.1088 -0.6644
vn 0.7425 0.1090 -0.6610
vn 0.7428 0.1088 -0.6606
vn 0.9173 -0.2170 -0.3338
vn 0.9302 0.0632 -0.3614
vn 0.5575 0.6472 -0.5199
vn 0.8967 -0.1100 0.4288
vn 0.5982 0.2951 -0.7450
vn 0.2493 -0.0706 -0.9658
vn 0.4728 -0.0815 -0.8774
vn 0.6199 0.6584 -0.4269
vn -0.4860 -0.1656 0.8581
vn 0.2544 0.3448 -0.9035
vn 0.9833 -0.1660 -0.0743
vn -0.6682 0.4475 -0.5944
vn 0.0839 -0.1930 -0.9776
vn 0.0841 -0.1970 -0.9768
vn 0.0840 -0.1977 -0.9767
vn 0.7822 0.2467 -0.5721
vn 0.6046 0.2334 0.7616
vn 0.2036 0.9539 0.2203
vn 0.1709 0.2282 -0.9585
vn 0.2503 0.0210 -0.9679
vn 0.7463 0.6062 0.2750
vn -0.1531 0.5237 0.8380
vn -0.0604 -0.6211 -0.7814
vn 0.5829 -0.3265 -0.7441
vn 0.5869 -0.1251 -0.7999
vn -0.6554 -0.0403 -0.7542
vn 0.7659 0.6069 0.2125
vn 0.9890 0.0620 -0.1344
vn 0.3787 -0.0880 -0.9213
vn -0.1220 -0.2474 0.9612
vn 0.8230 -0.0246 0.5675
vn -0.2490 0.0486 0.9673
vn 0.9198 0.3518 -0.1737
vn -0.0923 -0.0115 0.9957
vn -0.0918 -0.1416 0.9857
vn 0.0423 0.6074 0.7933
vn -0.5660 0.1606 0.8086
vn -0.1192 0.4062 0.9060
vn 0.2959 0.9331 -0.2044
vn -0.0827 0.5372 0.8394
vn 0.5153 0.6855 0.5143
vn -0.2290 0.1549 0.9610
vn 0.0876 0.0912 0.9920
vn 0.6139 0.3097 0.7261
vn -0.1360 0.4349 0.8901
vn -0.0078 0.0696 0.9975
vn 0.7504 0.2076 -0.6276
vn 0.7393 0.1082 -0.6646
vn -0.4714 0.1453 0.8699
vn -0.0201 0.1368 0.9904
vn 0.8997 -0.1668 -0.4033
vn 0.5097 -0.0074 -0.8603
vn 0.8632 -0.1347 0.4866
vn 0.0812 0.4243 0.9019
vn -0.6150 0.7409 0.2698
vn -0.6195 0.7381 0.2672
vn -0.6153 0.7407 0.2698
vn 0.9672 -0.2388 0.0868
vn 0.5239 -0.1973 -0.8286
vn 0.3660 0.9057 -0.2137
vn 0.5610 0.2408 0.7920
vn 0.7422 0.6700 -0.0181
vn -0.9002 0.2654 0.3454
vn 0.2490 -0.6625 0.7064
vn 0.4683 0.8395 0.2757
vn -0.6214 0.4169 0.6634
vn 0.0976 0.7567 -0.6465
vn 0.8790 0.4731 -0.0598
vn 0.9385 0.2125 0.2720
vn 0.4641 -0.3782 -0.8010
vn 0.1997 -0.4015 -0.8938
vn 0.3590 -0.4759 0.8029
vn 0.7204 -0.0538 -0.6915
vn 0.7820 -0.1105 0.6134
vn 0.7858 -0.1566 -0.5983
vn 0.9144 -0.0367 -0.4033
vn 0.1563 -0.7949 -0.5862
vn -0.9408 0.0387 0.3368
vn -0.9410 0.0394 0.3360
vn -0.9409 0.0392 0.3363
vn -0.1188 -0.9928 -0.0118
vn -0.6445 0.0662 0.7618
vn 0.0307 -0.4346 -0.9001
vn -0.3470 -0.8978 0.2710
vn 0.3897 -0.1477 -0.9090
vn -0.1489 0.9059 -0.3964
vn -0.2799 0.9260 -0.2532
vn 0.5073 0.8485 -0.1505
vn -0.9782 0.1534 0.1399
vn 0.4006 -0.1129 -0.9092
vn -0.8325 0.0668 0.5499
vn -0.1755 -0.5234 0.8338
vn 0.3807 0.8972 0.2238
vn 0.3646 -0.1783 -0.9139
vn 0.1360 0.8139 0.5649
vn 0.1795 0.7959 -0.5783
vn -0.0858 -0.3439 0.9351
vn -0.1052 -0.3144 0.9435
vn -0.1055 -0.3171 0.9425
vn -0.1062 -0.3238 0.9402
vn 0.0169 -0.5776 -0.8162
vn -0.1528 0.3720 0.9156
vn 0.2486 -0.0096 0.9686
vn -0.1146 -0.3128 0.9429
vn -0.0317 0.3961 0.9177
vn 0.9754 -0.1146 0.1881
vn 0.6887 -0.6033 0.4021
vn 0.7222 -0.6691 -0.1756
vn 0.9848 -0.0995 -0.1426
vn 0.2445 -0.7098 -0.6606
vn 0.2032 0.6428 -0.7386
vn -0.2492 0.4416 0.8619
vn 0.8291 -0.4447 -0.3388
vn -0.4429 -0.2502 0.8610
vn 0.3614 0.9251 0.1163
vn -0.3485 0.3562 0.8670
vn 0.7454 -0.2749 0.6073
vn 0.9584 -0.0565 -0.2798
vn 0.5272 0.3941 0.7529
vn -0.0650 0.9975 0.0264
vn 0.5974 0.7419 0.3044
vn 0.2799 0.9521 -0.1228
vn -0.8658 -0.3131 -0.3904
vn -0.9111 -0.0178 0.4118
vn 0.9385 0.2353 0.2525
vn -0.8382 0.5312 0.1232
vn 0.2952 0.4790 0.8267
vn 0.2954 0.4790 0.8266
vn 0.2961 0.4783 0.8268
vn 0.8898 -0.2436 0.3858
vn 0.8686 -0.1589 -0.4694
vn 0.1935 -0.7153 -0.6715
vn 0.6839 0.6411 -0.3483
vn 0.0020 -0.8367 -0.5476
vn -0.0380 -0.9992 -0.0077
vn 0.0011 -0.9986 -0.0527
vn 0.2927 0.1613 0.9425
vn -0.0947 -0.6765 -0.7303
vn 0.2668 0.4936 -0.8278
vn -0.3595 0.7417 0.5662
vn -0.3970 -0.6922 0.6027
vn 0.7424 -0.1169 0.6597
vn 0.9864 -0.0658 -0.1504
vn 0.5780 0.4948 -0.6490
vn 0.8933 0.4153 -0.1721
vn 0.8923 0.4172 -0.1726
vn 0.8920 0.4177 -0.1727
vn 0.4959 0.5498 0.6722
vn 0.2677 0.6705 0.6919
vn -0.9304 0.3168 0.1842
vn 0.2703 0.3997 -0.8759
vn 0.3027 0.6774 0.6704
vn 0.0310 -0.7503 -0.6603
vn 0.1503 0.0474 0.9875
vn 0.1481 0.0473 0.9878
vn 0.1500 0.0474 0.9875
vn 0.6578 0.1599 -0.7361
vn 0.3621 -0.5587 0.7462
vn -0.7807 0.3552 0.5142
vn -0.7819 0.3584 0.5101
vn -0.7805 0.3546 0.5148
vn -0.6391 0.5258 0.5612
vn -0.7178 0.2751 0.6396
vn 0.5682 -0.5151 0.6418
vn 0.5703 -0.5142 0.6406
vn 0.5619 -0.5176 0.6452
vn 0.9487 -0.2967 -0.1089
vn 0.3995 -0.3672 -0.8400
vn 0.5317 0.8470 0.0025
vn 0.5593 0.8287 0.0199
vn -0.2700 0.8229 0.5000
vn -0.3570 0.8634 0.3565
vn -0.1785 0.9662 0.1858
vn -0.0296 -0.9980 -0.0554
vn -0.1612 -0.5248 0.8358
vn -0.8722 0.2080 -0.4427
vn 0.6437 0.6600 -0.3874
vn 0.6449 0.6589 -0.3872
vn 0.6447 0.6591 -0.3873
vn -0.9874 0.1444 0.0644
vn 0.7302 0.6174 -0.2924
vn -0.2572 0.5822 0.7713
vn -0.2575 0.5819 0.7714
vn -0.2544 0.5876 0.7681
vn -0.7759 0.0580 -0.6282
vn -0.2448 -0.4357 -0.8661
vn 0.3921 0.7052 0.5907
vn 0.3916 0.7048 0.5916
vn 0.8258 -0.1329 0.5481
vn -0.0510 0.3975 0.9162
vn 0.8604 0.2367 -0.4513
vn 0.8852 -0.0252 -0.4645
vn 0.9417 -0.0759 -0.3279
vn -0.4827 0.2566 0.8373
vn 0.8491 -0.1270 -0.5128
vn -0.3808 0.6871 0.6188
vn -0.5089 0.7033 0.4964
vn 0.7270 0.6193 0.2965
vn 0.1832 0.6871 -0.7031
vn -0.6640 0.3536 -0.6588
vn 0.5505 -0.8300 0.0898
vn 0.7772 -0.4146 -0.4734
vn 0.7897 0.1729 -0.5886
vn -0.6197 0.7380 0.2670
vn 0.6518 0.6747 0.3463
vn 0.5869 0.5553 -0.5892
vn -0.3116 0.0180 0.9501
vn 0.8377 0.5239 -0.1541
vn 0.0485 0.8429 -0.5359
vn -0.5141 -0.3359 0.7893
vn -0.9870 0.0930 -0.1308
vn -0.4369 -0.5498 -0.7119
vn 0.6529 -0.5288 -0.5423
vn 0.7905 -0.4208 -0.4450
vn 0.8593 -0.4533 -0.2368
vn 0.6933 0.4300 -0.5783
vn -0.9781 0.1034 0.1806
vn 0.6605 -0.0760 -0.7470
vn 0.6583 -0.0742 -0.7491
vn 0.6600 -0.0762 -0.7474
vn -0.6161 0.0271 0.7872
vn -0.2012 -0.9740 0.1044
vn -0.9932 0.0708 0.0923
vn 0.3250 -0.3971 -0.8583
vn 0.8570 0.0966 0.5062
vn 0.9291 0.3689 0.0249
vn 0.9304 0.3656 0.0260
vn 0.9307 0.3650 0.0263
vn -0.3233 -0.6146 -0.7196
vn -0.3232 -0.6146 -0.7196
vn -0.3230 -0.6146 -0.7196
vn 0.7664 -0.4008 -0.5019
vn -0.1022 -0.4761 0.8735
vn 0.1409 -0.5838 0.7996
vn 0.7262 0.0098 0.6874
vn 0.6948 -0.0226 0.7188
vn -0.1633 0.6050 0.7793
vn 0.3798 0.6375 -0.6703
vn -0.3898 0.8367 0.3848
vn -0.3884 0.8383 0.3827
vn -0.3845 0.8427 0.3769
vn 0.5971 0.6596 0.4564
vn -0.5126 -0.2067 0.8334
vn -0.4026 0.1714 0.8992
vn -0.0420 0.5769 0.8157
vn 0.9400 -0.3408 0.0171
vn -0.1830 0.3582 0.9155
vn -0.2543 -0.7632 0.5940
vn -0.2569 -0.8390 0.4796
vn 0.0061 -0.8869 0.4619
vn 0.9539 -0.0871 0.2872
vn -0.3142 -0.3643 0.8767
vn 0.6920 0.2148 -0.6892
vn -0.1276 0.8161 0.5637
vn 0.6330 0.6604 -0.4040
vn 0.7021 -0.2472 -0.6677
vn -0.0151 0.6516 -0.7584
vn -0.0174 0.6521 -0.7579
vn -0.0150 0.6515 -0.7585
vn 0.8844 0.3974 -0.2448
vn 0.4662 0.8368 -0.2872
vn 0.2431 0.3754 0.8944
vn 0.4659 -0.5878 -0.6614
vn 0.0089 0.8475 -0.5308
vn 0.3935 -0.3421 -0.8533
vn 0.7410 0.6332 -0.2235
vn 0.6103 0.7366 0.2914
vn 0.4868 -0.4252 0.7630
vn 0.8258 0.4408 0.3518
vn -0.2168 0.0307 0.9757
vn 0.9330 -0.3018 -0.1959
vn 0.8894 -0.4380 0.1307
vn 0.9296 -0.3267 -0.1708
vn -0.4027 -0.3481 -0.8466
vn 0.5949 -0.3764 0.7102
vn 0.3176 0.6962 -0.6438
vn 0.7583 -0.6504 0.0435
vn 0.0482 0.7031 -0.7094
vn -0.4918 -0.0362 0.8700
vn 0.8552 -0.4612 -0.2365
vn -0.8439 -0.4675 0.2633
vn -0.3439 -0.1105 0.9325
vn 0.6583 0.5877 0.4704
vn 0.6821 -0.5762 -0.4502
vn 0.8378 0.1057 0.5357
vn -0.8562 -0.2680 0.4417
vn 0.9594 -0.1894 -0.2091
vn 0.3910 0.7043 0.5925
vn 0.3195 0.2260 0.9202
vn -0.5468 0.1007 0.8312
vn -0.7235 0.6546 -0.2191
vn 0.6184 0.1874 -0.7632
vn -0.4589 -0.8867 0.0568
vn -0.5654 0.2023 -0.7996
vn 0.0638 -0.4780 -0.8760
vn 0.6648 -0.2894 0.6887
vn -0.7511 0.6590 0.0393
vn -0.8847 0.4640 0.0453
vn 0.6396 -0.3208 0.6986
vn 0.6885 0.3001 -0.6603
vn 0.7079 -0.3535 -0.6115
vn -0.3267 0.3363 0.8833
vn -0.9293 0.1378 0.3427
vn -0.3572 -0.5141 0.7798
vn 0.6609 -0.1324 0.7387
vn 0.7570 -0.0860 -0.6477
vn -0.0579 0.0616 0.9964
vn -0.6545 0.6640 0.3615
vn 0.4365 -0.3462 -0.8304
vn 0.0522 -0.8873 -0.4582
vn 0.0343 -0.4326 0.9010
vn 0.0947 -0.4312 0.8973
vn -0.7092 0.5807 0.3997
vn -0.5628 0.6221 0.5442
vn 0.0355 -0.9629 0.2674
vn -0.0030 -0.3061 -0.9520
vn 0.4376 -0.3565 -0.8255
vn 0.6489 0.3040 -0.6975
vn 0.2772 -0.6449 -0.7122
vn 0.8845 -0.1182 -0.4514
vn 0.4256 -0.2260 -0.8763
vn 0.4257 -0.2254 -0.8763
vn 0.4251 -0.2278 -0.8760
vn 0.2237 0.8911 -0.3950
vn -0.8674 -0.4836 -0.1170
vn -0.8662 -0.4853 -0.1193
vn -0.8703 -0.4797 -0.1119
vn -0.2955 -0.8500 0.4361
vn 0.1477 0.0471 0.9879
vn 0.3048 -0.0491 -0.9512
vn -0.6699 -0.7425 0.0023
vn 0.1921 -0.4779 0.8571
vn 0.1885 -0.4762 0.8589
vn 0.1869 -0.4754 0.8597
vn 0.4383 -0.4176 -0.7959
vn 0.6435 0.6601 -0.3874
vn -0.7681 0.2507 0.5892
vn -0.4596 0.4341 0.7748
vn -0.7833 -0.6085 -0.1274
vn -0.7002 0.3660 0.6130
vn -0.6281 0.4943 0.6009
vn -0.3905 0.8650 0.3150
vn 0.8462 0.2174 -0.4866
vn 0.0371 -0.0287 0.9989
vn 0.7485 0.1011 -0.6554
vn 0.4798 0.0526 -0.8758
vn 0.8270 0.0700 -0.5579
vn 0.2345 0.9227 0.3060
vn 0.2724 0.5480 0.7908
vn 0.2170 -0.5896 -0.7780
vn 0.5408 -0.0740 -0.8379
vn 0.5649 0.0334 -0.8245
vn 0.9852 -0.1516 -0.0795
vn 0.8601 -0.1384 -0.4911
vn -0.3945 -0.1573 -0.9053
vn 0.5271 0.7707 -0.3580
vn -0.4062 -0.0028 -0.9138
vn 0.0875 0.3977 0.9133
vn -0.4529 -0.2824 0.8457
vn 0.3344 -0.0783 -0.9392
vn 0.1700 -0.3804 -0.9090
vn 0.1717 -0.3728 -0.9119
vn 0.1713 -0.3729 -0.9119
vn -0.2865 0.1643 0.9439
vn 0.3889 -0.3654 -0.8457
vn 0.8723 -0.1007 -0.4784
vn -0.9432 0.0470 0.3289
vn 0.9251 -0.0908 -0.3687
vn -0.4131 0.4553 0.7887
vn 0.7605 -0.4531 -0.4652
vn -0.0601 -0.6044 -0.7944
vn 0.4555 -0.8801 -0.1343
vn 0.6597 -0.4356 -0.6125
vn -0.5157 0.8523 -0.0875
vn -0.1117 -0.1883 0.9757
vn -0.6691 0.6763 0.3082
vn -0.6077 -0.1707 -0.7756
vn 0.3889 0.4676 -0.7938
vn -0.9816 0.1374 0.1325
vn 0.3974 -0.1073 -0.9114
vn 0.8261 0.4577 -0.3286
vn 0.8778 0.4361 -0.1984
vn 0.1545 0.6379 0.7545
vn 0.5866 -0.7999 -0.1265
vn -0.1201 0.7523 0.6478
vn 0.8871 0.4182 0.1955
vn -0.0459 0.6425 0.7649
vn 0.9307 -0.3648 0.0277
vn 0.4289 -0.3571 -0.8298
vn 0.9676 -0.1137 -0.2255
vn 0.4228 0.8526 -0.3071
vn 0.2802 0.0993 -0.9548
vn -0.2251 -0.8630 -0.4523
vn 0.8980 -0.3755 -0.2291
vn 0.8498 -0.4643 -0.2495
vn 0.1205 -0.5514 -0.8255
vn 0.7439 -0.0525 -0.6663
vn -0.2203 -0.8004 -0.5575
vn -0.2424 -0.8489 -0.4697
vn 0.1702 -0.3807 -0.9089
vn -0.2678 -0.9214 0.2817
vn 0.3709 0.5190 0.7701
vn -0.8645 0.2950 0.4070
vn 0.3566 -0.4829 -0.7998
vn -0.5884 -0.8085 0.0014
vn -0.6063 -0.7810 -0.1495
vn 0.8600 -0.3143 -0.4020
vn -0.0901 -0.9959 0.0039
vn -0.0630 0.9897 -0.1284
vn -0.1071 0.9742 0.1986
vn 0.5119 0.4772 -0.7143
vn 0.9935 0.0383 -0.1068
vn 0.5177 0.3989 -0.7569
vn 0.7020 0.5490 0.4536
vn 0.0276 0.6048 0.7959
vn 0.7646 0.3532 0.5391
vn 0.6041 0.3279 -0.7263
vn 0.0568 0.8542 0.5168
vn 0.4693 0.8641 -0.1818
vn 0.4515 0.7371 0.5029
vn 0.3446 0.8919 0.2928
vn 0.2294 0.8466 0.4802
vn -0.1273 -0.0717 0.9893
vn -0.1737 -0.7427 0.6467
vn 0.3501 0.4445 -0.8245
vn 0.5953 0.7890 0.1524
vn 0.4952 -0.0606 -0.8667
vn -0.8816 0.1970 0.4290
vn 0.1896 0.4844 -0.8541
vn -0.8509 0.1990 0.4861
vn 0.5945 0.7404 -0.3137
vn 0.8803 0.3837 0.2790
vn -0.7122 0.6373 -0.2942
vn 0.8468 -0.3625 -0.3892
vn -0.9309 0.0133 0.3650
vn -0.7350 0.6762 0.0508
vn 0.0837 -0.1926 -0.9777
vn 0.2675 0.2615 0.9274
vn 0.4692 0.0961 -0.8778
vn 0.1146 0.9016 0.4170
vn -0.1835 -0.2689 -0.9455
vn 0.1894 0.6524 -0.7338
vn 0.0720 -0.4660 -0.8819
vn -0.1225 0.9148 0.3850
vn 0.8727 -0.1092 -0.4760
vn 0.8751 -0.1161 -0.4698
vn 0.8725 -0.1089 -0.4763
vn -0.7510 0.3784 0.5411
vn 0.1107 -0.9932 -0.0357
vn 0.4636 -0.4697 -0.7513
vn 0.5332 0.7225 0.4400
vn -0.6728 0.0366 0.7390
vn 0.9212 0.3175 -0.2251
vn -0.4641 -0.4139 -0.7831
vn -0.8203 0.3895 0.4187
vn 0.9390 0.3337 0.0837
vn 0.5399 0.4968 0.6795
vn 0.5570 -0.0824 -0.8264
vn 0.1459 0.0236 -0.9890
vn -0.7449 0.3338 0.5777
vn 0.0447 0.9474 -0.3170
vn -0.1828 0.7701 0.6112
vn 0.3600 0.2434 0.9006
vn 0.0743 -0.9911 -0.1106
vn 0.3636 0.3392 -0.8676
vn 0.8504 -0.3390 0.4024
vn 0.0506 0.9482 0.3135
vn -0.9567 0.0721 0.2821
vn 0.1092 -0.3028 -0.9468
vn -0.2910 0.8152 0.5008
vn 0.1405 -0.9806 -0.1368
vn 0.7572 -0.5673 -0.3237
vn -0.0243 -0.1683 -0.9854
vn 0.1854 0.7349 -0.6523
vn 0.5321 0.7581 -0.3770
vn 0.1462 0.3197 -0.9362
vn 0.4756 -0.2452 0.8448
vn -0.9122 0.3011 0.2778
vn -0.1917 -0.3986 -0.8969
vn -0.5234 0.2898 0.8013
vn 0.3616 -0.5428 -0.7580
vn 0.6195 -0.7156 -0.3227
vn 0.9543 0.1432 -0.2624
vn -0.0664 -0.2091 0.9756
vn 0.4456 -0.2310 -0.8649
vn -0.3572 -0.8985 0.2551
vn -0.8003 -0.1558 0.5789
vn 0.6774 0.6852 -0.2676
vn 0.3030 0.2376 -0.9229
vn -0.4314 -0.2271 -0.8731
vn -0.8457 -0.3816 0.3730
vn -0.8456 -0.3817 0.3731
vn -0.8456 -0.3818 0.3731
vn 0.1098 0.4718 -0.8748
vn -0.0443 -0.9989 -0.0177
vn 0.9610 0.2750 -0.0289
vn 0.1256 0.6234 0.7718
vn 0.3445 0.8258 0.4465
vn -0.2833 -0.8804 -0.3803
vn -0.3662 0.0791 0.9272
vn 0.5845 0.6310 0.5100
vn 0.3071 0.7078 0.6362
vn 0.6402 0.4239 -0.6407
vn 0.1939 -0.4788 0.8563
vn -0.4192 -0.5602 -0.7144
vn 0.3098 0.8698 0.3841
vn 0.9399 0.0805 0.3319
vn -0.2826 -0.0050 0.9592
vn -0.7064 -0.3053 0.6386
vn -0.0748 -0.6300 -0.7730
vn 0.7348 -0.6433 -0.2152
vn -0.8345 0.5291 0.1539
vn 0.9025 0.2637 -0.3406
vn -0.6614 -0.1236 0.7398
vn -0.6633 -0.1233 0.7382
vn -0.6543 -0.1249 0.7458
vn 0.7321 -0.4641 -0.4986
vn 0.0042 -0.7383 -0.6745
vn 0.7080 -0.6459 -0.2854
vn 0.3260 0.6959 0.6398
vn -0.7818 -0.5117 0.3562
vn -0.0197 -0.4425 -0.8966
vn -0.4804 0.7369 0.4756
vn -0.5446 0.2764 0.7919
vn -0.9534 0.2707 0.1336
vn 0.2584 -0.1413 0.9557
vn -0.9293 0.2190 0.2973
vn 0.7167 0.2368 0.6560
vn 0.0635 -0.4755 -0.8774
vn -0.4734 0.6442 0.6008
vn 0.0920 -0.3258 0.9410
vn 0.0897 -0.3234 0.9420
vn 0.0927 -0.3267 0.9406
vn -0.2939 0.2244 0.9291
vn -0.9424 0.2951 0.1574
vn -0.3165 0.5333 0.7845
vn 0.3291 -0.4585 -0.8255
vn -0.2803 0.2486 0.9272
vn 0.9207 -0.3884 0.0381
vn 0.9089 0.2334 -0.3454
vn -0.0483 -0.1284 0.9905
vn 0.3045 0.4717 0.8275
vn 0.5795 -0.6130 -0.5370
vn 0.7119 0.4109 -0.5695
vn -0.7018 0.5031 -0.5043
vn 0.2218 -0.6660 -0.7122
vn 0.8756 -0.2902 -0.3862
vn 0.5111 -0.5465 0.6634
vn 0.9092 0.4131 -0.0516
vn -0.0013 0.3757 -0.9268
vn 0.0056 -0.3973 0.9177
vn 0.9941 0.1023 -0.0373
vn 0.5974 -0.2190 0.7715
vn 0.5977 -0.2211 0.7706
vn 0.5988 -0.2297 0.7673
vn 0.7074 -0.7016 -0.0864
vn -0.6351 0.7720 0.0259
vn 0.7724 -0.3647 0.5200
vn 0.6122 0.6477 0.4536
vn 0.1922 -0.4422 0.8761
vn 0.4734 -0.3466 -0.8098
vn 0.3328 0.0586 0.9412
vn 0.5313 -0.1450 0.8347
vn 0.7642 -0.5211 0.3800
vn 0.7642 -0.5206 0.3808
vn 0.7640 -0.5278 0.3711
vn 0.9321 0.3291 -0.1515
vn 0.7639 -0.5290 0.3695
vn -0.3309 -0.6713 0.6632
vn -0.3764 -0.7336 0.5659
vn 0.0690 -0.5788 -0.8125
vn 0.8333 0.0627 0.5492
vn 0.4409 0.6900 0.5740
vn 0.6569 -0.0037 -0.7540
vn 0.7191 -0.3519 -0.5992
vn 0.6426 0.7279 -0.2392
vn 0.6104 -0.7868 0.0916
vn 0.8013 -0.1610 -0.5762
vn 0.0707 0.3177 -0.9455
vn -0.4882 -0.7975 -0.3545
vn 0.3105 0.3212 -0.8947
vn 0.5294 -0.4729 -0.7043
vn 0.4915 0.7878 -0.3712
vn 0.2228 0.6421 -0.7335
vn 0.0200 -0.3519 -0.9358
vn -0.0900 -0.3091 0.9468
vn 0.8953 0.3940 0.2078
vn -0.9320 0.1331 0.3370
vn 0.7468 -0.1821 0.6396
vn 0.7420 0.3849 -0.5489
vn 0.7545 0.5649 0.3342
vn -0.2353 0.8882 -0.3947
vn 0.1158 -0.8310 0.5440
vn 0.1151 -0.8307 0.5447
vn 0.1135 -0.8298 0.5464
vn 0.0389 -0.0027 0.9992
vn -0.0082 -0.1481 0.9889
vn 0.3224 -0.9383 0.1249
vn 0.7038 -0.0215 -0.7101
vn 0.6282 -0.3489 -0.6954
vn 0.6281 -0.3490 -0.6954
vn 0.6282 -0.3490 -0.6954
vn -0.2580 -0.9139 0.3133
vn 0.3347 0.9107 0.2422
vn 0.5364 0.7214 0.4380
vn 0.7672 0.6405 0.0356
vn 0.8005 -0.4079 -0.4390
vn 0.8275 -0.0375 -0.5602
vn 0.7356 0.6237 -0.2642
vn 0.3594 0.7125 0.6026
vn -0.9577 -0.2874 0.0158
vn 0.4410 0.5999 0.6676
vn 0.7889 -0.5802 -0.2024
vn 0.8179 -0.5448 -0.1850
vn 0.8151 -0.5724 0.0886
vn 0.7058 0.0955 -0.7020
vn 0.8755 -0.4627 -0.1396
vn -0.9315 0.1585 0.3273
vn 0.3261 0.0248 0.9450
vn 0.0541 -0.8402 -0.5396
vn 0.1152 -0.4316 -0.8947
vn 0.1977 0.6865 0.6997
vn 0.9676 0.2377 -0.0851
vn 0.8322 0.3619 -0.4201
vn -0.9101 -0.4066 0.0804
vn 0.1720 0.0425 0.9842
vn 0.9447 0.3166 -0.0853
vn 0.1750 0.2070 0.9626
vn 0.9829 0.1712 0.0679
vn -0.7644 -0.2666 -0.5871
vn -0.2139 0.6352 0.7421
vn 0.4651 0.5982 0.6526
vn 0.6710 -0.4959 -0.5512
vn 0.8302 -0.4484 -0.3313
vn 0.5687 0.8225 -0.0096
vn 0.3550 0.2332 0.9053
vn 0.4488 0.7259 0.5213
vn 0.2302 -0.9729 -0.0198
vn 0.9357 -0.3476 -0.0609
vn 0.7702 0.5073 -0.3867
vn -0.2233 -0.5513 -0.8039
vn -0.2464 -0.5290 -0.8121
vn -0.2463 -0.5292 -0.8119
vn -0.1718 0.8217 0.5434
vn 0.6817 -0.0681 0.7285
vn -0.3712 0.9211 0.1173
vn -0.1240 -0.0073 0.9923
vn -0.6532 -0.1252 0.7468
vn -0.5410 0.7258 0.4249
vn -0.9108 0.0447 0.4105
vn -0.2560 -0.8230 0.5070
vn 0.0406 0.0256 0.9988
vn 0.4508 0.8423 -0.2957
vn -0.7821 0.3591 0.5092
vn 0.2208 0.4258 -0.8774
vn 0.4196 -0.1213 -0.8996
vn 0.7648 -0.1977 -0.6131
vn -0.0175 0.6521 -0.7580
vn 0.1987 0.9451 -0.2594
vn -0.7770 -0.6241 -0.0821
vn 0.9194 0.2271 -0.3213
vn -0.2129 0.3417 0.9154
vn 0.7788 0.5450 0.3104
vn 0.6026 0.4719 0.6436
vn -0.0290 -0.3110 0.9500
vn -0.5313 0.1559 0.8327
vn -0.5314 0.1563 0.8326
vn -0.5312 0.1558 0.8328
vn 0.0795 -0.9787 -0.1894
vn -0.3851 0.2617 0.8850
vn -0.1386 -0.3288 -0.9342
vn 0.6675 0.1511 -0.7291
vn 0.6872 0.6948 0.2122
vn 0.2092 0.7282 -0.6526
vn 0.9141 0.4035 -0.0392
vn 0.9135 0.4045 -0.0448
vn 0.9142 0.4035 -0.0387
vn 0.0538 0.3132 -0.9482
vn 0.9143 0.4031 -0.0381
vn 0.3619 0.7970 0.4836
vn 0.0889 -0.3226 0.9423
vn 0.5157 0.6909 -0.5066
vn -0.2283 0.9625 0.1468
vn -0.1798 0.9546 0.2374
vn 0.3857 -0.2912 -0.8755
vn -0.0234 0.9988 -0.0439
vn 0.0826 0.9237 0.3741
vn -0.2096 0.9204 -0.3302
vn -0.4511 0.0393 0.8916
vn -0.7086 0.6489 -0.2771
vn -0.2346 -0.6108 0.7563
vn 0.5805 -0.7283 -0.3641
vn 0.2971 0.0522 0.9534
vn 0.1048 0.9920 -0.0699
vn -0.9972 -0.0189 0.0725
vn 0.6387 -0.4235 -0.6424
vn 0.8867 -0.1838 -0.4243
vn 0.1298 0.6252 0.7696
vn 0.1004 -0.7308 -0.6752
vn -0.0033 -0.4642 -0.8857
vn 0.6335 -0.1957 -0.7486
vn 0.3048 0.6352 0.7096
vn 0.9121 -0.2817 -0.2978
vn -0.0258 0.8346 0.5502
vn -0.8344 0.5220 0.1767
vn 0.5898 -0.2651 -0.7628
vn 0.9330 -0.1168 -0.3404
vn 0.0332 -0.2263 0.9735
vn 0.4661 0.5110 0.7223
vn -0.3738 0.2966 0.8788
vn 0.1719 0.1915 0.9663
vn -0.2127 -0.0205 0.9769
vn 0.7390 -0.1609 0.6542
vn 0.1630 -0.0540 0.9851
vn 0.5603 -0.6596 0.5011
vn 0.7061 -0.5291 -0.4707
vn 0.3449 -0.1005 0.9332
vn 0.8665 -0.1622 -0.4721
vn 0.9474 -0.2799 0.1550
vn 0.8046 0.5884 -0.0800
vn 0.7538 -0.5434 0.3695
vn 0.0819 -0.3228 -0.9429
vn 0.0846 -0.3215 -0.9431
vn 0.0839 -0.3219 -0.9431
vn -0.5100 0.2674 0.8176
vn 0.3101 0.0495 0.9494
vn 0.6502 0.7140 -0.2597
vn 0.2508 0.2318 -0.9399
vn 0.0228 -0.4255 0.9047
vn 0.1698 0.8514 -0.4962
vn -0.1434 0.9794 -0.1418
vn 0.0682 0.0372 -0.9970
vn 0.0103 0.1836 -0.9829
vn 0.0110 0.1829 -0.9831
vn 0.0160 0.1785 -0.9838
vn -0.0772 -0.1632 -0.9836
vn 0.6281 -0.3490 -0.6955
vn 0.5856 -0.2424 0.7735
vn 0.3328 -0.4110 -0.8487
vn -0.2465 -0.5287 -0.8122
vn -0.0472 -0.3132 -0.9485
vn 0.2940 0.6668 0.6848
vn -0.0740 -0.2829 -0.9563
vn 0.7350 0.6290 -0.2532
vn 0.2634 0.5151 -0.8157
vn -0.3330 -0.5630 -0.7564
vn -0.2026 -0.0822 0.9758
vn 0.8519 -0.2867 -0.4382
vn -0.1210 0.9921 -0.0325
vn -0.8425 -0.3847 0.3771
vn -0.6384 0.5878 0.4969
vn 0.0639 -0.9563 -0.2855
vn 0.8964 -0.0252 -0.4425
vn 0.9397 -0.2176 -0.2637
vn 0.7603 0.5290 0.3771
vn 0.7540 0.3947 -0.5250
vn -0.3248 -0.6138 -0.7196
vn 0.9381 -0.3128 0.1489
vn 0.0937 -0.3074 0.9470
vn -0.7609 0.0720 0.6449
vn 0.9715 -0.1569 0.1778
vn 0.9728 0.2273 -0.0439
vn -0.1822 0.8801 0.4384
vn 0.0872 -0.9631 0.2546
vn 0.1643 0.6087 0.7762
vn -0.4395 -0.3287 0.8359
vn -0.3445 0.9228 -0.1727
vn -0.8009 0.1662 0.5753
vn 0.1160 -0.9182 0.3788
vn 0.9354 -0.3195 0.1514
vn -0.2179 -0.0437 -0.9750
vn 0.4207 -0.2871 0.8606
vn -0.9716 0.0500 -0.2315
vn -0.1261 -0.2226 0.9667
vn -0.0914 -0.1789 0.9796
vn 0.3032 -0.6892 -0.6581
vn 0.0792 -0.7163 0.6933
vn 0.8934 0.4150 -0.1718
vn 0.0619 -0.4504 0.8907
vn -0.7168 0.2536 0.6495
vn -0.7170 0.2540 0.6492
vn -0.7176 0.2566 0.6475
vn 0.1248 0.8996 0.4185
vn -0.0811 0.5963 0.7987
vn -0.0789 0.6001 0.7960
vn -0.0785 0.6007 0.7956
vn 0.5545 -0.0382 -0.8313
vn 0.8760 -0.1187 -0.4675
vn 0.7297 0.6593 -0.1814
vn 0.9525 0.2388 -0.1890
vn 0.9196 -0.3073 -0.2448
vn -0.0719 -0.0483 0.9962
vn -0.1040 0.5729 0.8130
vn -0.9750 0.2022 -0.0925
vn -0.5657 -0.5617 0.6037
vn 0.7197 0.0675 -0.6910
vn 0.9250 0.2281 -0.3039
vn 0.2482 0.8688 0.4284
vn 0.0131 0.9726 -0.2320
vn 0.6751 -0.1791 -0.7157
vn -0.3818 0.4641 0.7992
vn 0.9608 -0.1459 -0.2359
vn 0.4053 0.6546 0.6381
vn -0.2536 -0.2516 0.9340
vn -0.2546 0.5878 0.7679
vn 0.3619 0.9269 -0.0997
vn 0.6803 0.1915 -0.7075
vn 0.5764 0.4102 -0.7067
vn 0.3814 -0.2016 0.9022
vn 0.6449 0.1760 0.7437
vn 0.6157 -0.2683 0.7409
vn -0.0070 -0.9997 -0.0247
vn 0.5094 -0.0279 -0.8601
vn 0.9538 -0.2020 0.2224
vn -0.9811 -0.1930 0.0131
vn 0.8291 -0.4125 -0.3773
vn -0.8143 -0.5252 0.2472
vn -0.6282 0.1953 0.7531
vn -0.6193 0.3815 -0.6863
vn -0.4503 -0.2074 -0.8684
vn 0.0632 0.9678 -0.2437
vn 0.6583 -0.7498 0.0669
vn 0.6520 -0.7569 0.0446
vn 0.5234 -0.3637 -0.7706
vn -0.9665 0.1779 0.1848
vn -0.0004 -0.9998 -0.0183
vn -0.3981 -0.6032 0.6912
vn 0.6950 0.1200 -0.7089
vn 0.7271 0.1752 -0.6638
vn 0.6872 0.5169 -0.5104
vn -0.3594 0.8878 -0.2874
vn 0.8076 -0.0151 -0.5895
vn 0.8326 -0.0451 -0.5521
vn -0.4830 -0.3445 0.8050
vn -0.1995 0.4056 0.8920
vn 0.6152 0.7628 0.1991
vn 0.4370 0.8548 0.2798
vn -0.5458 0.8331 -0.0894
vn -0.4414 0.6861 -0.5782
vn 0.4718 0.0219 0.8814
vn 0.7642 -0.2399 -0.5987
vn 0.9053 -0.4146 -0.0926
vn 0.9039 -0.4187 -0.0874
vn 0.9049 -0.4158 -0.0911
vn -0.2401 -0.8117 0.5324
vn -0.4107 0.1501 0.8993
vn -0.4179 0.2130 0.8831
vn 0.5915 -0.4290 0.6827
vn -0.9013 0.2274 0.3687
vn -0.3289 -0.6981 0.6359
vn 0.5000 -0.4233 -0.7555
vn 0.0602 -0.0092 0.9981
vn -0.9419 0.2430 0.2319
vn -0.0232 0.2760 0.9609
vn 0.8204 0.0948 -0.5639
vn 0.8265 0.0273 -0.5622
vn -0.4437 0.8297 0.3387
vn 0.9078 -0.3993 -0.1280
vn -0.0970 0.8710 0.4816
vn -0.5281 0.8336 -0.1617
vn 0.9767 0.2130 0.0277
vn 0.9290 0.3693 0.0248
vn -0.2468 -0.2796 -0.9278
vn 0.3636 0.6701 0.6471
vn 0.9355 -0.3378 -0.1035
vn -0.4116 -0.3166 0.8546
vn -0.3170 0.7603 0.5669
vn 0.5990 -0.2315 0.7666
vn 0.5825 0.5100 0.6329
vn 0.7128 0.6200 -0.3280
vn 0.3169 0.4132 -0.8537
vn -0.5885 0.1856 0.7869
vn -0.9412 0.0207 0.3373
vn -0.4901 0.5829 0.6481
vn -0.8747 0.1685 0.4545
vn 0.9913 0.1177 -0.0581
vn 0.7883 -0.2735 0.5511
vn -0.7177 0.2570 0.6472
vn 0.6585 -0.0736 -0.7490
vn -0.4940 0.2367 0.8366
vn -0.3953 0.4848 0.7802
vn 0.7837 -0.4197 0.4579
vn -0.3172 0.9421 0.1085
vn -0.3462 -0.8334 -0.4308
vn -0.1021 -0.1122 -0.9884
vn 0.8828 0.4687 0.0310
vn 0.1426 -0.7153 -0.6841
vn -0.8609 0.1110 0.4966
vn 0.5914 0.6737 0.4431
vn 0.6527 -0.0963 -0.7515
vn 0.2259 -0.0742 -0.9713
vn -0.0814 0.5956 0.7991
vn 0.1987 -0.8133 -0.5468
vn 0.4452 -0.2835 -0.8494
vn 0.4186 0.8111 -0.4086
vn 0.0122 0.8543 0.5196
vn 0.6384 0.4437 0.6290
vn -0.0332 -0.0798 0.9963
vn 0.2952 0.9519 0.0824
vn -0.3578 -0.3276 0.8744
vn 0.2481 0.9635 0.1002
vn 0.8288 0.0588 -0.5565
vn 0.0373 0.0188 0.9991
vn -0.3721 -0.6227 -0.6883
vn 0.1032 -0.3211 0.9414
vn 0.3325 -0.1183 -0.9357
vn -0.1063 -0.3250 0.9397
vn 0.3982 -0.8917 -0.2152
vn 0.0111 -0.5167 0.8561
vn 0.7329 -0.2386 -0.6372
vn -0.3160 -0.5002 -0.8062
vn 0.9653 -0.2087 0.1570
vn 0.4662 0.8440 -0.2651
vn -0.4697 -0.3932 -0.7904
vn -0.3861 -0.6474 -0.6572
vn -0.9117 0.0781 0.4033
vn -0.8186 0.1947 0.5404
vn 0.7868 -0.3696 -0.4943
vn 0.6295 -0.7157 -0.3024
vn -0.6071 -0.0967 0.7887
vn -0.2192 0.7933 0.5680
vn 0.5868 0.6374 0.4994
vn -0.7987 0.2867 0.5290
vn -0.7998 0.2885 0.5265
vn -0.7997 0.2883 0.5266
vn -0.9792 0.1319 0.1540
vn 0.9028 -0.4153 -0.1111
vn 0.1295 0.9550 0.2670
vn -0.2014 0.8725 -0.4453
vn 0.1130 -0.8296 0.5468
vn 0.9903 0.0057 -0.1390
vn -0.0350 0.8532 0.5205
vn 0.7291 0.2749 0.6268
vn 0.0617 0.9852 0.1602
vn 0.6775 0.3015 -0.6709
vn 0.9035 -0.4199 -0.0859
vn 0.7161 0.4540 -0.5302
vn 0.9104 -0.4065 -0.0774
vn 0.7217 0.4054 0.5610
vn 0.7389 0.4233 0.5242
vn 0.2041 -0.3747 0.9044
vn -0.3660 0.1682 0.9153
vn 0.0695 0.6385 0.7665
vn 0.4403 -0.6899 -0.5746
vn 0.4609 0.0444 -0.8863
vn -0.1985 0.2954 0.9345
vn -0.0179 0.6524 -0.7576
vn 0.7840 0.1745 -0.5958
vn 0.9644 -0.1283 -0.2311
vn -0.8900 0.3447 -0.2986
vn -0.3832 0.8441 0.3750
vn 0.7954 -0.5796 -0.1771
vn 0.0350 -0.9942 -0.1018
vn -0.0079 -0.9951 -0.0982
vn 0.2684 0.8523 0.4489
vn 0.2491 0.2854 0.9255
vn 0.7223 0.2784 -0.6331
vn 0.9718 -0.2321 0.0426
vn 0.7710 -0.4559 -0.4447
vn 0.1477 -0.0595 0.9872
vn 0.4558 0.2441 -0.8559
vn 0.6411 0.7471 0.1759
vn 0.7762 0.6273 -0.0633
vn 0.8757 -0.3284 -0.3540
vn -0.7959 0.6020 -0.0639
vn 0.0811 -0.3232 -0.9428
vn 0.0926 0.9188 0.3838
vn -0.6572 0.3047 0.6894
vn 0.8181 0.3900 -0.4226
vn 0.8642 -0.3631 -0.3483
vn -0.8789 0.1848 0.4397
vn 0.1907 0.1337 0.9725
vn -0.0141 0.9154 -0.4022
vn 0.7971 -0.3352 -0.5022
vn 0.6569 -0.7051 0.2670
vn 0.4482 -0.6272 -0.6369
vn 0.7223 -0.6191 -0.3083
vn 0.0974 -0.9923 -0.0765
vn 0.7056 0.6883 -0.1684
vn 0.3417 0.3206 -0.8834
vn -0.1407 -0.4009 0.9053
vn 0.7081 0.3395 -0.6192
vn -0.7178 0.4996 -0.4849
vn -0.1420 -0.0254 0.9895
vn 0.8873 0.4608 -0.0220
vn -0.2423 -0.8733 0.4227
vn -0.1572 0.9400 -0.3028
vn -0.5306 0.1544 0.8335
vn 0.5570 0.1564 -0.8156
vn 0.4759 -0.2908 -0.8300
vn 0.4678 0.8817 0.0615
vn -0.0909 0.8243 0.5588
vn 0.6758 -0.6305 -0.3816
vn 0.1138 -0.5050 -0.8556
vn 0.4117 0.0432 -0.9103
vn -0.7756 -0.0386 -0.6301
vn 0.9247 0.3017 -0.2323
vn -0.9869 0.0295 0.1585
vn 0.7415 -0.6622 -0.1079
vn 0.1847 0.0319 0.9823
vn 0.0045 -0.1641 0.9864
vn 0.2874 0.0903 0.9535
vn 0.0888 0.6708 0.7363
vn 0.2290 0.0929 0.9690
vn -0.1586 0.5938 0.7888
vn -0.4635 0.0329 0.8855
vn -0.3771 0.6942 0.6131
vn 0.7952 0.5934 -0.1246
vn 0.6597 0.6284 0.4123
vn -0.4726 0.3695 0.8000
vn 0.5594 -0.5186 0.6467
vn -0.1985 -0.0710 0.9775
vn 0.6334 -0.0347 -0.7731
vn 0.3483 0.7263 0.5926
vn -0.9115 0.1247 0.3919
vn -0.1165 -0.9931 -0.0149
vn -0.4542 0.3023 -0.8381
vn 0.5150 0.3931 -0.7617
vn 0.3135 -0.6330 -0.7078
vn -0.0523 -0.5806 -0.8125
vn 0.5011 0.2061 -0.8405
vn 0.9972 0.0610 -0.0424
vn 0.9597 -0.2369 -0.1513
vn 0.5752 -0.3003 0.7609
vn 0.7384 -0.4164 -0.5305
vn 0.0197 -0.5801 -0.8143
vn 0.0247 0.1433 0.9894
vn 0.2761 0.3351 -0.9008
vn -0.7189 0.2376 0.6532
vn -0.4133 0.6579 0.6296
vn 0.3299 0.5104 0.7941
vn 0.0534 -0.1824 0.9818
vn 0.1401 0.5063 -0.8509
vn -0.4264 0.8844 0.1898
vn 0.5205 0.1052 0.8474
vn 0.8433 0.5343 -0.0579
vn -0.3017 -0.5464 0.7813
vn -0.9518 0.2590 0.1646
vn -0.3738 0.0818 0.9239
vn 0.7801 0.6034 0.1656
vn -0.3209 0.9438 -0.0795
vn -0.6167 -0.6974 -0.3650
vn -0.0124 -0.9441 -0.3294
vn 0.4119 -0.2407 -0.8789
vn -0.2174 -0.9608 -0.1721
vn -0.0358 0.8952 0.4441
vn 0.4511 0.0339 -0.8918
vn 0.7467 0.5567 -0.3640
vn 0.4604 0.3277 0.8250
vn 0.9901 -0.1251 -0.0632
vn 0.8621 -0.1971 -0.4668
vn 0.6190 -0.4639 0.6338
vn 0.4078 -0.5213 -0.7496
vn -0.0739 -0.4858 -0.8709
vn -0.9405 0.0380 0.3377
vn 0.4250 -0.2285 -0.8759
vn 0.5428 -0.3659 -0.7560
vn -0.2701 -0.1207 0.9552
vn 0.1404 -0.3053 0.9418
vn -0.7978 -0.3024 0.5217
vn 0.8902 -0.3443 -0.2984
vn 0.7614 -0.5710 -0.3071
vn -0.0231 -0.1193 -0.9926
vn 0.8613 -0.1076 -0.4966
vn 0.8613 -0.1076 -0.4965
vn -0.5335 -0.5478 0.6445
vn 0.1852 0.5647 -0.8043
vn -0.3962 -0.2477 0.8841
vn 0.5068 -0.8494 0.1473
vn 0.4465 -0.8936 -0.0461
vn 0.8614 -0.1077 -0.4963
vn 0.9503 -0.1700 -0.2608
vn -0.6984 0.1759 0.6937
vn -0.1215 0.7344 0.6677
vn -0.4584 -0.4739 -0.7519
vn 0.2904 0.5860 -0.7565
vn -0.4104 -0.1687 0.8962
vn -0.1343 0.0141 -0.9908
vn -0.8230 0.4581 -0.3360
vn -0.0430 0.2179 -0.9750
vn 0.5477 0.2064 -0.8108
vn 0.5545 -0.1174 -0.8238
vn -0.2961 0.9350 0.1952
vn -0.8380 -0.4555 -0.3004
vn -0.7908 0.3645 0.4918
vn -0.9131 -0.3371 0.2296
vn 0.1932 0.0474 -0.9800
vn -0.9461 -0.0574 0.3187
vn 0.4675 0.2202 -0.8561
vn 0.0657 -0.2202 -0.9732
vn -0.2855 -0.0288 -0.9580
vn 0.9615 0.2317 -0.1474
vn -0.2999 0.1432 -0.9432
vn 0.4706 0.4922 0.7323
vn -0.9710 0.0279 0.2375
vn -0.6903 0.1673 0.7039
vn 0.5215 -0.0946 0.8480
vn 0.1583 -0.8576 0.4894
vn -0.4687 0.2781 0.8384
vn 0.0190 -0.0149 -0.9997
vn -0.3582 -0.8575 0.3693
vn -0.4484 0.7797 0.4371
vn -0.1603 -0.2361 0.9584
vn 0.8206 -0.4826 0.3061
vn 0.8593 -0.3767 0.3460
vn 0.6300 0.0287 0.7761
vn -0.3435 0.0478 0.9379
vn -0.2390 -0.9567 0.1661
vn 0.0758 -0.3406 0.9371
vn 0.4845 0.8692 -0.0989
vn -0.3536 -0.0817 -0.9318
vn -0.3819 -0.3950 -0.8355
vn -0.1425 -0.3045 -0.9418
vn -0.1655 -0.6744 -0.7195
vn 0.0655 0.2249 -0.9722
vn 0.6052 -0.3041 -0.7357
vn -0.4443 -0.6416 -0.6253
vn 0.1949 -0.8688 -0.4552
vn 0.5747 -0.0542 -0.8166
vn 0.7604 0.4685 -0.4498
vn -0.4698 -0.7845 -0.4048
vn -0.3442 -0.5944 0.7268
vn 0.9367 0.2303 -0.2637
vn 0.9793 0.1578 -0.1264
vn -0.8732 0.4363 -0.2171
vn 0.0723 0.3432 0.9365
vn -0.6774 0.6596 -0.3256
vn -0.6772 0.6600 -0.3253
vn -0.6771 0.6602 -0.3250
vn -0.8404 0.4990 -0.2112
vn -0.7590 0.6354 0.1421
vn -0.7410 0.1932 -0.6431
vn -0.7362 0.6183 -0.2752
vn -0.6370 -0.3167 0.7029
vn -0.9267 -0.0357 0.3742
vn -0.9274 -0.0289 0.3729
vn -0.9273 -0.0301 0.3730
vn -0.6543 0.1650 -0.7380
vn -0.7381 -0.4599 -0.4937
vn 0.3962 0.8851 0.2443
vn -0.8837 -0.3968 0.2481
vn -0.6780 -0.5603 0.4757
vn -0.7150 0.6600 -0.2306
vn 0.2370 -0.0620 -0.9695
vn -0.6381 0.7600 0.1231
vn 0.4237 -0.1079 -0.8994
vn -0.0736 -0.4413 0.8943
vn 0.6504 -0.1372 -0.7471
vn 0.3028 -0.5048 -0.8084
vn -0.9363 0.1296 -0.3263
vn -0.4015 0.8489 -0.3436
vn 0.4276 -0.8844 -0.1869
vn 0.9201 -0.0139 -0.3914
vn -0.9192 0.2400 0.3123
vn 0.6404 0.1016 -0.7613
vn 0.1845 -0.1043 -0.9773
vn -0.1268 0.5003 0.8565
vn 0.4851 -0.5922 -0.6434
vn 0.1860 0.7705 0.6097
vn -0.9429 -0.0657 0.3266
vn -0.9776 -0.1942 0.0813
vn -0.0021 0.5651 0.8250
vn -0.1113 0.3895 -0.9143
vn -0.0477 -0.3361 -0.9406
vn -0.7631 -0.3995 0.5080
vn 0.5690 -0.7879 -0.2356
vn -0.2993 0.0610 0.9522
vn -0.4617 -0.8776 0.1287
vn -0.0692 -0.0979 -0.9928
vn -0.6595 0.4694 -0.5872
vn -0.8984 0.2956 -0.3248
vn 0.7725 -0.6088 0.1804
vn -0.8500 0.0272 -0.5262
vn -0.8488 0.0205 -0.5283
vn -0.8497 0.0256 -0.5267
vn 0.9918 -0.1281 -0.0041
vn -0.4869 0.6452 0.5888
vn 0.8436 -0.0291 -0.5362
vn 0.7910 -0.3215 -0.5206
vn 0.3051 -0.0731 0.9495
vn 0.8586 -0.4322 0.2757
vn -0.2993 0.1632 -0.9401
vn -0.6715 0.6915 -0.2662
vn -0.2267 -0.0248 0.9736
vn -0.5545 -0.0573 0.8302
vn 0.5252 -0.8161 -0.2412
vn -0.4991 0.3059 0.8108
vn -0.1546 0.9437 -0.2924
vn -0.3571 -0.2263 0.9062
vn -0.7264 0.1276 0.6753
vn -0.2805 -0.0355 -0.9592
vn 0.4657 0.3985 -0.7901
vn -0.2020 0.3804 0.9025
vn 0.2409 0.0517 -0.9692
vn -0.0860 -0.4508 0.8885
vn -0.0699 -0.4343 0.8981
vn 0.2358 0.5935 0.7695
vn -0.1318 0.1077 -0.9854
vn -0.1398 0.1061 -0.9845
vn -0.1323 0.1078 -0.9853
vn -0.2111 0.0084 0.9774
vn 0.4244 -0.1023 0.8997
vn -0.4978 0.2226 0.8382
vn -0.6145 0.7887 0.0208
vn -0.4069 0.3938 0.8242
vn -0.5385 -0.1411 -0.8307
vn 0.8878 -0.0988 -0.4496
vn -0.3693 0.1021 0.9237
vn 0.1758 -0.2992 0.9379
vn 0.4833 -0.3788 -0.7893
vn 0.2000 0.4193 -0.8855
vn 0.2562 -0.1163 0.9596
vn 0.9215 -0.0644 0.3830
vn 0.6204 -0.4069 -0.6705
vn -0.5753 0.7394 -0.3497
vn -0.4632 0.1633 0.8711
vn 0.6182 -0.0168 0.7859
vn 0.2032 0.7856 -0.5844
vn -0.6181 0.5472 -0.5644
vn -0.3453 0.4463 -0.8256
vn -0.9260 0.2928 -0.2382
vn 0.9082 -0.4095 0.0867
vn -0.6872 0.5922 -0.4208
vn -0.2238 0.1517 0.9628
vn 0.3011 0.1327 -0.9443
vn 0.3035 0.2385 -0.9225
vn -0.9832 0.1329 -0.1254
vn 0.7694 -0.2540 -0.5861
vn 0.7653 -0.3079 -0.5653
vn 0.6782 0.4750 0.5607
vn -0.1771 0.7124 0.6790
vn 0.7066 -0.0821 -0.7029
vn -0.0248 0.4928 -0.8698
vn 0.7714 -0.5798 0.2622
vn 0.4622 -0.7825 -0.4173
vn -0.1567 0.3893 -0.9077
vn -0.1622 0.4387 0.8838
vn 0.9045 -0.1060 -0.4131
vn 0.1120 0.1640 0.9801
vn 0.9528 -0.1106 -0.2827
vn -0.8454 0.2263 0.4839
vn -0.8350 0.1883 0.5170
vn 0.9278 -0.1633 -0.3353
vn -0.6436 0.6283 -0.4370
vn 0.6726 0.1757 -0.7188
vn -0.8075 0.5892 0.0291
vn 0.2972 -0.4899 -0.8196
vn -0.8273 0.2712 0.4920
vn -0.2232 -0.0521 0.9734
vn 0.4159 -0.3116 0.8543
vn 0.4205 -0.1067 0.9010
vn -0.2874 0.1779 0.9411
vn 0.5278 0.8003 0.2845
vn -0.4140 0.4650 0.7825
vn -0.1106 0.9204 -0.3750
vn -0.1110 0.9210 -0.3735
vn -0.1080 0.9166 -0.3848
vn 0.8420 0.3876 -0.3753
vn 0.6812 0.6042 0.4133
vn -0.8914 0.3737 -0.2564
vn 0.8521 -0.4408 0.2823
vn 0.8961 0.0759 0.4372
vn 0.8639 0.4763 -0.1640
vn 0.7321 0.4904 0.4729
vn 0.1063 0.6546 0.7485
vn -0.7326 0.5986 -0.3241
vn -0.8353 0.3279 -0.4413
vn 0.6719 -0.6009 0.4331
vn 0.8068 0.3992 0.4356
vn -0.6317 0.7483 0.2024
vn -0.7853 -0.3642 0.5006
vn -0.9961 -0.0685 0.0560
vn -0.5875 -0.0160 -0.8091
vn 0.0168 0.2486 -0.9684
vn 0.9055 0.0569 -0.4205
vn 0.0947 0.5516 0.8287
vn -0.6239 -0.3578 -0.6948
vn -0.3061 -0.6093 -0.7314
vn -0.0630 -0.0210 -0.9978
vn -0.8327 0.0593 0.5506
vn -0.6757 0.3192 0.6644
vn 0.0030 0.5851 0.8110
vn -0.7344 -0.0876 0.6730
vn -0.2912 -0.3567 -0.8877
vn 0.8830 -0.0604 -0.4654
vn 0.0418 -0.5634 -0.8252
vn -0.4676 0.8387 0.2791
vn -0.7140 0.3450 0.6092
vn -0.9620 -0.0399 0.2702
vn -0.8479 0.4008 0.3470
vn -0.3863 0.4982 0.7763
vn 0.9329 0.0709 -0.3532
vn -0.4839 0.0105 0.8751
vn -0.9842 -0.1555 -0.0846
vn 0.2250 -0.0738 0.9716
vn -0.0158 0.0093 -0.9998
vn -0.3766 0.0624 -0.9243
vn -0.5684 -0.0191 -0.8225
vn -0.1947 -0.9676 0.1606
vn -0.4309 -0.5083 0.7456
vn -0.2968 0.0134 -0.9549
vn -0.5231 -0.0948 0.8470
vn 0.4652 0.2090 0.8602
vn -0.2864 -0.3144 -0.9051
vn -0.6735 -0.4911 -0.5525
vn 0.9357 0.1919 0.2962
vn -0.1712 0.4903 0.8546
vn 0.6562 0.4553 0.6017
vn -0.7928 -0.0670 -0.6058
vn -0.4184 -0.3448 -0.8403
vn 0.2047 -0.5173 -0.8310
vn 0.8902 0.3926 0.2313
vn -0.9589 0.0047 0.2837
vn 0.2127 0.1640 0.9633
vn -0.1432 -0.2211 -0.9647
vn -0.9625 -0.2387 0.1286
vn -0.9432 0.2690 -0.1949
vn -0.2998 0.8033 -0.5146
vn -0.9181 0.3461 -0.1933
vn -0.9177 0.3480 -0.1919
vn -0.9158 0.3558 -0.1863
vn -0.7922 0.1520 0.5911
vn -0.1680 0.4503 0.8769
vn -0.9387 -0.1448 0.3127
vn 0.1797 0.6961 -0.6950
vn 0.4353 0.5912 -0.6789
vn 0.0124 0.4733 0.8808
vn -0.8502 0.3049 0.4292
vn 0.2683 0.8535 0.4467
vn -0.9297 0.1506 -0.3361
vn 0.0972 -0.5048 -0.8577
vn -0.8850 -0.2743 -0.3762
vn 0.2198 -0.2455 -0.9441
vn -0.9406 0.3313 0.0739
vn -0.7884 0.4407 0.4292
vn -0.3033 0.4378 0.8464
vn -0.4859 0.7052 -0.5163
vn 0.2050 0.2601 -0.9436
vn -0.8421 -0.1609 -0.5148
vn -0.8419 -0.1610 -0.5151
vn -0.8393 -0.1656 -0.5178
vn -0.5877 -0.3934 -0.7069
vn -0.6109 0.7838 -0.1115
vn 0.4876 -0.5649 -0.6657
vn -0.9071 -0.2018 0.3695
vn -0.9071 -0.2018 0.3693
vn -0.9072 -0.2018 0.3692
vn 0.7823 -0.1414 -0.6066
vn 0.4999 -0.8226 -0.2709
vn -0.5684 -0.3441 0.7473
vn 0.9961 0.0453 -0.0763
vn -0.0124 0.4005 0.9162
vn -0.3227 -0.0462 0.9454
vn -0.7746 0.6298 -0.0584
vn 0.6358 -0.5881 0.4999
vn -0.8151 -0.1456 0.5607
vn -0.8383 -0.2633 0.4774
vn -0.5382 -0.7809 -0.3170
vn -0.3841 0.9195 -0.0833
vn -0.9362 -0.0550 0.3472
vn -0.7042 -0.1801 -0.6868
vn -0.5782 -0.7811 -0.2356
vn -0.9238 -0.2672 -0.2743
vn 0.7622 0.2446 -0.5993
vn 0.7621 0.2461 -0.5989
vn 0.7615 0.2493 -0.5983
vn 0.3738 -0.1261 -0.9189
vn -0.6774 0.6596 -0.3258
vn 0.5222 0.2599 -0.8123
vn 0.3182 0.2170 -0.9229
vn -0.4052 -0.2154 -0.8885
vn -0.6955 -0.3881 -0.6047
vn 0.5708 0.1731 -0.8026
vn -0.6446 0.7168 -0.2659
vn -0.3981 0.3332 0.8547
vn 0.7019 0.2823 0.6540
vn 0.6948 0.2259 0.6828
vn 0.4345 0.0913 -0.8960
vn 0.0123 0.3823 0.9240
vn -0.1623 -0.1193 0.9795
vn 0.2541 0.9611 -0.1081
vn -0.0195 0.2257 0.9740
vn 0.0988 0.6374 0.7642
vn -0.9701 0.0918 0.2246
vn -0.2494 -0.1199 0.9610
vn 0.4751 -0.2536 -0.8426
vn -0.6481 0.6396 -0.4134
vn -0.4469 -0.5275 -0.7225
vn -0.5294 -0.4860 -0.6954
vn -0.2730 -0.3341 -0.9022
vn 0.7369 -0.4683 0.4874
vn -0.0152 0.0257 -0.9996
vn -0.6173 -0.7406 -0.2655
vn -0.6741 0.4949 0.5484
vn -0.5549 0.4494 0.7001
vn 0.9736 0.1547 -0.1677
vn 0.7299 0.0623 -0.6807
vn 0.2666 -0.6817 -0.6814
vn -0.6922 -0.6255 0.3599
vn 0.9910 0.0713 0.1130
vn -0.3724 -0.0377 0.9273
vn 0.9869 -0.0682 -0.1460
vn 0.7855 -0.3411 -0.5164
vn -0.7879 0.5838 -0.1961
vn 0.9904 -0.0610 -0.1244
vn 0.7843 -0.3186 -0.5323
vn -0.6349 0.6810 -0.3649
vn -0.9859 -0.1583 0.0537
vn 0.5567 -0.0252 -0.8303
vn -0.1867 -0.0913 0.9782
vn -0.9702 -0.1873 0.1538
vn -0.7889 0.2504 0.5613
vn -0.8160 0.5766 0.0417
vn 0.6265 -0.3960 0.6713
vn -0.6919 0.7066 -0.1480
vn 0.4228 0.2444 0.8726
vn -0.6892 0.7128 -0.1303
vn -0.8378 -0.0349 -0.5449
vn -0.8350 0.5496 0.0273
vn -0.4237 0.4074 0.8090
vn -0.8238 0.2072 0.5277
vn 0.9651 0.0140 0.2617
vn -0.5651 0.2595 0.7832
vn 0.2887 0.9021 0.3208
vn 0.7000 0.5776 0.4199
vn 0.3756 0.4931 0.7847
vn -0.0560 0.4155 0.9079
vn 0.9554 -0.2230 -0.1935
vn 0.8629 0.0311 0.5044
vn -0.0566 -0.3274 -0.9432
vn 0.6970 -0.2240 0.6812
vn -0.1860 0.3710 0.9098
vn -0.3170 0.4534 -0.8330
vn -0.0049 0.1310 -0.9914
vn 0.7680 -0.3395 0.5431
vn -0.3834 -0.4671 0.7967
vn -0.8686 0.4496 -0.2083
vn -0.8880 -0.0385 0.4581
vn -0.7713 0.2358 0.5912
vn 0.9746 -0.1575 0.1593
vn -0.9686 0.2361 -0.0777
vn -0.8269 0.4761 -0.2992
vn 0.1507 0.2180 0.9642
vn -0.9910 0.0002 -0.1342
vn -0.7643 0.3034 0.5690
vn 0.6630 -0.2022 -0.7208
vn -0.7371 -0.3448 0.5813
vn -0.6235 -0.7404 -0.2510
vn -0.9241 0.1451 0.3536
vn 0.0946 0.7983 0.5948
vn -0.7157 0.4581 0.5272
vn 0.6163 -0.7631 0.1945
vn -0.0743 0.0738 0.9945
vn 0.2742 -0.4897 0.8277
vn 0.0484 0.4883 0.8713
vn -0.1193 -0.6776 0.7257
vn 0.5382 0.0794 -0.8391
vn -0.3040 -0.1123 -0.9461
vn 0.0583 0.3260 0.9436
vn -0.9322 -0.3003 0.2022
vn -0.4951 -0.2177 0.8411
vn 0.0316 0.1348 0.9904
vn -0.5864 0.3751 0.7179
vn 0.5294 0.1483 0.8353
vn -0.9156 0.3567 -0.1856
vn 0.4946 0.5712 0.6551
vn 0.1140 -0.1574 -0.9809
vn 0.2207 -0.7545 -0.6181
vn -0.2701 0.9355 -0.2279
vn 0.8578 0.4601 0.2291
vn -0.3727 -0.0412 0.9270
vn -0.6720 -0.0087 0.7405
vn 0.5012 -0.3920 0.7714
vn 0.8558 -0.3430 -0.3873
vn -0.1067 -0.4779 -0.8719
vn 0.8356 -0.4829 0.2618
vn 0.0463 -0.2845 -0.9576
vn -0.8034 0.0428 -0.5939
vn -0.8744 -0.0043 -0.4852
vn 0.4587 0.3335 0.8236
vn 0.8190 0.5727 -0.0371
vn 0.2917 0.5701 -0.7681
vn 0.0886 0.1208 -0.9887
vn 0.4758 -0.4715 0.7425
vn -0.3640 0.1323 0.9219
vn -0.7498 0.1936 0.6327
vn -0.2256 -0.0407 0.9734
vn 0.1480 0.1821 -0.9721
vn -0.7122 0.0383 0.7009
vn -0.2978 0.1843 0.9367
vn -0.0347 0.5797 0.8141
vn 0.7599 -0.0732 -0.6459
vn 0.1807 -0.3666 0.9126
vn 0.6649 0.6637 0.3427
vn -0.1422 -0.0498 0.9886
vn 0.7000 -0.3521 -0.6213
vn -0.6362 0.5255 0.5649
vn 0.7847 -0.4012 0.4726
vn -0.2741 -0.0738 0.9589
vn -0.6230 0.0808 0.7780
vn 0.3516 0.4427 0.8249
vn -0.2541 -0.3320 -0.9084
vn -0.6571 0.0344 0.7530
vn -0.9968 0.0715 -0.0368
vn -0.3180 0.0797 -0.9447
vn 0.3256 -0.2796 0.9032
vn 0.2409 0.2772 0.9301
vn -0.7946 0.4943 -0.3526
vn -0.5070 0.2956 -0.8097
vn 0.5894 0.1352 -0.7965
vn -0.4275 -0.1757 -0.8868
vn 0.5772 0.1117 -0.8089
vn -0.5314 0.0518 -0.8456
vn -0.5445 0.3600 0.7575
vn 0.3695 0.9277 -0.0539
vn -0.0025 0.0316 0.9995
vn 0.5704 -0.7620 0.3065
vn -0.3138 0.3550 -0.8806
vn -0.8978 -0.2261 0.3779
vn -0.9758 0.2019 -0.0839
vn 0.2454 -0.1305 0.9606
vn 0.4214 0.3893 -0.8191
vn -0.5473 0.7030 0.4542
vn -0.8579 -0.0990 -0.5041
vn 0.1705 0.0749 0.9825
vn 0.2167 0.1039 0.9707
vn -0.7206 -0.6934 0.0029
vn -0.8286 -0.5359 -0.1622
vn -0.8525 -0.1439 -0.5025
vn 0.2811 0.8561 0.4336
vn -0.3307 0.1716 0.9280
vn -0.5141 0.1705 0.8406
vn -0.7709 -0.6366 -0.0198
vn -0.3492 0.9253 0.1479
vn 0.2633 -0.3888 -0.8829
vn -0.9026 0.3748 -0.2118
vn -0.7570 0.6219 -0.2004
vn -0.0288 -0.0223 0.9993
vn -0.7048 -0.1903 0.6834
vn 0.0902 0.2761 0.9569
vn -0.9208 0.3364 -0.1975
vn -0.9302 0.0001 0.3671
vn 0.9484 -0.2615 0.1796
vn -0.6253 0.7438 -0.2360
vn -0.6198 0.7497 -0.2320
vn -0.6212 0.7482 -0.2330
vn -0.4059 -0.4787 0.7785
vn -0.6280 0.6917 0.3566
vn 0.3173 0.1147 -0.9414
vn 0.8852 0.3969 0.2427
vn -0.0924 -0.1377 -0.9862
vn -0.0881 -0.1332 -0.9872
vn -0.0884 -0.1336 -0.9871
vn 0.4429 -0.0738 -0.8935
vn -0.6262 0.7429 -0.2368
vn 0.0312 0.3202 0.9468
vn -0.9546 -0.2433 0.1720
vn -0.0564 0.8791 -0.4733
vn -0.9432 0.2842 0.1720
vn 0.3849 0.6996 -0.6020
vn -0.6725 0.2357 0.7015
vn 0.7178 -0.6873 -0.1112
vn 0.3667 0.9125 -0.1813
vn 0.7728 -0.1621 -0.6136
vn -0.1449 0.9245 -0.3525
vn -0.8714 -0.4781 -0.1099
vn -0.6926 0.7053 0.1513
vn 0.9456 0.3206 -0.0554
vn -0.7718 0.3223 0.5482
vn 0.9711 0.1840 0.1523
vn -0.7002 0.5292 0.4792
vn -0.8694 0.3214 0.3752
vn 0.3420 0.0550 -0.9381
vn -0.3407 0.3024 -0.8902
vn 0.5034 -0.1780 0.8455
vn 0.1204 -0.3398 -0.9327
vn 0.3490 -0.7997 -0.4886
vn -0.5783 0.7309 -0.3624
vn -0.3761 0.2787 -0.8837
vn -0.7950 0.4510 0.4057
vn -0.8389 -0.1663 -0.5182
vn -0.6578 0.7424 -0.1272
vn -0.3568 0.0697 -0.9316
vn -0.7980 0.5052 -0.3285
vn -0.8129 -0.0516 0.5800
vn 0.2503 -0.3098 -0.9173
vn 0.4344 -0.7237 -0.5362
vn 0.0997 -0.4159 -0.9039
vn -0.8903 0.1098 -0.4419
vn -0.7238 0.6897 -0.0186
vn -0.1717 0.3637 0.9155
vn -0.2934 -0.0128 -0.9559
vn -0.3896 0.0674 0.9185
vn -0.7231 -0.0044 -0.6907
vn -0.3103 0.1744 0.9345
vn -0.8218 0.4947 -0.2828
vn -0.2377 0.6771 -0.6965
vn -0.2233 0.2266 -0.9480
vn -0.8073 0.3459 -0.4781
vn -0.4661 -0.3393 -0.8171
vn -0.0052 -0.9988 -0.0497
vn 0.0224 0.0167 0.9996
vn 0.5147 0.2796 -0.8105
vn 0.0155 -0.9994 -0.0300
vn 0.6407 -0.0810 -0.7635
vn 0.6636 0.2062 -0.7191
vn 0.7287 0.1425 -0.6698
vn 0.4643 0.7265 0.5065
vn -0.4355 -0.8813 -0.1833
vn -0.6676 -0.0730 0.7409
vn 0.6874 -0.1839 0.7026
vn -0.8849 0.4355 -0.1655
vn -0.2524 -0.8577 -0.4479
vn -0.4773 0.4976 0.7243
vn 0.9350 -0.0201 0.3541
vn -0.0464 -0.0775 -0.9959
vn -0.7556 0.3116 0.5762
vn -0.9972 0.0017 -0.0752
vn -0.6124 0.0717 0.7873
vn -0.5803 0.1477 0.8009
vn -0.6582 0.3422 0.6706
vn -0.7402 -0.1733 0.6497
vn -0.7459 0.3289 0.5792
vn 0.0321 -0.1637 0.9860
vn -0.6801 -0.1968 0.7062
vn 0.0484 -0.6481 0.7600
vn -0.5187 0.5782 -0.6298
vn -0.0076 0.9602 -0.2791
vn -0.0280 0.0848 -0.9960
vn 0.4232 0.3843 -0.8205
vn -0.8849 -0.4248 -0.1908
vn 0.4749 0.0368 -0.8793
vn 0.6737 -0.1794 -0.7169
vn 0.3914 -0.0382 -0.9194
vn -0.4863 0.1891 0.8531
vn 0.3053 0.5594 0.7707
vn -0.1689 0.7837 0.5977
vn 0.7258 -0.3738 -0.5775
vn 0.5505 0.2039 -0.8095
vn 0.4972 0.6134 -0.6136
vn 0.4659 -0.6407 -0.6102
vn 0.6870 -0.0422 -0.7255
vn 0.8580 0.4681 -0.2115
vn -0.6397 -0.3835 0.6661
vn -0.8108 -0.1283 0.5711
vn -0.6099 0.2022 0.7662
vn 0.3422 0.0062 0.9396
vn 0.0882 0.4416 0.8929
vn 0.6550 0.7140 -0.2472
vn -0.4150 0.1006 0.9042
vn -0.0280 -0.4525 0.8913
vn 0.2287 0.1108 0.9672
vn -0.1619 -0.3338 0.9287
vn 0.8054 -0.4120 0.4261
vn 0.5534 0.1024 0.8266
vn -0.4411 0.8393 0.3177
vn 0.1053 -0.0738 -0.9917
vn -0.0324 0.1610 0.9864
vn -0.9386 -0.1189 0.3240
vn -0.6867 0.0251 0.7265
vn -0.4860 -0.2760 -0.8292
vn 0.5744 0.8119 0.1043
vn -0.8138 0.4016 0.4200
vn -0.6943 0.5037 0.5140
vn -0.8310 0.3608 -0.4233
vn -0.2473 0.8997 -0.3597
vn -0.4543 0.2280 0.8612
vn -0.2963 0.8690 0.3962
vn -0.0078 -0.0218 0.9997
vn -0.9275 -0.0286 0.3727
vn 0.3281 0.2978 0.8965
vn -0.8415 0.4329 -0.3234
vn 0.5701 -0.0458 -0.8203
vn 0.6844 -0.1623 0.7108
vn 0.8572 -0.5108 0.0651
vn -0.2305 0.2726 -0.9341
vn -0.6629 0.2470 -0.7067
vn 0.8004 0.1642 0.5765
vn -0.1382 -0.1282 -0.9821
vn -0.7254 0.6018 -0.3342
vn -0.9037 0.2358 -0.3574
vn -0.7863 0.5851 -0.1984
vn 0.7458 0.0095 0.6661
vn 0.0363 -0.7429 -0.6684
vn 0.5471 0.5398 0.6397
vn 0.7453 0.1656 0.6458
vn -0.8305 0.2480 0.4988
vn 0.0353 -0.2935 0.9553
vn 0.4707 0.0954 -0.8771
vn -0.6838 0.6895 -0.2388
vn -0.8703 0.4506 -0.1988
vn -0.6405 0.7287 -0.2423
vn -0.9344 0.0948 -0.3433
vn -0.9306 -0.2690 -0.2483
vn 0.4332 0.1337 -0.8913
vn -0.1052 0.0714 0.9919
vn 0.1294 0.2655 0.9554
vn -0.7084 0.6184 -0.3402
vn -0.7981 0.5725 -0.1879
vn -0.9373 0.3481 0.0148
vn -0.7909 0.4173 0.4476
vn -0.7835 0.2849 0.5523
vn 0.6857 -0.7268 -0.0388
vn -0.2539 0.1253 -0.9591
vn -0.2537 0.1255 -0.9591
vn -0.2539 0.1255 -0.9591
vn -0.2169 0.8874 -0.4068
vn -0.2258 -0.2164 0.9498
vn 0.5784 0.2789 0.7666
vn -0.7835 -0.1888 0.5920
vn 0.9739 0.0307 -0.2248
vn 0.5035 0.7532 0.4233
vn 0.0881 -0.4073 -0.9090
vn 0.6920 0.0642 0.7190
vn 0.9402 -0.3348 -0.0633
vn -0.3770 0.6519 -0.6579
vn -0.4538 -0.0632 -0.8889
vn -0.0402 -0.2804 -0.9590
vn 0.2018 0.2171 -0.9551
vn 0.1461 -0.0821 -0.9858
vn 0.7786 -0.6220 -0.0830
vn -0.3123 0.3037 -0.9001
vn -0.8092 0.4728 -0.3488
vn 0.3556 0.2733 -0.8938
vn 0.3466 -0.7950 -0.4977
vn -0.0165 -0.2667 -0.9636
vn 0.6996 -0.1603 -0.6963
vn -0.0929 -0.1380 -0.9861
vn -0.4950 0.1218 -0.8603
vn 0.2623 -0.1058 -0.9592
vn -0.0699 -0.2638 -0.9620
vn -0.8591 0.3019 -0.4133
vn -0.5554 -0.5485 0.6250
vn -0.9727 0.2264 0.0515
vn 0.5269 -0.0441 0.8488
vn 0.9853 -0.0973 0.1402
vn -0.1334 0.1529 0.9792
vn -0.6400 -0.1686 -0.7496
vn -0.2709 -0.0032 -0.9626
vn -0.0428 0.3955 0.9175
vn -0.6970 0.4053 0.5915
vn -0.2382 -0.7423 0.6263
vn -0.7999 0.2015 0.5653
vn -0.8297 -0.2354 0.5061
vn -0.2978 0.1025 -0.9491
vn -0.4252 -0.7184 0.5506
vn 0.2020 -0.3457 -0.9164
vn -0.9227 -0.1698 0.3462
vn -0.9956 -0.0927 0.0140
vn 0.1661 0.1467 -0.9751
vn -0.4203 0.3679 0.8295
vn 0.1504 0.2845 -0.9468
vn -0.8966 0.3160 -0.3101
vn -0.7922 -0.3559 -0.4958
vn -0.4340 0.1579 0.8869
vn 0.0371 -0.8125 0.5817
vn -0.9123 0.1476 0.3820
vn -0.8311 -0.1543 0.5344
vn -0.0686 0.4091 0.9099
vn 0.2306 0.0500 -0.9718
vn 0.1570 -0.0510 -0.9863
vn -0.3139 -0.1956 0.9291
vn 0.3130 0.4029 -0.8600
vn 0.0057 0.0653 -0.9979
vn 0.5258 0.4347 -0.7311
vn 0.4611 0.8727 -0.1607
vn 0.5197 0.1821 0.8347
vn 0.1933 0.3553 -0.9145
vn 0.1002 0.8539 0.5107
vn 0.0975 0.8321 0.5460
vn -0.3668 0.3041 0.8792
vn 0.4448 0.6527 -0.6134
vn -0.3783 0.0934 0.9210
vn -0.4320 0.0698 0.8991
vn 0.0152 0.2573 0.9662
vn 0.1629 0.9699 0.1809
vn 0.1640 0.2158 0.9626
vn -0.4601 0.2290 0.8578
vn -0.4570 0.2266 0.8601
vn -0.4565 0.2261 0.8605
vn -0.6211 0.0458 0.7824
vn 0.5937 0.2901 -0.7505
vn -0.1514 -0.6786 0.7187
vn -0.3524 -0.0105 0.9358
vn 0.0214 0.9885 0.1500
vn 0.6155 0.3996 -0.6793
vn -0.6145 0.4170 0.6697
vn -0.2812 0.1630 0.9457
vn 0.5458 0.1015 -0.8317
vn 0.2693 -0.3778 -0.8858
vn -0.5533 0.8029 -0.2220
vn 0.7806 0.1338 -0.6106
vn 0.7577 -0.1966 -0.6223
vn 0.9375 0.3414 0.0673
vn -0.8720 -0.4566 -0.1764
vn -0.8908 -0.3736 0.2588
vn -0.0552 -0.1033 -0.9931
vn -0.0813 -0.1734 -0.9815
vn -0.3115 0.2584 0.9144
vn -0.1219 0.4550 0.8821
vn 0.5799 -0.3939 -0.7132
vn 0.4730 -0.4176 0.7758
vn 0.4500 0.0676 0.8905
vn -0.9474 0.1797 -0.2647
vn 0.3277 -0.0196 0.9446
vn 0.4417 0.2290 0.8675
vn -0.6690 -0.1111 -0.7349
vn -0.6663 -0.1152 -0.7368
vn -0.6656 -0.1161 -0.7372
vn -0.1889 0.8905 0.4140
vn -0.1963 0.3655 0.9099
vn -0.4726 -0.1694 0.8649
vn -0.1515 0.9194 -0.3629
vn 0.4745 -0.6256 0.6192
vn -0.5225 -0.2643 -0.8106
vn 0.9776 0.2008 0.0635
vn -0.6423 -0.6173 -0.4543
vn -0.9142 0.3232 -0.2446
vn 0.1884 0.8435 0.5030
vn -0.2551 0.1211 -0.9593
vn 0.0256 0.9996 -0.0147
vn -0.7390 0.6325 -0.2319
vn -0.6956 0.6701 -0.2592
vn 0.0570 -0.1819 -0.9817
vn 0.0572 -0.1824 -0.9816
vn 0.0507 -0.1765 -0.9830
vn 0.0804 0.6931 0.7163
vn -0.8643 -0.0208 0.5025
vn -0.5715 -0.7849 -0.2396
vn 0.2105 0.2822 0.9360
vn -0.9129 0.2166 0.3458
vn -0.3863 -0.4250 -0.8186
vn -0.7157 0.6633 -0.2187
vn 0.6603 0.5182 0.5436
vn -0.2230 -0.5994 -0.7688
vn 0.1555 0.4425 -0.8832
vn -0.3130 -0.9485 -0.0491
vn -0.0304 0.8773 -0.4789
vn -0.2793 -0.9601 0.0124
vn -0.7637 0.6455 -0.0000
vn -0.9281 -0.3698 0.0427
vn -0.9523 -0.0699 -0.2969
vn -0.8913 0.0582 0.4497
vn -0.9312 -0.2753 0.2390
vn -0.6066 0.3404 0.7184
vn -0.8326 -0.4827 0.2715
vn -0.8406 0.2775 0.4651
vn 0.8086 -0.3013 0.5054
vn -0.5227 0.2386 -0.8185
vn -0.8596 0.0463 0.5088
vn -0.8589 0.0456 0.5101
vn -0.8623 0.0488 0.5040
vn -0.8628 0.0494 0.5031
vn -0.1404 0.1058 -0.9844
vn 0.1279 0.3412 0.9313
vn -0.6043 0.3019 -0.7373
vn -0.8754 0.4735 0.0975
vn -0.2496 0.4249 -0.8701
vn 0.0300 -0.2163 -0.9759
vn -0.0784 0.1252 -0.9890
vn 0.9598 0.1523 -0.2357
vn 0.1524 -0.2828 -0.9470
vn 0.2963 0.2232 -0.9287
vn -0.4752 -0.7113 -0.5179
vn -0.3592 -0.4407 -0.8226
vn 0.5061 0.1377 -0.8514
vn 0.5912 -0.5488 -0.5910
vn -0.2822 0.4123 0.8662
vn -0.8751 -0.4668 -0.1278
vn 0.8735 0.1361 -0.4674
vn 0.8699 0.1368 -0.4738
vn 0.8703 0.1369 -0.4731
vn 0.5360 -0.5536 -0.6373
vn -0.2971 0.3800 0.8760
vn 0.7553 -0.2960 0.5848
vn -0.2870 0.3270 0.9004
vn -0.8484 0.2766 0.4514
vn -0.1452 0.2877 0.9467
vn -0.3588 -0.0556 0.9318
vn -0.3975 -0.1262 0.9089
vn -0.6154 0.3792 -0.6910
vn -0.3716 -0.0687 0.9258
vn -0.4768 -0.0210 0.8788
vn 0.4442 -0.4231 -0.7897
vn -0.7867 0.2565 0.5615
vn -0.1072 0.2169 -0.9703
vn -0.1873 0.1402 0.9723
vn -0.8251 0.0621 0.5616
vn 0.3854 0.5792 -0.7184
vn 0.1816 -0.1050 -0.9777
vn 0.7485 0.1848 -0.6369
vn -0.6834 0.5276 -0.5046
vn -0.0288 -0.6451 -0.7636
vn -0.2513 -0.5106 -0.8223
vn -0.8829 0.4639 0.0726
vn -0.9062 0.4227 0.0152
vn 0.3595 0.1639 -0.9186
vn 0.6028 -0.0667 -0.7951
vn 0.4553 -0.0357 -0.8896
vn -0.1833 -0.6801 -0.7098
vn -0.7386 0.3862 0.5525
vn 0.5451 -0.6246 -0.5592
vn -0.0488 0.1424 -0.9886
vn 0.1822 0.0157 0.9831
vn 0.3553 -0.4607 0.8133
vn -0.5376 0.0808 0.8393
vn -0.3902 0.9167 -0.0853
vn 0.2464 0.1545 0.9568
vn -0.5701 0.3031 0.7636
vn -0.1000 0.0349 0.9944
vn -0.8735 0.1111 0.4739
vn 0.7624 0.2445 -0.5991
vn 0.0171 0.1776 -0.9840
vn 0.8205 0.4149 -0.3933
vn 0.5067 0.1843 -0.8422
vn 0.8412 -0.0007 -0.5407
vn 0.2204 0.6265 0.7476
vn 0.8875 0.1130 -0.4467
vn 0.1381 0.5772 0.8048
vn 0.4083 0.7508 0.5192
vn 0.6020 0.0448 -0.7973
vn 0.1683 -0.9792 -0.1134
vn -0.5123 0.5225 -0.6816
vn 0.6153 -0.2003 -0.7624
vn 0.3764 0.5552 0.7416
vn 0.5177 0.7130 0.4728
vn -0.9207 -0.0509 -0.3869
vn -0.9461 -0.1153 -0.3025
vn 0.8605 -0.2073 -0.4653
vn 0.6858 -0.3551 0.6354
vn 0.3751 0.5463 0.7489
vn -0.9025 -0.4144 -0.1172
vn -0.6086 0.1915 0.7701
vn 0.5184 0.1616 0.8397
vn -0.6846 -0.1761 0.7073
vn 0.3910 0.0581 0.9186
vn 0.0879 -0.1899 0.9779
vn -0.5362 0.0430 0.8430
vn 0.8211 -0.1616 -0.5475
vn 0.4277 0.0360 0.9032
vn -0.5573 0.1879 0.8088
vn -0.8305 0.0670 0.5530
vn 0.8086 0.3438 0.4775
vn 0.3476 0.4846 -0.8027
vn 0.7740 -0.0096 -0.6331
vn -0.1141 0.6075 0.7861
vn 0.5029 0.7148 -0.4859
vn 0.7685 0.3433 0.5400
vn -0.9319 0.2358 0.2755
vn -0.1060 -0.6156 -0.7809
vn 0.3117 0.2934 0.9037
vn 0.0733 -0.4873 -0.8701
vn -0.7396 -0.6447 -0.1933
vn 0.2560 0.6635 0.7030
vn -0.8429 0.2892 -0.4537
vn -0.8216 0.1515 -0.5496
vn -0.7709 0.6118 -0.1773
vn -0.7746 0.6092 -0.1698
vn -0.7709 0.6118 -0.1770
vn -0.6417 -0.6607 -0.3894
vn -0.7527 0.0243 -0.6579
vn -0.6054 0.1167 0.7873
vn -0.8250 0.3098 -0.4726
vn -0.9448 0.0353 -0.3258
vn -0.9756 0.1638 0.1463
vn -0.4309 0.5476 -0.7173
vn -0.9567 0.2801 0.0794
vn -0.8427 -0.5304 0.0918
vn -0.8559 0.3598 -0.3714
vn -0.3105 0.1340 -0.9411
vn -0.3393 0.1913 -0.9210
vn 0.4145 -0.4999 -0.7605
vn -0.5150 0.6082 -0.6040
vn -0.5335 -0.0197 0.8456
vn -0.9850 -0.0149 -0.1722
vn -0.1478 -0.0263 -0.9887
vn 0.8114 0.0975 -0.5763
vn -0.8486 0.0189 -0.5288
vn -0.9591 0.1005 -0.2647
vn 0.1472 -0.6071 -0.7809
vn -0.9318 -0.0330 0.3614
vn 0.2822 -0.5768 -0.7666
vn 0.7580 -0.6521 0.0097
vn -0.9606 0.0367 0.2753
vn 0.7797 -0.0820 -0.6208
vn 0.7802 -0.0811 -0.6203
vn 0.7762 -0.0887 -0.6242
vn 0.7761 -0.0892 -0.6243
vn -0.1356 0.6420 0.7546
vn -0.9038 -0.0620 0.4235
vn -0.7302 0.6468 -0.2202
vn -0.8951 0.0898 0.4368
vn -0.4690 -0.8739 -0.1282
vn -0.2562 -0.9127 0.3184
vn 0.7926 -0.4866 0.3676
vn -0.1809 0.2674 0.9464
vn 0.7791 -0.4989 0.3797
vn -0.7174 0.6639 -0.2111
vn 0.4968 0.2437 0.8329
vn -0.5560 0.4719 0.6842
vn -0.7170 -0.2187 0.6619
vn 0.0397 -0.9626 -0.2681
vn 0.1858 0.0990 -0.9776
vn -0.3988 0.8729 -0.2811
vn -0.7580 0.5120 0.4040
vn -0.2949 -0.1570 -0.9426
vn -0.5286 0.8409 -0.1162
vn -0.8641 0.3675 -0.3439
vn -0.9409 -0.0478 0.3354
vn -0.8143 -0.1044 0.5709
vn -0.0134 0.3802 0.9248
vn -0.8380 -0.0081 0.5456
vn -0.8351 -0.4149 0.3613
vn -0.4456 0.6250 0.6409
vn 0.5013 -0.1406 0.8538
vn -0.4519 0.8123 -0.3687
vn -0.9256 0.3067 0.2216
vn 0.1845 0.1414 -0.9726
vn -0.2207 -0.2125 -0.9519
vn 0.8076 -0.2357 0.5405
vn -0.6820 0.2339 -0.6930
vn -0.6472 0.3742 0.6642
vn -0.2580 0.4808 -0.8380
vn -0.8530 0.3574 -0.3804
vn -0.4113 0.0508 0.9101
vn -0.8274 -0.0260 -0.5610
vn -0.8054 0.3845 -0.4512
vn -0.2084 0.0667 0.9758
vn 0.2964 0.0877 0.9510
vn 0.3544 0.5064 -0.7861
vn 0.2202 0.4232 0.8789
vn -0.9901 0.1140 -0.0821
vn -0.2512 0.1534 0.9557
vn 0.7588 0.4617 0.4595
vn -0.8433 -0.5215 -0.1302
vn -0.8888 0.0214 0.4577
vn -0.9783 0.0712 -0.1946
vn -0.6853 -0.5089 0.5210
vn -0.1822 -0.3934 -0.9011
vn -0.7480 0.3046 0.5897
vn -0.3815 0.2162 0.8987
vn 0.1937 0.2486 0.9490
vn -0.0245 0.2863 -0.9578
vn -0.5221 0.6886 0.5033
vn 0.9877 0.0228 -0.1545
vn -0.4794 -0.1755 -0.8599
vn -0.9859 -0.1578 0.0554
vn 0.8826 0.2992 0.3627
vn -0.5156 0.6992 -0.4951
vn -0.9453 0.0106 0.3259
vn -0.9732 -0.0135 -0.2295
vn -0.3950 0.1678 0.9032
vn -0.6026 0.7165 -0.3514
vn -0.8049 -0.3182 0.5009
vn -0.2873 0.0199 -0.9576
vn 0.5278 0.5224 0.6697
vn 0.0735 -0.1831 0.9804
vn 0.0497 -0.1757 -0.9832
vn -0.9374 -0.3126 -0.1533
vn 0.6029 0.5656 -0.5626
vn -0.9574 -0.0709 0.2798
vn 0.0270 -0.0648 -0.9975
vn 0.9682 -0.2220 0.1155
vn 0.5259 0.8302 -0.1847
vn 0.6431 -0.0027 0.7658
vn -0.1210 -0.9538 0.2750
vn -0.7487 0.4604 -0.4769
vn -0.2555 0.7312 -0.6325
vn 0.3989 0.3080 0.8637
vn 0.2230 -0.0815 0.9714
vn -0.7073 -0.5033 0.4964
vn 0.2875 -0.1303 0.9489
vn -0.6165 -0.7526 -0.2312
vn 0.5502 -0.2514 -0.7963
vn -0.1402 0.6156 0.7755
vn -0.8610 0.3098 0.4033
vn 0.0477 0.9524 -0.3010
vn 0.7396 0.6691 -0.0729
vn -0.8522 0.5061 -0.1329
vn 0.7857 0.5884 -0.1910
vn 0.4264 0.6250 0.6539
vn 0.7433 -0.5910 0.3133
vn -0.7685 -0.3534 0.5335
vn -0.5314 0.0432 -0.8460
vn -0.7269 0.4546 0.5148
vn -0.8719 -0.0110 -0.4896
vn -0.7131 0.0761 0.6970
vn -0.7128 0.0775 0.6971
vn -0.7115 0.0845 0.6975
vn -0.8280 0.4001 0.3929
vn -0.6092 0.6811 -0.4061
vn -0.5818 0.4408 -0.6835
vn 0.2513 0.7480 0.6143
vn -0.8596 0.3173 0.4006
vn 0.5031 -0.1028 0.8581
vn -0.8874 0.3202 -0.3317
vn 0.9867 0.0960 0.1312
vn -0.8203 0.5298 0.2156
vn -0.1867 0.1124 -0.9760
vn 0.6683 0.5646 0.4844
vn 0.4959 -0.8485 0.1850
vn 0.0630 0.1267 -0.9899
vn -0.0547 -0.5261 -0.8487
vn -0.8495 0.3191 0.4201
vn -0.9178 0.0616 -0.3921
vn 0.1362 -0.5881 -0.7972
vn -0.5016 -0.6636 -0.5550
vn 0.9653 0.1093 -0.2371
vn -0.4775 -0.8121 0.3353
vn -0.3357 0.0424 0.9410
vn -0.3139 -0.2429 0.9179
vn -0.7554 0.1571 0.6362
vn 0.4876 -0.3138 0.8147
vn 0.4810 -0.3161 0.8178
vn 0.4861 -0.3143 0.8154
vn 0.4797 -0.3166 0.8183
vn -0.0806 -0.3640 0.9279
vn 0.8698 0.1370 -0.4740
vn 0.8269 -0.0343 -0.5613
vn 0.0390 -0.6093 -0.7920
vn 0.6923 0.1270 -0.7103
vn -0.1171 0.2560 -0.9595
vn -0.0799 0.2901 -0.9536
vn -0.1143 0.2835 -0.9521
vn -0.9991 0.0285 -0.0316
vn -0.4613 0.6343 0.6203
vn -0.5171 -0.4218 0.7448
vn -0.0246 0.1152 0.9930
vn -0.3540 0.6695 0.6530
vn -0.8325 -0.1980 0.5175
vn -0.7748 0.6090 -0.1695
vn -0.7390 0.6478 -0.1848
vn -0.0608 0.0167 0.9980
vn 0.1485 0.2375 -0.9600
vn -0.9440 0.0180 0.3295
vn -0.1822 -0.9059 -0.3823
vn -0.2807 -0.0682 0.9574
vn -0.5294 0.1293 0.8385
vn 0.9955 0.0848 0.0416
vn -0.9332 -0.0278 0.3582
vn 0.4083 -0.3999 -0.8206
vn 0.8385 -0.5428 -0.0473
vn 0.0331 0.9545 0.2964
vn -0.1576 0.7738 0.6135
vn 0.0437 0.2026 0.9783
vn -0.8647 0.1604 -0.4760
vn 0.4300 -0.3148 -0.8462
vn 0.9882 0.1204 0.0951
vn -0.5438 0.3989 0.7384
vn 0.9297 -0.1442 -0.3388
vn 0.7713 -0.4276 0.4715
vn 0.5073 0.2473 -0.8255
vn 0.0004 0.2012 0.9795
vn 0.9423 -0.0542 -0.3303
vn 0.9387 -0.0470 -0.3414
vn 0.9421 -0.0536 -0.3310
vn 0.7279 -0.5028 -0.4662
vn 0.3365 0.3145 0.8876
vn 0.2404 0.0140 -0.9706
vn -0.5597 0.0836 0.8244
vn 0.5040 -0.0681 0.8610
vn 0.4189 -0.3585 -0.8343
vn -0.9893 0.1382 -0.0463
vn 0.5387 0.1129 -0.8349
vn 0.4427 0.3857 0.8095
vn 0.5214 -0.0347 -0.8526
vn -0.8830 0.4011 -0.2436
vn -0.7282 0.1842 0.6602
vn -0.7279 0.1915 0.6584
vn -0.7279 0.1901 0.6587
vn -0.4950 0.4500 -0.7433
vn -0.1203 0.4368 -0.8915
vn 0.5224 0.6574 -0.5430
vn 0.7961 0.4075 0.4474
vn -0.1567 0.3706 -0.9155
vn -0.4374 0.0731 0.8963
vn 0.4558 0.8318 0.3168
vn -0.8308 0.3082 0.4635
vn 0.8656 0.2649 0.4250
vn 0.5012 -0.1829 0.8458
vn 0.8975 -0.2255 -0.3789
vn 0.7972 -0.5762 -0.1803
vn 0.0662 0.5727 -0.8171
vn -0.4639 0.2320 0.8550
vn -0.4570 -0.0025 0.8895
vn 0.3269 0.1912 0.9255
vn -0.2965 0.4798 0.8257
vn -0.2721 0.3952 0.8774
vn 0.3287 0.5593 -0.7610
vn -0.1899 -0.7046 0.6837
vn 0.0192 0.3772 0.9259
vn -0.0381 0.3827 0.9231
vn 0.4315 0.4176 0.7997
vn 0.7771 0.1993 0.5970
vn 0.0613 -0.5487 -0.8338
vn 0.0482 0.6735 0.7376
vn -0.6240 -0.0182 -0.7812
vn 0.1068 -0.3606 0.9266
vn 0.2418 0.7182 -0.6525
vn 0.2326 -0.1412 0.9623
vn 0.6389 0.5858 0.4986
vn -0.7585 0.4954 0.4234
vn -0.8241 0.3919 0.4089
vn 0.5623 0.2343 0.7931
vn 0.8119 0.2630 0.5212
vn -0.7113 0.0858 0.6976
vn 0.0406 -0.5617 0.8264
vn -0.6759 0.4036 0.6167
vn -0.9701 -0.2170 0.1084
vn -0.3284 -0.5600 0.7607
vn -0.3282 -0.5596 0.7610
vn -0.3283 -0.5597 0.7609
vn -0.3281 -0.5592 0.7613
vn -0.7561 -0.4100 -0.5101
vn -0.5073 -0.2446 0.8263
vn 0.9697 0.1111 0.2177
vn -0.0824 0.8113 -0.5788
vn 0.2972 -0.0977 0.9498
vn -0.8762 0.4231 -0.2309
vn 0.5176 -0.6845 -0.5134
vn -0.5412 0.3188 -0.7781
vn -0.8053 0.5437 -0.2366
vn 0.5881 0.5575 -0.5860
vn 0.9494 0.2075 0.2357
vn -0.8189 0.5372 -0.2021
vn 0.6874 -0.5441 0.4811
vn -0.8031 -0.0238 0.5953
vn 0.0605 0.4448 0.8936
vn -0.6514 0.6360 -0.4138
vn 0.9559 0.2276 0.1854
vn -0.8114 0.5472 -0.2054
vn -0.4753 -0.8201 -0.3186
vn -0.7775 0.6072 -0.1635
vn -0.7106 0.0778 0.6993
vn -0.7053 -0.6704 0.2307
vn -0.8730 0.2625 -0.4111
vn -0.2544 0.1190 0.9598
vn -0.7986 0.2867 0.5292
vn -0.7889 0.5823 -0.1965
vn -0.8216 0.4953 -0.2823
vn -0.8307 0.5565 0.0161
vn -0.9370 -0.0757 0.3411
vn -0.8204 -0.3924 0.4158
vn 0.6541 0.6342 0.4122
vn 0.9536 -0.2973 -0.0486
vn -0.6404 0.4133 0.6473
vn -0.9838 0.0766 0.1619
vn -0.7901 0.5083 0.3425
vn -0.8689 0.4786 -0.1261
vn -0.5710 0.8159 -0.0912
vn -0.3961 -0.4965 0.7724
vn 0.5075 0.2296 0.8305
vn -0.7632 0.6069 -0.2219
vn -0.6590 0.7405 0.1322
vn 0.5185 -0.8487 0.1048
vn 0.8920 0.0478 0.4494
vn -0.5044 -0.0969 0.8580
vn 0.3888 0.1191 -0.9136
vn -0.8680 0.0129 0.4965
vn 0.8644 0.4894 0.1149
vn 0.9873 0.0514 -0.1504
vn -0.2422 0.4227 -0.8733
vn -0.6359 0.4745 -0.6087
vn 0.8555 0.5082 0.0994
vn 0.5661 -0.8068 0.1689
vn -0.7315 -0.2224 -0.6445
vn -0.7922 -0.2667 -0.5490
vn -0.7086 -0.6607 0.2477
vn -0.0120 0.0776 -0.9969
vn -0.4414 -0.8835 -0.1569
vn -0.8784 -0.4778 -0.0125
vn 0.4666 0.8500 -0.2445
vn -0.4992 0.1228 0.8578
vn -0.2984 0.5069 0.8087
vn -0.7812 0.1769 -0.5987
vn -0.7138 0.2695 -0.6464
vn -0.7916 0.3081 0.5277
vn -0.8523 0.1476 0.5018
vn -0.6631 0.4864 0.5690
vn -0.5561 -0.7432 0.3720
vn -0.7200 -0.5863 0.3713
vn -0.6477 0.7235 0.2390
vn 0.3394 0.0511 -0.9393
vn 0.0003 -0.2036 0.9790
vn -0.9070 -0.2019 0.3695
vn -0.8549 -0.4483 0.2611
vn -0.7934 -0.4632 -0.3948
vn 0.1449 0.0643 -0.9874
vn -0.8821 -0.3750 0.2852
vn -0.9922 0.0647 -0.1061
vn 0.7071 -0.2975 -0.6415
vn 0.5148 0.0842 -0.8532
vn -0.9110 0.4041 0.0822
vn 0.1250 -0.1913 -0.9735
vn 0.1252 -0.1993 -0.9719
vn 0.1252 -0.2012 -0.9715
vn 0.1250 -0.1895 -0.9739
vn 0.7482 0.1513 -0.6460
vn 0.7929 0.1025 -0.6006
vn 0.7626 0.2447 -0.5989
vn -0.8239 0.4116 -0.3895
vn -0.1397 0.6140 0.7769
vn 0.2594 0.5004 0.8260
vn -0.2645 0.4365 0.8599
vn 0.6529 0.6588 0.3738
vn -0.9975 -0.0084 0.0706
vn -0.9464 -0.1892 0.2619
vn 0.2475 0.1333 0.9597
vn -0.1102 -0.4300 0.8961
vn 0.9292 0.1672 0.3296
vn 0.7363 0.5551 0.3871
vn -0.4254 -0.3974 0.8130
vn 0.2874 0.1623 0.9440
vn -0.8806 -0.1711 -0.4420
vn -0.1585 0.9789 -0.1292
vn 0.6122 0.0833 -0.7863
vn 0.4843 -0.2272 -0.8449
vn 0.6053 -0.0858 -0.7914
vn 0.3838 0.5040 0.7737
vn 0.6383 -0.4891 -0.5944
vn -0.4162 0.1490 0.8970
vn 0.8832 -0.1224 0.4527
vn 0.7619 -0.6239 -0.1741
vn 0.7386 0.5565 0.3806
vn 0.9386 -0.0472 -0.3418
vn 0.9790 -0.0467 0.1982
vn -0.2178 0.8951 0.3891
vn 0.3698 -0.5399 0.7561
vn -0.1298 0.9043 -0.4067
vn 0.5533 0.2262 0.8017
vn -0.7937 -0.0604 0.6053
vn 0.0767 -0.0567 0.9954
vn -0.8104 0.4844 0.3296
vn -0.1643 -0.5155 0.8410
vn 0.1514 0.5090 0.8474
vn 0.8727 -0.4242 0.2419
vn 0.4702 -0.8821 0.0285
vn 0.0238 -0.1308 0.9911
vn 0.9165 -0.3482 -0.1969
vn 0.4265 0.3610 -0.8293
vn 0.9658 0.2592 -0.0018
vn 0.5281 -0.1587 -0.8342
vn 0.6678 -0.7443 -0.0122
vn 0.5091 0.1540 -0.8468
vn 0.7420 0.2365 -0.6273
vn 0.5242 -0.8513 0.0222
vn -0.0796 0.6075 0.7903
vn 0.4977 -0.8667 0.0334
vn -0.8004 0.5494 -0.2400
vn -0.4433 -0.0827 -0.8926
vn -0.6557 -0.7038 -0.2734
vn -0.7242 0.6291 -0.2824
vn -0.9807 -0.0504 -0.1891
vn -0.2776 0.0756 0.9577
vn 0.7651 0.3751 0.5234
vn 0.2288 -0.4532 -0.8615
vn -0.2005 -0.2070 0.9576
vn 0.3685 -0.2746 -0.8882
vn 0.1812 -0.7258 -0.6636
vn 0.6933 -0.3920 -0.6047
vn -0.7300 0.6415 -0.2359
vn -0.1609 -0.0338 -0.9864
vn -0.8325 -0.5357 0.1412
vn 0.1578 -0.2443 0.9568
vn -0.9010 -0.3303 -0.2812
vn -0.5270 0.1147 -0.8421
vn -0.5184 0.1213 -0.8465
vn -0.5189 0.1207 -0.8463
vn -0.5283 0.1138 -0.8414
vn -0.6889 0.7248 0.0080
vn 0.0406 0.8659 0.4986
vn -0.0385 0.8360 0.5474
vn -0.6080 0.7845 0.1217
vn -0.2954 -0.0419 0.9544
vn -0.6744 0.6469 -0.3559
vn 0.8546 0.1130 0.5068
vn -0.6849 0.6804 -0.2604
vn -0.6196 -0.5995 -0.5066
vn 0.6855 0.1140 0.7191
vn -0.1955 -0.0314 0.9802
vn -0.3595 -0.2744 -0.8919
vn -0.3962 0.0134 0.9181
vn 0.6254 0.2683 0.7327
vn -0.9323 -0.3011 0.2005
vn 0.8339 -0.4107 0.3686
vn 0.5978 0.1822 0.7807
vn 0.8967 0.3998 0.1899
vn 0.2881 0.7632 0.5784
vn 0.6147 -0.5195 0.5935
vn -0.1046 0.1717 0.9796
vn -0.1062 0.1714 0.9795
vn -0.1047 0.1717 0.9796
vn 0.2898 -0.5657 -0.7720
vn 0.5906 0.1122 0.7991
vn 0.0880 0.8179 0.5685
vn -0.9788 0.1291 0.1592
vn -0.0395 0.7075 -0.7056
vn -0.4278 0.1299 -0.8945
vn 0.2585 0.3869 -0.8852
vn -0.1078 0.9164 -0.3854
vn 0.2233 0.1377 -0.9650
vn 0.6790 0.5396 0.4978
vn 0.4623 0.4211 0.7804
vn 0.4613 0.3653 -0.8086
vn -0.8352 0.5423 0.0915
vn -0.6752 0.7256 -0.1329
vn -0.9252 -0.2539 -0.2820
vn -0.7404 0.5646 -0.3647
vn -0.8608 0.2777 -0.4265
vn -0.8879 0.4458 -0.1140
vn -0.7282 0.1828 0.6605
vn -0.7106 -0.6476 0.2751
vn -0.9374 0.0150 0.3479
vn -0.5534 -0.0285 0.8324
vn -0.8535 0.3210 0.4105
vn 0.6564 0.3193 -0.6835
vn 0.1759 0.7348 -0.6551
vn 0.2998 0.5967 0.7444
vn 0.7824 -0.6226 -0.0146
vn 0.7336 -0.6486 0.2028
vn 0.9899 0.0594 -0.1284
vn 0.5503 -0.8306 0.0856
vn 0.4442 -0.8938 0.0618
vn 0.4177 -0.8498 0.3214
vn 0.4176 -0.9007 -0.1195
vn -0.5394 -0.0774 0.8385
vn 0.9129 0.3123 -0.2628
vn 0.2136 -0.4261 -0.8791
vn -0.9936 -0.0814 0.0782
vn -0.6713 0.1690 -0.7217
vn -0.0626 -0.5119 -0.8568
vn -0.4120 -0.2463 -0.8773
vn 0.0031 -0.1820 -0.9833
vn 0.4016 -0.7926 -0.4587
vn -0.9101 -0.3921 -0.1342
vn -0.9018 0.3596 -0.2396
vn -0.0589 -0.8445 -0.5323
vn 0.0260 -0.1198 -0.9925
vn -0.6698 -0.1099 -0.7344
vn -0.3205 0.7966 -0.5126
vn -0.5681 0.5740 -0.5897
vn -0.4359 0.2841 0.8540
vn -0.4006 0.3139 -0.8608
vn 0.1367 -0.3033 -0.9430
vn -0.6618 -0.6957 -0.2793
vn 0.8785 -0.1052 -0.4660
vn 0.0583 -0.7053 -0.7065
vn -0.2930 0.5716 -0.7664
vn -0.9241 -0.0444 -0.3795
vn -0.6530 0.1334 -0.7455
vn -0.8775 -0.2568 -0.4051
vn -0.8728 -0.2491 -0.4196
vn -0.4669 -0.1474 -0.8719
vn 0.0077 0.2361 -0.9717
vn -0.7425 -0.3617 -0.5638
vn 0.3995 -0.3959 -0.8269
vn 0.6218 0.1664 0.7653
vn 0.7447 -0.6502 0.1501
vn 0.3068 -0.1879 -0.9330
vn 0.9954 0.0149 -0.0947
vn 0.5102 -0.4327 -0.7433
vn 0.2099 -0.3607 -0.9087
vn -0.5413 0.0069 -0.8408
vn 0.0679 -0.5975 0.7990
vn 0.7685 0.3621 0.5275
vn 0.3389 -0.4121 -0.8458
vn 0.1428 -0.0605 0.9879
vn 0.2827 -0.0053 0.9592
vn 0.2830 -0.0005 0.9591
vn 0.2831 0.0006 0.9591
vn 0.1983 -0.0705 0.9776
vn -0.1575 -0.1030 0.9821
vn 0.5400 0.2339 0.8085
vn 0.0936 0.8274 0.5538
vn 0.9468 0.0206 -0.3211
vn 0.3146 -0.1112 0.9427
vn 0.5858 -0.3476 0.7321
vn -0.1151 -0.1927 -0.9745
vn 0.4273 -0.2212 0.8766
vn -0.0638 0.6537 -0.7540
vn 0.4200 0.0507 0.9061
vn 0.4441 0.0390 0.8951
vn 0.8534 -0.0671 -0.5169
vn 0.8764 -0.2315 0.4224
vn -0.4684 -0.4351 -0.7689
vn -0.0768 0.1631 -0.9836
vn 0.7392 0.5278 0.4184
vn 0.2607 0.2366 -0.9360
vn 0.1802 -0.8960 -0.4059
vn 0.0620 -0.9898 0.1284
vn 0.7890 -0.1127 -0.6039
vn 0.3075 -0.9513 -0.0209
vn 0.8641 -0.2039 0.4601
vn 0.8643 -0.2036 0.4600
vn 0.8597 -0.2111 0.4651
vn 0.8989 -0.2184 0.3799
vn 0.5513 -0.3276 0.7673
vn 0.7022 0.5057 0.5012
vn 0.4706 -0.1084 0.8756
vn -0.7651 -0.2583 0.5898
vn -0.1335 -0.2255 -0.9651
vn -0.0244 -0.1766 -0.9840
vn -0.0647 -0.1588 -0.9852
vn -0.7446 0.5603 0.3628
vn -0.1814 0.8005 0.5713
vn 0.8374 -0.5035 -0.2127
vn 0.5849 0.3871 -0.7127
vn 0.8184 0.4276 0.3839
vn 0.1172 -0.4023 -0.9080
vn 0.4254 -0.6029 -0.6750
vn 0.1816 0.3423 0.9218
vn 0.2088 -0.0963 -0.9732
vn 0.2864 0.3365 -0.8971
vn -0.2613 0.2347 0.9363
vn 0.6267 0.7218 0.2935
vn 0.2460 -0.3604 -0.8998
vn -0.1030 0.0637 0.9926
vn 0.1144 0.3311 -0.9367
vn 0.0919 -0.5259 -0.8456
vn -0.6179 -0.7156 -0.3258
vn 0.8014 0.2395 0.5481
vn 0.8012 0.2391 0.5485
vn 0.8014 0.2396 0.5480
vn 0.3158 -0.1406 0.9383
vn 0.9079 0.4002 0.1247
vn -0.6038 0.4379 0.6661
vn 0.0462 0.9373 0.3454
vn 0.0647 0.6747 0.7353
vn 0.3490 -0.6056 0.7152
vn -0.3675 0.8896 0.2713
vn 0.8304 -0.5291 0.1745
vn 0.4989 -0.0449 0.8655
vn 0.2333 -0.1776 0.9560
vn 0.5751 0.2517 -0.7784
vn -0.1615 -0.2496 0.9548
vn 0.5005 -0.1831 0.8462
vn 0.7421 -0.5613 0.3663
vn 0.9580 -0.1438 0.2480
vn -0.5347 -0.8290 -0.1637
vn -0.0271 0.3084 -0.9509
vn -0.3913 -0.9167 0.0811
vn 0.8303 -0.2981 0.4708
vn -0.3796 0.4049 -0.8318
vn 0.4195 0.3499 -0.8376
vn 0.1529 0.9288 0.3375
vn -0.1746 0.0779 0.9816
vn 0.4410 -0.7306 0.5212
vn -0.4498 -0.1335 -0.8831
vn -0.4477 -0.1343 -0.8841
vn -0.4547 -0.1318 -0.8808
vn 0.6112 0.0177 0.7913
vn -0.6534 -0.1570 -0.7406
vn 0.0716 0.4482 0.8910
vn 0.7899 0.5179 -0.3285
vn -0.1240 0.0181 0.9921
vn 0.8835 0.0972 -0.4581
vn 0.8429 -0.1599 -0.5138
vn -0.0565 0.4254 -0.9033
vn -0.2462 -0.1794 -0.9525
vn -0.9106 -0.3859 -0.1479
vn 0.6436 0.7257 0.2433
vn 0.3636 0.8540 0.3721
vn 0.5327 -0.2642 -0.8040
vn 0.0304 -0.9651 0.2600
vn 0.4541 0.8215 0.3447
vn 0.4500 0.8215 0.3501
vn 0.4505 0.8216 0.3494
vn 0.5918 0.4507 0.6683
vn 0.4970 0.5803 0.6452
vn 0.8076 0.0106 -0.5897
vn 0.2000 -0.1732 -0.9644
vn -0.3763 0.2940 0.8786
vn 0.2651 -0.4386 -0.8587
vn -0.0092 -0.1621 -0.9867
vn 0.6867 0.1270 -0.7158
vn -0.4636 0.6703 0.5795
vn 0.6266 -0.1217 -0.7698
vn -0.1239 -0.2153 -0.9687
vn 0.7773 -0.0553 -0.6267
vn 0.7305 -0.2758 -0.6248
vn 0.7856 -0.1286 -0.6052
vn 0.5481 -0.0657 -0.8338
vn 0.3836 0.3588 -0.8510
vn 0.6697 0.5108 -0.5390
vn 0.8994 0.3410 0.2736
vn -0.7865 0.5906 0.1807
vn 0.6749 -0.0344 -0.7371
vn 0.1979 -0.0641 0.9781
vn 0.6590 0.3441 0.6688
vn 0.4787 0.7577 0.4435
vn 0.2576 -0.0782 0.9631
vn -0.0940 0.8124 -0.5755
vn 0.2637 -0.9490 0.1727
vn 0.7919 -0.3427 0.5055
vn 0.4183 -0.2579 -0.8710
vn 0.7831 -0.2368 -0.5750
vn 0.8716 -0.4606 0.1675
vn 0.6625 0.0010 -0.7491
vn 0.2447 0.3362 -0.9095
vn 0.2456 0.3365 -0.9091
vn 0.2453 0.3364 -0.9092
vn 0.4465 0.6921 -0.5670
vn 0.8583 -0.4902 0.1518
vn 0.0272 0.4132 -0.9102
vn 0.0267 0.4135 -0.9101
vn 0.0271 0.4133 -0.9102
vn 0.5856 -0.7478 -0.3128
vn 0.7876 -0.4233 0.4479
vn 0.0803 -0.3642 -0.9278
vn 0.3254 0.7143 0.6195
vn 0.6695 0.7072 0.2274
vn 0.6702 0.7065 0.2273
vn 0.6788 0.6989 0.2251
vn 0.2105 0.0867 -0.9737
vn 0.7068 -0.7044 0.0656
vn 0.6333 -0.7718 -0.0567
vn 0.1654 -0.2825 -0.9449
vn 0.7364 -0.6519 0.1809
vn -0.4444 -0.6925 0.5683
vn 0.3847 -0.3364 -0.8596
vn 0.3893 0.5064 0.7694
vn 0.4471 0.2029 0.8711
vn 0.0244 0.2275 0.9735
vn 0.2035 -0.1797 0.9624
vn 0.1575 -0.0554 -0.9860
vn -0.0213 0.3313 0.9433
vn -0.0214 0.3312 0.9433
vn -0.0228 0.3301 0.9437
vn 0.7030 0.6509 0.2865
vn 0.6230 0.6122 0.4870
vn 0.8028 -0.5832 0.1237
vn 0.8013 -0.4433 0.4017
vn 0.8010 -0.4435 0.4022
vn 0.8012 -0.4433 0.4019
vn 0.8342 -0.1917 0.5171
vn -0.0724 0.6531 0.7538
vn 0.3704 -0.2666 0.8898
vn -0.0816 -0.1208 0.9893
vn -0.1971 0.3937 -0.8979
vn 0.3875 0.6049 -0.6957
vn 0.3916 0.1345 0.9102
vn 0.5004 -0.8566 0.1256
vn 0.7046 -0.5384 -0.4622
vn 0.9692 0.1713 0.1768
vn 0.8086 -0.5276 0.2605
vn 0.8070 -0.5295 0.2615
vn 0.8075 -0.5289 0.2612
vn 0.1117 0.0064 0.9937
vn 0.6627 -0.7465 0.0595
vn 0.7017 -0.6963 -0.1509
vn 0.7530 -0.4870 0.4426
vn 0.8588 -0.2964 0.4179
vn 0.3440 0.7648 -0.5448
vn 0.4908 -0.1873 -0.8509
vn 0.3580 0.3962 -0.8455
vn -0.9152 0.0778 -0.3953
vn 0.4468 -0.3470 -0.8246
vn -0.0329 0.4124 0.9104
vn -0.0448 0.4181 0.9073
vn -0.2125 0.4646 0.8596
vn 0.7982 -0.2314 -0.5562
vn 0.4708 -0.0636 0.8800
vn 0.1588 -0.3786 0.9119
vn 0.0134 -0.1983 -0.9801
vn 0.2908 0.0790 0.9535
vn 0.4240 -0.2974 -0.8555
vn -0.4369 0.8765 0.2022
vn 0.6153 -0.4224 -0.6656
vn -0.6860 -0.1928 0.7016
vn 0.8090 -0.5271 0.2602
vn 0.4598 -0.1290 -0.8786
vn 0.0764 0.7843 0.6157
vn -0.1813 0.6553 -0.7333
vn -0.1814 0.6569 -0.7319
vn -0.1817 0.6613 -0.7278
vn 0.9201 -0.2842 0.2695
vn 0.9232 -0.2744 0.2691
vn 0.9232 -0.2745 0.2690
vn -0.0003 -0.0614 -0.9981
vn -0.0533 -0.9496 0.3089
vn 0.2297 0.2482 -0.9411
vn -0.0828 -0.4238 -0.9020
vn -0.2460 0.1478 -0.9579
vn -0.3796 -0.0979 -0.9199
vn 0.8391 0.0396 -0.5426
vn 0.2679 0.0504 -0.9621
vn 0.0617 0.3812 -0.9224
vn 0.2983 0.3121 0.9020
vn 0.4117 0.1452 -0.8997
vn -0.2172 -0.3590 -0.9077
vn 0.2344 -0.5915 0.7715
vn 0.5276 -0.0514 0.8480
vn -0.0795 0.2524 -0.9643
vn 0.0083 -0.2834 0.9590
vn 0.4118 -0.2108 0.8866
vn -0.1086 -0.0788 0.9909
vn -0.2129 0.9299 -0.3001
vn 0.7806 -0.2921 0.5525
vn 0.7813 -0.2918 0.5518
vn 0.7754 -0.2945 0.5586
vn 0.4040 0.0876 0.9106
vn 0.5444 -0.0044 0.8388
vn -0.0370 -0.5966 -0.8017
vn 0.5696 -0.3274 0.7539
vn -0.3512 0.0135 -0.9362
vn -0.9310 -0.1488 -0.3334
vn -0.3906 0.7773 -0.4932
vn 0.2759 0.7801 -0.5616
vn 0.9617 0.2435 -0.1259
vn -0.0827 -0.9207 0.3815
vn 0.3526 0.4529 0.8189
vn 0.1489 0.8378 0.5253
vn 0.0950 0.8182 0.5670
vn 0.6179 -0.3066 0.7240
vn 0.3142 -0.6172 0.7213
vn 0.3340 -0.1362 0.9327
vn -0.3678 0.3576 0.8584
vn 0.1704 -0.3120 0.9347
vn -0.0794 -0.2317 -0.9695
vn -0.2563 0.5991 0.7585
vn -0.8838 -0.3723 -0.2835
vn -0.0041 0.8268 0.5624
vn -0.2018 0.7583 0.6199
vn 0.3789 0.7447 -0.5494
vn -0.1125 -0.2066 -0.9719
vn -0.2182 0.0013 -0.9759
vn -0.0697 -0.1375 0.9880
vn -0.1194 0.4938 -0.8613
vn -0.4209 0.0221 0.9068
vn 0.3597 0.0655 -0.9308
vn -0.0857 0.2950 -0.9516
vn 0.1609 0.3219 0.9330
vn 0.3388 -0.1882 -0.9218
vn 0.1786 0.0493 -0.9827
vn 0.1275 0.3917 0.9112
vn -0.4327 0.2888 0.8540
vn -0.4442 -0.8842 -0.1445
vn -0.1384 0.9094 0.3922
vn 0.4890 0.6909 0.5325
vn 0.8015 0.2399 0.5478
vn 0.2269 0.5856 -0.7782
vn 0.5406 0.1990 0.8174
vn 0.8770 -0.3107 0.3665
vn 0.5565 0.6859 0.4689
vn 0.0517 0.8111 0.5826
vn 0.0523 0.8147 0.5775
vn 0.0519 0.8145 0.5778
vn 0.8016 -0.4431 0.4014
vn -0.2832 0.7633 0.5807
vn -0.2426 -0.3736 0.8953
vn 0.6417 0.6984 0.3168
vn -0.4807 0.0144 0.8768
vn 0.2869 0.2528 0.9240
vn 0.1760 -0.1239 0.9766
vn 0.6020 -0.0888 0.7936
vn 0.7630 -0.4397 0.4738
vn 0.6769 0.2682 -0.6854
vn 0.6855 -0.3071 -0.6602
vn 0.0422 0.1656 0.9853
vn 0.4024 0.0934 -0.9107
vn 0.6295 -0.2871 0.7220
vn 0.7018 0.6033 0.3789
vn -0.4748 -0.8461 -0.2423
vn 0.8355 -0.2727 0.4770
vn 0.4316 -0.1708 -0.8857
vn 0.2702 -0.2177 -0.9378
vn 0.4052 -0.3638 0.8387
vn -0.1110 0.1490 0.9826
vn 0.0311 -0.1278 -0.9913
vn 0.7219 -0.6786 -0.1353
vn 0.7796 -0.5763 -0.2453
vn 0.6215 -0.7476 -0.2341
vn 0.9266 -0.1337 -0.3515
vn 0.1257 -0.0574 -0.9904
vn 0.9788 0.1597 0.1283
vn 0.3518 0.6177 -0.7033
vn 0.8926 -0.2624 -0.3667
vn 0.7569 -0.1183 -0.6428
vn 0.7434 -0.6683 -0.0291
vn 0.7110 -0.2044 -0.6729
vn 0.5344 0.0663 0.8426
vn 0.9132 -0.0395 -0.4056
vn 0.7974 -0.5881 0.1352
vn 0.2195 0.6129 0.7590
vn 0.9458 0.2602 -0.1945
vn 0.4728 0.8700 0.1401
vn -0.0121 0.6675 -0.7446
vn 0.9380 0.3365 0.0832
vn 0.2384 -0.1919 -0.9520
vn -0.5039 0.5888 0.6320
vn 0.3323 -0.2107 -0.9193
vn 0.3211 0.1050 0.9412
vn 0.6172 0.5467 0.5659
vn 0.7726 -0.1082 -0.6256
vn 0.9000 -0.4004 -0.1724
vn 0.7870 -0.1085 -0.6073
vn 0.4163 -0.2133 0.8839
vn -0.1809 -0.4272 0.8858
vn -0.2504 0.3189 0.9141
vn -0.2290 0.0909 0.9692
vn -0.1419 0.9468 0.2888
vn 0.3385 0.5485 0.7646
vn 0.2047 0.3664 0.9076
vn 0.6886 -0.2761 -0.6705
vn 0.2015 0.1639 0.9657
vn 0.4813 0.1932 0.8550
vn 0.6358 -0.3270 0.6991
vn 0.6436 0.5515 0.5307
vn 0.0226 -0.0145 -0.9996
vn 0.9571 -0.1556 -0.2443
vn 0.9573 -0.1555 -0.2436
vn 0.9571 -0.1556 -0.2446
vn 0.0141 -0.9888 -0.1484
vn -0.2720 0.1234 -0.9543
vn -0.0377 -0.9942 -0.1003
vn -0.5668 0.1397 0.8119
vn -0.3538 0.5386 0.7646
vn 0.1744 -0.2105 0.9619
vn 0.1573 0.4053 -0.9005
vn -0.4422 -0.8814 0.1663
vn 0.8329 0.0587 0.5502
vn -0.2094 0.0151 0.9777
vn 0.3464 0.9381 -0.0074
vn 0.2915 0.8438 0.4506
vn 0.6186 0.1783 0.7652
vn 0.7462 0.5384 -0.3914
vn 0.0920 0.1255 0.9878
vn 0.1050 0.1275 0.9863
vn 0.1020 0.1307 0.9862
vn 0.0923 0.1347 0.9866
vn 0.8780 -0.2935 0.3781
vn 0.5834 0.5353 0.6109
vn 0.9940 -0.0542 -0.0955
vn 0.9814 -0.1869 0.0445
vn 0.9901 0.0233 -0.1383
vn 0.2244 -0.5239 -0.8217
vn 0.9233 -0.2741 0.2689
vn 0.0971 0.2903 0.9520
vn 0.5748 0.4024 0.7125
vn -0.3409 0.3526 0.8715
vn 0.6707 0.4518 0.5882
vn 0.4384 0.8981 -0.0350
vn -0.2468 0.1484 0.9576
vn 0.8951 0.2471 0.3712
vn -0.0438 0.0030 0.9990
vn 0.2761 0.0710 0.9585
vn 0.3314 0.1127 0.9367
vn 0.4241 0.1334 0.8957
vn -0.1678 0.0016 -0.9858
vn 0.9728 0.2187 0.0760
vn 0.9735 0.2151 0.0777
vn 0.9725 0.2202 0.0752
vn 0.1188 0.5302 -0.8395
vn 0.7752 -0.2947 0.5588
vn 0.7167 0.1617 0.6784
vn -0.1397 0.6783 -0.7213
vn 0.3852 0.3383 0.8586
vn -0.3280 -0.3058 0.8938
vn 0.3960 0.0411 -0.9173
vn 0.9570 0.2775 0.0847
vn -0.2029 0.3436 -0.9169
vn -0.0711 0.6338 -0.7703
vn 0.9744 0.0096 -0.2248
vn -0.2352 -0.1206 -0.9644
vn -0.9092 0.2828 -0.3056
vn 0.6027 -0.1162 -0.7895
vn 0.9813 -0.1794 -0.0700
vn 0.4792 -0.8423 0.2466
vn 0.5587 -0.7863 0.2640
vn 0.3703 0.1896 0.9094
vn 0.7333 0.2733 -0.6226
vn 0.7527 0.4360 -0.4933
vn 0.0044 0.2222 0.9750
vn -0.0508 -0.3577 -0.9324
vn 0.6605 -0.4541 -0.5979
vn 0.2167 -0.0181 0.9761
vn 0.8584 -0.4408 -0.2625
vn -0.6503 -0.0924 -0.7541
vn 0.3152 0.3753 0.8717
vn 0.2804 -0.1109 0.9535
vn -0.1855 -0.4897 0.8519
vn 0.4526 -0.0594 0.8897
vn 0.1094 -0.4452 0.8887
vn 0.4708 -0.2423 -0.8483
vn -0.1967 -0.9756 -0.0973
vn 0.3995 -0.2477 -0.8826
vn -0.0343 -0.0971 -0.9947
vn -0.0147 -0.0765 0.9970
vn 0.3316 0.2699 -0.9040
vn 0.2908 -0.3574 0.8875
vn 0.6107 0.0686 0.7889
vn 0.8433 0.2735 0.4627
vn -0.1195 -0.9083 0.4008
vn 0.7423 -0.3822 0.5503
vn 0.9416 0.0979 -0.3222
vn 0.1347 0.1430 0.9805
vn 0.1179 -0.7638 -0.6346
vn 0.8877 0.1732 -0.4267
vn -0.3430 -0.4082 0.8460
vn 0.7059 -0.1567 0.6908
vn 0.8521 0.3428 -0.3955
vn 0.6607 0.2127 -0.7199
vn 0.3519 0.2689 -0.8966
vn 0.3195 0.1670 0.9328
vn 0.3831 0.1272 0.9149
vn 0.1667 0.6157 -0.7701
vn 0.1982 0.5107 -0.8366
vn 0.2630 0.6655 -0.6985
vn 0.4198 0.7907 -0.4456
vn 0.2545 0.9200 0.2982
vn 0.5790 -0.6208 0.5286
vn 0.7077 -0.1841 -0.6821
vn 0.2759 0.5094 0.8151
vn 0.4884 0.1246 -0.8637
vn -0.0372 0.7562 0.6533
vn 0.6742 -0.0989 -0.7319
vn 0.3574 -0.9019 -0.2425
vn -0.0176 0.8929 0.4499
vn -0.1065 0.9161 0.3865
vn 0.0702 -0.2380 -0.9687
vn -0.0680 0.1172 0.9908
vn 0.4318 0.3388 0.8359
vn 0.1125 0.4230 -0.8991
vn -0.5159 0.6220 0.5891
vn 0.0790 -0.0056 -0.9969
vn 0.3326 0.4072 0.8506
vn 0.5906 -0.0108 0.8069
vn 0.6129 -0.1022 0.7835
vn 0.5634 -0.5095 0.6504
vn 0.0154 -0.1546 0.9879
vn 0.4409 0.8376 -0.3226
vn 0.1400 0.8908 0.4323
vn -0.6161 0.2346 0.7519
vn 0.3602 0.3452 -0.8667
vn 0.5893 0.3850 -0.7103
vn 0.7214 0.5851 0.3705
vn 0.4938 -0.8649 -0.0905
vn 0.4929 -0.8653 -0.0909
vn 0.4999 -0.8616 -0.0876
vn 0.8524 0.0484 -0.5206
vn 0.8193 0.2533 -0.5145
vn 0.3045 0.9353 0.1803
vn 0.5938 -0.0700 0.8016
vn 0.5938 -0.0700 0.8015
vn 0.3497 0.4370 0.8287
vn 0.8867 -0.2901 0.3601
vn -0.0866 0.3705 0.9248
vn -0.0886 0.3685 0.9254
vn -0.0915 0.3654 0.9263
vn 0.7167 -0.6836 -0.1382
vn 0.4854 0.2284 0.8439
vn -0.1291 0.0430 0.9907
vn 0.5384 0.8330 0.1276
vn -0.2777 -0.1498 -0.9489
vn 0.5670 -0.0997 0.8177
vn 0.9931 0.0096 -0.1169
vn 0.4769 0.4342 0.7642
vn 0.4688 0.0317 0.8827
vn 0.4257 -0.2975 -0.8546
vn 0.1959 -0.3406 -0.9196
vn 0.5462 0.1499 0.8241
vn 0.3016 -0.2739 -0.9132
vn 0.6280 -0.5857 -0.5124
vn -0.1241 0.8133 0.5685
vn -0.3533 0.2058 0.9126
vn 0.2691 -0.4415 -0.8560
vn -0.3911 -0.8184 0.4210
vn 0.0453 -0.0436 -0.9980
vn -0.4311 0.0414 0.9014
vn 0.8796 0.2718 -0.3904
vn -0.1061 -0.2319 -0.9669
vn 0.8392 -0.4138 -0.3530
vn -0.1138 -0.1804 -0.9770
vn 0.0007 -0.0743 -0.9972
vn 0.9393 -0.3371 -0.0634
vn 0.5412 -0.8273 -0.1506
vn 0.4698 -0.8828 0.0058
vn 0.5861 0.2820 -0.7596
vn -0.1407 0.8417 0.5213
vn 0.1934 0.0916 -0.9768
vn -0.1917 0.4235 -0.8854
vn 0.0638 -0.5946 0.8015
vn 0.5001 0.6131 -0.6115
vn -0.3142 0.3166 0.8950
vn 0.0846 0.5141 0.8536
vn 0.9384 -0.0437 -0.3428
vn -0.2886 0.3546 0.8894
vn -0.2118 0.5626 0.7991
vn -0.1149 0.8110 -0.5737
vn -0.3119 0.1301 0.9412
vn 0.3880 0.3271 0.8616
vn 0.3188 0.2953 0.9006
vn 0.0551 0.2174 0.9745
vn 0.2486 0.3380 -0.9077
vn 0.1662 0.3751 0.9120
vn 0.0625 -0.4585 -0.8865
vn 0.2075 -0.4645 0.8609
vn 0.5455 0.5019 0.6712
vn 0.6256 0.6548 0.4241
vn 0.5719 -0.3963 -0.7183
vn 0.4677 0.6552 -0.5933
vn 0.5103 -0.3414 -0.7893
vn 0.4441 0.6867 -0.5754
vn -0.7686 0.2684 0.5807
vn -0.0683 0.3041 0.9502
vn 0.9170 -0.3989 -0.0070
vn 0.8255 0.3202 0.4648
vn 0.7406 -0.4102 -0.5321
vn 0.5137 0.3233 0.7947
vn 0.1865 -0.7304 -0.6570
vn 0.6032 0.7330 0.3143
vn 0.6033 0.7330 0.3143
vn 0.6026 0.7333 0.3150
vn 0.0822 0.2352 0.9685
vn 0.5480 0.5359 0.6423
vn 0.5606 -0.5060 -0.6555
vn -0.4212 -0.4380 -0.7942
vn 0.9622 0.2227 0.1567
vn -0.2873 0.5225 0.8028
vn 0.8019 0.4474 0.3960
vn -0.1975 0.8605 -0.4697
vn 0.3154 -0.1005 -0.9436
vn -0.0957 0.3912 0.9153
vn -0.5611 -0.7934 -0.2358
vn -0.1168 0.9397 0.3215
vn 0.5578 0.4048 0.7245
vn 0.0215 -0.8638 -0.5034
vn -0.2214 0.8251 0.5199
vn -0.0539 -0.1277 -0.9903
vn -0.1416 0.7081 0.6918
vn 0.5530 -0.8325 0.0337
vn 0.6157 -0.7691 -0.1715
vn -0.3512 0.7120 0.6080
vn 0.4048 -0.8458 0.3475
vn -0.4915 0.2383 0.8376
vn -0.1319 -0.0444 -0.9903
vn 0.9097 -0.1218 -0.3970
vn 0.6529 0.1180 0.7482
vn 0.4247 -0.5501 0.7191
vn -0.2976 -0.8470 -0.4404
vn -0.1326 0.0022 0.9912
vn -0.0023 0.0318 0.9995
vn 0.8039 0.2428 0.5430
vn 0.4025 0.0028 -0.9154
vn 0.5442 -0.1188 -0.8305
vn 0.0340 -0.0307 0.9990
vn -0.0857 -0.1040 -0.9909
vn 0.0360 0.8012 -0.5973
vn 0.9931 0.1119 -0.0340
vn 0.7510 0.0659 -0.6570
vn 0.4627 -0.1551 0.8728
vn 0.9728 -0.1173 0.1996
vn 0.3244 0.5420 -0.7753
vn 0.9409 -0.0383 0.3366
vn 0.8317 0.1309 0.5396
vn 0.8176 -0.0198 0.5754
vn -0.0758 0.5659 -0.8209
vn 0.6723 -0.7393 0.0366
vn 0.5308 0.6582 -0.5339
vn 0.7909 -0.5854 0.1784
vn 0.4722 0.1217 -0.8730
vn 0.4454 0.1995 -0.8728
vn 0.9766 -0.1767 0.1223
vn 0.2181 0.1099 -0.9697
vn 0.7783 -0.3403 -0.5278
vn 0.6804 -0.6788 0.2761
vn -0.0196 0.2545 0.9669
vn 0.5732 -0.1058 0.8125
vn -0.2432 0.9428 -0.2279
vn 0.5923 -0.8056 -0.0141
vn 0.7313 0.5813 0.3568
vn 0.7702 0.4451 0.4569
vn 0.7456 -0.6557 -0.1189
vn 0.9256 -0.3391 0.1679
vn 0.5233 -0.8434 0.1217
vn 0.4644 -0.2709 0.8432
vn 0.4695 -0.2678 0.8413
vn 0.4672 -0.2691 0.8422
vn 0.5916 0.2880 -0.7530
vn -0.1802 0.0158 0.9835
vn 0.7347 -0.3713 0.5677
vn 0.2676 -0.9553 0.1253
vn 0.1520 0.3494 0.9246
vn 0.2081 0.0218 0.9779
vn 0.6209 -0.6303 -0.4661
vn -0.0330 -0.1576 -0.9870
vn 0.2387 -0.1799 -0.9543
vn 0.0092 0.3561 -0.9344
vn -0.1052 -0.5394 -0.8354
vn 0.4607 0.3458 -0.8174
vn -0.1714 0.8473 0.5027
vn 0.3510 -0.4837 0.8018
vn -0.1168 0.2495 -0.9613
vn -0.3707 0.7078 0.6014
vn 0.9934 -0.0937 -0.0670
vn 0.3847 0.7779 0.4968
vn 0.6297 -0.7654 0.1329
vn 0.7408 -0.2742 -0.6132
vn -0.1843 -0.1537 -0.9708
vn 0.1153 -0.0198 0.9931
vn 0.6288 -0.5874 0.5095
vn -0.6825 0.6112 0.4007
vn 0.8710 -0.0378 0.4898
vn -0.1038 0.9825 0.1544
vn 0.2706 0.0876 0.9587
vn 0.0353 -0.1937 0.9804
vn -0.8340 0.3802 0.3998
vn 0.2363 -0.0470 0.9705
vn 0.0890 0.0184 0.9959
vn -0.0015 0.0119 0.9999
vn -0.2782 0.0083 0.9605
vn 0.3639 0.2735 -0.8904
vn 0.3582 0.2693 -0.8940
vn 0.3639 0.2731 -0.8905
vn 0.0754 0.6798 -0.7295
vn 0.0764 0.6768 -0.7322
vn 0.0744 0.6826 -0.7270
vn -0.0263 0.7589 0.6507
vn 0.5065 0.7654 0.3970
vn 0.3574 0.7167 -0.5988
vn -0.3365 0.3192 -0.8859
vn 0.8376 -0.2620 0.4793
vn -0.0855 0.3716 0.9244
vn 0.0530 0.4598 0.8865
vn -0.4043 0.3100 0.8605
vn 0.5060 0.8072 0.3041
vn 0.0097 0.9348 0.3551
vn 0.4651 0.8002 -0.3787
vn 0.4627 0.6692 -0.5814
vn 0.0005 0.8833 0.4687
vn 0.4452 0.1521 0.8824
vn 0.4378 -0.2712 0.8572
vn 0.7161 0.3155 0.6226
vn 0.1672 0.5110 0.8432
vn -0.1354 -0.1799 -0.9743
vn 0.4832 0.8215 0.3027
vn 0.4568 -0.0057 -0.8896
vn 0.7411 0.0042 -0.6714
vn 0.8498 -0.1902 0.4916
vn 0.4206 0.3685 0.8290
vn 0.5671 -0.2461 0.7860
vn 0.6411 0.1360 -0.7553
vn -0.1057 -0.3324 -0.9372
vn 0.3656 -0.2373 0.9000
vn 0.3914 0.0671 0.9178
vn 0.6212 -0.3313 -0.7101
vn 0.5227 -0.1976 0.8293
vn 0.3012 0.3946 -0.8681
vn 0.8829 -0.4636 0.0747
vn 0.7736 -0.0542 0.6314
vn 0.0771 0.4842 -0.8716
vn -0.0182 0.3940 0.9189
vn 0.8627 0.4221 0.2783
vn -0.2886 0.3530 -0.8900
vn -0.0459 -0.2929 -0.9550
vn 0.8548 0.1066 -0.5080
vn 0.0465 0.8496 -0.5254
vn 0.8679 -0.4901 0.0809
vn 0.7452 0.5919 0.3071
vn 0.6076 -0.0931 -0.7888
vn 0.6625 -0.1265 -0.7383
vn 0.9738 0.2134 0.0785
vn 0.5708 0.3079 0.7612
vn 0.2533 0.7296 0.6352
vn 0.1001 -0.2787 -0.9551
vn -0.1271 0.2979 0.9461
vn 0.8147 -0.4983 0.2965
vn -0.6258 -0.0713 -0.7767
vn -0.3044 -0.2182 -0.9272
vn -0.3764 0.2949 -0.8783
vn -0.0019 -0.0652 -0.9979
vn -0.3495 0.8199 0.4535
vn -0.7353 0.3499 0.5804
vn 0.5891 -0.2629 0.7641
vn 0.4335 -0.3619 -0.8253
vn 0.0832 -0.9063 0.4145
vn 0.2180 -0.4968 -0.8401
vn 0.1277 0.4050 0.9054
vn -0.2734 0.1958 0.9418
vn 0.9869 0.0109 -0.1611
vn 0.0561 -0.0794 -0.9953
vn 0.5555 -0.3536 -0.7526
vn -0.3567 0.0307 -0.9337
vn 0.5859 -0.2957 -0.7545
vn 0.6551 -0.2869 -0.6990
vn -0.3745 -0.8190 -0.4348
vn 0.7332 -0.2969 -0.6117
vn -0.6083 0.5176 0.6017
vn 0.4794 -0.3666 -0.7973
vn -0.1920 0.8529 -0.4856
vn 0.3438 -0.4478 -0.8254
vn 0.7913 -0.3902 0.4708
vn 0.8767 -0.4489 -0.1728
vn 0.3152 0.4411 0.8403
vn -0.5846 -0.8112 0.0115
vn -0.0069 0.3252 -0.9456
vn -0.5199 -0.8207 0.2369
vn -0.3338 0.7389 0.5853
vn -0.2426 0.9041 0.3518
vn 0.5831 -0.3864 -0.7147
vn -0.2168 0.8401 0.4971
vn 0.3510 -0.5670 0.7452
vn -0.4912 0.3984 0.7746
vn -0.1732 0.7539 0.6337
vn -0.2474 -0.3604 0.8994
vn -0.1436 0.0619 0.9877
vn -0.1355 0.2500 0.9587
vn 0.1533 -0.3040 -0.9403
vn 0.0750 -0.4632 -0.8830
vn -0.2818 0.8817 0.3783
vn -0.4544 0.2659 0.8502
vn -0.3233 0.1363 0.9364
vn -0.3510 0.1452 0.9250
vn -0.3462 0.1513 0.9259
vn -0.3522 0.1438 0.9248
vn 0.4741 0.7277 -0.4957
vn 0.0274 0.0768 -0.9967
vn 0.4315 0.7362 -0.5214
vn -0.1272 0.1003 -0.9868
vn 0.3925 0.0798 0.9163
vn 0.0432 0.4177 -0.9076
vn 0.3798 0.5831 -0.7182
vn -0.3414 0.0291 -0.9395
vn -0.0604 0.2253 0.9724
vn 0.4549 0.8215 0.3438
vn -0.8634 0.2397 -0.4440
vn -0.8712 0.1779 0.4576
vn 0.0826 0.6526 -0.7532
vn 0.0847 0.6519 -0.7536
vn 0.0930 0.6495 -0.7547
vn 0.3171 0.3026 0.8988
vn 0.4292 0.2684 0.8624
vn -0.7847 0.3977 0.4755
vn 0.6471 0.4219 -0.6350
vn -0.3029 0.4231 -0.8539
vn 0.1825 -0.1482 0.9720
vn -0.0837 0.7653 -0.6382
vn 0.4246 0.7057 -0.5672
vn -0.6985 -0.3145 -0.6428
vn 0.1081 -0.0194 -0.9939
vn 0.4121 -0.3942 -0.8214
vn 0.2241 0.3937 0.8915
vn -0.1816 0.6621 -0.7270
vn -0.2014 0.4153 0.8871
vn -0.3169 0.8691 0.3798
vn -0.0792 0.6035 0.7934
vn 0.1091 0.0669 -0.9918
vn 0.4193 -0.0542 0.9062
vn -0.2108 -0.3292 -0.9204
vn -0.1323 0.4160 0.8997
vn 0.0783 0.8695 0.4877
vn 0.8099 0.3510 -0.4700
vn 0.8172 0.3063 -0.4882
vn 0.3256 0.1233 -0.9374
vn 0.9293 -0.3518 -0.1125
vn -0.7972 -0.0016 0.6037
vn -0.0603 0.9950 -0.0797
vn 0.0400 0.1387 -0.9895
vn -0.9518 -0.0917 -0.2928
vn 0.8440 -0.4930 -0.2112
vn 0.6909 -0.6974 -0.1906
vn 0.0958 0.6487 -0.7550
vn 0.5942 0.5853 -0.5517
vn 0.6184 -0.5514 -0.5599
vn -0.3277 -0.1737 -0.9287
vn 0.7809 -0.6095 -0.1370
vn 0.8282 -0.5462 0.1252
vn 0.6844 0.1514 -0.7132
vn 0.1131 0.5338 0.8380
vn -0.0093 -0.4912 -0.8710
vn 0.7966 -0.5920 0.1219
vn 0.6610 -0.3642 0.6561
vn 0.5526 0.6801 -0.4817
vn 0.8417 -0.5236 0.1319
vn 0.8415 -0.5231 0.1350
vn 0.8415 -0.5231 0.1347
vn 0.3044 0.2741 -0.9122
vn 0.7952 -0.6011 0.0797
vn -0.1022 0.8307 0.5473
vn 0.4701 -0.2674 0.8411
vn 0.2325 0.9528 0.1950
vn 0.1418 0.2466 -0.9587
vn 0.8417 -0.5237 0.1318
vn 0.6801 -0.4603 -0.5705
vn 0.9880 -0.0471 0.1471
vn -0.1957 0.8374 0.5104
vn 0.1234 0.9878 -0.0949
vn -0.6854 0.5483 0.4792
vn 0.8266 0.0950 -0.5548
vn 0.1171 -0.5580 0.8215
vn -0.0047 -0.2860 -0.9582
vn -0.1645 -0.2410 -0.9565
vn 0.2826 -0.0064 0.9592
vn 0.0512 0.8075 0.5876
vn 0.5954 -0.0020 0.8035
vn 0.3114 -0.3308 0.8908
vn 0.4678 -0.8784 0.0977
vn -0.8075 0.4534 0.3774
vn 0.6188 -0.7619 0.1910
vn 0.9040 0.3355 0.2649
vn 0.6648 0.2700 -0.6965
vn 0.2613 0.2980 -0.9181
vn 0.8007 0.2440 -0.5472
vn 0.0348 -0.4099 -0.9115
vn 0.3022 0.3991 0.8657
vn 0.4535 0.7475 0.4853
vn -0.0836 0.7903 0.6070
vn -0.2504 0.6382 -0.7280
vn 0.7789 -0.1540 0.6080
vn 0.3408 -0.7790 0.5264
vn -0.3397 0.3756 0.8623
vn -0.0692 0.1788 0.9815
vn 0.2681 0.7330 0.6251
vn 0.1168 -0.2749 -0.9543
vn 0.9769 0.1996 0.0762
vn 0.4572 0.7280 0.5109
vn 0.7531 0.5563 0.3514
vn -0.7604 -0.1593 0.6297
vn -0.2770 -0.1296 -0.9521
vn 0.8443 -0.3475 0.4079
vn 0.8439 -0.3478 0.4085
vn 0.8444 -0.3474 0.4078
vn -0.1911 -0.2214 0.9563
vn 0.4022 0.3550 -0.8439
vn 0.8377 -0.3429 0.4251
vn 0.8332 -0.5491 0.0660
vn 0.8446 -0.3472 0.4075
vn -0.1520 -0.0350 -0.9878
vn 0.6363 0.0639 0.7688
vn 0.7250 -0.3179 0.6109
vn 0.8508 -0.4805 0.2128
vn 0.8678 -0.4618 0.1836
vn 0.8678 -0.4620 0.1832
vn 0.8685 -0.4590 0.1871
vn 0.1958 -0.2862 -0.9380
vn 0.1955 -0.2857 -0.9382
vn 0.1950 -0.2852 -0.9384
vn 0.1887 -0.3003 -0.9350
vn -0.0820 0.0284 -0.9962
vn 0.7730 -0.0339 -0.6334
vn 0.9300 0.0045 -0.3676
vn 0.8687 -0.4586 0.1874
vn -0.0089 -0.2402 0.9707
vn -0.0089 -0.2401 0.9707
vn -0.0087 -0.2392 0.9709
vn 0.6715 0.0876 0.7358
vn -0.3651 0.2334 0.9012
vn -0.2045 0.0252 0.9786
vn -0.1504 -0.1123 0.9822
vn -0.4671 -0.5511 -0.6914
vn 0.2165 0.6450 -0.7329
vn 0.4885 0.8055 -0.3356
vn 0.4299 -0.2095 -0.8782
vn 0.1956 0.8635 -0.4648
vn 0.0489 -0.9568 -0.2868
vn -0.3777 0.5555 -0.7408
vn -0.0705 -0.1117 -0.9912
vn 0.1527 0.0409 0.9874
vn 0.5634 0.7267 0.3930
vn -0.0046 0.9079 0.4191
vn 0.5678 0.6587 0.4937
vn 0.6442 -0.5768 -0.5023
vn -0.0319 0.0475 0.9984
vn -0.4881 0.4095 0.7707
vn 0.1197 0.1268 0.9847
vn 0.2738 0.5274 0.8043
vn -0.1386 -0.1047 0.9848
vn -0.0389 0.2430 0.9692
vn 0.0077 0.9578 0.2875
vn 0.3010 -0.0618 0.9516
vn 0.9905 -0.1374 0.0107
vn 0.7628 0.2908 0.5776
vn 0.5502 -0.2574 0.7944
vn -0.3714 0.4488 0.8128
vn 0.3436 -0.2722 0.8988
vn -0.3449 0.2253 0.9112
vn 0.2356 0.5255 -0.8175
vn 0.3321 0.4633 -0.8216
vn 0.6823 -0.3003 -0.6666
vn 0.7527 -0.0537 0.6562
vn 0.1185 -0.2118 0.9701
vn -0.4974 0.4418 0.7466
vn -0.3583 0.9124 0.1979
vn -0.2328 0.0607 0.9706
vn 0.8681 -0.4696 -0.1608
vn -0.0574 0.6754 0.7352
vn -0.0610 0.7390 0.6710
vn 0.1451 0.3842 0.9118
vn -0.3397 0.2071 0.9175
vn 0.2542 0.6231 0.7397
vn -0.1613 0.2744 0.9480
vn -0.8876 -0.4547 0.0735
vn 0.6630 0.4896 0.5663
vn 0.9794 -0.0972 0.1767
vn -0.2359 0.2685 0.9339
vn -0.0962 0.1736 0.9801
vn -0.3424 -0.0202 0.9393
vn -0.1934 -0.0342 0.9805
vn 0.2146 0.9556 -0.2018
vn 0.3247 0.5816 0.7459
vn 0.1557 0.0962 0.9831
vn 0.0383 -0.0709 0.9967
vn 0.5005 -0.8613 -0.0872
vn 0.3146 -0.3959 -0.8627
vn 0.0336 -0.3857 -0.9220
vn -0.1615 -0.0191 -0.9867
vn -0.1319 -0.2090 -0.9690
vn 0.6567 -0.7217 -0.2189
vn -0.1052 -0.7573 0.6445
vn 0.8073 -0.5183 0.2823
vn -0.3722 -0.1836 -0.9098
vn 0.5885 -0.1086 -0.8012
vn -0.0317 -0.2560 0.9661
vn 0.6336 -0.7734 -0.0210
vn 0.7534 -0.6305 0.1866
vn 0.1443 -0.2465 -0.9583
vn 0.1785 -0.1625 -0.9704
vn 0.0803 0.7634 -0.6409
vn 0.0806 0.7636 -0.6407
vn 0.0810 0.7637 -0.6404
vn 0.8287 0.1595 0.5364
vn 0.0482 -0.0560 -0.9973
vn 0.3171 -0.5268 -0.7886
vn -0.4033 -0.2166 -0.8891
vn 0.0816 0.7640 -0.6400
vn 0.2491 0.7260 -0.6410
vn -0.5936 -0.0611 -0.8025
vn 0.3869 0.8649 -0.3197
vn 0.7962 -0.5927 0.1214
vn 0.8613 -0.4769 -0.1750
vn 0.8391 -0.4927 -0.2306
vn 0.6957 -0.4916 -0.5238
vn 0.0792 0.1935 0.9779
vn 0.9239 -0.3810 0.0360
vn 0.2902 0.5237 -0.8010
vn -0.0231 0.3300 0.9437
vn 0.5293 -0.2350 -0.8152
vn 0.3436 -0.1795 -0.9218
vn -0.3143 -0.1823 -0.9316
vn 0.5275 0.3130 -0.7898
vn -0.3439 0.7993 0.4927
vn 0.6156 0.7862 0.0551
vn 0.3004 0.1891 -0.9349
vn 0.5782 -0.6790 -0.4524
vn 0.5763 -0.6809 -0.4519
vn 0.5758 -0.6814 -0.4518
vn 0.1616 0.3249 -0.9318
vn 0.0256 0.5705 0.8209
vn 0.1785 0.6133 0.7694
vn 0.5786 -0.6786 -0.4525
vn 0.2092 0.5818 -0.7860
vn 0.7025 -0.7110 -0.0305
vn 0.8918 0.3948 0.2209
vn 0.3191 0.5499 0.7719
vn 0.4526 -0.0353 0.8910
vn 0.5827 -0.6833 -0.4400
vn 0.6168 -0.2555 -0.7445
vn 0.5071 0.2128 0.8352
vn 0.6838 0.0497 -0.7279
vn 0.4732 -0.7414 -0.4759
vn 0.9183 0.0573 0.3917
vn 0.3947 -0.0938 0.9140
vn 0.4115 -0.5334 -0.7390
vn 0.0577 -0.2102 0.9759
vn 0.7191 0.6475 0.2521
vn 0.3898 0.4373 -0.8104
vn 0.5125 0.5615 0.6497
vn 0.3012 -0.9078 -0.2918
vn 0.2601 -0.9631 -0.0695
vn 0.5113 0.1351 0.8487
vn 0.0355 0.0618 0.9975
vn 0.1907 -0.5014 0.8439
vn 0.4539 -0.0799 0.8875
vn 0.7198 0.5977 0.3531
vn 0.3128 0.9133 0.2608
vn 0.2032 0.9688 0.1420
vn -0.6261 0.6175 0.4761
vn -0.4041 0.8625 0.3046
vn -0.3936 0.8664 0.3072
vn -0.3946 0.8661 0.3069
vn 0.5517 0.5700 0.6089
vn -0.1641 -0.3269 0.9307
vn 0.3176 0.3187 0.8931
vn 0.0132 0.5019 0.8648
vn -0.2711 0.3332 0.9030
vn -0.7261 0.2719 0.6316
vn 0.0381 0.9984 0.0407
vn -0.0586 0.7403 0.6697
vn 0.6153 0.1030 -0.7815
vn 0.6299 0.2157 -0.7462
vn 0.0233 0.5789 0.8151
vn 0.3821 0.7700 -0.5111
vn 0.6550 -0.0746 0.7520
vn 0.3578 0.2695 -0.8940
vn -0.0012 -0.2853 -0.9584
vn 0.5378 0.7883 0.2990
vn 0.6018 0.4973 0.6249
vn 0.5733 -0.1919 0.7965
vn 0.0711 0.0611 -0.9956
vn 0.8947 0.3149 -0.3168
vn 0.3531 -0.2299 -0.9069
vn 0.2719 -0.0858 0.9585
vn 0.5237 0.1801 0.8326
vn 0.9066 -0.1606 -0.3902
vn 0.9847 -0.1453 -0.0962
vn 0.1657 0.7209 -0.6729
vn 0.3111 0.9373 -0.1572
vn 0.4355 -0.2945 -0.8507
vn 0.4261 0.1041 -0.8986
vn 0.6526 0.0852 -0.7529
vn 0.2558 0.1744 0.9509
vn 0.2909 -0.3665 -0.8837
vn 0.4205 -0.3414 -0.8406
vn 0.6713 0.1584 -0.7240
vn 0.7568 0.5481 -0.3562
vn -0.0050 -0.2133 -0.9770
vn 0.8957 -0.4159 0.1575
vn 0.0567 0.5553 -0.8297
vn 0.0234 -0.1628 -0.9864
vn 0.6510 -0.1079 -0.7514
vn 0.7700 0.4386 0.4635
vn 0.2131 0.4657 -0.8589
vn -0.0356 -0.0928 -0.9951
vn 0.0443 -0.9924 -0.1147
vn 0.8638 -0.3997 0.3066
vn 0.8422 -0.1229 -0.5249
vn 0.4989 -0.7220 0.4793
vn -0.2128 0.7004 -0.6813
vn 0.4076 0.4304 -0.8054
vn -0.0833 0.6291 -0.7729
vn 0.8024 0.1545 0.5764
vn 0.0339 -0.9583 0.2838
vn 0.6004 -0.0037 -0.7997
vn -0.0006 -0.0033 1.0000
vn 0.4068 0.1073 0.9072
vn 0.6710 0.2235 0.7070
vn 0.6552 0.2119 0.7251
vn -0.0188 0.7592 -0.6506
vn 0.6071 -0.2966 0.7372
vn 0.3067 0.1296 0.9430
vn 0.9904 0.1097 0.0840
vn -0.1094 -0.5545 0.8250
vn 0.9156 -0.1309 -0.3801
vn 0.3087 -0.4510 0.8374
vn 0.6810 0.5477 -0.4860
vn 0.1053 0.4629 0.8802
vn 0.7769 -0.2635 -0.5719
vn 0.3208 0.2931 0.9006
vn 0.6324 0.4051 0.6603
vn 0.5288 0.5161 -0.6738
vn 0.5617 -0.8195 -0.1137
vn -0.3652 0.7686 0.5252
vn -0.2353 0.4400 0.8666
vn -0.3448 0.1530 0.9261
vn -0.4033 0.8793 0.2532
vn 0.6203 -0.6306 0.4665
vn 0.2403 0.5796 0.7786
vn -0.5150 0.3015 0.8024
vn -0.2402 0.1656 0.9565
vn 0.2124 0.3139 0.9254
vn 0.7627 0.2203 0.6081
vn 0.5686 0.6237 0.5363
vn -0.3440 0.3509 0.8709
vn -0.1121 -0.0828 0.9902
vn 0.5781 0.2153 -0.7871
vn -0.0848 -0.0061 0.9964
vn -0.2537 0.0307 0.9668
vn -0.1205 0.5285 0.8403
vn -0.2054 0.6671 0.7161
vn -0.3666 0.3659 0.8554
vn -0.0085 -0.2384 0.9711
vn 0.0060 0.2629 0.9648
vn -0.2289 0.6765 0.7000
vn 0.8611 -0.1779 0.4763
vn 0.8595 -0.2114 0.4654
vn 0.2519 0.2895 -0.9234
vn 0.2234 0.5400 -0.8114
vn 0.8317 -0.4981 -0.2454
vn 0.3252 0.0894 -0.9414
vn 0.7860 -0.5972 -0.1598
vn 0.6056 0.0316 0.7952
vn 0.9985 -0.0426 -0.0349
vn 0.8179 -0.5702 -0.0775
vn 0.8374 0.5462 -0.0213
vn -0.3535 0.2703 -0.8955
vn 0.2397 -0.3921 -0.8882
vn 0.2396 -0.3924 -0.8880
vn 0.2403 -0.3882 -0.8897
vn -0.1926 -0.2564 -0.9472
vn -0.0308 -0.4436 0.8957
vn 0.1474 0.2310 0.9617
vn -0.0342 -0.0311 -0.9989
vn 0.5303 0.5840 0.6146
vn 0.0119 0.2226 0.9748
vn 0.4888 0.3002 -0.8191
vn -0.1625 0.5712 0.8046
vn -0.1294 -0.0844 -0.9880
vn 0.8929 -0.2888 0.3455
vn -0.8395 0.5138 0.1770
vn 0.6774 -0.4227 -0.6021
vn 0.0901 0.7415 0.6648
vn 0.0347 0.0699 0.9970
vn -0.2466 -0.2866 0.9258
vn 0.1867 -0.1757 -0.9666
vn 0.5181 0.1168 -0.8473
vn 0.9246 -0.3273 -0.1952
vn 0.6533 -0.7429 -0.1463
vn 0.6874 -0.2170 -0.6931
vn 0.3926 0.5946 0.7017
vn 0.4810 0.5223 0.7042
vn 0.0276 0.4130 -0.9103
vn 0.5956 0.3332 0.7309
vn 0.3292 0.1321 0.9350
vn 0.8570 -0.4746 -0.2008
vn 0.9073 -0.2177 0.3597
vn 0.8027 -0.1786 0.5690
vn 0.7335 -0.5369 0.4169
vn 0.8466 0.2633 0.4626
vn 0.3533 -0.7416 -0.5702
vn 0.0507 -0.0007 0.9987
vn 0.5400 -0.2571 0.8014
vn 0.7144 -0.1939 -0.6724
vn 0.0610 0.0854 0.9945
vn -0.3860 0.8542 0.3483
vn 0.0575 -0.0056 0.9983
vn -0.0487 0.6280 0.7767
vn 0.5699 -0.0769 -0.8181
vn 0.1959 -0.1985 0.9603
vn 0.5258 -0.0229 0.8503
vn -0.5008 -0.5620 -0.6583
vn -0.2360 -0.5169 -0.8229
vn 0.2014 -0.9378 -0.2829
vn 0.3729 0.5755 -0.7278
vn -0.5582 -0.2654 -0.7861
vn 0.2368 -0.1611 0.9581
vn -0.2102 0.2689 -0.9400
vn -0.1040 0.9324 0.3462
vn 0.1175 0.4798 0.8694
vn -0.0092 -0.0713 -0.9974
vn 0.4356 -0.2591 0.8620
vn -0.6774 -0.2522 -0.6910
vn -0.4568 -0.1310 -0.8799
vn -0.1244 0.8335 0.5383
vn -0.6762 0.1340 0.7245
vn 0.2382 -0.2507 0.9383
vn -0.7805 0.5172 0.3512
vn -0.2262 -0.5062 0.8322
vn 0.0379 -0.4639 0.8851
vn 0.6352 0.4787 0.6061
vn -0.6043 0.6560 0.4522
vn -0.3310 0.8030 0.4956
vn 0.4278 -0.0789 0.9004
vn 0.5767 0.6837 -0.4471
vn -0.0972 0.8807 0.4636
vn -0.5913 0.4184 0.6894
vn 0.1765 0.3223 -0.9301
vn 0.6174 0.4427 0.6503
vn 0.5411 0.4834 -0.6882
vn 0.7741 0.0913 -0.6265
vn 0.9978 -0.0666 0.0031
vn 0.7453 0.6312 -0.2147
vn 0.4604 0.7249 -0.5124
vn -0.1449 0.7007 0.6985
vn 0.9586 0.1862 0.2157
vn 0.7012 -0.3218 -0.6362
vn 0.2007 0.8950 -0.3985
vn 0.9364 0.3087 0.1668
vn 0.1841 0.7812 0.5965
vn -0.0944 -0.7915 -0.6038
vn 0.1176 -0.5802 -0.8060
vn 0.2136 -0.2059 0.9550
vn 0.3328 0.0263 0.9426
vn 0.5956 0.1495 0.7893
vn 0.3429 -0.1798 0.9220
vn 0.4236 -0.0241 0.9055
vn 0.9162 0.1081 -0.3858
vn 0.6689 0.1327 0.7314
vn 0.5134 -0.0215 0.8579
vn 0.6607 -0.1491 -0.7357
vn 0.5549 -0.0469 0.8306
vn 0.2134 -0.1599 0.9638
vn 0.6289 -0.7550 -0.1859
vn 0.7175 0.0840 -0.6915
vn 0.5343 -0.2005 -0.8212
vn 0.5311 0.0822 -0.8433
vn -0.1253 0.0237 -0.9918
vn -0.0981 -0.5623 -0.8211
vn 0.8096 0.0896 -0.5801
vn 0.2888 0.1241 0.9493
vn -0.2426 -0.9693 0.0402
vn -0.0398 -0.2733 -0.9611
vn 0.7538 -0.6258 -0.2002
vn 0.5730 0.2360 -0.7848
vn 0.0299 -0.0294 -0.9991
vn -0.1259 -0.8629 0.4894
vn 0.7274 0.1912 0.6590
vn 0.7121 0.5426 -0.4456
vn -0.2549 0.3793 0.8895
vn 0.6880 -0.7256 0.0073
vn -0.0945 0.4578 -0.8840
vn 0.7535 -0.5699 -0.3279
vn 0.6559 0.0397 -0.7538
vn -0.0089 0.8597 -0.5107
vn 0.3178 -0.0624 0.9461
vn -0.0531 0.7589 -0.6491
vn 0.5261 0.8426 0.1153
vn 0.8003 0.3155 -0.5099
vn 0.7323 -0.6718 -0.1118
vn 0.5425 -0.2144 -0.8123
vn 0.5284 -0.2103 -0.8226
vn 0.6152 0.5775 0.5366
vn 0.8395 0.3937 -0.3745
vn 0.4157 0.6664 0.6190
vn 0.5556 0.7982 -0.2329
vn 0.8782 -0.2708 -0.3942
vn -0.3526 0.3721 0.8586
vn 0.4604 -0.8840 0.0808
vn -0.3638 0.3839 0.8487
vn -0.3403 0.3697 0.8646
vn -0.4660 0.6395 0.6114
vn 0.2383 -0.4286 -0.8715
vn 0.5187 0.6383 0.5687
vn -0.4695 0.4993 0.7282
vn 0.9658 0.2586 -0.0208
vn -0.4189 0.5536 0.7197
vn 0.0373 -0.2990 -0.9535
vn -0.1142 0.9388 0.3251
vn -0.3262 0.0160 0.9452
vn 0.1199 -0.2527 -0.9601
vn 0.8466 0.1396 0.5136
vn -0.2515 0.0479 0.9667
vn 0.8151 -0.1128 0.5682
vn 0.5805 -0.4125 -0.7021
vn 0.2614 0.0865 0.9613
vn 0.7525 -0.6511 0.0994
vn 0.4126 0.8997 0.1425
vn -0.3041 0.0562 0.9510
vn -0.0370 0.0368 0.9986
vn 0.1871 -0.0496 0.9811
vn -0.0106 0.0327 0.9994
vn 0.2963 0.1606 0.9415
vn 0.7072 0.4333 0.5586
vn -0.5190 0.6129 0.5958
vn -0.2516 0.1142 0.9611
vn 0.6626 -0.1912 0.7241
vn -0.1324 0.2440 0.9607
vn -0.6814 0.3365 0.6500
vn 0.7256 -0.6035 0.3306
vn 0.3869 0.1105 0.9155
vn -0.0761 0.1317 0.9884
vn 0.4509 -0.6315 0.6308
vn 0.3724 0.0456 -0.9269
vn 0.9541 -0.2956 -0.0488
vn -0.3722 0.1016 0.9226
vn -0.2039 0.2408 0.9489
vn -0.2043 0.2475 0.9471
vn -0.2039 0.2404 0.9490
vn 0.6712 -0.7126 0.2041
vn -0.0736 0.2532 0.9646
vn 0.6659 -0.7256 0.1731
vn 0.2028 -0.4032 -0.8924
vn -0.2554 -0.2375 -0.9372
vn -0.2843 0.1729 0.9430
vn -0.7402 0.2539 -0.6226
vn -0.1635 0.8634 0.4772
vn 0.7289 -0.1931 -0.6568
vn 0.6389 -0.4113 -0.6501
vn 0.6783 -0.3349 -0.6540
vn -0.1700 -0.9355 -0.3097
vn -0.5847 0.7989 -0.1410
vn -0.4723 0.8084 -0.3514
vn 0.1499 0.2642 -0.9528
vn 0.6688 0.7078 0.2277
vn 0.7539 -0.6401 -0.1481
vn 0.8614 -0.5071 -0.0281
vn 0.8530 -0.5137 -0.0928
vn 0.0623 0.6668 -0.7426
vn 0.2685 -0.2361 0.9339
vn 0.5931 0.5831 0.5552
vn 0.3362 0.6210 -0.7081
vn 0.4362 0.7796 -0.4494
vn 0.0929 0.2008 0.9752
vn 0.5613 0.5790 0.5914
vn 0.8251 -0.4321 -0.3639
vn -0.1700 0.1043 -0.9799
vn -0.1700 0.1037 -0.9800
vn -0.1694 0.0999 -0.9805
vn 0.3312 -0.3047 0.8930
vn 0.6677 -0.6522 -0.3589
vn 0.4229 -0.5261 0.7378
vn 0.0236 0.7488 -0.6624
vn 0.6116 0.2266 -0.7581
vn -0.3188 -0.0557 -0.9462
vn 0.0355 0.7715 -0.6353
vn -0.0940 -0.5624 0.8215
vn -0.7454 0.3913 0.5396
vn 0.8289 -0.5431 -0.1339
vn -0.8600 0.4664 0.2068
vn 0.6141 0.3743 0.6948
vn -0.4473 0.7099 0.5440
vn 0.4365 -0.3021 -0.8475
vn -0.8105 0.4845 -0.3292
vn -0.3098 0.4428 0.8414
vn 0.0772 0.4247 -0.9021
vn 0.3527 -0.2948 0.8881
vn 0.2660 -0.2658 0.9266
vn 0.2965 -0.4149 -0.8602
vn -0.7914 0.5025 -0.3480
vn -0.7922 0.5021 -0.3469
vn -0.7921 0.5021 -0.3470
vn -0.7978 0.4991 -0.3382
vn -0.6008 0.6826 0.4160
vn 0.5752 0.0436 0.8168
vn -0.2123 -0.1738 -0.9616
vn 0.1182 0.8442 -0.5228
vn -0.0173 -0.0528 -0.9985
vn -0.6558 0.6752 0.3377
vn 0.0744 0.6828 -0.7268
vn 0.3881 0.7083 -0.5896
vn 0.2664 0.6645 -0.6982
vn -0.0928 0.7502 -0.6547
vn 0.0718 0.6506 0.7560
vn -0.2047 0.4953 0.8443
vn 0.5532 0.1040 0.8265
vn -0.5764 -0.0685 -0.8143
vn -0.3554 -0.2388 -0.9037
vn 0.9563 -0.2830 -0.0735
vn 0.7070 0.4849 -0.5148
vn 0.2610 0.4518 0.8531
vn -0.5967 -0.7368 0.3178
vn -0.0439 0.5521 -0.8326
vn 0.1091 0.3388 -0.9345
vn -0.1782 0.5824 0.7931
vn 0.3052 0.8587 0.4117
vn 0.6339 0.7329 0.2471
vn 0.1053 0.1277 0.9862
vn -0.1750 -0.1043 0.9790
vn 0.3855 0.9053 0.1783
vn 0.7079 0.3994 0.5826
vn 0.4639 0.4378 -0.7702
vn 0.0212 -0.3041 -0.9524
vn 0.1196 0.1912 0.9742
vn 0.1175 -0.3864 0.9148
vn 0.8591 -0.4228 0.2885
vn 0.5804 -0.2867 0.7622
vn 0.1948 0.7962 0.5729
vn 0.4086 0.7761 0.4803
vn -0.0383 -0.2171 -0.9754
vn 0.1662 0.0995 0.9811
vn -0.7854 -0.1206 0.6071
vn 0.8841 -0.4362 -0.1677
vn -0.4057 -0.0723 -0.9112
vn 0.0606 -0.0448 0.9972
vn -0.4905 0.8208 0.2928
vn 0.7423 0.1227 -0.6588
vn -0.2613 0.0851 -0.9615
vn 0.9164 0.3950 -0.0653
vn 0.0329 0.4691 0.8826
vn -0.6967 0.3669 0.6164
vn 0.0612 0.9833 0.1716
vn -0.0821 0.2276 -0.9703
vn 0.7921 0.2638 0.5505
vn -0.0750 0.0417 0.9963
vn -0.4252 0.0108 -0.9050
vn 0.7341 0.4394 -0.5178
vn 0.6273 0.6679 0.4006
vn 0.8887 -0.4462 0.1053
vn 0.6159 0.6513 0.4432
vn 0.5209 -0.2393 -0.8194
vn 0.8905 -0.2014 0.4081
vn 0.6377 -0.6867 -0.3488
vn 0.6324 -0.7582 -0.1587
vn 0.3073 0.1665 -0.9369
vn 0.0975 -0.0528 0.9938
vn 0.3214 0.2829 0.9037
vn 0.9244 -0.3207 -0.2065
vn 0.9058 -0.4216 -0.0424
vn 0.7584 -0.6088 -0.2330
vn 0.4273 -0.2378 -0.8723
vn 0.8924 -0.4368 -0.1132
vn 0.9043 -0.0862 -0.4180
vn 0.7955 -0.4067 -0.4493
vn 0.8337 -0.5522 0.0073
vn -0.0025 0.6913 -0.7225
vn 0.8096 -0.4377 -0.3910
vn 0.1741 -0.2039 -0.9634
vn -0.1309 0.1606 -0.9783
vn 0.4407 0.2466 0.8631
vn 0.0194 -0.1259 -0.9918
vn -0.1438 -0.9508 -0.2744
vn 0.0027 0.7023 -0.7119
vn 0.1278 -0.6832 -0.7190
vn -0.3026 0.1100 0.9468
vn 0.6778 -0.1619 0.7172
vn 0.1780 -0.0389 0.9833
vn -0.3509 0.1957 -0.9157
vn 0.8060 0.2652 -0.5292
vn -0.0311 0.0112 -0.9995
vn 0.4409 -0.0718 -0.8947
vn -0.1268 0.6149 -0.7784
vn -0.1849 0.2796 -0.9421
vn 0.9570 -0.1556 -0.2449
vn 0.3197 -0.9160 0.2423
vn -0.2959 0.2208 0.9293
vn -0.1262 -0.3242 -0.9375
vn -0.4563 0.6118 0.6462
vn 0.6040 0.7327 0.3135
vn -0.0143 0.8963 0.4433
vn -0.0237 0.3919 0.9197
vn 0.0295 0.9568 0.2892
vn 0.0300 0.0669 0.9973
vn 0.1960 -0.2863 -0.9379
vn 0.2759 -0.2595 -0.9255
vn 0.1460 -0.3562 -0.9229
vn 0.4497 0.3967 0.8003
vn 0.2404 -0.3876 -0.8899
vn 0.0006 0.2170 0.9762
vn -0.1729 -0.1262 0.9768
vn 0.1978 0.0465 0.9791
vn -0.1091 0.0764 0.9911
vn 0.1931 0.6058 0.7718
vn -0.1581 0.0727 0.9847
vn -0.5786 0.1709 0.7975
vn -0.3638 0.3057 0.8799
vn 0.3028 0.3220 0.8970
vn -0.2375 0.1264 0.9631
vn -0.2556 0.6976 -0.6694
vn 0.2570 -0.0078 0.9664
vn -0.8093 0.3897 -0.4395
vn 0.0943 0.1890 0.9774
vn 0.6501 0.2902 0.7022
vn 0.3222 -0.0594 -0.9448
vn 0.7719 0.6323 0.0666
vn -0.3683 0.8880 -0.2754
vn -0.3993 0.6658 0.6303
vn -0.3994 0.6654 0.6306
vn -0.4007 0.6615 0.6340
vn -0.4757 0.2103 0.8541
vn -0.8126 0.5827 0.0111
vn -0.2864 -0.0678 -0.9557
vn 0.7961 -0.3421 0.4993
vn -0.8625 0.2709 0.4275
vn -0.2848 0.8381 0.4653
vn -0.2372 0.7872 -0.5692
vn -0.1509 -0.5741 -0.8048
vn -0.1382 0.1144 -0.9838
vn -0.4803 -0.4117 -0.7745
vn -0.0188 -0.5761 0.8171
vn -0.7993 0.2942 0.5239
vn -0.7977 0.2897 0.5289
vn -0.7998 0.2953 0.5227
vn -0.8685 0.4387 -0.2307
vn -0.5982 0.1562 -0.7860
vn 0.1224 0.9121 0.3912
vn -0.2624 0.0949 -0.9603
vn -0.8283 0.2684 -0.4918
vn -0.2576 -0.2147 -0.9421
vn -0.0820 0.8678 -0.4900
vn -0.5356 0.6760 -0.5061
vn -0.5021 0.4917 -0.7115
vn 0.6100 -0.7471 -0.2642
vn 0.3406 -0.8598 0.3805
vn 0.0403 -0.6943 0.7185
vn 0.1813 0.6486 -0.7392
vn 0.7689 -0.5705 -0.2885
vn 0.0252 0.6352 -0.7720
vn -0.1263 0.5767 -0.8071
vn 0.1682 0.6138 0.7713
vn 0.9244 -0.1883 0.3317
vn 0.7929 -0.0087 0.6093
vn -0.5359 0.1749 -0.8260
vn -0.6664 -0.0245 -0.7452
vn 0.1605 0.5997 -0.7839
vn 0.2943 0.3724 -0.8802
vn -0.1237 0.4090 0.9041
vn -0.1892 0.7998 -0.5697
vn -0.3364 0.1184 0.9342
vn -0.1843 0.9317 -0.3129
vn -0.2242 0.9248 -0.3073
vn -0.2089 0.2465 -0.9464
vn 0.2357 -0.1408 -0.9616
vn -0.8057 0.2521 0.5361
vn -0.7354 0.6757 0.0511
vn -0.7802 -0.6226 -0.0607
vn 0.6656 -0.1436 0.7323
vn -0.2639 0.2281 0.9372
vn -0.1307 0.9793 -0.1549
vn 0.7935 0.0585 0.6057
vn -0.0240 0.1193 0.9926
vn -0.1769 0.1108 0.9780
vn -0.5921 0.6001 0.5378
vn -0.2554 0.9044 -0.3417
vn -0.4121 0.8226 -0.3918
vn -0.1351 0.9719 -0.1927
vn -0.2590 0.3663 0.8937
vn -0.1725 0.1253 0.9770
vn -0.0454 0.5564 -0.8297
vn -0.5028 0.8610 0.0768
vn 0.2426 0.6964 -0.6754
vn -0.6309 0.7457 0.2141
vn -0.3975 0.7947 0.4588
vn -0.9307 -0.0309 -0.3644
vn -0.9665 0.2423 0.0843
vn -0.8777 -0.4507 -0.1628
vn -0.6468 -0.2684 -0.7139
vn -0.7121 0.4255 0.5584
vn 0.0466 0.1189 -0.9918
vn -0.9950 -0.0287 -0.0961
vn -0.8192 0.2945 0.4921
vn 0.4652 -0.8654 -0.1862
vn 0.4228 0.8890 0.1758
vn -0.2593 0.2499 -0.9329
vn -0.3291 -0.8771 0.3499
vn -0.0574 -0.9972 0.0472
vn -0.2648 -0.1183 0.9570
vn -0.3593 -0.1414 -0.9225
vn -0.2118 0.3460 0.9140
vn -0.0165 0.4960 0.8682
vn 0.8706 0.0106 0.4918
vn -0.3450 0.2929 0.8917
vn -0.4322 0.7189 -0.5444
vn -0.2494 0.8398 -0.4822
vn 0.8691 -0.3676 0.3309
vn 0.9320 -0.2685 0.2434
vn 0.3594 0.4459 0.8198
vn -0.1307 0.6177 0.7755
vn 0.0043 -0.6005 0.7996
vn 0.3940 0.4216 -0.8167
vn 0.8764 0.0578 0.4780
vn -0.1157 0.9878 -0.1041
vn -0.7359 0.0756 -0.6728
vn -0.7410 0.0737 -0.6674
vn -0.7354 0.0757 -0.6734
vn 0.3199 -0.5258 0.7881
vn 0.8830 0.0689 0.4643
vn -0.7557 0.5043 0.4178
vn 0.0596 0.3951 -0.9167
vn -0.8654 0.2592 0.4288
vn -0.0070 0.1686 -0.9857
vn -0.8123 0.4049 -0.4198
vn -0.5932 0.0780 0.8013
vn -0.8381 0.5309 -0.1253
vn 0.3132 0.2193 -0.9240
vn -0.7159 0.6149 0.3307
vn -0.6486 -0.0550 -0.7592
vn -0.7352 0.0760 -0.6736
vn -0.7124 0.5190 0.4724
vn -0.5866 0.2010 0.7846
vn 0.0711 0.3895 -0.9183
vn 0.0484 0.1367 -0.9894
vn -0.0160 0.0273 -0.9995
vn 0.4695 0.8829 0.0019
vn 0.4668 0.8844 -0.0002
vn 0.4682 0.8836 0.0009
vn -0.7273 0.3900 0.5648
vn -0.2376 0.4660 -0.8523
vn -0.2856 0.6770 0.6783
vn -0.1797 0.7376 -0.6509
vn -0.6184 0.4901 -0.6143
vn -0.2414 0.8862 -0.3954
vn -0.0513 -0.3374 -0.9400
vn -0.6135 0.6487 -0.4504
vn -0.3643 0.5324 0.7641
vn -0.3588 0.5263 0.7709
vn -0.3637 0.5319 0.7647
vn -0.3576 0.5250 0.7723
vn 0.7522 -0.4195 0.5081
vn -0.3043 0.7010 -0.6450
vn -0.8356 0.4363 -0.3337
vn 0.8559 -0.2250 0.4656
vn -0.3752 0.6614 -0.6495
vn -0.3751 0.6652 -0.6455
vn -0.3753 0.6586 -0.6522
vn -0.8999 0.2560 -0.3531
vn -0.3753 0.6575 -0.6533
vn -0.1994 0.8825 -0.4260
vn -0.8882 0.4468 -0.1070
vn 0.7549 -0.2995 0.5834
vn 0.1526 0.3689 0.9169
vn -0.3256 0.4402 0.8368
vn -0.4652 0.2098 0.8600
vn -0.1976 0.4406 0.8757
vn -0.2075 0.7955 -0.5693
vn -0.6149 0.4900 0.6179
vn -0.7604 0.1192 -0.6385
vn -0.5896 0.1111 -0.8000
vn 0.8212 -0.1225 0.5573
vn 0.5007 0.8231 0.2681
vn -0.3497 -0.5477 -0.7601
vn -0.2130 -0.2161 -0.9528
vn -0.4176 0.7595 -0.4988
vn -0.8781 0.4316 0.2068
vn -0.0958 0.3363 -0.9369
vn -0.5551 0.5694 0.6063
vn -0.5643 0.2224 -0.7951
vn 0.5983 0.7875 -0.1481
vn -0.2038 0.2398 0.9492
vn -0.1649 0.9011 0.4011
vn -0.2301 0.1611 0.9597
vn -0.2905 0.0322 0.9563
vn 0.3386 0.5848 0.7371
vn 0.5009 -0.8373 0.2190
vn -0.1211 0.3656 -0.9228
vn -0.8706 -0.0333 0.4909
vn -0.3860 0.2372 0.8915
vn 0.0686 0.5629 -0.8237
vn 0.4554 0.7504 -0.4791
vn 0.0657 0.1396 0.9880
vn -0.6264 0.6715 0.3958
vn -0.3454 -0.0834 -0.9348
vn 0.5676 -0.0749 -0.8199
vn -0.3190 0.9425 0.0994
vn -0.4542 0.6849 -0.5698
vn 0.1799 -0.3067 -0.9347
vn 0.4938 -0.2284 -0.8390
vn -0.0873 0.7257 -0.6825
vn -0.4233 0.7222 -0.5471
vn -0.5716 -0.1533 -0.8061
vn -0.2935 0.3172 -0.9018
vn -0.2756 0.7198 -0.6371
vn -0.4329 -0.0183 -0.9013
vn -0.5536 0.1270 -0.8230
vn 0.7902 0.5598 0.2494
vn 0.5125 0.1196 -0.8503
vn 0.6340 0.0113 0.7732
vn -0.5913 0.2964 -0.7500
vn -0.3570 0.3370 -0.8712
vn 0.9743 0.2236 0.0266
vn -0.4023 0.0275 -0.9151
vn 0.7786 -0.0157 0.6273
vn -0.5172 0.2476 0.8192
vn -0.3600 0.7484 -0.5570
vn -0.7101 0.6424 0.2883
vn 0.8734 0.0335 0.4858
vn 0.6547 -0.4824 0.5819
vn 0.4358 0.1864 -0.8805
vn 0.4907 -0.2879 0.8224
vn -0.0616 0.4302 0.9007
vn -0.5490 0.7124 0.4372
vn -0.3091 0.3950 -0.8651
vn 0.1503 0.2404 0.9590
vn -0.1465 -0.0681 0.9869
vn -0.5005 0.8593 0.1051
vn -0.3611 0.9325 0.0055
vn 0.4854 0.2473 0.8386
vn -0.2708 0.6753 -0.6860
vn -0.2958 0.9502 -0.0976
vn -0.2464 0.8185 -0.5189
vn -0.2581 0.8166 -0.5162
vn -0.2468 0.8184 -0.5189
vn -0.6163 0.4774 -0.6263
vn -0.6028 0.4886 -0.6308
vn -0.3068 0.7682 -0.5619
vn -0.4798 0.8752 0.0621
vn 0.4528 0.8916 0.0065
vn 0.4511 0.8924 0.0063
vn 0.4513 0.8924 0.0063
vn -0.7684 0.2763 -0.5772
vn -0.4515 0.8168 0.3591
vn -0.4507 0.8182 0.3571
vn -0.4543 0.8121 0.3662
vn -0.4008 0.6611 0.6343
vn -0.0527 0.9896 0.1339
vn 0.1215 0.4080 -0.9049
vn 0.4044 -0.5090 0.7598
vn 0.3712 -0.5487 0.7491
vn -0.8872 0.3057 0.3457
vn 0.1035 -0.0106 -0.9946
vn -0.5696 0.4034 0.7161
vn 0.3214 -0.8840 0.3394
vn 0.2990 0.8888 0.3473
vn -0.0466 0.1122 0.9926
vn -0.6586 0.0697 -0.7492
vn -0.0348 0.9754 0.2176
vn -0.3239 0.1587 0.9327
vn -0.8011 0.3422 -0.4910
vn -0.3424 0.5512 0.7609
vn 0.3743 -0.5943 -0.7118
vn 0.5734 -0.4576 -0.6796
vn -0.4046 0.8622 0.3048
vn -0.6296 0.2608 0.7318
vn 0.4677 -0.3774 -0.7993
vn 0.4678 -0.3774 -0.7992
vn 0.4691 -0.3833 -0.7956
vn 0.4201 0.8999 -0.1169
vn 0.8982 -0.2514 0.3606
vn 0.8961 -0.2534 0.3643
vn 0.8965 -0.2531 0.3637
vn -0.8651 0.4720 0.1695
vn -0.7745 0.6051 0.1843
vn -0.7704 0.6092 0.1881
vn -0.7752 0.6044 0.1836
vn -0.7317 0.2955 0.6143
vn 0.8985 -0.2512 0.3602
vn -0.6278 0.2205 0.7465
vn 0.1592 0.1702 0.9725
vn -0.6755 -0.4836 0.5566
vn -0.7440 0.5528 0.3755
vn -0.5380 0.8121 0.2259
vn -0.1220 0.4264 -0.8963
vn -0.8429 0.0582 -0.5349
vn -0.9322 -0.1807 -0.3135
vn -0.7073 0.0679 0.7037
vn 0.4352 0.8831 0.1755
vn 0.5338 0.8333 0.1436
vn 0.7813 -0.3510 0.5161
vn -0.0579 0.9663 -0.2510
vn -0.3976 -0.0369 -0.9168
vn -0.3971 -0.0375 -0.9170
vn -0.4008 -0.0329 -0.9156
vn -0.0213 0.9779 -0.2078
vn -0.3460 0.4868 0.8021
vn -0.2712 0.8850 -0.3785
vn 0.4883 -0.2583 -0.8336
vn -0.2646 0.6305 -0.7297
vn -0.1821 0.2827 -0.9418
vn 0.0666 0.4674 -0.8815
vn -0.3131 0.3511 -0.8824
vn -0.6773 0.2452 0.6936
vn -0.2660 0.7557 -0.5984
vn -0.0356 0.6934 0.7196
vn -0.2261 0.7708 0.5956
vn -0.7446 0.2382 -0.6236
vn 0.1736 0.9655 -0.1940
vn -0.5591 0.7608 -0.3294
vn 0.6887 -0.5350 0.4893
vn -0.7657 0.5110 0.3907
vn -0.4641 0.6805 0.5670
vn -0.6955 0.3904 -0.6032
vn -0.5016 0.3079 -0.8085
vn 0.7632 -0.4836 0.4286
vn 0.9130 -0.2385 0.3311
vn -0.1637 0.6949 -0.7003
vn 0.1309 0.1312 -0.9827
vn -0.0379 0.9953 0.0890
vn 0.3547 0.4163 0.8372
vn -0.1731 0.5075 -0.8441
vn -0.6255 0.4633 -0.6278
vn 0.3426 0.6989 -0.6278
vn -0.1539 0.2749 0.9491
vn 0.8507 0.3525 0.3900
vn -0.6554 0.1134 -0.7467
vn -0.7943 -0.5595 0.2367
vn -0.3714 0.7257 -0.5792
vn -0.1537 -0.4342 -0.8876
vn -0.1147 -0.1692 -0.9789
vn -0.2585 0.8166 -0.5161
vn -0.7170 0.3420 -0.6074
vn -0.8965 0.4409 -0.0426
vn -0.0958 0.4302 -0.8976
vn -0.6235 0.2247 -0.7488
vn -0.5222 0.8462 -0.1064
vn -0.7085 0.7055 0.0182
vn 0.6890 -0.4558 -0.5634
vn 0.0424 0.9835 0.1758
vn 0.5933 0.6082 -0.5274
vn -0.6229 0.7333 0.2725
vn 0.6307 0.5107 0.5843
vn -0.9806 0.1958 -0.0057
vn -0.0853 0.6550 -0.7508
vn -0.4479 0.8817 -0.1481
vn -0.8605 0.2303 0.4544
vn -0.1863 0.8455 -0.5004
vn -0.7106 0.6789 0.1849
vn -0.2470 0.4308 -0.8680
vn 0.4610 0.7746 0.4329
vn -0.3527 0.5535 0.7545
vn 0.0135 0.7723 0.6351
vn -0.2283 0.3303 0.9158
vn -0.3522 0.8730 0.3372
vn -0.4402 0.7883 0.4298
vn -0.2936 0.8703 0.3954
vn 0.5202 -0.5736 -0.6328
vn -0.8518 -0.2630 -0.4530
vn -0.3833 0.4760 0.7915
vn -0.7524 -0.3583 0.5527
vn -0.5733 -0.5165 -0.6361
vn -0.2626 -0.2686 0.9267
vn -0.3025 0.1434 0.9423
vn -0.2960 0.0563 0.9535
vn 0.5044 -0.4832 -0.7156
vn -0.5063 0.8274 -0.2431
vn -0.8033 -0.0807 0.5900
vn 0.0177 0.3613 0.9323
vn -0.8607 0.3073 -0.4060
vn 0.4046 -0.7374 0.5409
vn -0.3018 0.0731 -0.9506
vn -0.8069 0.5868 0.0671
vn -0.0381 -0.1454 -0.9886
vn 0.6732 -0.1277 0.7283
vn -0.0252 0.1053 0.9941
vn -0.1701 -0.3156 0.9335
vn -0.7635 0.4206 0.4901
vn -0.4722 -0.0184 0.8813
vn 0.1948 0.3446 -0.9183
vn 0.0211 -0.3541 0.9350
vn -0.4187 -0.4929 0.7627
vn -0.6423 0.1976 -0.7406
vn -0.4330 0.2567 0.8641
vn 0.4952 0.3218 0.8070
vn -0.4101 0.3636 -0.8365
vn -0.5520 0.3070 -0.7753
vn 0.2703 0.1045 0.9571
vn -0.6872 0.6993 0.1968
vn -0.4821 0.7437 0.4631
vn 0.4679 -0.3771 -0.7993
vn -0.9044 0.3422 -0.2549
vn 0.8818 -0.2874 0.3740
vn -0.8533 0.4063 0.3268
vn 0.8168 0.4589 0.3496
vn -0.9184 0.2787 -0.2810
vn 0.5524 0.4970 0.6693
vn -0.8103 0.1975 0.5517
vn 0.8968 -0.2849 0.3385
vn -0.8460 -0.3358 -0.4142
vn -0.9044 0.3842 -0.1859
vn -0.3370 0.6536 -0.6777
vn -0.6871 0.5229 -0.5045
vn 0.9552 -0.2206 0.1972
vn -0.5809 0.7943 0.1779
vn -0.1069 0.3177 -0.9421
vn -0.1982 0.8398 -0.5054
vn -0.5067 0.2392 0.8283
vn -0.6567 0.7498 -0.0807
vn -0.2812 0.9568 -0.0736
vn -0.6724 0.6254 0.3959
vn 0.8352 -0.3860 0.3917
vn -0.3407 0.1667 0.9253
vn -0.0602 0.8999 -0.4320
vn -0.0090 0.5189 0.8548
vn -0.6045 -0.1203 -0.7875
vn 0.5138 0.3091 -0.8003
vn 0.7946 -0.5314 0.2935
vn -0.6799 0.5470 -0.4884
vn -0.3486 0.6039 -0.7167
vn 0.9241 -0.2158 0.3156
vn -0.8211 0.3315 -0.4648
vn 0.6553 0.1311 0.7439
vn -0.3018 0.8525 -0.4268
vn 0.6892 -0.1587 0.7069
vn 0.7540 0.0173 0.6566
vn 0.8678 -0.1903 -0.4591
vn 0.5894 -0.8065 -0.0463
vn -0.6905 0.6456 0.3262
vn -0.2073 0.4814 -0.8516
vn -0.6059 0.1062 0.7884
vn 0.3762 0.6469 -0.6633
vn 0.2000 0.6552 -0.7285
vn -0.2295 0.6195 0.7507
vn -0.1471 0.0521 -0.9878
vn -0.4712 0.8595 -0.1978
vn 0.3808 -0.4203 -0.8236
vn -0.7082 0.2030 -0.6762
vn -0.6249 0.4963 0.6026
vn -0.7710 0.3725 0.5166
vn -0.7709 0.3726 0.5166
vn -0.7679 0.3787 0.5166
vn 0.5130 -0.3228 -0.7954
vn -0.2630 0.9278 0.2645
vn -0.7204 0.2595 0.6431
vn -0.3919 0.8079 0.4401
vn 0.8674 -0.3956 0.3019
vn -0.9204 0.3517 -0.1708
vn -0.6335 0.3807 0.6736
vn -0.1323 0.9904 -0.0407
vn -0.5290 -0.4793 0.7003
vn -0.7725 0.5399 0.3343
vn 0.7075 -0.6277 0.3247
vn -0.4946 0.6776 0.5443
vn -0.5560 0.7178 0.4191
vn 0.0444 0.3485 0.9363
vn 0.1247 -0.3135 0.9414
vn -0.4654 0.5141 -0.7205
vn -0.0065 0.2788 -0.9603
vn 0.6058 0.4141 -0.6793
vn 0.0632 0.0083 -0.9980
vn 0.2444 0.3542 -0.9027
vn 0.0354 0.9836 0.1771
vn 0.7785 -0.3376 0.5291
vn 0.0772 0.5123 -0.8553
vn -0.0863 0.7259 -0.6824
vn -0.6990 0.5588 0.4461
vn -0.0383 0.8978 0.4387
vn -0.3283 0.9358 0.1282
vn -0.8013 0.5840 -0.1298
vn -0.7780 0.6050 0.1693
vn -0.3086 -0.0212 -0.9510
vn 0.3068 0.4222 0.8530
vn -0.4634 0.5083 0.7259
vn -0.5419 -0.5355 -0.6477
vn -0.7145 -0.6965 -0.0661
vn -0.7935 0.5919 0.1413
vn -0.6259 0.3920 0.6743
vn 0.6408 -0.0371 0.7668
vn -0.7266 -0.5635 -0.3931
vn -0.1590 -0.9464 -0.2811
vn -0.0405 0.4517 -0.8913
vn -0.5566 0.4422 -0.7033
vn 0.8645 -0.4507 0.2225
vn 0.4422 0.8102 0.3849
vn -0.6464 0.4768 0.5956
vn 0.6000 -0.0878 0.7952
vn -0.6214 -0.3308 0.7103
vn 0.6567 0.3447 0.6707
vn -0.8253 -0.1921 0.5310
vn 0.4871 0.8324 -0.2645
vn 0.6125 0.6286 -0.4793
vn 0.6107 0.6408 -0.4652
vn 0.2755 0.7042 -0.6543
vn 0.2667 0.7091 -0.6527
vn 0.2763 0.7033 -0.6550
vn -0.2490 -0.0660 -0.9663
vn -0.4358 0.3122 0.8441
vn -0.2924 0.4868 -0.8231
vn 0.2626 -0.1132 0.9582
vn -0.4345 0.3135 -0.8443
vn -0.7873 -0.2312 -0.5715
vn -0.5516 -0.5253 0.6480
vn -0.7784 0.4510 0.4368
vn -0.4287 -0.0200 0.9032
vn -0.2093 -0.3877 0.8977
vn -0.8100 0.5864 0.0079
vn -0.1246 -0.1660 -0.9782
vn 0.0875 0.1380 -0.9866
vn -0.5381 0.7043 0.4630
vn 0.4524 0.5575 -0.6961
vn -0.2573 -0.0272 -0.9659
vn -0.6936 0.6647 0.2778
vn -0.1715 0.0635 -0.9831
vn 0.2623 0.0330 -0.9644
vn -0.6716 0.2428 -0.7000
vn -0.8352 0.2452 -0.4923
vn -0.0764 0.4008 -0.9130
vn -0.0799 0.7856 0.6135
vn 0.5247 -0.3690 -0.7671
vn -0.4946 -0.2195 0.8410
vn -0.6102 -0.2563 0.7496
vn -0.2233 0.1895 0.9562
vn 0.5190 -0.4671 -0.7159
vn -0.8698 0.1859 -0.4570
vn -0.3954 0.4201 -0.8168
vn -0.3957 0.4175 -0.8180
vn -0.3956 0.4179 -0.8178
vn 0.2801 0.2926 -0.9143
vn -0.4630 0.8313 -0.3074
vn -0.4630 0.8305 -0.3096
vn -0.4633 0.8274 -0.3174
vn -0.2098 0.8518 0.4801
vn -0.2519 0.7691 -0.5873
vn -0.5824 -0.8069 -0.0989
vn 0.0756 0.9937 0.0832
vn 0.0299 0.9803 0.1953
vn 0.9213 0.3551 0.1583
vn -0.9773 -0.2100 -0.0286
vn 0.4567 0.8289 0.3231
vn 0.9858 0.1630 -0.0412
vn -0.5055 -0.5346 -0.6773
vn -0.5818 -0.6671 0.4652
vn 0.2352 0.8754 -0.4224
vn -0.4724 0.6506 0.5946
vn -0.9254 0.3690 0.0863
vn -0.8676 -0.0519 0.4945
vn 0.4532 0.8914 0.0066
vn -0.7393 0.4746 0.4777
vn -0.7222 0.4544 -0.5215
vn -0.6333 -0.0809 -0.7697
vn 0.1536 0.2909 -0.9443
vn 0.5864 -0.1666 -0.7927
vn -0.9869 0.1473 0.0658
vn -0.7885 0.2705 0.5524
vn -0.4676 0.4653 0.7516
vn -0.6556 0.1183 0.7458
vn 0.0058 0.2407 -0.9706
vn -0.6452 0.3587 0.6746
vn -0.5531 0.4200 -0.7195
vn -0.5492 0.4159 -0.7249
vn -0.5495 0.4164 -0.7244
vn 0.0025 0.8651 0.5016
vn -0.3548 0.7355 0.5772
vn -0.0465 0.1369 0.9895
vn -0.1250 0.3575 0.9255
vn -0.7444 0.4658 -0.4784
vn 0.1150 -0.4181 -0.9011
vn -0.6155 0.1283 -0.7776
vn -0.4083 0.2018 0.8903
vn 0.9862 0.0395 0.1608
vn -0.8811 0.3887 -0.2692
vn -0.4127 0.1745 0.8940
vn -0.6610 0.2253 -0.7158
vn -0.4767 0.8333 0.2798
vn -0.1718 0.9769 0.1273
vn 0.6846 -0.3376 0.6460
vn -0.0045 -0.1426 0.9898
vn -0.0831 0.3421 0.9360
vn 0.5746 -0.4348 -0.6934
vn 0.1719 -0.5278 0.8318
vn -0.5310 0.3428 -0.7749
vn -0.5541 0.8106 0.1895
vn -0.1203 0.2257 -0.9667
vn -0.6594 0.3020 0.6885
vn 0.6458 -0.6373 -0.4203
vn -0.5915 0.5785 0.5616
vn -0.4529 0.6386 -0.6221
vn -0.0138 0.8219 0.5695
vn 0.3991 0.0122 0.9168
vn 0.8093 -0.1545 0.5667
vn 0.3826 0.5811 0.7183
vn -0.3612 0.3172 -0.8769
vn -0.0424 0.8990 -0.4360
vn -0.7549 0.3895 0.5276
vn 0.5332 0.4919 0.6883
vn 0.8992 -0.2697 0.3446
vn -0.6498 0.0238 -0.7598
vn 0.1446 -0.0825 -0.9861
vn 0.8822 -0.3614 0.3018
vn 0.1028 0.7370 -0.6681
vn -0.8431 0.2931 0.4509
vn 0.6141 -0.3318 -0.7161
vn -0.7689 0.5807 0.2676
vn -0.6410 0.4966 -0.5853
vn 0.5897 -0.5581 -0.5837
vn 0.2000 0.4107 -0.8896
vn -0.6296 0.6544 0.4187
vn 0.5186 0.7667 0.3785
vn 0.6523 -0.4750 0.5907
vn -0.4798 0.8251 0.2984
vn 0.0538 -0.9747 0.2170
vn -0.2969 0.9391 -0.1728
vn -0.3808 0.9245 -0.0197
vn -0.0402 0.6537 -0.7557
vn -0.4762 0.5043 -0.7204
vn 0.1672 0.1385 -0.9762
vn 0.4785 0.3202 0.8177
vn -0.4000 0.9101 0.1084
vn -0.1048 0.2165 -0.9706
vn 0.8602 -0.0208 0.5095
vn -0.5144 0.7699 -0.3777
vn 0.2881 0.0481 0.9564
vn -0.6951 0.6188 -0.3659
vn 0.1761 -0.0459 -0.9833
vn 0.3104 0.0958 -0.9458
vn -0.3876 -0.5852 -0.7122
vn -0.6403 0.7452 -0.1863
vn -0.6265 -0.4040 0.6666
vn -0.3923 0.9175 0.0661
vn -0.7246 -0.5937 -0.3501
vn -0.8960 0.1832 -0.4045
vn 0.6169 0.0768 -0.7833
vn 0.6431 -0.1035 -0.7588
vn -0.7610 0.3214 -0.5636
vn -0.9902 -0.1032 0.0944
vn -0.1736 0.4819 0.8589
vn -0.7262 0.4535 0.5167
vn 0.3555 0.7705 -0.5291
vn 0.2277 0.8524 -0.4707
vn -0.1946 0.6898 0.6973
vn 0.1365 0.5838 -0.8003
vn 0.5251 -0.3345 -0.7825
vn -0.7695 -0.2011 0.6061
vn -0.1294 0.7441 0.6554
vn 0.5044 0.7535 0.4218
vn -0.0971 0.6935 0.7138
vn 0.8239 -0.1338 0.5507
vn -0.1325 -0.4548 0.8807
vn -0.2214 0.8743 -0.4319
vn -0.5700 -0.0278 0.8212
vn 0.9590 0.1082 0.2618
vn -0.6467 0.5723 0.5043
vn 0.4899 0.3714 0.7887
vn 0.8468 -0.0491 0.5296
vn -0.5333 0.7120 -0.4568
vn 0.8183 0.4176 0.3950
vn -0.6915 0.6631 -0.2865
vn -0.5783 -0.5372 0.6140
vn 0.4937 0.4405 0.7498
vn -0.4349 -0.1465 -0.8885
vn 0.4038 0.1518 -0.9022
vn -0.7079 0.7021 0.0767
vn -0.3140 0.8597 -0.4029
vn -0.2194 -0.1345 0.9663
vn 0.2699 0.7587 0.5929
vn -0.1424 -0.5553 -0.8194
vn -0.1272 0.5244 0.8419
vn -0.3285 0.1828 0.9266
vn -0.6426 0.0314 -0.7655
vn -0.7321 -0.6738 0.0996
vn -0.1992 0.4177 -0.8865
vn 0.5845 -0.4131 -0.6984
vn 0.5368 -0.5015 -0.6785
vn -0.5819 0.4827 -0.6545
vn 0.4492 0.6756 -0.5847
vn 0.1187 0.0647 -0.9908
vn 0.1689 -0.1354 -0.9763
vn 0.0442 -0.0220 -0.9988
vn 0.0967 0.4305 0.8974
vn -0.4017 -0.0317 -0.9152
vn -0.0959 0.7532 -0.6507
vn -0.5214 -0.1556 0.8390
vn 0.6529 -0.5201 0.5507
vn 0.1720 0.6287 0.7584
vn -0.6802 0.0925 -0.7272
vn 0.3245 0.9382 0.1206
vn -0.2931 0.5409 -0.7884
vn -0.7409 0.3374 -0.5807
vn -0.1828 -0.0336 0.9826
vn -0.8056 0.1041 -0.5833
vn -0.3752 0.3774 0.8467
vn -0.8148 0.4778 0.3285
vn 0.9777 -0.0103 0.2098
vn 0.8104 -0.5274 0.2552
vn -0.2436 0.0484 0.9687
vn -0.2470 0.0430 0.9681
vn -0.2459 0.0446 0.9683
vn 0.0138 0.3944 0.9188
vn -0.7726 0.5017 -0.3890
vn 0.3663 -0.7219 0.5871
vn 0.3358 0.8157 -0.4711
vn 0.3269 0.8178 -0.4737
vn 0.3271 0.8177 -0.4737
vn -0.3563 0.3779 0.8545
vn -0.5486 0.4642 0.6954
vn -0.5245 0.3095 0.7932
vn 0.5727 0.3656 -0.7337
vn 0.3342 0.9315 -0.1439
vn -0.6071 0.7428 -0.2824
vn 0.2776 0.7081 0.6493
vn -0.3763 0.9265 0.0045
vn -0.7965 0.5890 0.1365
vn -0.0748 0.6784 0.7309
vn -0.2582 -0.1197 0.9587
vn -0.6965 0.1631 -0.6987
vn 0.5714 -0.4640 -0.6769
vn -0.2838 0.1392 0.9487
vn -0.9236 0.2307 -0.3063
vn -0.5643 -0.4905 0.6640
vn 0.8406 -0.0541 0.5390
vn -0.7894 0.6017 0.1214
vn 0.7274 -0.4923 0.4781
vn -0.1028 0.9262 0.3629
vn -0.2185 -0.3611 0.9066
vn 0.5141 -0.4879 -0.7054
vn -0.8595 0.3382 -0.3832
vn -0.1275 0.2698 -0.9544
vn -0.8619 0.2717 -0.4281
vn -0.7908 0.4167 -0.4482
vn -0.4336 0.9011 -0.0028
vn -0.8224 0.3685 -0.4335
vn -0.0906 0.9958 0.0096
vn 0.1766 -0.8091 0.5605
vn 0.3991 -0.0202 0.9167
vn -0.7462 0.2126 0.6309
vn -0.3088 0.9242 -0.2247
vn 0.8054 0.1225 0.5799
vn -0.4557 0.4870 0.7451
vn 0.3955 0.0254 0.9181
vn 0.9482 0.0901 0.3048
vn 0.9034 -0.2652 0.3368
vn 0.8909 0.2309 0.3911
vn -0.6128 0.3700 -0.6983
vn -0.7167 0.6843 -0.1345
vn -0.9413 0.1435 -0.3057
vn 0.7266 -0.6397 0.2505
vn -0.0574 0.3578 -0.9320
vn -0.7802 0.4404 0.4443
vn 0.4767 -0.0203 0.8788
vn -0.1184 0.9903 0.0729
vn -0.7367 0.3845 0.5562
vn -0.5946 -0.6603 0.4587
vn -0.5591 -0.6573 0.5053
vn -0.7333 0.3307 -0.5941
vn 0.0690 0.8837 -0.4630
vn 0.2459 -0.2095 -0.9464
vn -0.3358 -0.5948 -0.7304
vn 0.2502 -0.2695 -0.9299
vn -0.1879 -0.0601 -0.9803
vn 0.6484 0.1381 0.7486
vn 0.6491 0.1391 0.7479
vn 0.6520 0.1463 0.7439
vn -0.7141 0.3268 0.6191
vn 0.6513 0.1474 0.7444
vn -0.0698 0.0131 -0.9975
vn -0.6318 0.1475 -0.7610
vn -0.5552 0.4550 -0.6962
vn -0.6668 0.5599 0.4918
vn 0.2355 0.7441 -0.6252
vn 0.7995 -0.0601 0.5976
vn -0.0181 0.1217 -0.9924
vn -0.5958 0.6430 0.4812
vn -0.7606 0.4742 0.4433
vn -0.0625 0.7353 -0.6748
vn -0.6671 0.6021 0.4387
vn -0.7601 0.5478 0.3494
vn 0.8955 -0.2632 0.3589
vn 0.8979 -0.2652 0.3513
vn 0.8977 -0.2648 0.3521
vn -0.5543 0.6043 -0.5723
vn -0.2038 0.8755 -0.4380
vn -0.0730 -0.1564 0.9850
vn -0.8365 -0.5451 -0.0550
vn -0.2407 0.2854 -0.9277
vn 0.1053 0.5951 0.7968
vn 0.0794 0.2718 -0.9591
vn -0.2789 -0.2119 -0.9366
vn 0.4244 -0.0385 0.9047
vn -0.1943 0.5100 0.8379
vn -0.9777 0.0231 0.2087
vn -0.7116 0.5664 0.4156
vn 0.7891 0.6104 0.0683
vn 0.3025 0.7095 -0.6365
vn 0.6507 0.7464 0.1399
vn 0.6503 0.7466 0.1402
vn 0.6514 0.7459 0.1389
vn -0.6512 0.3032 0.6957
vn -0.1392 0.2710 0.9525
vn 0.6561 0.6712 0.3450
vn 0.1020 0.5897 0.8011
vn -0.8908 -0.0579 0.4507
vn -0.1463 0.9139 0.3788
vn -0.7292 0.1384 0.6702
vn 0.6539 -0.5504 0.5191
vn -0.7393 0.3557 0.5717
vn -0.7440 0.5702 0.3482
vn 0.4927 0.1787 0.8516
vn -0.7972 0.2884 0.5304
vn 0.2660 0.7637 -0.5883
vn 0.0715 0.4586 -0.8858
vn 0.5917 0.4476 -0.6705
vn -0.9592 -0.2026 0.1973
vn 0.5893 0.0467 -0.8066
vn 0.6216 0.7517 0.2202
vn -0.0048 0.5113 0.8594
vn -0.1715 0.2857 0.9428
vn -0.0648 0.2211 0.9731
vn -0.1653 0.3844 -0.9082
vn -0.0238 0.4470 -0.8942
vn 0.1448 -0.0090 0.9894
vn 0.1803 0.9460 0.2694
vn 0.1187 -0.2481 0.9614
vn -0.9802 0.1712 -0.1000
vn -0.5688 -0.0250 -0.8221
vn -0.5688 -0.0246 -0.8221
vn -0.5682 -0.0292 -0.8224
vn -0.4442 0.8628 0.2415
vn -0.4634 0.8268 -0.3189
vn 0.4657 -0.3798 -0.7993
vn 0.5388 -0.6954 0.4755
vn 0.0949 -0.3011 0.9489
vn -0.1645 -0.5304 -0.8316
vn 0.0301 -0.1771 0.9837
vn 0.2560 0.1183 0.9594
vn -0.5488 0.2550 0.7961
vn -0.7916 0.2582 0.5539
vn 0.4339 0.2578 0.8633
vn 0.6539 0.5473 -0.5224
vn -0.6751 -0.0123 -0.7376
vn -0.5521 0.8324 0.0479
vn 0.0947 -0.3692 0.9245
vn 0.0981 -0.3666 0.9252
vn 0.0974 -0.3672 0.9250
vn 0.2164 0.1757 0.9604
vn -0.6521 0.7559 0.0583
vn 0.4499 0.2694 0.8514
vn 0.6096 0.1778 0.7725
vn -0.3303 -0.0205 0.9436
vn -0.8518 -0.4215 -0.3110
vn -0.8442 -0.2855 0.4536
vn -0.2127 0.2372 0.9479
vn -0.8811 0.3390 -0.3297
vn -0.4778 0.3224 -0.8172
vn -0.8530 0.3354 -0.3999
vn -0.5454 0.4235 -0.7233
vn -0.9591 -0.2544 0.1239
vn 0.5784 -0.2765 0.7675
vn 0.8023 -0.1162 0.5855
vn 0.5646 -0.4784 -0.6726
vn 0.0144 -0.2542 0.9670
vn 0.6030 -0.4228 -0.6765
vn 0.3327 -0.3645 0.8697
vn 0.0950 0.0828 0.9920
vn 0.1324 0.9050 0.4042
vn 0.0587 0.3242 -0.9442
vn 0.2769 0.7036 -0.6545
vn -0.4242 0.9039 0.0547
vn 0.8969 -0.2894 0.3345
vn -0.4792 -0.5687 0.6686
vn -0.3256 0.7331 0.5971
vn -0.9548 0.1983 -0.2214
vn -0.4546 0.8113 0.3676
vn 0.0766 0.8606 -0.5034
vn 0.3707 0.5824 -0.7234
vn 0.4159 -0.9071 -0.0640
vn -0.2779 -0.2259 -0.9337
vn 0.1059 0.1890 -0.9763
vn 0.1675 -0.8998 0.4029
vn 0.3666 0.8266 0.4271
vn 0.4387 0.7236 0.5329
vn -0.9873 0.1563 0.0286
vn 0.1653 0.8381 0.5199
vn -0.0870 0.2335 -0.9685
vn -0.5447 0.6301 -0.5534
vn -0.5742 0.5978 0.5593
vn 0.0562 0.6204 -0.7822
vn -0.5922 0.8018 0.0803
vn -0.5154 0.5741 0.6363
vn 0.5616 -0.4054 0.7212
vn 0.0838 0.9184 0.3867
vn -0.3835 0.5468 0.7443
vn -0.3832 0.5471 0.7441
vn -0.3817 0.5493 0.7433
vn -0.0434 -0.8267 0.5609
vn -0.6698 0.5491 0.4999
vn 0.7625 0.0644 0.6438
vn 0.1656 0.1641 -0.9724
vn -0.5324 0.4189 0.7356
vn 0.0596 -0.0680 -0.9959
vn 0.9469 0.2524 0.1995
vn 0.4653 0.8574 -0.2198
vn -0.0661 0.0383 0.9971
vn -0.6785 0.5789 -0.4522
vn 0.2149 0.1667 -0.9623
vn 0.4082 -0.1535 -0.8999
vn 0.6517 0.7458 0.1385
vn -0.3574 0.8989 0.2535
vn 0.6513 0.1476 0.7443
vn 0.3973 0.3286 0.8568
vn 0.2290 0.9711 0.0669
vn -0.1814 0.8609 -0.4754
vn -0.9794 0.1757 -0.0997
vn -0.0718 0.4658 -0.8820
vn 0.2921 0.1109 0.9499
vn -0.1982 0.2180 -0.9556
vn 0.9079 -0.2415 0.3425
vn -0.2962 0.9350 0.1951
vn -0.9083 0.3932 0.1431
vn -0.0164 0.7550 0.6556
vn -0.1358 0.4012 -0.9059
vn -0.9136 0.3987 0.0805
vn -0.6460 0.2263 0.7290
vn -0.7847 0.5372 0.3093
vn -0.6094 0.4076 0.6801
vn -0.3528 0.6879 0.6343
vn -0.5535 0.6797 0.4813
vn 0.2321 0.9264 -0.2966
vn -0.1587 0.6792 -0.7166
vn -0.7680 0.5649 0.3018
vn -0.7397 0.3410 0.5801
vn -0.4502 0.6478 -0.6146
vn 0.1039 0.5457 -0.8315
vn -0.6205 0.1888 0.7611
vn 0.7631 -0.3117 0.5662
vn 0.3279 0.9422 -0.0687
vn 0.3755 -0.3962 -0.8379
vn -0.6518 0.4842 -0.5837
vn -0.6070 0.7138 0.3492
vn -0.5499 0.7626 0.3405
vn 0.5567 -0.3847 -0.7362
vn -0.2734 -0.7635 -0.5851
vn -0.3530 0.8904 -0.2873
vn -0.6639 0.1919 -0.7227
vn -0.6613 -0.4124 -0.6266
vn -0.4988 0.3656 -0.7858
vn -0.7706 0.5252 -0.3609
vn 0.9285 -0.0285 0.3702
vn 0.1355 0.2716 -0.9528
vn -0.5102 0.7757 0.3714
vn -0.0542 0.2350 -0.9705
vn -0.8431 0.2872 -0.4547
vn 0.2201 0.4960 0.8400
vn 0.7419 -0.0731 -0.6666
vn 0.6869 -0.1421 -0.7127
vn -0.4901 0.2493 0.8353
vn 0.3607 0.8551 0.3725
vn -0.0177 0.5988 -0.8007
vn -0.1692 0.0995 -0.9806
vn 0.5243 -0.0268 -0.8511
vn -0.4388 0.8558 -0.2739
vn -0.4305 0.3987 0.8097
vn 0.1412 -0.9346 -0.3265
vn 0.3718 0.0944 -0.9235
vn -0.1957 -0.5552 -0.8084
vn 0.6581 -0.7165 -0.2313
vn -0.6655 -0.0580 0.7441
vn -0.3955 0.4204 -0.8166
vn 0.4592 0.3130 0.8313
vn 0.4590 0.3125 0.8317
vn 0.4648 0.3176 0.8265
vn -0.6776 0.4502 -0.5815
vn -0.2131 0.5279 0.8221
vn -0.2425 0.0504 0.9689
vn 0.0663 0.4431 -0.8940
vn -0.8751 0.2999 -0.3797
vn 0.2406 0.3882 -0.8896
vn 0.4659 0.3183 0.8256
vn 0.5452 0.7637 -0.3456
vn -0.8592 0.3458 -0.3771
vn 0.4013 0.0075 -0.9159
vn -0.2670 -0.6000 -0.7541
vn -0.1535 0.3179 -0.9356
vn -0.7708 0.4793 -0.4198
vn -0.2229 -0.9647 0.1405
vn -0.7410 0.6636 0.1027
vn -0.5676 -0.0338 -0.8226
vn -0.8936 -0.0783 0.4420
vn -0.4020 0.5677 -0.7184
vn -0.8789 -0.1181 0.4621
vn 0.7243 0.1819 0.6651
vn -0.0011 0.9196 -0.3929
vn 0.0300 0.9655 -0.2587
vn 0.5709 -0.1922 -0.7982
vn 0.6083 -0.1329 -0.7825
vn 0.3585 0.2088 -0.9099
vn -0.8765 0.0546 0.4783
vn -0.2949 -0.1427 0.9448
vn -0.3767 -0.4933 -0.7841
vn -0.4793 0.7008 -0.5283
vn -0.6072 -0.3498 0.7135
vn 0.0952 0.9562 0.2767
vn -0.0389 0.0051 0.9992
vn -0.1018 0.3516 0.9306
vn -0.8806 -0.3188 0.3505
vn -0.4941 0.8281 0.2647
vn 0.1318 0.2695 -0.9539
vn 0.7879 0.1684 0.5923
vn 0.5481 0.0252 0.8360
vn 0.6738 0.0502 0.7372
vn -0.4699 0.2164 0.8558
vn 0.3084 0.2828 0.9083
vn 0.6664 0.1261 0.7349
vn 0.0006 0.8408 -0.5413
vn 0.3725 0.8025 -0.4661
vn 0.4263 0.9021 -0.0669
vn -0.2787 0.8788 0.3873
vn -0.7700 0.6096 0.1881
vn -0.3840 0.3887 0.8375
vn 0.2165 0.9627 0.1622
vn 0.3603 -0.2521 -0.8981
vn 0.5362 0.3244 -0.7793
vn 0.2723 0.9621 -0.0168
vn 0.3761 0.3773 0.8463
vn -0.1345 -0.4655 0.8748
vn 0.8396 0.0226 0.5427
vn -0.1704 0.1655 0.9714
vn 0.5488 -0.2405 -0.8006
vn -0.5307 0.8473 0.0211
vn 0.4339 -0.5331 -0.7263
vn 0.0367 -0.3192 0.9470
vn -0.1282 0.9917 0.0104
vn -0.7688 0.3768 0.5166
vn 0.6899 0.5843 0.4273
vn 0.5590 0.7114 0.4259
vn 0.5583 0.7074 0.4335
vn 0.5583 0.7080 0.4325
vn 0.5592 0.7117 0.4252
vn 0.7762 -0.3907 0.4949
vn -0.0969 0.4702 0.8772
vn -0.7666 0.3813 0.5166
vn 0.6075 -0.6232 0.4926
vn 0.2600 0.9442 0.2022
vn -0.8278 0.4828 0.2857
vn 0.3768 0.6448 0.6650
vn 0.2318 0.6704 0.7048
vn 0.5169 0.7921 0.3245
vn -0.8805 0.3398 0.3305
vn 0.6297 0.4384 0.6413
vn -0.8505 0.1952 0.4883
vn 0.3691 0.9095 0.1910
vn 0.2549 0.2370 -0.9375
vn 0.3949 0.8302 0.3935
vn 0.5493 -0.5028 0.6674
vn 0.4698 0.8828 0.0020
vn -0.4018 0.8069 0.4330
vn 0.4735 0.8172 0.3285
vn 0.5943 -0.4322 -0.6782
vn 0.6394 0.1062 0.7615
vn -0.9164 0.2550 -0.3084
vn -0.5490 0.0619 -0.8336
vn 0.5921 0.0796 0.8019
vn -0.7583 -0.2971 0.5803
vn -0.3349 0.4936 -0.8026
vn -0.6800 0.2371 0.6938
vn -0.3536 0.4322 -0.8296
vn -0.4084 0.7672 0.4946
vn -0.2737 -0.2887 -0.9175
vn 0.2926 0.3953 -0.8707
vn -0.6989 0.2557 -0.6680
vn -0.5315 0.7073 -0.4661
vn -0.8318 0.5261 -0.1770
vn -0.8104 0.3105 -0.4969
vn -0.5434 0.8231 -0.1651
vn -0.9159 0.2904 -0.2770
vn -0.0911 0.8224 0.5616
vn -0.0902 0.7556 0.6488
vn 0.5455 -0.0483 0.8367
vn -0.3344 -0.0697 -0.9399
vn -0.2123 -0.0948 -0.9726
vn 0.8955 -0.3632 -0.2572
vn -0.6484 0.6877 -0.3265
vn 0.4074 0.1887 -0.8935
vn 0.1762 0.3914 0.9032
vn 0.7370 -0.0646 0.6728
vn -0.6158 -0.0148 -0.7878
vn -0.8656 0.2599 -0.4281
vn -0.2480 -0.1718 -0.9534
vn 0.9358 0.0124 0.3523
vn 0.6457 -0.7589 0.0843
vn -0.8330 0.3888 -0.3937
vn 0.5095 0.8582 -0.0621
vn -0.1722 0.2780 -0.9450
vn -0.4354 0.7883 -0.4349
vn 0.4915 0.2405 -0.8370
vn 0.1100 0.9303 -0.3498
vn -0.1666 0.0350 -0.9854
vn 0.4035 0.6809 0.6112
vn 0.2909 0.8130 0.5044
vn -0.4130 0.0418 -0.9098
vn 0.8109 0.0901 0.5782
vn -0.3217 0.2200 -0.9209
vn -0.3180 0.1751 -0.9318
vn -0.5553 -0.4257 -0.7144
vn -0.6525 0.4167 -0.6329
vn 0.8981 -0.2650 0.3509
vn -0.3270 0.0517 -0.9436
vn 0.1064 0.2909 -0.9508
vn -0.3420 0.2264 -0.9120
vn -0.3376 -0.1606 -0.9275
vn -0.2021 0.3431 -0.9173
vn -0.3543 0.1528 -0.9226
vn -0.6789 -0.3079 -0.6666
vn 0.2751 0.5062 -0.8174
vn -0.2820 -0.0234 -0.9591
vn -0.1972 0.7377 -0.6457
vn -0.6412 -0.7628 0.0839
vn -0.1838 0.7704 -0.6105
vn -0.6809 0.5208 0.5149
vn -0.9931 -0.1092 0.0426
vn -0.4672 0.5532 -0.6897
vn -0.5535 0.4202 -0.7191
vn 0.4147 0.5887 0.6938
vn -0.6489 0.5376 -0.5385
vn -0.5634 0.6107 -0.5564
vn -0.9978 0.0106 -0.0651
vn -0.2834 0.6726 0.6836
vn 0.2176 0.4252 -0.8785
vn 0.3368 0.6729 -0.6586
vn -0.5600 0.8116 -0.1663
vn 0.1539 0.2903 0.9445
vn -0.8066 0.4542 0.3782
vn 0.4673 -0.2735 0.8408
vn 0.3799 -0.0985 -0.9198
vn -0.4776 0.8137 -0.3314
vn 0.4388 0.2116 -0.8733
vn 0.4369 0.7279 0.5285
vn -0.7155 0.5356 0.4486
vn -0.2308 0.3089 0.9227
vn -0.1388 -0.1724 -0.9752
vn -0.5052 -0.3447 -0.7912
vn 0.2679 0.2607 -0.9275
vn 0.1963 0.4240 -0.8842
vn -0.5810 0.7623 -0.2852
vn -0.6375 0.7415 -0.2090
vn -0.8439 0.2850 0.4545
vn -0.7899 -0.0871 0.6071
vn -0.4015 0.0923 0.9112
vn -0.5777 0.3266 0.7480
vn -0.5720 0.3460 0.7437
vn -0.4327 0.6875 0.5832
vn -0.8114 0.1988 0.5497
vn -0.6128 -0.7872 -0.0693
vn 0.2934 0.4660 0.8347
vn -0.3815 0.5498 0.7431
vn -0.2347 -0.2196 -0.9469
vn -0.1259 0.5555 0.8219
vn -0.2571 0.9554 0.1453
vn -0.8819 0.1844 0.4339
vn 0.1073 0.6175 0.7792
vn -0.8491 -0.5216 -0.0833
vn -0.6394 0.7067 0.3028
vn -0.4036 -0.8662 -0.2945
vn 0.9894 -0.0448 0.1381
vn -0.6503 0.5974 0.4693
vn 0.4441 0.4344 0.7837
vn -0.8114 0.5202 -0.2665
vn 0.2087 -0.2044 0.9564
vn 0.2656 0.7458 0.6109
vn 0.1769 0.4839 0.8570
vn -0.2495 0.1388 0.9584
vn 0.6527 -0.3495 -0.6722
vn -0.6231 0.2546 -0.7395
vn -0.3038 0.3028 0.9033
vn 0.4101 0.4582 -0.7886
vn 0.5168 0.5188 -0.6811
vn 0.4218 -0.0281 -0.9063
vn -0.2243 -0.2917 0.9298
vn 0.5106 0.3565 -0.7824
vn -0.6533 -0.2919 0.6986
vn -0.8391 0.1400 -0.5257
vn 0.3981 -0.3173 -0.8607
vn -0.7744 0.0761 -0.6281
vn -0.4720 0.2516 0.8449
vn -0.1677 0.9787 -0.1188
vn -0.7890 0.6078 -0.0898
vn -0.6143 -0.1249 -0.7792
vn -0.5032 -0.0515 -0.8626
vn -0.7033 0.0121 -0.7108
vn -0.4586 -0.1013 -0.8829
vn -0.2516 0.7231 -0.6433
vn 0.2826 0.1822 -0.9418
vn 0.9100 -0.1609 0.3821
vn 0.6821 -0.4750 0.5560
vn -0.6949 0.6912 0.1984
vn 0.3139 -0.5736 -0.7566
vn -0.5469 0.2945 -0.7837
vn 0.5594 -0.2196 0.7993
vn -0.8768 0.4183 -0.2372
vn -0.8009 0.5770 -0.1600
vn -0.7747 0.5067 -0.3783
vn -0.0573 -0.6469 0.7604
vn -0.7164 0.1850 -0.6727
vn 0.4957 -0.3207 -0.8071
vn -0.9108 0.2460 -0.3315
vn 0.5911 0.7889 -0.1681
vn 0.7982 -0.1960 0.5696
vn -0.3460 -0.1022 0.9327
vn -0.7123 0.4186 -0.5634
vn -0.8552 0.4411 0.2722
vn 0.7967 -0.1320 0.5898
vn -0.8311 0.0358 -0.5549
vn -0.5618 0.4659 -0.6836
vn -0.8430 0.3730 -0.3876
vn -0.1516 -0.4983 0.8537
vn -0.8318 0.4246 -0.3574
vn 0.0259 -0.6391 0.7687
vn 0.5259 -0.1486 -0.8375
vn -0.7414 0.3601 -0.5662
vn -0.7227 0.3033 -0.6211
vn 0.1030 -0.2826 0.9537
vn 0.5047 0.4922 0.7092
vn 0.8100 -0.2160 0.5452
vn 0.3705 0.3591 0.8566
vn -0.9179 0.2444 -0.3126
vn 0.7700 0.6305 -0.0981
vn -0.4816 0.4971 -0.7217
vn 0.7448 -0.4707 0.4730
vn 0.6184 0.5404 0.5706
vn -0.5285 0.7070 -0.4700
vn -0.3478 0.2832 0.8938
vn 0.9860 -0.0743 0.1490
vn -0.7110 0.6880 -0.1451
vn 0.5288 0.0682 0.8460
vn 0.6683 0.6652 -0.3330
vn -0.3395 0.7906 0.5096
vn -0.4346 0.6815 -0.5888
vn -0.7283 0.2310 -0.6452
vn 0.4930 -0.0955 -0.8648
vn 0.5520 0.0174 0.8336
vn -0.7280 0.0731 -0.6817
vn -0.3672 0.3555 -0.8595
vn 0.8427 -0.4329 0.3199
vn -0.6189 0.2180 -0.7547
vn -0.7590 0.2380 -0.6060
vn -0.8329 0.4093 0.3724
vn 0.3361 0.8156 -0.4710
vn -0.6350 -0.6039 -0.4818
vn -0.7215 0.5595 0.4079
vn -0.4774 0.6908 -0.5430
vn -0.2719 -0.1103 0.9560
vn 0.3026 0.9516 0.0546
vn -0.9734 -0.2067 -0.0983
vn -0.9838 -0.1305 0.1225
vn -0.8253 0.2867 -0.4864
vn -0.5718 0.6603 -0.4869
vn -0.9269 0.1687 0.3354
vn 0.6691 0.7081 0.2256
vn -0.1896 0.8176 0.5437
vn -0.1408 -0.5087 0.8494
vn -0.0644 0.1260 0.9899
vn 0.2438 0.5367 -0.8078
vn -0.2158 0.1970 0.9564
vn 0.9102 -0.2282 0.3457
vn -0.6525 0.6756 0.3431
vn -0.7888 0.5896 -0.1738
vn -0.3197 0.7777 -0.5412
vn 0.8066 0.1210 0.5786
vn 0.6632 -0.1466 -0.7340
vn -0.0926 0.6171 0.7814
vn -0.7844 0.4908 0.3791
vn -0.8274 0.5566 0.0749
vn -0.8656 0.4951 -0.0753
vn 0.9349 -0.1476 0.3228
vn 0.8642 -0.0486 0.5008
vn -0.2963 0.4032 -0.8658
vn 0.1790 0.3973 0.9001
vn 0.0289 -0.4114 -0.9110
vn 0.0408 0.1594 -0.9864
vn -0.9109 -0.1187 -0.3952
vn -0.0132 0.6928 -0.7210
vn -0.8435 -0.2138 0.4928
vn 0.1870 -0.7512 -0.6331
vn -0.3120 0.9436 0.1107
vn 0.0762 0.9446 -0.3192
vn 0.5394 0.3305 -0.7745
vn -0.7850 -0.6170 0.0560
vn -0.9459 0.0495 -0.3207
vn -0.7864 0.3598 0.5021
vn -0.5349 -0.6991 0.4745
vn -0.2765 -0.1772 0.9445
vn -0.8645 0.2310 0.4465
vn -0.4053 0.4141 0.8150
vn -0.3813 0.1673 0.9092
vn 0.2303 -0.2266 0.9464
vn -0.5595 0.7250 -0.4017
vn -0.5354 0.7785 0.3276
vn -0.5404 0.7720 0.3346
vn -0.5365 0.7771 0.3292
vn -0.1502 0.4276 0.8914
vn 0.2806 -0.2743 0.9198
vn 0.4875 0.2478 0.8372
vn -0.6007 -0.7414 -0.2993
vn 0.4162 0.4127 0.8102
vn -0.6486 0.7174 -0.2542
vn -0.3535 -0.9351 0.0243
vn -0.3836 -0.8976 -0.2173
vn -0.2015 -0.8197 -0.5362
vn -0.1927 -0.8196 -0.5396
vn -0.1903 -0.8195 -0.5406
vn 0.8235 -0.3451 0.4502
vn 0.0527 -0.4083 0.9113
vn 0.5876 0.3461 -0.7314
vn -0.8628 0.3438 -0.3706
vn -0.4004 -0.1880 -0.8969
vn -0.2033 -0.8197 -0.5355
vn 0.4758 0.2150 -0.8529
vn -0.8025 0.5407 -0.2525
vn -0.7334 -0.3513 -0.5820
vn 0.0460 -0.4084 -0.9117
vn -0.0500 0.4244 -0.9041
vn -0.0100 -0.9434 -0.3316
vn -0.6274 0.5742 0.5260
vn -0.3905 0.6269 0.6742
vn 0.1582 -0.4647 -0.8712
vn -0.6650 -0.5544 -0.5004
vn 0.8410 -0.4404 -0.3142
vn 0.2031 -0.9306 0.3046
vn -0.3518 0.2616 -0.8988
vn -0.6614 0.4871 0.5703
vn 0.0537 0.0152 0.9984
vn -0.3266 -0.6618 -0.6748
vn -0.2957 -0.5609 -0.7732
vn 0.0274 0.8621 0.5060
vn -0.4011 -0.7526 -0.5223
vn -0.3018 0.0465 -0.9522
vn -0.2562 0.9603 -0.1103
vn 0.1756 -0.3829 0.9069
vn 0.1224 -0.3052 0.9444
vn 0.3334 0.3704 0.8670
vn -0.0288 0.0239 -0.9993
vn 0.9932 0.0368 -0.1104
vn -0.4175 -0.8851 0.2057
vn 0.4168 -0.8896 -0.1869
vn 0.8004 -0.1410 -0.5827
vn -0.9630 0.2693 0.0111
vn -0.9785 0.0486 -0.2003
vn -0.9652 0.1698 -0.1991
vn -0.3221 0.2019 -0.9249
vn 0.3742 0.8096 -0.4522
vn -0.8215 -0.5634 -0.0876
vn -0.9816 -0.0893 0.1688
vn 0.2911 0.1321 -0.9475
vn 0.3759 0.1879 0.9074
vn 0.8112 -0.5528 0.1906
vn -0.9830 -0.1231 0.1364
vn 0.3154 -0.1228 -0.9410
vn 0.0865 0.3066 -0.9479
vn -0.8998 0.3793 0.2155
vn -0.2861 0.2088 0.9352
vn -0.2874 0.2093 0.9347
vn -0.2866 0.2090 0.9350
vn 0.9585 -0.0483 -0.2809
vn 0.3455 -0.1499 -0.9264
vn 0.3453 -0.1498 -0.9264
vn 0.3456 -0.1499 -0.9263
vn -0.1008 -0.5751 -0.8119
vn 0.1454 0.5469 0.8245
vn -0.9013 0.3926 -0.1829
vn -0.8985 -0.3196 0.3009
vn -0.1822 0.2038 0.9619
vn 0.0460 -0.9550 0.2930
vn 0.0456 -0.9548 0.2937
vn 0.0457 -0.9549 0.2934
vn -0.0695 0.5353 0.8418
vn -0.7064 -0.1066 0.6997
vn -0.7215 0.5677 -0.3964
vn 0.7420 -0.4564 0.4911
vn -0.0270 0.4823 -0.8756
vn 0.1224 0.5090 0.8520
vn -0.5999 0.5754 0.5559
vn -0.5999 0.5753 0.5559
vn -0.6006 0.5742 0.5563
vn -0.9859 0.1138 0.1228
vn -0.5812 0.6523 0.4865
vn -0.8540 0.1453 -0.4996
vn 0.4438 0.4809 0.7562
vn -0.7846 -0.2512 0.5668
vn 0.6912 -0.4158 0.5910
vn 0.6907 -0.4158 0.5917
vn 0.6863 -0.4157 0.5968
vn -0.8097 -0.5079 -0.2941
vn 0.4310 0.4805 0.7638
vn 0.2026 0.3351 0.9201
vn 0.5258 0.0986 0.8449
vn -0.6628 -0.0928 -0.7430
vn -0.2000 -0.2520 -0.9468
vn 0.0588 -0.7027 0.7091
vn 0.1511 -0.8027 0.5769
vn -0.0585 -0.8581 -0.5101
vn -0.8437 -0.1901 0.5019
vn 0.0749 -0.5593 0.8256
vn -0.0946 0.9919 -0.0851
vn -0.3746 -0.8349 0.4033
vn 0.3067 0.0690 0.9493
vn 0.5284 0.6148 0.5855
vn -0.0974 0.0898 0.9912
vn 0.5387 0.2399 0.8076
vn -0.0374 -0.1178 0.9923
vn 0.7625 0.6331 -0.1330
vn 0.0041 0.3468 -0.9379
vn 0.1819 -0.3571 0.9162
vn 0.1855 -0.3630 0.9131
vn 0.1830 -0.3590 0.9152
vn 0.2939 0.9515 -0.0911
vn -0.5564 0.6671 0.4954
vn 0.1639 0.4309 -0.8874
vn 0.0669 -0.4810 0.8742
vn 0.6603 -0.6545 -0.3683
vn 0.6964 -0.0125 0.7176
vn 0.7947 -0.5883 -0.1496
vn 0.8925 0.2871 0.3480
vn -0.9865 0.1628 0.0168
vn 0.3718 -0.4606 0.8060
vn -0.8514 0.4507 -0.2682
vn 0.3235 0.6716 0.6665
vn -0.0238 0.2111 0.9772
vn -0.5288 0.3089 -0.7905
vn 0.0523 0.2696 -0.9615
vn -0.5006 -0.3372 -0.7973
vn -0.8770 0.2952 -0.3791
vn -0.1218 -0.0205 -0.9923
vn 0.7731 0.0317 -0.6335
vn -0.9737 0.1833 -0.1355
vn -0.9876 0.1068 0.1148
vn 0.2050 -0.7582 -0.6190
vn 0.9897 -0.1027 0.1000
vn 0.9660 -0.0389 0.2557
vn 0.0176 0.1654 -0.9861
vn 0.1672 0.0008 -0.9859
vn -0.0920 0.1996 -0.9756
vn 0.9728 -0.2113 0.0952
vn -0.4784 -0.5484 -0.6858
vn -0.1215 -0.8056 0.5798
vn -0.5709 -0.4348 -0.6964
vn 0.2510 0.1423 0.9575
vn 0.1701 -0.7262 -0.6661
vn 0.9761 0.2113 0.0513
vn -0.1963 -0.5219 -0.8301
vn 0.9014 -0.3989 0.1686
vn 0.9289 -0.2257 0.2937
vn 0.3148 -0.2580 0.9134
vn -0.9680 0.2018 0.1495
vn -0.2154 -0.2466 -0.9449
vn -0.8234 0.4186 0.3830
vn -0.9516 -0.1489 0.2688
vn 0.7972 -0.5886 -0.1343
vn 0.1131 -0.4088 -0.9056
vn 0.0312 0.5534 -0.8323
vn 0.5974 -0.5080 -0.6205
vn -0.7428 0.0573 -0.6671
vn -0.5054 -0.2861 -0.8141
vn 0.1470 0.3788 -0.9137
vn -0.3109 0.0635 -0.9483
vn 0.1927 0.2328 0.9532
vn 0.4216 0.3036 -0.8544
vn 0.6637 0.6790 -0.3139
vn -0.5551 0.2404 -0.7963
vn -0.8708 -0.3337 0.3610
vn -0.7514 -0.6596 0.0146
vn -0.6002 0.3881 -0.6994
vn -0.3205 -0.7686 0.5537
vn -0.3092 -0.7519 0.5822
vn -0.3091 -0.7520 0.5821
vn -0.7316 0.6335 -0.2518
vn -0.8972 -0.1323 0.4214
vn 0.5055 0.8608 0.0584
vn -0.7408 0.6634 0.1052
vn 0.6236 -0.4856 0.6126
vn 0.0035 0.6742 -0.7385
vn -0.2012 -0.1269 0.9713
vn -0.1563 0.9842 -0.0835
vn 0.9047 0.3224 -0.2786
vn 0.0302 0.7633 0.6454
vn 0.7994 0.4847 0.3550
vn 0.7180 0.3807 0.5827
vn -0.7494 0.6612 -0.0342
vn 0.0210 -0.4593 0.8880
vn -0.7371 -0.6754 -0.0228
vn 0.1847 -0.4126 -0.8920
vn -0.8952 -0.4123 0.1691
vn -0.0563 0.2183 -0.9743
vn 0.9376 -0.0323 0.3463
vn -0.9061 -0.0237 0.4224
vn -0.9124 -0.4039 0.0669
vn -0.9359 0.0519 0.3485
vn 0.7816 -0.4346 0.4474
vn 0.9763 -0.0924 0.1955
vn 0.3175 -0.8555 -0.4089
vn 0.3927 -0.2689 -0.8795
vn 0.1717 -0.4051 0.8980
vn -0.2931 -0.4983 -0.8159
vn 0.3947 0.5416 0.7422
vn 0.3943 0.5417 0.7423
vn 0.3962 0.5401 0.7425
vn -0.6017 0.6582 0.4525
vn -0.7657 -0.5914 -0.2528
vn -0.8775 0.1882 0.4411
vn -0.5788 0.7502 0.3198
vn -0.6613 -0.4252 -0.6180
vn -0.6907 0.4753 0.5450
vn -0.7840 0.0578 -0.6181
vn 0.0704 0.5996 0.7972
vn -0.2074 -0.4799 0.8525
vn -0.8280 0.2684 -0.4923
vn -0.4684 0.6899 0.5519
vn 0.8324 0.5541 0.0133
vn -0.6729 0.2690 -0.6891
vn -0.5484 -0.0499 -0.8347
vn -0.6669 -0.6672 -0.3318
vn -0.6842 -0.6601 -0.3099
vn -0.2133 -0.4651 0.8592
vn -0.2061 -0.1935 -0.9592
vn -0.9563 0.0029 -0.2923
vn 0.9187 0.0209 0.3944
vn 0.5403 0.3121 0.7814
vn 0.3522 -0.7827 0.5132
vn 0.3755 -0.9261 0.0381
vn -0.5247 0.3837 -0.7599
vn 0.4389 0.5918 -0.6762
vn -0.5994 0.5974 -0.5328
vn 0.2874 -0.1512 0.9458
vn -0.4680 0.4897 -0.7357
vn -0.6464 0.7329 -0.2121
vn 0.7328 0.6522 -0.1937
vn -0.5348 -0.7072 -0.4624
vn 0.1189 0.4439 0.8881
vn 0.0012 0.6753 -0.7375
vn 0.4406 -0.2774 -0.8538
vn 0.0942 -0.3696 0.9244
vn -0.5011 0.8652 -0.0210
vn -0.4422 0.8964 0.0312
vn -0.2342 -0.5159 -0.8240
vn -0.8893 0.4218 0.1764
vn -0.7216 -0.2412 -0.6489
vn 0.7606 0.2140 -0.6129
vn 0.8137 0.2788 -0.5101
vn -0.0753 0.2442 -0.9668
vn 0.8972 0.3821 0.2214
vn 0.7528 -0.2946 0.5887
vn -0.5002 -0.7608 -0.4135
vn 0.3855 -0.3723 -0.8443
vn -0.2415 -0.0265 -0.9700
vn -0.6731 -0.6048 0.4256
vn -0.6168 0.4374 0.6544
vn -0.7788 -0.2816 -0.5606
vn -0.8987 -0.4187 -0.1303
vn -0.9274 -0.3731 0.0284
vn -0.9287 -0.3700 0.0243
vn -0.9289 -0.3697 0.0238
vn -0.0335 0.4823 0.8754
vn -0.1591 0.5401 0.8264
vn -0.5932 0.0388 0.8041
vn -0.5407 0.2436 0.8052
vn -0.4141 -0.9015 -0.1256
vn -0.8511 0.3365 0.4030
vn 0.0889 -0.6469 -0.7573
vn -0.7952 0.3880 0.4659
vn -0.2745 0.1603 -0.9481
vn -0.1923 -0.8564 -0.4791
vn -0.5812 0.7531 0.3083
vn -0.1359 0.1618 -0.9774
vn -0.6498 0.6722 -0.3548
vn -0.6617 -0.2051 -0.7212
vn -0.5265 -0.0166 -0.8500
vn -0.8909 0.2841 0.3542
vn -0.1927 0.1979 -0.9611
vn -0.4136 -0.9103 -0.0189
vn 0.0888 0.9532 -0.2891
vn 0.6026 0.7203 -0.3436
vn 0.2101 0.2552 -0.9438
vn 0.5327 0.6284 0.5669
vn 0.1715 -0.3344 -0.9267
vn 0.0168 -0.4221 -0.9064
vn -0.0969 -0.1959 0.9758
vn 0.2090 -0.0103 0.9779
vn 0.9509 -0.0160 -0.3092
vn 0.0614 0.1130 -0.9917
vn 0.0627 0.1083 -0.9921
vn 0.0610 0.1132 -0.9917
vn 0.0547 -0.0643 -0.9964
vn -0.4946 -0.6343 -0.5942
vn 0.2350 0.5828 0.7779
vn 0.7724 0.0363 -0.6341
vn 0.4041 0.4642 -0.7882
vn -0.5415 0.7706 0.3361
vn 0.0311 -0.2008 -0.9791
vn -0.4950 -0.8646 -0.0861
vn -0.1008 -0.1489 -0.9837
vn 0.7305 -0.6713 0.1250
vn -0.3099 -0.3614 -0.8794
vn 0.3921 -0.9197 0.0221
vn -0.7835 0.0191 -0.6212
vn 0.2150 -0.8262 -0.5207
vn -0.0703 0.3503 0.9340
vn -0.0843 0.3296 0.9404
vn 0.1254 0.1883 0.9741
vn 0.0148 0.3862 0.9223
vn -0.9369 0.2288 -0.2644
vn 0.5480 -0.1126 0.8289
vn -0.9194 0.3750 0.1183
vn -0.5228 0.1530 -0.8386
vn 0.4195 -0.1797 -0.8898
vn -0.4603 0.3380 -0.8209
vn -0.5493 0.0379 0.8348
vn -0.2238 -0.9383 -0.2636
vn 0.0121 0.2223 -0.9749
vn -0.9587 0.2663 0.0996
vn -0.9250 0.2339 0.2994
vn -0.7758 -0.4379 -0.4543
vn -0.2029 -0.6470 -0.7349
vn 0.8933 -0.3255 0.3099
vn -0.7568 -0.1855 -0.6268
vn -0.0297 -0.2655 -0.9636
vn 0.8504 0.2438 -0.4662
vn 0.3119 0.1917 0.9306
vn 0.2719 -0.7671 -0.5811
vn -0.3303 0.2675 0.9052
vn -0.0378 0.9874 -0.1535
vn 0.8303 -0.4986 0.2489
vn 0.4506 0.6433 0.6189
vn -0.0312 0.9659 0.2569
vn 0.4377 0.5928 0.6761
vn -0.0008 0.6940 0.7199
vn 0.5982 -0.3716 0.7099
vn 0.1846 -0.1715 0.9677
vn 0.1712 0.4561 -0.8733
vn 0.1427 0.7580 -0.6364
vn -0.5921 0.2594 0.7630
vn -0.4258 0.6233 0.6559
vn -0.1065 -0.3708 -0.9226
vn -0.0128 0.2042 -0.9788
vn 0.8046 -0.5905 0.0634
vn 0.0118 -0.7909 -0.6119
vn -0.6891 0.4123 -0.5960
vn -0.4721 -0.1339 -0.8713
vn 0.4008 0.1174 0.9086
vn 0.0596 -0.5855 -0.8085
vn -0.7714 -0.4986 0.3954
vn -0.8316 -0.5249 -0.1816
vn 0.9413 -0.0157 0.3372
vn -0.7040 -0.1246 -0.6992
vn -0.9623 0.0203 -0.2712
vn -0.3244 -0.9445 0.0520
vn 0.8618 -0.5025 0.0695
vn -0.9000 -0.1106 0.4215
vn -0.3526 -0.2975 -0.8872
vn -0.9019 0.0297 0.4309
vn 0.1231 0.1817 0.9756
vn -0.5371 0.2479 -0.8063
vn 0.4672 -0.1743 -0.8668
vn -0.5104 0.6119 0.6042
vn -0.2248 -0.3418 0.9125
vn -0.4087 -0.5863 0.6994
vn -0.3157 0.7323 0.6034
vn 0.3869 0.4696 -0.7936
vn -0.8381 0.1500 0.5244
vn -0.7789 0.6241 0.0619
vn -0.6893 -0.0436 0.7232
vn 0.1864 -0.3643 0.9124
vn 0.7846 -0.6160 -0.0708
vn -0.2210 0.2388 0.9456
vn -0.9011 -0.0508 0.4306
vn -0.0540 0.9122 0.4062
vn 0.4829 -0.8237 -0.2971
vn 0.8228 0.4148 0.3886
vn -0.0994 -0.1120 0.9887
vn -0.7592 0.6483 0.0568
vn -0.7589 0.6488 0.0561
vn -0.7575 0.6506 0.0539
vn -0.9203 -0.3103 0.2381
vn -0.2608 0.9282 -0.2653
vn 0.4950 0.8274 -0.2654
vn 0.1130 -0.4287 -0.8963
vn -0.3153 -0.8674 -0.3849
vn -0.9386 -0.0411 0.3425
vn 0.2272 0.0091 -0.9738
vn 0.3512 -0.1960 -0.9156
vn 0.0839 0.3061 -0.9483
vn 0.5562 -0.2312 -0.7983
vn 0.7774 0.6105 0.1516
vn -0.8119 0.2741 -0.5154
vn -0.7572 0.6510 0.0534
vn -0.8575 -0.1170 0.5010
vn -0.3505 0.0083 -0.9365
vn -0.2726 -0.3494 -0.8965
vn 0.3687 0.2765 0.8875
vn -0.7149 0.6034 -0.3532
vn 0.5345 0.8442 -0.0397
vn -0.4342 0.0196 -0.9006
vn 0.4200 0.4884 0.7649
vn 0.6206 -0.3540 0.6997
vn -0.3322 -0.2702 -0.9037
vn 0.3465 0.0588 -0.9362
vn -0.4247 0.3019 0.8535
vn -0.1726 0.3362 0.9258
vn 0.4627 0.1761 -0.8688
vn -0.4799 0.3110 -0.8204
vn -0.5380 0.4843 0.6899
vn -0.0418 0.5551 -0.8307
vn -0.0425 0.5555 -0.8304
vn -0.0430 0.5559 -0.8301
vn -0.5874 -0.4186 0.6927
vn -0.3616 -0.7570 -0.5443
vn -0.1716 -0.0795 -0.9820
vn -0.3173 0.9435 -0.0958
vn 0.1788 -0.7244 -0.6658
vn 0.4721 0.3026 -0.8280
vn 0.1215 0.4906 -0.8629
vn 0.5783 -0.1977 -0.7915
vn 0.7509 0.4988 0.4327
vn -0.9109 -0.0779 0.4053
vn -0.7370 -0.2368 -0.6331
vn 0.3201 0.2065 -0.9246
vn -0.0488 0.6930 0.7193
vn -0.3482 0.3970 0.8492
vn 0.4306 0.0646 0.9002
vn -0.6876 0.7259 -0.0159
vn 0.4394 0.2286 0.8687
vn -0.4144 0.2954 0.8608
vn -0.3670 -0.6611 0.6544
vn -0.5809 0.0244 0.8136
vn -0.8797 0.4498 -0.1543
vn -0.7810 0.4915 -0.3853
vn -0.9577 -0.2696 0.1009
vn -0.7229 0.6693 0.1712
vn 0.7112 0.0615 0.7003
vn 0.4063 -0.4526 -0.7938
vn 0.4724 0.6130 0.6333
vn -0.6396 0.7687 0.0088
vn 0.4313 0.1274 -0.8932
vn -0.1776 0.1666 -0.9699
vn -0.0369 0.1809 0.9828
vn -0.4454 0.8915 -0.0823
vn 0.4945 0.8248 -0.2741
vn -0.8632 -0.4298 -0.2650
vn 0.3100 -0.0198 -0.9505
vn -0.4795 0.7982 0.3645
vn -0.0482 -0.4006 -0.9150
vn -0.4052 -0.0094 -0.9142
vn 0.0781 -0.2749 0.9583
vn -0.4587 -0.8881 0.0305
vn -0.3755 0.8757 0.3035
vn -0.4090 0.7835 0.4678
vn 0.0942 0.1517 -0.9839
vn -0.1627 -0.0593 -0.9849
vn -0.1719 -0.8636 -0.4739
vn -0.4106 -0.0627 -0.9096
vn -0.0981 -0.9787 0.1805
vn 0.1992 -0.4122 -0.8891
vn 0.1991 -0.4127 -0.8888
vn 0.2002 -0.4162 -0.8869
vn -0.5452 0.7009 -0.4599
vn -0.3372 0.1403 -0.9309
vn 0.2476 0.3823 0.8903
vn 0.8174 0.2968 0.4937
vn -0.2080 -0.9181 -0.3374
vn 0.0999 0.3814 -0.9190
vn 0.3621 -0.6804 0.6371
vn -0.0696 0.5049 -0.8604
vn 0.4639 -0.2877 0.8379
vn -0.0483 0.0542 -0.9974
vn -0.0467 0.0544 -0.9974
vn -0.0447 0.0546 -0.9975
vn -0.1089 0.2758 -0.9550
vn 0.0148 0.4025 -0.9153
vn 0.6785 0.3970 0.6181
vn -0.2019 0.1550 0.9671
vn -0.6192 0.0189 0.7850
vn 0.4032 0.4461 0.7990
vn 0.2626 0.9633 0.0558
vn -0.1806 0.9728 -0.1450
vn 0.6118 -0.7650 -0.2013
vn 0.0476 -0.0648 0.9968
vn 0.1825 -0.1402 -0.9732
vn -0.2245 0.4223 -0.8782
vn 0.6181 0.1097 0.7784
vn 0.7299 -0.1224 0.6725
vn 0.0509 -0.9432 -0.3284
vn -0.8045 -0.3789 0.4575
vn -0.9062 0.4097 -0.1048
vn 0.1972 0.5922 -0.7813
vn -0.6984 0.5110 0.5012
vn -0.3753 -0.1700 -0.9112
vn 0.8861 -0.0005 0.4635
vn -0.8544 -0.5194 -0.0147
vn -0.9875 -0.1459 0.0591
vn -0.5436 0.0551 -0.8375
vn -0.6587 -0.7409 -0.1306
vn 0.1284 -0.5594 -0.8189
vn 0.8909 -0.4372 0.1231
vn -0.0490 -0.9931 -0.1062
vn -0.2038 0.2062 -0.9571
vn 0.1259 0.4303 -0.8938
vn 0.7517 -0.6518 0.1006
vn 0.1414 0.1313 0.9812
vn 0.0775 -0.0025 -0.9970
vn 0.6007 -0.2895 -0.7452
vn -0.5812 -0.5879 -0.5626
vn -0.1697 -0.9665 -0.1926
vn -0.7568 -0.2486 0.6045
vn -0.4578 0.7534 0.4720
vn -0.0370 0.1680 0.9851
vn 0.6841 0.3666 0.6306
vn 0.6016 0.4422 0.6652
vn 0.0787 -0.0770 0.9939
vn -0.6990 -0.2033 -0.6856
vn -0.0737 -0.3674 0.9272
vn -0.0886 -0.9947 -0.0517
vn -0.5908 -0.0733 -0.8034
vn 0.6425 0.0944 0.7604
vn 0.0437 0.6512 0.7577
vn -0.5211 0.6926 -0.4987
vn -0.5949 0.0270 0.8034
vn -0.8562 -0.5053 0.1079
vn -0.2841 0.8873 -0.3632
vn -0.5474 0.3183 0.7740
vn 0.3201 0.0013 -0.9474
vn -0.0502 0.5049 -0.8617
vn 0.2297 -0.9306 -0.2850
vn 0.1321 -0.0796 -0.9880
vn -0.0042 0.1612 -0.9869
vn 0.0973 -0.9253 -0.3665
vn 0.4049 0.2690 -0.8739
vn -0.1509 -0.0024 -0.9885
vn -0.7131 -0.3603 -0.6014
vn -0.6351 -0.7006 0.3252
vn 0.0912 0.8276 0.5538
vn -0.1926 -0.2091 0.9587
vn 0.1951 0.3084 0.9311
vn 0.4518 0.2541 0.8552
vn -0.8392 0.4570 -0.2948
vn -0.5317 0.4742 0.7018
vn 0.5156 -0.2004 0.8330
vn -0.2642 0.9027 -0.3395
vn 0.9420 0.3092 0.1308
vn -0.8415 0.3751 0.3888
vn 0.5377 -0.2292 -0.8114
vn -0.4301 0.0482 -0.9015
vn -0.2086 -0.1274 -0.9697
vn 0.4425 -0.1594 -0.8825
vn -0.1040 0.2901 0.9513
vn 0.0669 -0.0608 -0.9959
vn -0.3528 -0.4559 -0.8171
vn 0.1412 0.1803 -0.9734
vn 0.3790 0.1662 -0.9103
vn 0.0173 0.1535 -0.9880
vn -0.1257 -0.1520 -0.9804
vn -0.4770 0.0561 0.8771
vn -0.7672 0.2849 0.5746
vn -0.8393 0.0984 0.5347
vn -0.6694 0.1095 0.7348
vn 0.1278 -0.0070 0.9918
vn -0.0091 0.3203 0.9473
vn -0.6964 -0.6587 -0.2849
vn -0.5797 -0.3845 -0.7184
vn 0.0549 0.1420 0.9883
vn -0.4662 -0.4529 -0.7600
vn -0.7757 0.6183 -0.1265
vn -0.0884 -0.4729 -0.8767
vn 0.9173 0.1793 0.3556
vn 0.4271 -0.0049 0.9042
vn 0.2363 -0.1886 0.9532
vn -0.4253 0.2106 -0.8802
vn -0.0186 -0.3203 -0.9471
vn 0.3052 0.0640 0.9501
vn 0.1685 -0.0794 -0.9825
vn 0.5082 -0.0290 -0.8608
vn 0.0537 -0.5730 0.8178
vn 0.4833 0.2894 0.8262
vn -0.1920 0.3305 -0.9241
vn -0.0422 -0.6774 -0.7344
vn 0.0245 -0.4738 -0.8803
vn 0.9061 -0.0728 -0.4167
vn 0.2148 -0.1025 -0.9713
vn -0.7914 0.6084 -0.0592
vn 0.0158 0.3731 0.9277
vn 0.4090 0.2876 -0.8660
vn 0.1324 0.2856 0.9492
vn 0.7459 0.5776 -0.3318
vn 0.6903 0.3076 0.6549
vn 0.1792 0.3408 0.9229
vn 0.6289 0.3726 0.6824
vn 0.3212 0.0447 -0.9460
vn -0.1759 -0.8150 -0.5521
vn -0.4537 0.6673 -0.5907
vn 0.5620 0.7192 -0.4085
vn 0.3170 0.8494 0.4220
vn -0.0805 -0.6076 -0.7902
vn -0.2158 0.4132 -0.8847
vn 0.0310 0.2545 0.9666
vn -0.1338 0.1576 -0.9784
vn -0.9084 -0.3933 0.1420
vn 0.1353 -0.8272 -0.5454
vn -0.1423 0.6095 -0.7799
vn -0.3262 -0.0522 -0.9438
vn -0.2545 -0.9663 0.0385
vn -0.7457 0.5843 -0.3202
vn -0.6749 0.1179 -0.7285
vn 0.1462 -0.9691 -0.1988
vn 0.0081 0.3171 0.9484
vn -0.9440 -0.1590 0.2891
vn 0.5664 -0.4994 0.6556
vn -0.9093 -0.1155 0.3997
vn -0.9424 -0.1984 0.2693
vn -0.9747 0.1950 0.1090
vn 0.0559 -0.1052 -0.9929
vn 0.6987 0.0229 0.7150
vn 0.2834 -0.7571 0.5886
vn 0.8558 0.3844 0.3461
vn -0.4389 0.3568 -0.8247
vn 0.6898 0.3423 -0.6379
vn 0.2117 0.4688 -0.8576
vn -0.1870 0.1081 -0.9764
vn -0.1865 0.1080 -0.9765
vn -0.1903 0.1177 -0.9746
vn 0.3568 0.2920 0.8874
vn 0.6510 -0.1006 -0.7524
vn 0.7921 -0.3932 0.4669
vn 0.6571 0.0704 0.7505
vn -0.9889 -0.1432 -0.0409
vn 0.9380 0.3467 0.0038
vn -0.3348 -0.7275 0.5989
vn -0.0540 -0.1940 -0.9795
vn -0.0938 0.7404 -0.6656
vn -0.4164 0.1623 -0.8946
vn -0.2456 -0.0183 -0.9692
vn -0.1936 0.9273 0.3205
vn -0.6305 0.7568 0.1725
vn -0.0868 -0.9904 0.1074
vn -0.4305 0.8625 0.2660
vn -0.7870 -0.6165 0.0236
vn 0.3081 0.4653 0.8298
vn -0.9347 -0.0803 0.3462
vn -0.0979 -0.3469 0.9328
vn -0.7752 0.0739 0.6274
vn 0.0032 0.1300 -0.9915
vn 0.5837 -0.4782 0.6563
vn 0.5042 -0.6631 0.5532
vn -0.9761 -0.1862 0.1122
vn -0.4263 -0.6418 -0.6375
vn 0.6746 0.0011 0.7382
vn -0.2059 -0.2305 0.9511
vn -0.8093 -0.5608 0.1744
vn -0.6831 0.0575 -0.7281
vn -0.2082 -0.0862 -0.9743
vn -0.8508 0.0472 -0.5234
vn -0.8511 0.0464 -0.5229
vn -0.8503 0.0479 -0.5241
vn 0.6789 -0.4687 0.5651
vn -0.8462 0.0550 -0.5301
vn 0.1542 -0.5142 -0.8437
vn 0.5835 -0.5000 -0.6400
vn -0.1158 -0.0507 0.9920
vn -0.6806 -0.7274 0.0875
vn -0.5693 -0.8220 0.0134
vn -0.1686 -0.5163 -0.8396
vn -0.9904 0.1080 0.0864
vn -0.5320 0.6616 0.5285
vn -0.0239 -0.7037 -0.7101
vn -0.7172 0.0120 0.6968
vn -0.9249 -0.2605 0.2771
vn 0.4572 -0.6394 0.6182
vn -0.0847 0.3355 0.9382
vn -0.7418 -0.5246 -0.4178
vn -0.0976 0.6576 0.7470
vn -0.5322 -0.0610 -0.8444
vn 0.9121 0.3842 0.1431
vn 0.0172 -0.1488 0.9887
vn -0.0311 0.3199 -0.9470
vn -0.0096 -0.1130 0.9935
vn -0.8572 0.2452 -0.4529
vn -0.2245 -0.7253 -0.6508
vn -0.8119 0.3101 -0.4947
vn -0.0125 -0.2371 0.9714
vn -0.0064 0.4653 -0.8851
vn -0.6160 0.1862 -0.7654
vn 0.1978 -0.1401 0.9702
vn 0.5479 0.7285 0.4111
vn -0.2548 0.0772 -0.9639
vn -0.2547 0.0759 -0.9640
vn -0.2547 0.0760 -0.9640
vn 0.9383 0.2832 0.1985
vn -0.9935 -0.0533 -0.1002
vn -0.4530 0.2025 -0.8682
vn 0.2643 0.5244 -0.8094
vn -0.7357 -0.0899 -0.6713
vn -0.4630 -0.8715 0.1617
vn 0.6635 -0.6783 -0.3158
vn -0.6979 -0.6382 0.3250
vn 0.6924 -0.5783 -0.4314
vn 0.5736 0.1748 0.8003
vn -0.9307 0.3227 0.1724
vn 0.8366 0.4585 -0.2998
vn -0.7799 0.2399 0.5780
vn -0.4363 0.2826 -0.8542
vn 0.8720 0.4420 0.2103
vn 0.3608 -0.3687 0.8567
vn 0.8612 0.1029 0.4977
vn 0.1640 0.7312 -0.6622
vn -0.0407 0.9079 -0.4172
vn 0.7292 0.1871 -0.6582
vn 0.3226 -0.1288 -0.9377
vn 0.5138 -0.3012 -0.8033
vn 0.6609 0.3440 0.6670
vn -0.7435 -0.0252 0.6683
vn -0.7865 -0.5545 -0.2719
vn -0.4832 -0.3962 -0.7808
vn -0.6495 0.7202 0.2437
vn 0.6404 -0.0598 0.7657
vn 0.0293 -0.8172 -0.5756
vn -0.1425 0.4200 0.8962
vn 0.6883 0.5583 0.4632
vn -0.2933 -0.6768 0.6752
vn -0.5411 0.7720 0.3337
vn -0.4862 -0.0290 0.8734
vn -0.5067 0.7725 0.3828
vn 0.8984 0.3245 0.2960
vn 0.0635 0.2095 -0.9757
vn -0.8278 -0.4528 -0.3313
vn 0.4808 0.2155 0.8499
vn 0.6554 0.1847 0.7323
vn -0.5247 -0.8513 -0.0000
vn 0.2306 -0.6635 -0.7118
vn -0.2094 0.5906 0.7793
vn 0.6101 0.6600 0.4384
vn 0.5902 0.4284 0.6842
vn 0.2767 0.5931 0.7561
vn 0.4136 0.0999 0.9050
vn -0.4666 -0.0261 0.8841
vn 0.3967 0.5520 0.7334
vn -0.7999 0.3885 -0.4574
vn 0.1715 -0.8045 -0.5687
vn -0.2020 -0.0847 0.9757
vn 0.0380 0.0210 -0.9991
vn -0.2253 0.1101 0.9680
vn 0.7827 -0.0239 -0.6220
vn 0.2953 -0.5867 0.7540
vn 0.1881 0.9821 0.0059
vn 0.4494 0.1751 0.8760
vn 0.4574 0.1778 0.8713
vn 0.4478 0.1746 0.8769
vn 0.6222 0.5178 0.5872
vn 0.4712 -0.4705 0.7460
vn -0.3599 -0.0689 -0.9304
vn -0.2252 -0.7319 0.6431
vn -0.8409 0.4681 -0.2715
vn 0.6769 -0.5908 0.4391
vn 0.7468 -0.6627 -0.0555
vn -0.8642 0.4593 -0.2055
vn 0.0796 0.1962 0.9773
vn -0.7701 0.6379 0.0067
vn -0.0710 -0.9661 0.2481
vn 0.2213 -0.1692 0.9604
vn -0.1851 -0.9538 -0.2368
vn -0.2124 -0.4213 -0.8817
vn -0.7949 -0.3916 -0.4633
vn 0.9326 0.3389 -0.1240
vn 0.2265 0.5886 0.7760
vn -0.3507 -0.7688 0.5347
vn -0.7656 0.5638 -0.3097
vn 0.3903 -0.1115 -0.9139
vn -0.5377 0.2200 -0.8140
vn -0.8357 0.5270 -0.1542
vn -0.7188 -0.2042 -0.6646
vn 0.3391 0.9043 0.2593
vn -0.5457 0.8198 0.1735
vn -0.0827 0.9748 -0.2073
vn -0.9921 0.0587 0.1105
vn 0.3556 0.2369 -0.9041
vn -0.9532 0.2991 0.0441
vn 0.4593 0.1784 0.8702
vn -0.7128 0.6955 0.0909
vn 0.1921 0.0052 0.9814
vn -0.0745 0.7426 0.6655
vn -0.6937 0.7165 0.0740
vn 0.0516 -0.2488 0.9672
vn -0.4895 -0.5668 -0.6627
vn -0.8505 -0.5214 0.0685
vn 0.0871 -0.9962 0.0054
vn 0.0034 -0.0201 0.9998
vn 0.2740 0.6799 0.6802
vn 0.3918 0.1438 -0.9087
vn -0.5278 -0.1341 -0.8387
vn -0.8070 -0.5405 -0.2379
vn -0.3643 -0.2012 -0.9093
vn 0.0050 -0.0059 -1.0000
vn 0.0136 -0.6910 -0.7228
vn -0.2215 0.2601 -0.9398
vn -0.9854 0.0592 0.1596
vn -0.5013 -0.3862 -0.7743
vn -0.1358 0.1759 -0.9750
vn -0.6569 0.7524 0.0489
vn -0.2023 0.6349 -0.7457
vn 0.0576 0.0963 -0.9937
vn -0.9756 -0.1245 0.1808
vn -0.5764 -0.0633 -0.8147
vn -0.5702 -0.7282 -0.3803
vn 0.3274 0.3800 -0.8651
vn -0.9277 0.0867 0.3631
vn 0.6784 0.2576 0.6881
vn -0.7876 0.2973 -0.5398
vn -0.3112 0.4852 -0.8171
vn -0.9080 -0.2012 0.3676
vn -0.2449 -0.3372 -0.9090
vn -0.8112 -0.1608 -0.5622
vn -0.1605 -0.0193 -0.9868
vn -0.3058 -0.1682 -0.9371
vn 0.1566 0.3936 -0.9059
vn -0.7835 -0.0935 -0.6143
vn 0.3855 -0.5466 -0.7434
vn 0.0781 -0.8040 0.5895
vn 0.3974 0.4167 -0.8176
vn 0.6292 0.7704 0.1031
vn -0.9528 -0.1262 0.2760
vn -0.8391 0.4438 -0.3147
vn -0.1460 -0.2526 0.9565
vn -0.4967 0.8491 0.1797
vn -0.9132 0.2540 0.3185
vn 0.5431 -0.7086 0.4505
vn -0.6156 0.3064 -0.7261
vn 0.2997 -0.8012 -0.5179
vn -0.4921 0.8491 -0.1922
vn -0.1277 0.2617 0.9567
vn -0.5134 0.6673 0.5396
vn 0.2074 0.0449 -0.9772
vn 0.0265 -0.0926 -0.9953
vn 0.4652 -0.4955 -0.7336
vn -0.2118 -0.2104 0.9544
vn -0.0331 0.2734 -0.9613
vn 0.5223 0.1585 0.8379
vn -0.2942 -0.4656 0.8347
vn -0.9054 0.3201 0.2791
vn 0.3326 0.9396 0.0805
vn 0.4152 -0.3152 0.8534
vn 0.3073 -0.5848 0.7507
vn 0.5308 -0.8251 0.1933
vn -0.1952 -0.0103 -0.9807
vn 0.3325 -0.4417 -0.8333
vn 0.3057 -0.5378 -0.7857
vn -0.1522 0.0056 0.9883
vn 0.7021 0.5402 -0.4640
vn -0.1588 0.0404 0.9865
vn -0.1417 -0.9777 -0.1547
vn -0.1424 -0.9777 -0.1541
vn -0.1418 -0.9777 -0.1551
vn -0.7397 0.5194 0.4279
vn -0.2665 0.1747 -0.9479
vn 0.5302 0.6663 0.5243
vn 0.5712 0.3869 -0.7239
vn 0.0122 -0.4904 0.8714
vn 0.2020 -0.6856 0.6994
vn -0.1325 -0.0508 0.9899
vn 0.0109 -0.6573 -0.7535
vn 0.4042 0.6965 0.5929
vn 0.0868 -0.0271 0.9959
vn 0.2499 -0.5648 -0.7865
vn -0.3888 -0.6754 0.6266
vn -0.7744 -0.3153 -0.5485
vn -0.9273 0.1834 -0.3264
vn 0.8065 -0.1474 0.5725
vn -0.9057 0.4072 0.1178
vn 0.2974 -0.0951 0.9500
vn -0.1573 -0.3786 -0.9121
vn 0.7492 -0.4576 -0.4789
vn -0.9911 0.0237 0.1311
vn 0.7724 0.2012 -0.6024
vn -0.3721 -0.5274 -0.7639
vn -0.0703 -0.9925 0.0996
vn 0.7865 -0.5767 0.2211
vn 0.1572 0.2258 -0.9614
vn 0.0465 -0.1579 -0.9864
vn -0.8724 -0.3504 -0.3409
vn 0.7149 -0.1476 0.6834
vn 0.0454 -0.9547 0.2941
vn 0.4827 -0.0931 -0.8708
vn 0.9396 0.1206 0.3203
vn -0.2928 0.4050 0.8662
vn 0.7628 0.3290 0.5567
vn -0.6071 0.7631 0.2215
vn -0.1462 -0.1805 0.9726
vn 0.4002 0.0698 -0.9138
vn 0.5232 0.0832 0.8481
vn 0.0786 0.7194 0.6901
vn -0.4562 0.5473 0.7016
vn -0.8924 0.4510 -0.0129
vn 0.5374 0.1132 0.8357
vn 0.8459 0.4839 0.2244
vn -0.5971 0.2142 -0.7730
vn 0.9691 0.2421 0.0476
vn -0.6270 -0.7517 -0.2044
vn 0.9640 0.1604 0.2122
vn 0.5987 0.4344 0.6729
vn -0.0925 -0.4609 0.8826
vn 0.0326 -0.0099 0.9994
vn 0.7836 -0.4297 -0.4487
vn 0.3794 -0.8336 -0.4016
vn 0.2319 -0.9227 -0.3081
vn -0.0853 -0.8109 0.5789
vn 0.0307 -0.9407 0.3378
vn 0.1881 0.2519 0.9493
vn 0.0556 0.1147 0.9918
vn 0.6622 -0.7481 -0.0439
vn 0.7909 0.1406 -0.5955
vn -0.2385 -0.6767 0.6966
vn 0.2925 -0.9369 0.1914
vn 0.2962 -0.9339 0.2004
vn 0.2924 -0.9369 0.1918
vn 0.3388 0.1783 0.9238
vn 0.2966 -0.9336 0.2012
vn 0.5112 -0.1321 0.8493
vn 0.2419 -0.5245 0.8163
vn -0.1270 -0.3755 0.9181
vn -0.2252 -0.7291 0.6463
vn 0.2056 0.5493 0.8099
vn 0.3824 0.4344 0.8155
vn 0.5220 0.3253 0.7885
vn -0.6585 0.7059 0.2609
vn -0.1879 -0.1815 0.9653
vn 0.3048 -0.0002 -0.9524
vn 0.0390 -0.3173 -0.9475
vn 0.6137 -0.4405 -0.6553
vn 0.1063 0.8008 -0.5894
vn 0.0926 -0.7037 0.7045
vn -0.7458 0.1938 -0.6374
vn -0.5091 0.3202 -0.7989
vn -0.7955 -0.3407 -0.5012
vn 0.9763 0.1732 0.1299
vn 0.2933 -0.1020 -0.9506
vn -0.8877 -0.4600 -0.0186
vn -0.1905 0.1184 -0.9745
vn -0.5533 0.4375 -0.7088
vn 0.7095 -0.4808 -0.5151
vn -0.5091 0.0148 -0.8606
vn -0.5793 0.7348 -0.3530
vn 0.3296 0.9397 -0.0912
vn -0.2693 0.9241 -0.2712
vn 0.3458 -0.1500 -0.9262
vn -0.8749 0.4800 0.0651
vn 0.0806 0.8675 0.4908
vn 0.0045 0.3607 0.9327
vn 0.4452 -0.8366 -0.3193
vn -0.7113 0.5903 0.3816
vn -0.6116 -0.0530 -0.7894
vn 0.2506 -0.8719 -0.4207
vn -0.9550 -0.0879 -0.2832
vn -0.5493 0.6124 -0.5686
vn -0.6503 0.2080 -0.7306
vn -0.5430 0.7483 -0.3811
vn -0.8881 -0.3799 -0.2589
vn -0.5133 0.2974 -0.8051
vn -0.0843 0.0339 -0.9959
vn -0.9335 -0.2635 0.2432
vn -0.4917 -0.0822 -0.8669
vn -0.3481 0.3236 -0.8798
vn -0.8457 -0.1832 -0.5012
vn -0.8442 -0.5360 0.0020
vn -0.9935 -0.1120 0.0185
vn -0.9930 -0.1151 0.0268
vn -0.9937 -0.1112 0.0162
vn -0.1131 0.3237 -0.9394
vn -0.5828 0.8043 0.1157
vn 0.2681 -0.4700 -0.8409
vn -0.9795 0.1492 0.1351
vn -0.9258 -0.3766 0.0332
vn 0.3531 0.6752 0.6477
vn -0.8770 -0.1345 0.4612
vn -0.9950 -0.0875 -0.0471
vn -0.7183 0.4931 0.4908
vn -0.8628 0.4402 0.2487
vn -0.3187 0.1813 -0.9304
vn -0.3188 0.1816 -0.9303
vn -0.3191 0.1826 -0.9300
vn -0.9928 -0.0648 0.1009
vn -0.6435 -0.4511 0.6184
vn -0.7715 0.5385 0.3388
vn 0.7197 -0.3823 -0.5796
vn 0.4848 0.2786 -0.8291
vn 0.4191 -0.7419 -0.5233
vn -0.1479 -0.8606 -0.4874
vn -0.5441 0.2792 -0.7912
vn -0.6248 -0.7766 0.0804
vn 0.4961 0.4932 0.7146
vn -0.0515 -0.7000 0.7123
vn -0.1644 0.4382 -0.8837
vn -0.0173 -0.7319 -0.6812
vn -0.1267 -0.0645 0.9898
vn -0.0707 0.1341 0.9884
vn -0.4093 -0.9099 -0.0671
vn -0.1751 -0.0306 -0.9841
vn -0.1503 0.1747 -0.9731
vn -0.0663 0.2975 0.9524
vn 0.2259 0.4067 0.8852
vn -0.0486 0.0542 -0.9973
vn 0.2176 -0.4062 -0.8875
vn -0.1491 -0.8077 0.5704
vn 0.1270 0.0396 -0.9911
vn -0.3848 0.2543 -0.8873
vn -0.3596 0.3664 -0.8582
vn -0.1368 0.8572 0.4965
vn -0.0965 0.1713 0.9805
vn -0.2853 -0.9299 -0.2323
vn 0.0647 -0.2109 0.9754
vn -0.0717 0.8011 -0.5942
vn -0.6677 -0.3593 -0.6519
vn 0.4265 0.5655 -0.7059
vn 0.0527 0.5440 0.8374
vn 0.1390 0.1391 -0.9805
vn 0.3469 0.1877 0.9189
vn -0.2229 0.1416 0.9645
vn -0.7321 -0.2854 -0.6186
vn -0.1303 -0.0046 -0.9915
vn -0.2552 0.2757 0.9267
vn -0.2546 0.0756 -0.9641
vn 0.0630 0.1073 -0.9922
vn 0.6635 0.2186 0.7155
vn 0.3397 0.2796 0.8980
vn 0.7871 0.0406 0.6154
vn -0.2388 0.6377 0.7323
vn 0.4813 -0.8321 -0.2756
vn 0.4871 0.0065 -0.8733
vn 0.4200 0.2841 -0.8619
vn -0.7560 0.4576 0.4681
vn -0.6624 0.2208 -0.7159
vn -0.7013 0.5485 0.4554
vn -0.2053 -0.6609 -0.7218
vn 0.2262 0.2270 -0.9472
vn -0.0370 0.5269 0.8491
vn 0.6241 -0.3594 -0.6938
vn -0.1896 0.6373 0.7469
vn 0.2083 -0.7151 -0.6672
vn -0.3516 -0.5604 -0.7499
vn 0.8634 0.0676 0.5000
vn 0.5942 0.7974 -0.1048
vn 0.5070 0.7907 -0.3433
vn -0.9141 0.3108 0.2603
vn 0.1193 -0.2256 -0.9669
vn -0.3749 -0.3275 -0.8673
vn 0.3983 0.5384 0.7426
vn -0.0081 -0.0510 0.9987
vn 0.5831 0.0043 -0.8124
vn -0.0403 -0.1641 0.9856
vn -0.0644 -0.1290 0.9896
vn 0.4184 -0.7365 -0.5315
vn 0.1285 0.2109 0.9690
vn -0.3593 -0.0801 0.9298
vn 0.5172 -0.2885 -0.8058
vn 0.6815 0.5533 0.4790
vn 0.1023 0.5988 0.7943
vn 0.5573 0.4962 0.6658
vn 0.7001 0.5527 0.4521
vn 0.4166 0.2710 0.8677
vn 0.5110 0.4121 0.7544
vn 0.5082 0.7388 -0.4427
vn 0.6858 -0.4157 0.5975
vn -0.1630 -0.4624 0.8716
vn 0.7451 0.3270 0.5814
vn 0.6763 -0.5616 -0.4767
vn 0.4929 0.2881 0.8210
vn 0.0763 0.0627 0.9951
vn 0.3480 -0.3947 -0.8504
vn -0.2231 0.5949 0.7723
vn -0.5025 -0.0098 -0.8645
vn -0.4127 0.1063 0.9046
vn 0.0297 -0.3935 0.9188
vn 0.2437 -0.4689 0.8489
vn 0.5469 -0.6665 0.5066
vn -0.2172 0.6977 0.6827
vn -0.3095 -0.7515 0.5827
vn 0.3803 0.0816 0.9213
vn 0.7094 -0.1777 0.6820
vn 0.7264 0.1708 -0.6657
vn 0.8365 0.3882 0.3869
vn 0.2069 0.2873 -0.9352
vn -0.1551 -0.5044 0.8494
vn 0.2823 -0.0992 -0.9542
vn 0.6412 -0.7295 -0.2380
vn -0.2547 -0.9530 0.1639
vn 0.9247 -0.3692 -0.0922
vn 0.4086 0.3996 0.8206
vn -0.1217 -0.5212 -0.8447
vn -0.7692 -0.0873 -0.6330
vn 0.4344 0.3730 0.8199
vn -0.5499 0.7940 0.2593
vn 0.2786 0.4997 0.8202
vn -0.4027 0.0202 -0.9151
vn -0.8266 0.0083 -0.5628
vn 0.4523 0.0272 -0.8914
vn 0.3817 -0.1653 -0.9094
vn -0.8735 0.0551 -0.4837
vn -0.8743 0.2380 0.4231
vn -0.3473 0.4534 0.8208
vn -0.8387 -0.2630 -0.4769
vn -0.9484 -0.3097 0.0676
vn -0.0581 0.4616 -0.8852
vn -0.0343 0.5507 -0.8340
vn 0.1960 -0.9160 0.3500
vn 0.1685 -0.9457 0.2779
vn 0.2005 -0.4169 -0.8866
vn -0.9019 0.4309 -0.0305
vn -0.3003 -0.5118 0.8049
vn -0.6660 0.1494 -0.7308
vn -0.9807 0.1930 0.0302
vn -0.1751 0.1457 0.9737
vn -0.5046 0.3724 -0.7789
vn 0.3360 0.6271 0.7027
vn -0.9187 -0.3153 -0.2377
vn 0.0434 0.3121 0.9491
vn -0.5504 0.4342 -0.7131
vn -0.6402 0.1529 -0.7528
vn -0.0753 0.3651 -0.9279
vn -0.6120 0.4487 -0.6512
vn -0.9216 -0.3868 -0.0320
vn -0.9872 -0.1041 0.1210
vn -0.3547 0.5949 -0.7213
vn 0.0649 -0.1663 -0.9839
vn 0.7374 0.6579 0.1532
vn -0.8276 0.3202 -0.4610
vn -0.5075 0.7980 -0.3250
vn -0.0990 0.3926 -0.9144
vn -0.3763 -0.1840 -0.9081
vn -0.7489 0.6537 0.1092
vn -0.3282 -0.1790 -0.9275
vn -0.1472 0.5394 -0.8291
vn -0.8720 0.2336 0.4302
vn -0.0487 0.7960 -0.6033
vn -0.3192 0.1830 -0.9299
vn -0.2571 -0.0739 0.9636
vn 0.2328 -0.0466 -0.9714
vn -0.8459 -0.5267 0.0832
vn -0.9970 -0.0099 0.0768
vn -0.4608 0.1811 -0.8688
vn -0.2605 -0.9596 -0.1066
vn -0.8284 0.3705 -0.4202
vn 0.1478 0.1075 -0.9832
vn 0.1450 0.1023 -0.9841
vn 0.1451 0.1026 -0.9841
vn 0.1481 0.1082 -0.9830
vn -0.2731 -0.5834 -0.7649
vn -0.0302 0.6357 -0.7713
vn -0.9526 0.1365 -0.2720
vn -0.2125 -0.2542 -0.9435
vn -0.0261 0.0991 -0.9947
vn -0.6006 0.5743 0.5563
vn -0.8399 -0.0763 -0.5373
vn -0.2513 -0.2190 -0.9428
vn -0.6706 0.1104 0.7336
vn -0.7354 -0.4790 -0.4793
vn -0.1331 0.2098 -0.9686
vn 0.5778 0.6162 0.5353
vn -0.0446 -0.8449 -0.5331
vn -0.8903 0.0205 0.4549
vn 0.7144 0.2004 0.6704
vn -0.5011 0.8489 0.1680
vn 0.7409 0.2864 0.6074
vn -0.8034 0.0365 0.5943
vn -0.2858 0.2087 0.9353
vn 0.6420 0.3599 -0.6770
vn -0.4031 0.2681 -0.8750
vn -0.5390 0.2826 -0.7935
vn -0.1015 0.2699 0.9575
vn -0.4038 0.4353 0.8046
vn 0.6774 -0.7009 0.2233
vn -0.0162 -0.2792 0.9601
vn 0.7804 -0.5646 -0.2687
vn 0.3650 -0.4877 -0.7931
vn -0.5797 0.1073 0.8077
vn -0.0020 -0.2528 -0.9675
vn 0.9053 -0.1812 -0.3842
vn -0.8985 -0.4386 -0.0196
vn -0.7755 0.6182 0.1279
vn -0.8058 0.5888 0.0635
vn -0.9463 -0.0431 0.3204
vn 0.7117 -0.2798 0.6444
vn -0.6971 -0.6471 -0.3087
vn 0.3335 -0.1539 0.9301
vn -0.5547 0.3190 -0.7684
vn -0.8460 -0.4042 0.3477
vn -0.8383 0.5413 0.0652
vn -0.5121 0.3281 -0.7938
vn -0.8777 0.4690 -0.0987
vn -0.2477 0.7301 -0.6368
vn 0.4465 0.3540 0.8217
vn -0.3085 0.5621 0.7673
vn -0.1472 -0.9781 -0.1473
vn -0.5189 0.1977 -0.8317
vn 0.4194 0.2384 0.8760
vn -0.2808 -0.9546 0.0993
vn -0.2126 -0.1542 -0.9649
vn -0.1214 -0.1770 -0.9767
vn 0.0797 -0.2009 0.9764
vn 0.6032 -0.3727 -0.7051
vn 0.2471 -0.1565 0.9563
vn 0.6006 0.4883 0.6331
vn 0.4157 -0.7132 -0.5644
vn 0.7844 -0.0687 -0.6164
vn 0.2203 -0.8566 0.4667
vn 0.3730 0.4663 0.8021
vn 0.2556 0.3322 0.9079
vn 0.4029 0.9138 0.0511
vn 0.0488 -0.3447 0.9374
vn -0.0528 -0.6032 -0.7959
vn 0.3996 -0.6934 -0.5996
vn -0.2279 -0.7563 -0.6133
vn 0.5368 0.7491 0.3883
vn -0.0498 -0.9233 -0.3809
vn 0.8776 -0.3157 0.3608
vn 0.3483 -0.5538 0.7563
vn 0.0067 0.1585 0.9873
vn 0.6231 -0.5312 -0.5741
vn 0.3006 0.3213 -0.8980
vn 0.5118 0.0562 0.8573
vn -0.9892 -0.0965 0.1105
vn -0.1814 -0.3068 0.9343
vn 0.4309 -0.6191 0.6565
vn -0.9612 -0.1295 -0.2434
vn 0.7221 0.5236 0.4521
vn 0.1413 0.5442 0.8270
vn 0.5567 0.1313 -0.8203
vn 0.1862 0.6637 0.7244
vn -0.2479 -0.8095 -0.5323
vn -0.8346 0.2918 0.4672
vn 0.0401 -0.7759 0.6295
vn -0.7335 0.2838 0.6175
vn 0.6398 -0.7075 0.3003
vn -0.2076 0.1143 0.9715
vn -0.9504 0.3089 -0.0356
vn -0.8352 0.4120 0.3642
vn 0.8501 -0.4888 -0.1960
vn 0.3453 -0.2576 0.9024
vn -0.0522 -0.0165 -0.9985
vn 0.6870 0.2226 0.6917
vn -0.8202 -0.5127 -0.2539
vn 0.2118 0.3727 0.9035
vn -0.5415 -0.5114 -0.6673
vn -0.0327 0.3921 0.9194
vn -0.8545 -0.4143 -0.3134
vn 0.1137 0.4443 0.8886
vn 0.1339 0.3918 0.9102
vn -0.2937 0.1099 0.9496
vn -0.9929 -0.1158 0.0285
vn -0.9867 0.0906 0.1353
vn -0.4833 0.1640 -0.8600
vn -0.6311 -0.7139 0.3032
vn -0.6583 0.3393 -0.6719
vn 0.2047 0.4308 -0.8789
vn -0.7550 -0.5362 -0.3774
vn -0.1556 -0.0638 0.9858
vn -0.2788 0.1823 0.9429
vn -0.1644 0.4354 0.8851
vn 0.2064 0.2964 0.9325
vn 0.2284 0.2619 0.9377
vn 0.1302 0.1469 0.9806
vn 0.2417 0.3194 0.9163
vn 0.4707 -0.6201 -0.6276
vn 0.4466 -0.8945 -0.0193
vn 0.5136 -0.8480 0.1307
vn 0.5670 -0.7856 -0.2476
vn 0.3961 -0.8570 -0.3295
vn 0.3965 -0.8537 -0.3377
vn 0.3962 -0.8561 -0.3319
vn 0.5062 -0.8171 0.2758
vn 0.4761 -0.8573 -0.1960
vn 0.5837 -0.8063 -0.0956
vn 0.8880 -0.4358 0.1467
vn 0.7512 -0.3844 -0.5365
vn 0.3965 -0.8527 -0.3402
vn -0.5325 -0.8280 0.1756
vn -0.1372 -0.9809 -0.1376
vn -0.2161 -0.0642 -0.9743
vn 0.2201 -0.9641 -0.1489
vn -0.6767 0.6710 0.3030
vn -0.5219 -0.4587 -0.7191
vn -0.1930 -0.9802 -0.0442
vn -0.1281 -0.8666 -0.4822
vn -0.9510 -0.3015 -0.0688
vn 0.2172 0.0753 0.9732
vn 0.0371 -0.9565 0.2893
vn 0.1264 -0.5814 0.8037
vn -0.1725 0.5141 -0.8402
vn -0.2629 -0.6317 -0.7293
vn 0.2353 0.9078 -0.3471
vn 0.1465 0.7878 -0.5983
vn -0.1345 -0.9658 0.2218
vn -0.4155 0.7421 -0.5260
vn -0.5666 0.3954 -0.7229
vn 0.7244 -0.6797 -0.1150
vn 0.1278 0.6666 0.7344
vn -0.0992 -0.9877 0.1206
vn -0.5320 0.0691 -0.8439
vn -0.5166 -0.0088 -0.8562
vn 0.0297 -0.9652 -0.2599
vn -0.1837 0.7901 -0.5848
vn -0.2911 -0.4875 0.8232
vn -0.0418 -0.0270 -0.9988
vn 0.4304 0.6779 0.5960
vn -0.3352 0.1893 -0.9229
vn -0.3048 0.2439 -0.9206
vn -0.3188 -0.0921 -0.9433
vn -0.0396 -0.9297 -0.3662
vn -0.1797 0.9805 0.0800
vn -0.1796 0.9805 0.0800
vn 0.9508 -0.1244 -0.2838
vn 0.9513 -0.1268 -0.2811
vn -0.2262 -0.1728 -0.9586
vn 0.2006 0.9409 -0.2730
vn -0.8306 0.0702 -0.5524
vn -0.0069 -0.3690 -0.9294
vn -0.2369 -0.9614 -0.1402
vn 0.1725 -0.2435 -0.9544
vn -0.0621 0.5618 -0.8249
vn 0.3722 -0.9222 0.1046
vn -0.0064 -0.6292 -0.7772
vn -0.2797 -0.5943 -0.7540
vn 0.3719 -0.7338 0.5686
vn -0.7740 0.2946 -0.5605
vn -0.7023 -0.6232 0.3440
vn -0.5427 0.1166 -0.8318
vn -0.8578 0.4434 0.2599
vn -0.4382 0.7961 0.4173
vn 0.0757 -0.9602 -0.2688
vn 0.1230 -0.6197 0.7752
vn 0.6195 -0.7840 -0.0384
vn -0.6236 0.6930 0.3617
vn -0.0882 0.0726 -0.9935
vn -0.4939 -0.0825 0.8656
vn -0.4504 0.6778 -0.5811
vn -0.4996 0.8338 0.2347
vn -0.3247 0.8109 0.4869
vn 0.1450 -0.9622 -0.2304
vn 0.2394 0.9684 -0.0703
vn 0.2394 0.9684 -0.0702
vn 0.2395 0.9683 -0.0704
vn 0.3697 0.8677 -0.3324
vn 0.4064 0.8919 0.1985
vn 0.0797 -0.9655 -0.2477
vn -0.4156 0.8982 -0.1435
vn -0.7023 0.6764 0.2220
vn -0.7056 0.6724 0.2237
vn -0.7010 0.6780 0.2214
vn 0.2688 -0.6767 0.6854
vn 0.4008 0.8940 -0.2004
vn -0.7296 0.0066 0.6838
vn 0.1829 0.9696 -0.1625
vn -0.7177 -0.5851 0.3776
vn -0.2842 -0.3209 0.9034
vn 0.5615 0.1048 0.8208
vn 0.5598 0.1058 0.8218
vn 0.5604 0.1055 0.8215
vn -0.0075 0.9974 -0.0711
vn -0.8667 -0.1294 -0.4818
vn -0.5478 -0.3039 -0.7795
vn -0.0149 0.6455 0.7637
vn -0.3298 0.7939 0.5109
vn 0.1340 0.9025 0.4092
vn 0.1547 -0.9163 -0.3695
vn -0.1230 -0.9701 -0.2091
vn -0.1483 0.9517 0.2689
vn 0.1854 0.9777 0.0987
vn 0.1876 0.9783 0.0881
vn 0.1861 0.9779 0.0956
vn -0.1168 0.7967 0.5930
vn -0.5189 0.4349 -0.7359
vn -0.4426 0.1721 -0.8801
vn 0.2375 -0.9616 -0.1372
vn -0.4158 0.8906 0.1844
vn 0.1663 -0.9005 -0.4018
vn -0.1269 -0.3656 -0.9221
vn -0.3174 -0.1422 -0.9376
vn 0.1463 -0.9891 -0.0168
vn 0.4394 -0.5130 0.7374
vn 0.4486 0.8632 -0.2317
vn 0.3091 -0.9503 -0.0379
vn 0.4055 0.7999 -0.4424
vn -0.6590 -0.6491 0.3800
vn -0.0565 0.8296 -0.5556
vn -0.3769 -0.1929 0.9059
vn -0.3349 -0.9169 0.2169
vn -0.1084 0.0601 0.9923
vn -0.0976 0.7570 -0.6460
vn -0.5622 -0.8174 -0.1256
vn -0.7588 -0.0862 -0.6455
vn -0.0303 -0.3827 0.9234
vn 0.3748 -0.2249 0.8994
vn 0.1036 0.5736 0.8126
vn 0.1041 0.5740 0.8122
vn 0.1047 0.5744 0.8118
vn -0.3810 0.5996 -0.7038
vn 0.5267 -0.4115 0.7438
vn -0.5193 0.0106 -0.8545
vn -0.5195 0.6470 -0.5581
vn -0.1319 0.7932 0.5946
vn 0.3996 -0.4856 0.7775
vn 0.1003 -0.9802 -0.1708
vn -0.1107 -0.8110 -0.5745
vn -0.4212 -0.6950 -0.5827
vn -0.1881 0.5813 0.7916
vn -0.3930 0.6537 -0.6467
vn 0.0298 0.5446 -0.8382
vn 0.2948 0.7338 0.6121
vn 0.2777 0.4677 0.8391
vn -0.3782 -0.0573 -0.9239
vn 0.0515 0.5006 -0.8642
vn -0.2733 0.9619 0.0062
vn -0.2525 0.2400 -0.9374
vn -0.2887 0.8227 -0.4896
vn -0.2426 0.7747 0.5839
vn -0.3641 0.4353 0.8234
vn 0.3285 0.0900 -0.9402
vn -0.5733 0.3982 -0.7161
vn 0.6395 -0.7633 0.0921
vn -0.0484 0.7675 0.6392
vn -0.4662 0.6278 0.6233
vn 0.6514 -0.7553 -0.0716
vn 0.4962 -0.7592 0.4212
vn -0.0814 -0.9630 -0.2570
vn -0.6846 -0.6733 -0.2794
vn -0.2631 -0.8840 -0.3863
vn 0.5328 -0.5812 0.6150
vn 0.1002 -0.8630 0.4952
vn -0.1372 0.8720 -0.4699
vn -0.3147 0.4659 -0.8270
vn 0.0678 -0.7228 -0.6877
vn -0.4075 0.7344 -0.5427
vn -0.0130 -0.7770 -0.6294
vn -0.3133 0.4763 -0.8215
vn -0.3765 0.3568 -0.8549
vn -0.4582 -0.5203 -0.7207
vn 0.2940 0.6446 0.7058
vn -0.0036 -0.9375 0.3481
vn -0.2863 -0.7361 -0.6133
vn 0.2891 -0.9573 0.0071
vn -0.1195 -0.8833 -0.4533
vn -0.6589 0.6773 0.3274
vn 0.6123 0.4813 -0.6273
vn -0.1253 -0.9647 0.2316
vn -0.3352 0.9411 0.0441
vn -0.5435 -0.8182 -0.1875
vn -0.1478 0.3727 -0.9161
vn -0.5202 -0.8433 -0.1351
vn -0.4131 0.8642 -0.2874
vn -0.5906 0.8048 0.0593
vn 0.1649 0.3715 -0.9137
vn -0.0637 0.6129 -0.7876
vn 0.1498 0.9884 -0.0241
vn -0.3201 0.3708 -0.8718
vn -0.2250 -0.2978 -0.9278
vn -0.3155 -0.5227 -0.7919
vn -0.3158 0.5649 -0.7623
vn 0.5953 -0.7966 -0.1054
vn 0.0879 0.9534 0.2886
vn -0.5278 0.3873 -0.7559
vn 0.4192 -0.9070 -0.0400
vn 0.1566 0.9868 -0.0405
vn -0.1102 -0.0491 -0.9927
vn 0.1514 -0.9848 -0.0852
vn 0.3950 0.9044 -0.1615
vn -0.3052 0.0740 -0.9494
vn -0.2991 -0.9503 0.0867
vn -0.3452 0.5470 -0.7627
vn -0.3724 0.7409 -0.5589
vn 0.2089 -0.1450 0.9671
vn -0.2863 0.3367 0.8970
vn -0.2394 0.8521 0.4654
vn -0.2047 0.8096 0.5501
vn 0.4949 -0.6688 0.5547
vn 0.2801 -0.8748 0.3952
vn 0.0076 0.9179 -0.3967
vn -0.8504 -0.2859 -0.4416
vn 0.3772 -0.7785 0.5016
vn 0.6769 -0.7237 -0.1343
vn -0.4005 0.2128 -0.8913
vn -0.4696 0.6123 -0.6360
vn -0.3639 0.8832 -0.2957
vn 0.2082 -0.5309 0.8214
vn -0.2779 0.9603 0.0250
vn 0.7302 0.4581 -0.5070
vn -0.5333 0.2332 -0.8131
vn -0.8346 0.5355 -0.1293
vn 0.4481 0.3755 -0.8113
vn 0.1499 -0.9215 0.3582
vn -0.0312 -0.9655 0.2584
vn 0.2852 -0.0279 0.9580
vn 0.8212 0.2392 0.5181
vn -0.1719 -0.9427 0.2858
vn 0.2579 0.4771 0.8402
vn -0.0597 -0.9312 -0.3596
vn -0.1949 -0.9325 -0.3041
vn 0.3755 0.7815 0.4983
vn -0.0235 -0.9931 0.1145
vn -0.0134 -0.9932 0.1159
vn -0.0217 -0.9932 0.1143
vn -0.0659 -0.9961 -0.0588
vn 0.2292 -0.2724 0.9345
vn 0.2524 -0.1313 0.9587
vn 0.3053 0.2844 0.9088
vn 0.9273 0.3382 0.1601
vn -0.1692 -0.3496 -0.9215
vn 0.1507 -0.7273 -0.6695
vn -0.2342 -0.8233 -0.5171
vn 0.0066 -0.7502 -0.6612
vn 0.1777 0.9835 0.0340
vn -0.4970 -0.4527 -0.7403
vn -0.4501 -0.8895 -0.0787
vn -0.3995 -0.1570 -0.9032
vn -0.7931 -0.1952 0.5769
vn 0.2318 0.8264 -0.5132
vn -0.3422 0.7176 0.6066
vn -0.2277 -0.3671 -0.9019
vn -0.6922 0.1585 -0.7041
vn 0.9147 -0.0446 -0.4017
vn 0.8661 -0.0619 0.4960
vn -0.1058 -0.8205 -0.5618
vn -0.1687 0.9527 -0.2526
vn -0.2818 -0.5464 0.7887
vn -0.1884 -0.8073 0.5592
vn -0.6040 0.4457 -0.6607
vn 0.2625 0.2013 0.9437
vn -0.8312 -0.5303 -0.1672
vn -0.1415 -0.6941 -0.7058
vn 0.2301 0.7916 0.5661
vn -0.1926 0.3967 -0.8975
vn -0.1151 0.4694 -0.8755
vn -0.5025 -0.2420 -0.8300
vn -0.2666 0.7434 -0.6134
vn 0.1308 -0.8605 0.4923
vn -0.3497 0.1102 -0.9304
vn 0.1400 0.4918 -0.8594
vn 0.2595 0.0227 0.9655
vn -0.4444 0.8864 0.1296
vn -0.4856 0.4359 -0.7577
vn -0.2872 0.8922 -0.3485
vn 0.1558 0.7317 0.6635
vn 0.6043 -0.7967 -0.0028
vn -0.8246 0.3884 -0.4112
vn -0.1618 0.8152 0.5561
vn -0.5380 -0.1809 -0.8233
vn -0.6083 -0.5127 -0.6059
vn -0.1957 0.9743 -0.1120
vn 0.6013 0.6589 -0.4520
vn -0.3869 0.5701 -0.7248
vn -0.3722 -0.1721 0.9120
vn -0.0800 -0.9878 -0.1339
vn -0.2249 -0.7941 -0.5647
vn -0.4703 -0.7858 -0.4017
vn -0.1097 0.9640 0.2422
vn -0.1041 0.8344 0.5412
vn -0.8807 0.2389 -0.4090
vn 0.4795 -0.0723 0.8745
vn -0.0601 0.4330 -0.8994
vn -0.7118 0.1141 -0.6930
vn 0.0923 0.0583 0.9940
vn 0.3835 0.0492 0.9222
vn 0.2275 0.2030 0.9524
vn 0.1701 0.6423 0.7474
vn -0.0165 0.9933 0.1142
vn 0.3813 0.5446 0.7470
vn 0.0163 0.9369 0.3492
vn -0.5414 0.7499 0.3802
vn 0.1349 -0.7055 0.6958
vn 0.0878 -0.8928 -0.4418
vn 0.8739 0.3300 0.3570
vn -0.7254 0.1277 -0.6764
vn -0.7174 0.6496 -0.2518
vn -0.3933 0.9155 0.0848
vn -0.6595 -0.5071 -0.5549
vn 0.0770 -0.9807 0.1798
vn 0.1538 0.7767 0.6108
vn 0.2526 -0.3446 0.9041
vn 0.0602 0.3554 0.9328
vn 0.0545 -0.1872 -0.9808
vn 0.1912 0.9178 -0.3479
vn 0.9150 -0.2429 0.3223
vn 0.3976 -0.5728 -0.7168
vn -0.1043 -0.9914 -0.0791
vn -0.1049 -0.9913 -0.0796
vn -0.1058 -0.9911 -0.0803
vn -0.4383 0.8460 0.3036
vn 0.8117 0.3731 0.4493
vn -0.4527 -0.1114 -0.8847
vn 0.5411 0.5100 0.6687
vn 0.5276 -0.5690 0.6308
vn 0.5287 -0.5699 0.6290
vn 0.5235 -0.5658 0.6370
vn 0.0486 -0.8089 0.5859
vn -0.5550 0.7690 0.3173
vn -0.4666 0.6584 -0.5906
vn -0.3837 0.9065 0.1763
vn -0.1883 0.9657 0.1789
vn -0.4150 0.1341 -0.8999
vn -0.6825 0.1138 -0.7220
vn -0.5947 0.7436 -0.3054
vn -0.2076 0.9709 -0.1191
vn 0.4675 -0.3529 0.8105
vn -0.6163 -0.4564 0.6418
vn 0.0885 -0.8870 0.4532
vn 0.0486 -0.7970 0.6020
vn -0.2087 -0.4521 -0.8672
vn -0.5580 -0.2202 -0.8001
vn 0.9799 -0.0917 -0.1773
vn 0.9683 -0.1266 -0.2155
vn 0.3314 0.3606 0.8718
vn 0.3525 0.8014 0.4833
vn -0.7095 0.6882 -0.1520
vn 0.0700 -0.8222 0.5648
vn -0.1695 -0.2535 0.9524
vn -0.6783 0.7271 0.1060
vn -0.6147 0.1786 0.7683
vn -0.8786 -0.3990 -0.2626
vn 0.2153 0.8083 0.5480
vn 0.5725 0.8195 0.0248
vn 0.4399 -0.5296 0.7253
vn 0.0554 0.9287 0.3666
vn -0.7458 0.5136 0.4243
vn 0.0340 0.9980 0.0524
vn -0.1506 0.8387 -0.5234
vn -0.0596 0.1180 0.9912
vn -0.8995 0.3488 0.2632
vn -0.2820 -0.5244 -0.8034
vn 0.0487 -0.9301 0.3642
vn 0.0649 -0.8542 0.5159
vn -0.6296 0.0959 -0.7710
vn 0.0659 0.1327 0.9890
vn 0.5442 -0.8332 -0.0977
vn 0.1210 -0.2638 0.9570
vn -0.1224 0.9762 -0.1791
vn 0.0601 -0.1022 -0.9929
vn 0.1475 0.2291 -0.9622
vn -0.5789 -0.7560 -0.3055
vn 0.3049 -0.8634 0.4019
vn 0.0101 -0.8896 0.4566
vn -0.0875 0.6589 -0.7471
vn -0.5250 0.6879 -0.5012
vn -0.2994 -0.5364 -0.7891
vn -0.3904 0.8686 -0.3051
vn 0.7018 0.7109 -0.0452
vn 0.6561 -0.5941 0.4654
vn 0.5068 -0.8620 0.0093
vn 0.7343 -0.5424 0.4082
vn 0.6915 -0.3799 0.6144
vn 0.2460 0.2818 0.9274
vn 0.2700 -0.9499 0.1578
vn -0.2052 0.9765 -0.0655
vn -0.5524 -0.7291 -0.4040
vn 0.0227 0.9940 -0.1070
vn -0.3718 -0.7393 -0.5614
vn -0.4094 -0.0662 -0.9100
vn -0.5405 0.7453 -0.3904
vn 0.8770 -0.0739 0.4747
vn -0.0294 -0.7858 0.6178
vn 0.1212 -0.2476 -0.9613
vn 0.0062 0.7960 0.6052
vn -0.1746 0.6796 -0.7125
vn 0.1627 0.8703 0.4649
vn 0.3580 0.9122 0.1993
vn 0.1272 0.2813 0.9512
vn 0.0919 0.7258 0.6817
vn -0.5230 0.3522 0.7762
vn 0.0009 0.1776 0.9841
vn -0.1103 0.7085 -0.6971
vn -0.1028 0.7122 -0.6944
vn -0.1087 0.7093 -0.6965
vn -0.3327 0.7605 -0.5577
vn -0.4002 0.4624 -0.7913
vn -0.2879 -0.5705 -0.7692
vn 0.0767 -0.7520 -0.6547
vn 0.6373 0.2599 0.7255
vn 0.6383 0.2611 0.7242
vn 0.6349 0.2568 0.7286
vn -0.7895 0.0087 -0.6137
vn -0.1687 0.9819 -0.0855
vn -0.4832 0.3404 -0.8066
vn 0.0166 0.8974 0.4410
vn -0.3981 0.6070 -0.6878
vn 0.0358 -0.6526 -0.7569
vn 0.5146 -0.5765 -0.6346
vn 0.2830 -0.9587 -0.0279
vn 0.2481 0.8981 -0.3631
vn -0.8045 -0.5698 0.1679
vn -0.2012 -0.3076 -0.9300
vn -0.3855 0.9226 0.0149
vn 0.1060 0.5754 0.8110
vn 0.5953 0.5735 -0.5628
vn 0.6284 0.6345 -0.4500
vn 0.2858 0.3115 0.9062
vn 0.1868 -0.9513 0.2452
vn -0.2819 0.9567 -0.0727
vn -0.4145 0.8157 0.4034
vn -0.1767 -0.9609 -0.2132
vn -0.1731 -0.9613 -0.2142
vn -0.1798 -0.9605 -0.2125
vn 0.1175 -0.9747 -0.1902
vn -0.3033 0.2221 -0.9266
vn 0.1842 -0.8001 0.5709
vn -0.2568 0.9475 -0.1907
vn -0.1383 -0.9751 0.1733
vn -0.0074 -0.9938 -0.1107
vn 0.3955 0.0973 0.9133
vn 0.1880 0.9784 0.0858
vn -0.2024 -0.3577 -0.9116
vn -0.7393 0.4645 0.4875
vn -0.6593 0.6341 0.4041
vn 0.0407 0.9036 0.4265
vn -0.2035 -0.1398 -0.9690
vn -0.5677 0.3738 0.7335
vn 0.4115 -0.9114 0.0016
vn -0.7489 0.2579 -0.6105
vn -0.5260 0.0024 -0.8505
vn 0.0479 -0.8995 0.4343
vn 0.5948 0.4640 -0.6565
vn -0.4451 0.8945 0.0419
vn -0.7955 0.5947 -0.1164
vn -0.7955 0.5947 -0.1166
vn -0.7954 0.5946 -0.1170
vn -0.7954 0.5946 -0.1176
vn 0.1373 0.1300 -0.9820
vn -0.0566 0.7218 0.6898
vn 0.1624 0.6238 0.7645
vn -0.0879 -0.7298 -0.6780
vn 0.3744 -0.5697 0.7316
vn 0.0472 -0.9839 -0.1726
vn -0.2612 0.6914 -0.6736
vn -0.7440 0.6682 0.0022
vn 0.5485 0.0032 0.8361
vn 0.2062 0.7826 0.5874
vn 0.0624 0.5707 0.8188
vn 0.1049 0.1116 0.9882
vn 0.0481 -0.9952 0.0850
vn -0.3408 0.2617 -0.9030
vn -0.3958 0.7376 0.5470
vn -0.0779 -0.8974 -0.4343
vn -0.0545 0.9904 -0.1273
vn -0.0884 0.9882 -0.1253
vn 0.2062 0.7551 0.6224
vn -0.1151 -0.6265 0.7709
vn -0.4757 0.8437 -0.2489
vn -0.2383 -0.8773 -0.4165
vn -0.1145 0.0658 -0.9912
vn 0.7559 -0.6547 -0.0052
vn 0.4322 0.4469 0.7833
vn 0.0597 0.7366 -0.6737
vn 0.2885 0.6222 0.7278
vn -0.3901 0.3899 -0.8342
vn -0.0740 0.9531 -0.2933
vn -0.1123 0.5960 0.7951
vn 0.2339 0.7695 0.5942
vn -0.2351 -0.0348 0.9713
vn 0.0129 -0.9885 -0.1508
vn 0.0264 0.9738 -0.2260
vn -0.9051 0.3674 0.2142
vn -0.3964 0.5571 -0.7297
vn -0.6704 -0.6602 -0.3387
vn -0.1353 -0.9485 0.2864
vn 0.3105 0.3542 -0.8821
vn -0.0333 -0.9493 0.3126
vn 0.3104 0.8544 0.4167
vn 0.4043 -0.3380 0.8499
vn 0.5584 -0.3091 0.7699
vn -0.2769 0.5375 -0.7965
vn 0.3476 -0.1936 0.9174
vn 0.0224 -0.8465 0.5319
vn -0.4199 -0.7404 -0.5250
vn 0.6851 0.6583 -0.3120
vn -0.5243 -0.2848 -0.8025
vn 0.0029 -0.9191 0.3941
vn 0.4146 -0.8804 0.2302
vn -0.0857 0.0364 0.9957
vn 0.9170 -0.3108 -0.2502
vn 0.4218 0.8934 -0.1549
vn -0.3363 0.4945 -0.8015
vn -0.3589 -0.8145 -0.4558
vn 0.1311 -0.9593 0.2502
vn 0.3380 0.9384 -0.0719
vn 0.3203 0.9399 0.1184
vn -0.2989 0.8620 0.4094
vn -0.1185 0.1943 0.9738
vn -0.4052 0.1543 -0.9011
vn -0.3060 0.3714 -0.8766
vn 0.4184 -0.5872 -0.6929
vn -0.5464 -0.3168 -0.7753
vn -0.6777 -0.4001 -0.6169
vn -0.0117 0.5286 -0.8488
vn 0.0224 -0.7453 -0.6664
vn -0.6722 -0.5596 0.4848
vn 0.4546 -0.0103 -0.8907
vn -0.1065 -0.9910 -0.0808
vn -0.8516 -0.3647 -0.3764
vn 0.1822 0.8952 0.4067
vn 0.0135 0.8047 0.5935
vn -0.2782 0.9232 -0.2652
vn 0.2007 0.1044 0.9741
vn -0.2645 -0.9132 0.3101
vn -0.5456 -0.1983 -0.8142
vn 0.3488 0.0468 -0.9360
vn -0.1014 0.9338 0.3430
vn 0.1183 0.2201 0.9683
vn 0.2611 0.3259 0.9086
vn 0.6299 0.7701 -0.1008
vn -0.7350 -0.0142 -0.6779
vn -0.7287 -0.5617 -0.3918
vn 0.6055 0.3717 0.7037
vn -0.0742 0.9917 0.1053
vn -0.1404 -0.9761 0.1657
vn -0.2805 0.7514 -0.5973
vn 0.4071 0.6002 0.6885
vn 0.3324 0.2083 0.9198
vn -0.0118 -0.9940 0.1089
vn -0.0122 -0.9939 0.1094
vn -0.0553 0.9883 -0.1420
vn -0.3497 -0.1374 -0.9267
vn 0.1546 0.9803 -0.1232
vn -0.6433 -0.2376 -0.7278
vn -0.0235 0.6707 -0.7414
vn -0.0426 0.9965 0.0721
vn -0.3749 0.9082 -0.1861
vn -0.5445 0.0912 -0.8338
vn -0.1019 0.7126 -0.6941
vn 0.2539 -0.9510 0.1766
vn -0.4761 -0.1682 -0.8631
vn 0.3698 -0.5025 -0.7815
vn 0.9517 -0.1291 -0.2785
vn -0.3469 0.4914 -0.7989
vn -0.3467 0.4898 -0.7999
vn -0.3463 0.4862 -0.8023
vn 0.2693 -0.2698 0.9245
vn 0.0280 -0.6516 0.7580
vn 0.0872 0.6438 0.7602
vn -0.3527 0.9221 0.1592
vn 0.1325 0.9889 0.0679
vn 0.2487 -0.9561 -0.1547
vn -0.9181 0.1496 -0.3671
vn 0.0779 0.6789 0.7301
vn 0.1707 -0.9416 -0.2903
vn -0.8985 0.4328 -0.0734
vn -0.3523 0.9339 0.0602
vn 0.1077 -0.9721 -0.2084
vn -0.3157 -0.7212 0.6166
vn -0.7067 0.6711 0.2243
vn -0.5005 -0.8658 0.0006
vn 0.0908 -0.9600 -0.2648
vn -0.8523 0.2762 -0.4442
vn -0.1957 -0.9780 -0.0724
vn -0.7972 0.2771 -0.5364
vn -0.0722 0.8526 -0.5175
vn 0.2837 -0.5293 0.7996
vn 0.1402 -0.9770 0.1607
vn 0.1524 -0.9879 0.0281
vn -0.2421 -0.6984 -0.6735
vn -0.7578 -0.1175 0.6419
vn -0.5332 0.7508 -0.3898
vn 0.3852 -0.9011 0.1992
vn 0.3362 0.8339 -0.4376
vn -0.8571 0.4975 0.1335
vn 0.6341 0.7287 0.2587
vn -0.4134 0.9036 -0.1118
vn -0.7864 0.5163 0.3391
vn -0.2787 0.8661 -0.4150
vn 0.0106 0.6429 0.7658
vn -0.5379 -0.1219 -0.8341
vn -0.2995 -0.3021 -0.9050
vn -0.2086 0.8987 -0.3857
vn 0.3600 -0.3993 0.8432
vn -0.4679 0.4776 0.7436
vn -0.3690 0.9099 0.1897
vn -0.4591 -0.7097 0.5345
vn 0.1041 -0.9630 -0.2485
vn -0.0702 -0.9909 -0.1147
vn -0.2869 -0.6958 -0.6584
vn -0.0329 0.7189 0.6943
vn 0.5637 0.1243 0.8166
vn 0.0754 -0.0551 0.9956
vn -0.1744 -0.0990 0.9797
vn -0.1485 0.6490 0.7462
vn -0.0491 0.9983 -0.0317
vn 0.5620 0.1045 0.8205
vn -0.2769 -0.9497 -0.1459
vn 0.3916 0.8396 0.3764
vn -0.3674 0.9010 0.2305
vn 0.0502 0.5442 -0.8375
vn 0.0216 0.7657 0.6428
vn 0.0313 0.9330 0.3585
vn 0.3174 0.0883 0.9442
vn 0.6342 0.2559 0.7296
vn 0.0354 0.9911 0.1283
vn -0.0706 0.5984 0.7981
vn 0.1091 0.0595 0.9923
vn 0.5877 0.2549 -0.7679
vn -0.8110 -0.1697 -0.5598
vn 0.1206 -0.8705 0.4771
vn -0.0367 0.5892 0.8071
vn 0.2404 0.9695 0.0482
vn -0.0403 -0.7112 -0.7018
vn -0.0396 -0.7084 -0.7047
vn -0.0394 -0.7073 -0.7058
vn 0.3574 -0.8550 0.3757
vn 0.4271 0.0972 -0.8990
vn 0.4021 0.9155 -0.0113
vn -0.0157 0.0866 0.9961
vn 0.3815 -0.5045 -0.7746
vn -0.1274 -0.0469 -0.9907
vn -0.2084 -0.7905 0.5759
vn 0.9628 0.0009 0.2703
vn 0.1752 0.0594 0.9827
vn 0.1759 0.0571 0.9827
vn 0.1728 0.0662 0.9827
vn -0.3184 0.9411 0.1135
vn 0.3660 -0.8717 0.3258
vn 0.3472 0.3982 0.8491
vn 0.7142 -0.6024 0.3563
vn 0.0085 0.9647 -0.2632
vn -0.7935 -0.0256 -0.6081
vn 0.2654 -0.9638 0.0257
vn -0.6493 -0.6267 -0.4309
vn -0.0292 0.9990 -0.0344
vn -0.2531 0.0954 -0.9627
vn 0.4170 -0.5476 0.7255
vn 0.0270 0.9800 0.1973
vn -0.2991 -0.2647 -0.9168
vn -0.2952 0.3868 -0.8736
vn 0.1062 -0.9866 0.1237
vn 0.1839 -0.2590 0.9482
vn -0.8970 0.3601 -0.2563
vn 0.3731 0.6431 0.6687
vn 0.0070 0.1314 -0.9913
vn 0.0234 -0.8886 -0.4582
vn -0.3116 -0.3428 -0.8862
vn -0.6483 -0.5719 -0.5026
vn -0.2749 0.2332 -0.9328
vn -0.3061 -0.6815 -0.6647
vn -0.3659 0.3388 -0.8668
vn -0.3648 0.3362 -0.8683
vn -0.3622 0.3300 -0.8717
vn -0.2873 0.6265 -0.7246
vn -0.4960 0.6778 -0.5427
vn -0.8272 -0.5076 -0.2410
vn -0.2943 -0.2080 -0.9328
vn -0.3482 0.6168 -0.7059
vn 0.2860 0.8250 0.4874
vn 0.2867 -0.9362 0.2032
vn -0.0191 -0.4031 -0.9149
vn -0.7758 0.5006 -0.3840
vn -0.6261 -0.6154 -0.4789
vn -0.1735 -0.9724 0.1560
vn -0.1880 -0.1968 -0.9623
vn -0.3273 -0.8902 -0.3168
vn -0.2988 -0.8727 -0.3863
vn -0.2638 -0.9634 0.0472
vn -0.1184 -0.9321 -0.3422
vn -0.1747 -0.3432 -0.9229
vn 0.4344 -0.5730 -0.6950
vn 0.6595 -0.3003 -0.6891
vn -0.4002 0.6617 -0.6340
vn -0.2994 0.7923 -0.5317
vn 0.5488 0.6754 -0.4927
vn 0.1326 0.0467 -0.9901
vn 0.1357 0.2532 0.9579
vn -0.1801 0.9830 -0.0346
vn 0.1424 -0.9677 -0.2080
vn 0.3927 0.8547 -0.3394
vn 0.2939 0.8773 0.3794
vn 0.4825 0.7198 0.4990
vn 0.3273 -0.7704 -0.5471
vn 0.4218 0.6093 -0.6715
vn 0.0397 0.1003 0.9942
vn -0.2389 -0.6140 -0.7523
vn -0.0856 -0.6348 0.7679
vn 0.3485 0.7306 0.5872
vn -0.3084 -0.1100 -0.9449
vn 0.4526 -0.6350 0.6260
vn -0.8749 0.2021 -0.4401
vn -0.3766 0.0013 -0.9264
vn -0.4506 0.8818 -0.1392
vn -0.5804 0.4403 -0.6851
vn -0.4587 0.3021 -0.8357
vn -0.2796 0.0205 -0.9599
vn -0.2079 -0.3703 -0.9053
vn 0.3514 -0.5122 -0.7837
vn -0.1686 -0.9853 0.0266
vn -0.0253 0.4858 -0.8737
vn 0.0198 -0.9764 0.2151
vn 0.3683 -0.6611 -0.6537
vn 0.3668 -0.6571 -0.6585
vn 0.3663 -0.6557 -0.6602
vn 0.0932 -0.9548 -0.2824
vn 0.5367 -0.8119 -0.2297
vn -0.5399 0.8413 -0.0266
vn -0.5084 -0.8479 -0.1506
vn -0.0085 -0.9679 0.2513
vn -0.9928 -0.0885 -0.0809
vn -0.9445 0.3228 0.0607
vn -0.7314 0.3336 -0.5948
vn -0.5726 0.3294 -0.7507
vn -0.9903 0.1383 0.0129
vn -0.6044 0.7654 -0.2209
vn -0.8488 0.3845 -0.3630
vn 0.0470 0.6580 -0.7515
vn -0.4414 -0.8819 0.1657
vn -0.8178 -0.4871 0.3066
vn -0.4925 -0.6407 -0.5891
vn -0.5124 -0.6818 -0.5221
vn -0.8435 0.4954 0.2074
vn -0.8451 0.4883 0.2179
vn -0.8448 0.4895 0.2160
vn -0.0053 0.7166 0.6974
vn -0.0958 -0.1240 -0.9877
vn -0.8779 -0.3459 0.3312
vn -0.1593 0.8014 0.5765
vn -0.5698 0.8215 0.0210
vn 0.2360 -0.8500 0.4710
vn -0.6500 0.6835 0.3322
vn -0.4466 -0.0500 -0.8933
vn 0.2500 0.4071 0.8785
vn 0.2068 0.8913 0.4036
vn -0.0746 0.8622 -0.5010
vn -0.0346 0.5997 0.7995
vn -0.1961 0.9650 -0.1739
vn -0.2015 0.9438 0.2621
vn 0.6358 0.2546 0.7287
vn 0.1897 0.6815 0.7068
vn -0.0072 0.4952 0.8687
vn 0.0108 0.9996 0.0250
vn -0.0109 0.9976 0.0685
vn -0.5127 0.7464 0.4243
vn 0.3925 0.8828 0.2580
vn 0.2347 -0.4783 -0.8463
vn 0.2770 0.1779 -0.9443
vn 0.5603 -0.3185 0.7646
vn -0.4962 0.5753 -0.6503
vn -0.4545 -0.6436 -0.6158
vn 0.2919 0.9297 0.2247
vn -0.3462 0.4852 -0.8029
vn -0.5664 0.3655 -0.7386
vn 0.1600 0.2834 -0.9456
vn -0.5258 0.6838 0.5059
vn -0.6498 -0.6533 -0.3886
vn 0.1275 0.9795 -0.1558
vn -0.1063 -0.9767 0.1863
vn 0.2316 -0.9671 -0.1052
vn 0.2551 0.4884 -0.8345
vn -0.5548 0.8296 0.0624
vn -0.2326 -0.6199 0.7494
vn 0.1000 -0.9788 0.1787
vn 0.0446 0.6735 0.7379
vn -0.3248 0.7330 0.5977
vn -0.1183 0.8535 0.5075
vn -0.3489 0.2028 -0.9150
vn 0.0625 -0.0023 0.9980
vn -0.0282 0.9557 -0.2930
vn -0.3755 0.2085 -0.9031
vn 0.4828 0.4853 0.7290
vn 0.5221 -0.5648 0.6390
vn 0.2003 0.8902 0.4091
vn 0.4113 -0.8925 0.1851
vn 0.3375 0.8036 -0.4902
vn 0.1454 0.9851 0.0920
vn 0.3502 0.4323 -0.8310
vn 0.0172 0.1231 -0.9922
vn -0.1496 0.4432 -0.8839
vn -0.1221 -0.9833 0.1348
vn 0.4697 -0.8826 -0.0190
vn 0.4340 -0.8899 0.1405
vn 0.3928 -0.9032 0.1731
vn -0.1808 -0.5122 -0.8396
vn -0.1215 -0.6022 -0.7890
vn -0.5949 0.7069 -0.3827
vn 0.7924 0.1281 0.5964
vn -0.2290 0.0315 0.9729
vn 0.2039 0.9790 -0.0083
vn 0.2607 0.7638 0.5905
vn 0.3412 0.8645 0.3692
vn 0.2236 0.5953 0.7718
vn -0.4395 -0.8443 0.3066
vn -0.0392 0.6574 0.7525
vn 0.1317 -0.9825 0.1319
vn 0.1658 -0.2597 0.9514
vn 0.0169 -0.5038 -0.8637
vn 0.0677 0.9962 -0.0541
vn -0.0912 -0.9807 0.1729
vn -0.3057 0.2678 -0.9137
vn 0.8111 0.4563 -0.3658
vn -0.4651 -0.5719 0.6757
vn 0.0107 0.8674 0.4975
vn 0.0904 -0.8977 -0.4312
vn 0.4873 -0.1645 -0.8576
vn 0.1785 -0.8880 0.4237
vn 0.2027 -0.2283 0.9523
vn -0.5313 -0.7067 -0.4673
vn -0.5459 -0.2527 -0.7989
vn -0.2915 0.7488 -0.5952
vn -0.4368 -0.8358 -0.3327
vn 0.4883 -0.8710 -0.0540
vn 0.3306 -0.9408 0.0755
vn 0.5077 0.7278 0.4610
vn -0.5803 0.6781 -0.4510
vn -0.2842 -0.9281 -0.2405
vn -0.3120 -0.0331 -0.9495
vn 0.5741 -0.8056 0.1467
vn 0.3688 -0.6625 -0.6520
vn -0.5754 0.2539 0.7775
vn -0.5761 -0.5476 0.6068
vn -0.8446 0.4488 -0.2920
vn -0.1740 -0.5449 -0.8202
vn -0.1802 -0.9604 -0.2123
vn -0.3765 0.5763 0.7253
vn 0.6138 -0.6678 0.4210
vn -0.3861 0.4679 -0.7950
vn 0.5046 0.8545 0.1231
vn -0.0136 -0.9999 0.0026
vn 0.2506 0.5589 0.7905
vn -0.2063 0.6833 -0.7004
vn -0.2530 -0.9203 0.2984
vn -0.8434 0.4961 0.2064
vn -0.5244 0.6551 -0.5439
vn -0.2330 0.9207 -0.3132
vn 0.0989 0.9614 -0.2567
vn -0.1611 0.7453 0.6470
vn -0.6680 -0.6827 0.2962
vn -0.0646 -0.9408 -0.3329
vn 0.3618 0.0899 0.9279
vn 0.3788 0.8217 0.4257
vn 0.0546 -0.0092 0.9985
vn 0.4018 -0.7462 0.5307
vn 0.4115 -0.7303 0.5453
vn 0.0593 -0.9980 0.0210
vn 0.0485 -0.9807 0.1892
vn 0.2242 -0.8775 0.4239
vn -0.3925 -0.9182 0.0529
vn 0.0048 0.5961 -0.8029
vn 0.1933 0.1656 -0.9671
vn 0.0400 0.1083 -0.9933
vn -0.1990 0.7841 0.5879
vn 0.5444 -0.5539 0.6299
vn 0.0653 0.9904 -0.1222
vn -0.1166 0.3786 0.9182
vn 0.0552 0.5055 0.8611
vn 0.3139 0.9258 0.2106
vn -0.1244 -0.5510 -0.8252
vn 0.3699 -0.1009 0.9236
vn -0.5390 0.6768 0.5014
vn -0.6645 0.6011 0.4439
vn 0.2720 -0.9596 0.0716
vn -0.1334 -0.6047 -0.7852
vn 0.0929 0.7605 0.6426
vn -0.0324 -0.9987 0.0389
vn -0.0325 -0.9987 0.0384
vn -0.0327 -0.9988 0.0377
vn -0.4440 0.4009 -0.8014
vn -0.4441 0.4011 -0.8012
vn -0.4446 0.4019 -0.8005
vn 0.1921 -0.8360 0.5140
vn -0.1791 0.9286 0.3249
vn -0.4095 -0.8292 -0.3804
vn -0.4510 -0.6887 -0.5677
vn 0.1147 0.8039 -0.5837
vn 0.1320 -0.0081 -0.9912
vn -0.2430 0.6833 -0.6885
vn -0.4525 0.8067 -0.3800
vn -0.3331 0.1256 -0.9345
vn -0.1218 -0.4679 -0.8753
vn -0.2016 -0.4296 -0.8802
vn 0.0171 -0.5528 -0.8331
vn -0.6157 0.7196 -0.3211
vn -0.1673 -0.2607 -0.9508
vn 0.5608 -0.1521 0.8139
vn 0.5036 -0.3643 0.7834
vn -0.4796 -0.6246 -0.6163
vn 0.0551 0.9753 -0.2141
vn 0.9138 0.2258 -0.3376
vn -0.0392 0.6959 0.7171
vn -0.5188 0.8266 0.2180
vn 0.6157 0.5401 0.5737
vn 0.0877 -0.9930 -0.0786
vn 0.2143 -0.8191 -0.5321
vn 0.4014 0.7752 -0.4879
vn 0.2557 -0.7552 0.6035
vn -0.3285 0.0527 -0.9430
vn -0.3304 0.0520 -0.9424
vn -0.3310 0.0518 -0.9422
vn -0.5345 -0.8354 -0.1285
vn -0.3188 0.9272 0.1969
vn -0.4316 -0.3393 -0.8358
vn -0.7531 0.4878 0.4415
vn 0.1757 0.7650 0.6196
vn 0.5535 0.8326 -0.0215
vn 0.3729 0.1584 0.9143
vn 0.3498 0.7811 0.5172
vn -0.5277 -0.2496 -0.8119
vn 0.2885 -0.9435 0.1630
vn 0.1242 -0.9791 -0.1613
vn -0.0329 -0.9988 0.0372
vn -0.8349 0.4954 0.2398
vn -0.4067 0.7954 -0.4494
vn 0.2672 -0.9624 -0.0488
vn -0.1111 0.8537 0.5088
vn -0.3940 -0.6466 -0.6533
vn -0.3032 0.1202 -0.9453
vn -0.1782 -0.1614 -0.9707
vn 0.1750 -0.9398 0.2936
vn -0.0432 -0.9682 0.2463
vn -0.1220 -0.8770 -0.4648
vn -0.0434 -0.6932 -0.7194
vn -0.2764 0.2674 -0.9231
vn -0.1382 0.4277 -0.8933
vn -0.0554 0.8707 -0.4886
vn -0.6387 0.7663 0.0696
vn 0.1540 0.1601 0.9750
vn -0.5733 0.7210 0.3894
vn -0.6641 -0.6773 0.3168
vn 0.5029 -0.7328 0.4584
vn 0.7419 -0.4193 0.5232
vn 0.8130 0.3311 0.4790
vn -0.8314 0.3504 0.4312
vn -0.0406 -0.7122 -0.7008
vn -0.2036 -0.3702 -0.9064
vn -0.3422 0.8298 -0.4409
vn 0.2371 -0.8861 0.3983
vn 0.3951 0.3335 0.8560
vn 0.8734 0.4790 -0.0878
vn -0.3883 0.9203 -0.0476
vn -0.2805 0.3968 -0.8740
vn -0.1070 0.8273 0.5515
vn 0.3242 0.0800 0.9426
vn 0.5577 0.5264 -0.6417
vn -0.5863 0.3649 -0.7232
vn -0.5838 0.6536 -0.4816
vn -0.3956 -0.8966 -0.1991
vn -0.3280 0.0530 -0.9432
vn 0.2223 0.3630 0.9049
vn 0.1889 0.0583 0.9803
vn -0.5290 0.1196 -0.8402
vn -0.0504 0.7605 0.6474
vn 0.3575 0.9067 0.2239
vn 0.1613 -0.1928 0.9679
vn 0.1561 -0.8596 0.4866
vn -0.3230 -0.3201 0.8906
vn 0.5868 0.6795 -0.4403
vn -0.1016 0.9535 0.2838
vn -0.3988 -0.8525 -0.3379
vn -0.8432 0.5295 0.0924
vn 0.4566 0.6197 0.6384
vn -0.3775 -0.5691 -0.7305
vn -0.8396 0.5425 -0.0267
vn 0.0142 -0.4571 -0.8893
vn -0.3410 0.6405 -0.6881
vn -0.1751 0.8086 -0.5617
vn -0.3938 -0.2003 -0.8971
vn -0.0278 0.9344 0.3552
vn -0.0560 -0.6969 -0.7150
vn -0.4447 0.4021 -0.8004
vn -0.1619 0.2461 0.9556
vn -0.1375 0.5946 0.7921
vn 0.0491 -0.1018 -0.9936
vn 0.9024 0.1721 -0.3950
vn -0.1169 0.9899 -0.0802
vn 0.1414 0.9830 -0.1170
vn 0.0303 -0.9109 0.4115
vn 0.6518 -0.7320 -0.1984
vn 0.7238 -0.4924 0.4834
vn 0.7159 -0.4910 0.4964
vn 0.0139 -0.8661 0.4997
vn -0.2844 0.1813 -0.9414
vn -0.3191 -0.4349 -0.8421
vn -0.2562 0.9655 -0.0459
vn -0.1509 -0.3218 -0.9347
vn -0.4779 -0.1417 -0.8669
vn -0.3952 -0.9070 -0.1455
vn -0.7242 -0.6245 0.2925
vn -0.8543 -0.3469 -0.3872
vn -0.7144 -0.0937 0.6935
vn -0.0447 0.9873 0.1523
vn 0.3905 0.5166 -0.7620
vn -0.6344 -0.7632 0.1226
vn 0.0693 0.6917 -0.7189
vn 0.0453 0.9928 0.1112
vn 0.3422 0.9002 0.2695
vn -0.7356 -0.6038 -0.3072
vn -0.2246 0.9693 -0.0997
vn -0.3791 0.8771 0.2949
vn -0.2492 -0.8586 0.4480
vn -0.2071 -0.5489 0.8098
vn -0.2787 -0.4769 0.8336
vn 0.0670 0.9730 0.2210
vn -0.2290 0.1466 -0.9623
vn -0.0893 0.3115 -0.9460
vn -0.4879 -0.2052 -0.8484
vn -0.2223 0.9321 0.2861
vn -0.2230 0.9322 0.2851
vn -0.2258 0.9328 0.2810
vn 0.1590 0.6157 -0.7718
vn -0.5044 -0.8202 0.2700
vn -0.8911 -0.4402 -0.1106
vn -0.3617 0.0369 0.9316
vn 0.4556 0.7107 0.5361
vn 0.1687 0.9165 0.3627
vn 0.2341 0.2639 0.9357
vn 0.5025 0.7012 0.5057
vn -0.1145 0.9618 -0.2486
vn 0.8909 0.2574 -0.3743
vn 0.2225 -0.5578 0.7996
vn 0.3886 0.8425 -0.3731
vn 0.3825 0.8468 -0.3695
vn 0.3815 0.8476 -0.3689
vn 0.0879 -0.9841 0.1546
vn -0.5724 -0.7701 -0.2817
vn -0.1627 -0.8939 0.4178
vn -0.9530 -0.0412 -0.3001
vn 0.1551 -0.9596 -0.2345
vn -0.5597 0.0426 -0.8276
vn -0.0530 -0.5863 0.8084
vn 0.8046 0.4510 0.3863
vn -0.4107 -0.9099 -0.0588
vn 0.0199 0.6473 -0.7620
vn -0.2520 -0.9192 0.3025
vn -0.0043 0.6765 -0.7365
vn 0.0560 -0.7713 -0.6340
vn -0.0368 0.7936 -0.6074
vn -0.7979 -0.2614 -0.5432
vn -0.0531 -0.8021 0.5948
vn 0.4555 0.8760 0.1582
vn -0.9643 0.1236 -0.2343
vn 0.3564 0.5588 -0.7488
vn 0.3565 0.9340 0.0222
vn -0.9801 -0.1375 0.1430
vn 0.4892 0.8592 0.1501
vn 0.2345 0.9687 -0.0814
vn 0.2431 0.8544 -0.4593
vn 0.1069 0.9831 -0.1489
vn -0.5854 0.6824 -0.4377
vn 0.2518 0.9648 0.0762
vn 0.5085 0.6951 0.5082
vn 0.1516 0.7951 0.5872
vn -0.9792 0.1977 0.0453
vn -0.3457 0.4688 -0.8128
vn -0.9590 0.2822 0.0253
vn -0.4163 0.1762 0.8920
vn -0.2457 0.2377 0.9398
vn -0.0605 0.7175 0.6940
vn -0.0553 0.4631 -0.8846
vn -0.3619 0.8326 0.4194
vn -0.4643 0.8255 0.3208
vn -0.5351 -0.1497 -0.8314
vn -0.2279 0.5106 -0.8291
vn -0.2712 -0.0150 -0.9624
vn -0.6799 -0.7310 0.0580
vn -0.2201 -0.6558 0.7221
vn -0.2205 -0.6540 0.7236
vn -0.2206 -0.6536 0.7239
vn 0.0339 0.9911 -0.1289
vn 0.0329 0.9914 -0.1267
vn 0.0342 0.9910 -0.1292
vn 0.2675 0.6829 -0.6798
vn 0.2603 0.6843 -0.6812
vn 0.2607 0.6842 -0.6811
vn -0.8610 -0.2184 0.4594
vn -0.9516 -0.0550 -0.3023
vn -0.5204 -0.1597 -0.8389
vn -0.2646 -0.3826 -0.8852
vn -0.8807 -0.0270 -0.4729
vn -0.0320 0.6831 -0.7296
vn -0.4918 -0.8693 -0.0502
vn 0.1248 0.3695 -0.9208
vn -0.1617 -0.9864 0.0282
vn -0.8102 0.5149 -0.2802
vn 0.4246 0.8819 0.2048
vn -0.6771 -0.6230 0.3916
vn -0.5053 -0.6244 -0.5956
vn -0.2743 0.7570 -0.5931
vn -0.6961 -0.6885 0.2034
vn -0.5581 -0.1696 0.8123
vn 0.7993 0.5837 0.1429
vn 0.0317 0.5813 -0.8131
vn -0.9384 0.1392 0.3164
vn 0.2796 0.8092 0.5167
vn 0.7667 0.6270 -0.1381
vn -0.5370 -0.5855 0.6073
vn -0.5020 0.8497 -0.1611
vn -0.4149 0.8929 -0.1751
vn 0.1115 0.9529 -0.2821
vn -0.3129 -0.3518 0.8822
vn -0.8073 -0.4753 0.3497
vn -0.9144 -0.4020 0.0468
vn 0.9168 0.3988 -0.0196
vn 0.7461 0.6464 0.1595
vn 0.4359 0.7514 0.4953
vn -0.7792 -0.0208 -0.6264
vn -0.3069 0.5946 0.7431
vn -0.6020 0.4005 -0.6909
vn -0.6801 0.6983 0.2234
vn 0.5495 0.5809 0.6006
vn -0.6775 -0.1670 -0.7163
vn -0.3139 0.7910 0.5251
vn 0.2368 0.9140 0.3296
vn 0.8132 0.5549 -0.1757
vn -0.7228 -0.5265 0.4477
vn 0.0089 0.9867 -0.1622
vn -0.4974 -0.5969 -0.6295
vn -0.2096 -0.9031 0.3749
vn 0.6942 0.4917 -0.5256
vn -0.6237 -0.7254 -0.2914
vn -0.2013 -0.8816 0.4268
vn -0.8830 -0.1523 -0.4439
vn -0.1040 0.8682 0.4852
vn -0.3681 0.9038 0.2182
vn 0.4630 0.7680 0.4425
vn -0.5779 -0.3053 -0.7569
vn -0.1327 0.2185 -0.9668
vn 0.0465 0.2627 -0.9638
vn 0.2044 -0.9786 -0.0231
vn -0.8077 0.5858 0.0663
vn 0.4133 -0.6498 0.6380
vn -0.9776 0.1123 0.1780
vn -0.3028 0.9492 -0.0852
vn -0.4512 0.8915 0.0399
vn -0.3616 0.9323 -0.0123
vn -0.5895 0.7419 -0.3196
vn 0.3469 0.8931 0.2863
vn -0.5293 0.8139 0.2397
vn -0.5180 -0.3057 0.7988
vn 0.4465 -0.4476 0.7748
vn -0.2055 0.5518 -0.8083
vn -0.0123 0.0001 -0.9999
vn 0.4399 0.7410 -0.5074
vn -0.0652 0.5896 -0.8051
vn -0.2480 0.8044 -0.5398
vn -0.3524 0.4093 -0.8416
vn -0.0277 -0.9672 -0.2526
vn -0.6196 -0.7246 0.3017
vn -0.5486 -0.7181 -0.4282
vn -0.3687 0.9237 -0.1040
vn 0.2844 0.7832 -0.5530
vn -0.5428 0.8388 0.0426
vn -0.1919 0.6096 -0.7691
vn -0.9512 0.3037 -0.0548
vn 0.6412 0.5317 -0.5533
vn -0.6589 0.6434 0.3898
vn -0.5608 -0.7904 0.2465
vn -0.6873 -0.1150 -0.7173
vn -0.7367 -0.6680 -0.1050
vn 0.2535 0.9652 -0.0641
vn 0.2491 0.6408 0.7262
vn 0.2428 0.6266 0.7405
vn 0.5668 0.7995 -0.1987
vn 0.2111 0.5261 0.8238
vn -0.3284 -0.2727 -0.9043
vn -0.5757 -0.0323 0.8170
vn -0.3432 0.0050 -0.9392
vn -0.1545 -0.9180 0.3651
vn -0.2098 -0.0423 -0.9768
vn 0.5564 0.7702 0.3117
vn 0.0970 0.9702 -0.2222
vn -0.3167 -0.9371 0.1466
vn -0.3155 -0.9369 0.1509
vn -0.3155 -0.9369 0.1508
vn -0.3129 -0.9363 0.1595
vn 0.3126 0.5927 -0.7423
vn 0.2280 -0.9364 0.2669
vn 0.1042 -0.5861 0.8035
vn 0.6078 0.7494 -0.2627
vn 0.3474 -0.7767 -0.5254
vn -0.8854 -0.4643 0.0222
vn -0.1615 -0.9595 0.2310
vn -0.3561 0.3088 0.8819
vn 0.1432 0.9896 -0.0155
vn -0.1990 0.1809 -0.9632
vn -0.3962 0.7526 0.5259
vn -0.9820 -0.1358 0.1311
vn -0.5245 -0.7091 -0.4712
vn -0.3351 -0.8668 0.3694
vn -0.5600 -0.7728 0.2987
vn 0.8749 0.4840 0.0169
vn 0.4372 0.8994 -0.0008
vn 0.1047 0.9374 -0.3321
vn -0.1426 0.1105 -0.9836
vn -0.5686 -0.8101 -0.1428
vn -0.1282 -0.1138 -0.9852
vn -0.6504 0.5686 -0.5036
vn 0.0049 -0.8388 0.5444
vn 0.5917 0.3046 -0.7464
vn -0.8348 0.2483 -0.4915
vn 0.6312 0.7358 -0.2454
vn 0.2288 0.8592 -0.4577
vn -0.8396 0.5237 0.1442
vn -0.6357 0.5992 -0.4867
vn -0.3130 0.7145 -0.6258
vn -0.5034 -0.8313 0.2359
vn -0.5840 0.6978 0.4148
vn -0.7241 0.5070 0.4676
vn -0.2806 0.4303 0.8580
vn -0.4962 -0.7194 0.4861
vn -0.6330 -0.7331 -0.2488
vn -0.6346 -0.7316 -0.2491
vn -0.6349 -0.7313 -0.2492
vn -0.7785 0.4363 0.4512
vn -0.9574 0.0222 0.2880
vn -0.4231 -0.3669 -0.8285
vn 0.3893 0.8420 -0.3735
vn -0.6007 0.5448 -0.5851
vn -0.8911 0.1590 0.4250
vn -0.0683 0.9938 -0.0880
vn -0.8094 0.5686 -0.1471
vn -0.2297 -0.9412 0.2478
vn -0.6443 -0.7616 0.0701
vn 0.2682 0.8837 0.3837
vn 0.0536 -0.2477 0.9673
vn -0.3121 -0.8414 0.4412
vn 0.2137 0.9406 0.2639
vn -0.8282 0.5426 0.1400
vn -0.1322 0.7316 0.6688
vn -0.9347 0.3470 0.0770
vn -0.8541 0.4673 0.2285
vn 0.0337 0.6288 -0.7768
vn -0.3339 0.7185 -0.6101
vn 0.0990 0.3848 0.9177
vn 0.3446 0.9108 -0.2273
vn -0.1829 -0.5380 0.8228
vn -0.2201 -0.6561 0.7219
vn -0.9435 0.3269 0.0537
vn -0.2947 -0.7397 0.6050
vn -0.3871 -0.9204 -0.0554
vn -0.9101 -0.2260 0.3474
vn 0.7146 0.6960 -0.0698
vn -0.8820 -0.4622 0.0921
vn -0.6215 -0.3377 0.7069
vn -0.0092 0.9836 -0.1802
vn 0.3539 0.9184 0.1766
vn 0.4866 0.8638 0.1309
vn -0.3565 -0.7322 0.5803
vn -0.1663 0.9253 -0.3409
vn -0.5194 0.8541 0.0286
vn 0.4792 0.4432 -0.7576
vn 0.0742 0.1321 -0.9885
vn -0.6456 0.3612 -0.6728
vn 0.0927 0.9847 -0.1478
vn 0.3125 0.0836 0.9462
vn 0.5193 0.8434 0.1381
vn 0.3494 0.8920 0.2868
vn -0.7778 0.6164 0.1230
vn -0.8026 -0.3998 -0.4426
vn 0.1080 -0.9168 0.3844
vn -0.9602 -0.1785 0.2147
vn 0.1446 0.3336 0.9316
vn -0.7242 0.4492 0.5232
vn -0.3386 0.8803 -0.3322
vn -0.3856 -0.9226 0.0099
vn -0.3612 0.3275 -0.8731
vn -0.3820 -0.7092 -0.5925
vn -0.4108 -0.3155 0.8554
vn 0.3641 0.8480 -0.3852
vn -0.1284 -0.9327 0.3370
vn 0.0903 -0.9566 0.2769
vn 0.0631 0.8049 0.5900
vn 0.1261 -0.9787 -0.1617
vn -0.4690 -0.4003 -0.7873
vn 0.4409 0.6092 -0.6591
vn -0.2375 -0.9685 0.0743
vn 0.0383 0.9041 0.4256
vn 0.1720 0.0685 0.9827
vn -0.0373 0.8608 0.5076
vn 0.8901 0.3455 -0.2974
vn 0.5623 0.6334 -0.5316
vn 0.3420 0.9396 0.0130
vn 0.2954 0.9356 -0.1934
vn -0.1356 0.9373 -0.3210
vn 0.0425 -0.9693 0.2422
vn 0.3848 0.6661 0.6389
vn -0.3762 -0.9044 -0.2012
vn -0.0032 -0.5624 0.8268
vn -0.5160 -0.4281 -0.7419
vn -0.5478 0.0613 -0.8343
vn -0.2093 -0.2960 0.9320
vn -0.0932 0.3832 -0.9189
vn -0.2018 0.8819 0.4262
vn -0.8422 0.3870 0.3755
vn -0.5139 0.8445 -0.1506
vn 0.5544 0.4353 0.7094
vn -0.4034 -0.9041 0.1413
vn -0.4325 -0.8990 -0.0684
vn 0.5939 0.3258 -0.7356
vn -0.1390 0.9902 0.0148
vn -0.0847 -0.7217 0.6870
vn -0.6792 -0.1874 0.7096
vn -0.1771 -0.9617 -0.2094
vn -0.5016 0.6589 -0.5606
vn -0.4281 0.8373 -0.3400
vn -0.3428 -0.0413 -0.9385
vn 0.5712 0.5209 -0.6343
vn -0.2910 0.3346 -0.8963
vn 0.1791 -0.8538 0.4889
vn 0.6834 0.6417 0.3481
vn -0.8055 -0.5283 0.2683
vn -0.0155 0.9676 -0.2519
vn 0.4128 0.8539 0.3169
vn -0.9752 0.2158 -0.0486
vn -0.1122 0.9558 -0.2717
vn -0.1652 0.6491 -0.7425
vn -0.9138 0.3919 -0.1066
vn 0.1950 -0.8528 0.4844
vn -0.1101 0.9308 0.3485
vn -0.5081 -0.0573 -0.8594
vn -0.2930 -0.9238 -0.2466
vn -0.3975 -0.6596 0.6379
vn 0.1327 0.6574 -0.7418
vn -0.7591 -0.6428 0.1029
vn -0.1782 -0.1008 -0.9788
vn -0.2357 -0.9426 -0.2367
vn -0.5521 -0.6687 0.4981
vn 0.0535 -0.9963 -0.0669
vn 0.0917 -0.7290 0.6784
vn 0.1619 0.8025 -0.5742
vn -0.9636 -0.2549 -0.0801
vn -0.8599 0.4967 -0.1173
vn -0.8277 0.1601 -0.5379
vn 0.0133 -0.5824 0.8128
vn 0.0995 0.9578 -0.2697
vn 0.0955 0.8705 -0.4829
vn -0.4746 0.5405 -0.6947
vn -0.2139 0.5927 -0.7765
vn 0.2867 0.9580 -0.0101
vn -0.7939 0.3776 -0.4765
vn -0.3552 0.8367 0.4169
vn -0.1868 0.9755 0.1165
vn -0.2664 -0.3518 0.8974
vn -0.5864 0.7290 -0.3530
vn -0.5944 0.7090 0.3795
vn -0.7278 -0.1523 -0.6687
vn -0.4515 0.6928 -0.5622
vn 0.2062 0.8247 -0.5266
vn -0.9465 -0.2581 -0.1939
vn -0.9462 0.3021 0.1156
vn -0.1545 0.0204 0.9878
vn 0.2736 0.6869 -0.6733
vn 0.3060 0.5804 -0.7547
vn 0.6588 0.6532 0.3733
vn 0.4243 0.5456 0.7227
vn -0.7171 0.6564 -0.2345
vn -0.1602 -0.1453 0.9763
vn -0.6427 -0.6545 -0.3981
vn -0.4073 -0.0476 0.9120
vn -0.2489 0.0225 0.9683
vn -0.0273 -0.4848 0.8742
vn -0.5806 -0.7595 -0.2932
vn -0.3993 -0.7636 -0.5074
vn -0.5959 0.2440 -0.7651
vn -0.1524 -0.4272 0.8912
vn -0.8839 0.3008 -0.3582
vn -0.4253 -0.7501 -0.5063
vn -0.3478 0.1478 -0.9258
vn -0.4257 -0.0792 -0.9014
vn -0.3498 -0.3042 -0.8861
vn -0.5169 0.8294 -0.2119
vn -0.3387 0.8750 0.3460
vn -0.2265 0.9329 0.2799
vn -0.0414 0.9931 -0.1094
vn -0.5570 -0.7812 0.2818
vn -0.2056 0.6675 -0.7157
vn -0.4940 -0.6719 0.5519
vn -0.4978 -0.6671 0.5542
vn -0.4970 -0.6682 0.5537
vn 0.1595 0.1288 -0.9788
vn 0.3598 0.8376 0.4111
vn -0.4932 -0.6729 0.5514
vn 0.2920 0.7214 0.6280
vn 0.3639 0.5130 -0.7775
vn 0.0310 0.6794 -0.7331
vn -0.8615 0.4950 -0.1133
vn -0.9664 0.0273 -0.2556
vn -0.8546 0.1937 0.4817
vn -0.1331 -0.9902 -0.0417
vn -0.0596 -0.9682 -0.2432
vn -0.1010 0.8955 -0.4335
vn -0.2177 0.1068 0.9702
vn -0.2362 -0.6291 -0.7406
vn -0.1382 -0.9892 0.0484
vn -0.0955 0.5098 -0.8550
vn 0.2059 0.8844 0.4188
vn -0.5215 -0.6643 -0.5356
vn -0.8436 -0.3150 0.4349
vn -0.7331 -0.0769 0.6757
vn -0.3444 0.6600 -0.6677
vn -0.7431 0.3545 -0.5675
vn -0.2920 -0.9124 -0.2868
vn 0.4216 0.8496 -0.3168
vn 0.2325 0.8471 -0.4779
vn -0.2016 0.9419 -0.2686
vn 0.0603 0.2469 -0.9672
vn -0.0826 -0.7399 0.6676
vn 0.2855 0.7147 0.6385
vn -0.4343 0.0011 -0.9008
vn 0.0338 0.8511 -0.5240
vn -0.1583 -0.9204 0.3576
vn -0.3316 0.9434 0.0088
vn -0.4459 -0.8951 0.0045
vn 0.4240 0.6501 -0.6306
vn -0.6237 0.2835 -0.7284
vn 0.1241 0.9895 0.0742
vn -0.6327 -0.7333 -0.2488
vn -0.1906 -0.7599 0.6215
vn -0.0118 0.9297 -0.3681
vn -0.3531 0.7561 -0.5509
vn -0.8129 -0.1991 -0.5473
vn -0.5512 -0.5617 0.6170
vn -0.1397 0.9414 -0.3069
vn 0.7516 0.6470 0.1283
vn -0.6879 -0.7255 -0.0194
vn 0.5040 0.5660 0.6524
vn 0.3154 0.9429 -0.1068
vn -0.3960 -0.7154 -0.5757
vn 0.0785 0.9117 -0.4034
vn -0.2476 -0.0183 0.9687
vn -0.1040 -0.9201 0.3777
vn -0.5057 -0.6534 -0.5633
vn -0.9693 -0.0705 0.2354
vn -0.4092 -0.9105 0.0590
vn -0.9179 0.2856 0.2753
vn -0.5430 0.8282 0.1384
vn -0.7418 -0.6702 -0.0215
vn -0.3829 0.3235 0.8653
vn -0.1832 0.6706 -0.7188
vn 0.0316 0.9918 -0.1241
vn -0.9748 -0.2194 -0.0399
vn 0.2680 0.6828 -0.6797
vn 0.1158 0.8311 0.5440
vn -0.6279 0.0495 -0.7767
vn -0.3297 0.9193 -0.2148
vn -0.8451 0.2155 -0.4893
vn -0.9322 0.3003 0.2021
vn -0.9466 0.2608 0.1897
vn -0.7464 0.3018 -0.5932
vn -0.5127 0.8170 -0.2639
vn -0.3820 0.7106 -0.5908
vn -0.0709 -0.8934 0.4436
vn -0.8690 0.2077 -0.4491
vn -0.2538 0.8284 -0.4993
vn -0.7305 -0.1370 0.6690
vn 0.6924 0.7170 -0.0810
vn 0.4154 0.8550 0.3106
vn -0.4136 0.8543 0.3149
vn 0.2044 0.1757 0.9630
vn -0.4870 0.6903 -0.5351
vn -0.4732 0.2130 -0.8548
vn -0.5371 0.7237 -0.4333
vn 0.4272 -0.8536 0.2981
vn 0.5764 0.7990 -0.1712
vn -0.0346 -0.9994 -0.0074
vn -0.0599 -0.9982 -0.0003
vn 0.0382 -0.9993 -0.0022
vn -0.1276 -0.9918 0.0074
vn -0.0073 -1.0000 0.0001
vn -0.0083 -1.0000 0.0001
vn -0.0048 -1.0000 0.0001
vn -0.4854 -0.8686 -0.0995
vn 0.0975 -0.9952 -0.0082
vn 0.0987 -0.9951 -0.0079
vn 0.0955 -0.9954 -0.0088
vn 0.0923 -0.9957 -0.0097
vn -0.0014 -1.0000 0.0073
vn -0.1128 -0.9935 0.0174
vn -0.0227 -0.9997 0.0050
vn 0.0631 -0.9980 -0.0012
vn -0.1661 -0.9861 0.0043
vn 0.0654 -0.9978 0.0085
vn -0.0058 -1.0000 0.0012
vn 0.0013 -1.0000 0.0007
vn -0.0095 -1.0000 0.0014
vn 0.0043 -1.0000 0.0005
vn -0.0133 -0.9999 -0.0013
vn -0.0479 -0.9988 -0.0024
vn -0.0044 -1.0000 0.0002
vn 0.0488 -0.9988 -0.0044
vn 0.0130 -0.9999 -0.0005
vn 0.0021 -1.0000 0.0011
vn -0.0016 -1.0000 -0.0020
vn -0.0047 -1.0000 -0.0029
vn 0.0061 -1.0000 0.0007
vn -0.0026 -1.0000 0.0009
vn -0.0023 -1.0000 0.0008
vn -0.0284 -0.9996 0.0042
vn 0.0125 -0.9999 0.0002
vn -0.0071 -1.0000 0.0013
vn -0.0105 -0.9999 0.0010
vn -0.0125 -0.9999 0.0008
vn -0.0051 -1.0000 0.0015
vn 0.0205 -0.9998 -0.0022
vn -0.0670 -0.9977 0.0067
vn 0.0451 -0.9990 0.0053
vn -0.0597 -0.9982 0.0113
vn -0.0314 -0.9993 0.0215
vn -0.0450 -0.9990 0.0038
vn 0.0158 -0.9999 -0.0018
vn -0.0015 -1.0000 0.0030
vn -0.0274 -0.9954 -0.0918
vn -0.0565 -0.9984 0.0008
vn 0.0225 -0.9997 0.0081
vn 0.1746 -0.9846 0.0022
vn 0.9482 -0.3144 -0.0458
vn 0.0167 -0.9998 -0.0082
vn 0.0093 -0.9999 -0.0079
vn 0.0088 -0.9999 -0.0081
vn -0.0650 -0.9978 0.0135
vn 0.0170 -0.9998 -0.0085
vn -0.1268 -0.9910 -0.0422
vn -0.2315 -0.9728 -0.0047
vn -0.0199 -0.9998 -0.0013
vn 0.0011 -1.0000 0.0005
vn 0.0016 -1.0000 0.0004
vn 0.0014 -1.0000 -0.0008
vn 0.0011 -1.0000 -0.0000
vn -0.0175 -0.9998 -0.0010
vn 0.0004 -1.0000 0.0000
vn 0.1503 -0.9885 -0.0164
vn -0.0031 -1.0000 0.0037
vn -0.0603 -0.9980 -0.0176
vn -0.1254 -0.9921 -0.0008
vn -0.0541 -0.9985 -0.0004
vn -0.0005 -1.0000 0.0006
vn 0.0302 -0.9995 0.0037
vn -0.0204 -0.9998 0.0030
vn -0.0476 -0.9989 0.0048
vn 0.0659 -0.9978 0.0031
vn 0.0414 -0.9991 -0.0059
vn -0.2896 -0.9561 0.0443
vn -0.1110 -0.9938 0.0100
vn 0.3249 -0.9457 -0.0080
vn 0.0165 -0.9998 -0.0071
vn 0.0474 -0.9989 -0.0023
vn -0.0529 -0.9986 0.0036
vn 0.1788 -0.9834 0.0295
vn -0.1153 -0.9933 0.0094
vn 0.0339 -0.9994 -0.0064
vn -0.2598 -0.9643 0.0510
vn 0.0732 -0.9973 0.0001
vn -0.0147 -0.9997 0.0193
vn 0.2419 -0.9700 -0.0243
vn -0.0053 -1.0000 0.0063
vn -0.0476 -0.9989 0.0003
vn -0.3186 -0.9470 0.0405
vn 0.0026 -1.0000 -0.0073
vn -0.0786 -0.9969 0.0029
vn -0.0687 -0.9976 0.0036
vn -0.0748 -0.9972 0.0032
vn -0.0650 -0.9979 0.0038
vn -0.0719 -0.9974 0.0106
vn 0.0475 -0.9989 -0.0019
vn -0.0073 -1.0000 -0.0013
vn -0.0036 -1.0000 -0.0018
vn -0.0094 -1.0000 -0.0010
vn -0.0013 -1.0000 -0.0021
vn -0.0331 -0.9995 0.0003
vn 0.0228 -0.9997 0.0009
vn 0.0809 -0.9967 -0.0054
vn 0.0008 -1.0000 0.0004
vn 0.0006 -1.0000 0.0003
vn -0.0026 -1.0000 0.0000
vn -0.0042 -1.0000 -0.0001
vn -0.0033 -1.0000 0.0013
vn 0.0209 -0.9998 0.0006
vn 0.0033 -1.0000 -0.0003
vn 0.0019 -1.0000 -0.0006
vn 0.0011 -1.0000 -0.0007
vn 0.0041 -1.0000 -0.0002
usemtl Default_OBJ
s 1
f 1/1/1 2/2/1 3/3/1
f 4/4/2 5/5/2 6/6/2
f 7/7/3 8/8/3 9/9/3
f 6/6/4 10/10/4 11/11/4
f 7/7/5 9/9/5 12/12/5
f 13/13/6 14/14/6 15/15/6
f 14/14/7 16/16/7 15/15/7
f 17/17/8 18/18/8 19/19/8
f 20/20/9 16/16/9 21/21/9
f 22/22/10 23/23/10 24/24/10
f 25/25/11 26/26/11 27/27/11
f 28/28/12 29/29/12 30/30/12
f 31/31/13 32/32/13 33/33/13
f 34/34/14 35/35/14 36/36/14
f 37/37/15 38/38/15 30/30/15
f 33/33/16 32/32/16 39/39/16
f 40/40/17 37/37/17 41/41/17
f 42/42/18 43/43/18 44/44/18
f 32/32/19 45/45/19 46/46/19
f 47/47/20 48/48/20 49/49/20
f 50/50/21 47/47/21 49/49/21
f 35/35/22 51/51/22 36/36/22
f 52/52/23 35/35/23 53/53/23
f 50/50/24 49/49/24 51/51/24
f 49/49/25 36/36/25 51/51/25
f 21/21/26 54/54/26 55/55/26
f 56/56/27 57/57/27 58/58/27
f 59/59/28 60/60/28 61/61/28
f 62/62/29 63/63/29 64/64/29
f 45/45/30 65/65/30 66/66/30
f 67/67/31 68/68/31 69/69/31
f 70/70/32 71/71/32 32/32/32
f 72/72/33 73/73/33 74/74/33
f 32/32/34 71/71/34 75/75/34
f 14/14/35 13/13/35 16/16/35
f 76/76/36 13/13/36 77/77/36
f 78/78/37 79/79/37 80/80/37
f 81/81/38 82/82/38 83/83/38
f 2/2/39 84/84/39 85/85/39
f 13/13/40 15/15/40 86/86/40
f 87/87/41 88/88/41 89/89/41
f 87/87/42 90/90/43 88/88/44
f 88/88/44 90/90/43 38/38/45
f 29/29/46 91/91/46 92/92/46
f 30/30/47 29/29/47 93/93/47
f 30/30/48 93/93/48 37/37/48
f 37/37/49 93/93/49 94/94/49
f 18/18/50 95/95/50 19/19/50
f 96/96/51 97/97/51 98/98/51
f 92/92/52 99/99/53 29/29/54
f 20/20/55 21/21/55 66/66/55
f 100/100/56 101/101/56 97/97/56
f 41/41/57 94/94/57 102/102/57
f 16/16/58 20/20/58 71/71/58
f 70/70/59 103/103/59 71/71/59
f 71/71/60 20/20/60 104/104/60
f 100/100/61 34/34/61 101/101/61
f 105/105/62 106/106/62 40/40/62
f 105/105/63 40/40/63 107/107/63
f 108/108/64 109/109/64 110/110/64
f 66/66/65 21/21/65 55/55/65
f 111/111/66 112/112/67 113/113/68
f 111/111/66 113/113/68 114/114/66
f 20/20/69 66/66/69 104/104/69
f 72/72/70 115/115/70 116/116/70
f 23/23/71 22/22/71 117/117/71
f 23/23/72 117/117/72 118/118/72
f 119/119/73 10/10/73 120/120/73
f 90/90/74 87/87/74 28/28/74
f 121/121/75 78/78/75 122/122/75
f 123/123/76 124/124/76 125/125/76
f 115/115/77 126/126/77 127/127/77
f 128/128/78 62/62/78 129/129/78
f 2/2/79 130/130/79 3/3/79
f 131/131/80 122/122/80 80/80/80
f 122/122/81 131/131/81 132/132/81
f 21/21/82 133/133/82 54/54/82
f 134/134/83 135/135/83 31/31/83
f 135/135/84 136/136/84 31/31/84
f 54/54/85 133/133/85 137/137/85
f 43/43/86 42/42/86 108/108/86
f 129/129/87 138/138/87 139/139/87
f 140/140/88 141/141/88 142/142/88
f 118/118/89 143/143/89 144/144/89
f 145/145/90 146/146/90 147/147/90
f 148/148/91 149/149/91 150/150/91
f 151/151/92 63/63/92 62/62/92
f 17/17/93 19/19/93 152/152/93
f 75/75/94 65/65/94 45/45/94
f 77/77/95 13/13/95 86/86/95
f 35/35/96 57/57/96 53/53/96
f 60/60/97 153/153/97 154/154/97
f 34/34/98 49/49/98 98/98/98
f 59/59/99 145/145/99 60/60/99
f 13/13/100 155/155/100 16/16/100
f 156/156/101 31/31/101 85/85/101
f 151/151/102 157/157/102 158/158/102
f 82/82/103 31/31/103 33/33/103
f 159/159/104 138/138/104 160/160/104
f 15/15/105 16/16/105 71/71/105
f 63/63/106 161/161/106 72/72/106
f 85/85/107 82/82/107 162/162/107
f 60/60/108 154/154/108 61/61/108
f 39/39/109 32/32/109 46/46/109
f 45/45/110 27/27/110 46/46/110
f 53/53/111 57/57/111 56/56/111
f 26/26/112 25/25/112 163/163/112
f 133/133/113 61/61/113 69/69/113
f 2/2/114 162/162/114 130/130/114
f 162/162/115 81/81/115 140/140/115
f 97/97/116 164/164/116 165/165/116
f 8/8/117 166/166/117 167/167/117
f 168/168/118 169/169/118 68/68/118
f 170/170/119 5/5/120 171/171/121
f 29/29/122 99/99/122 93/93/122
f 121/121/123 160/160/123 78/78/123
f 148/148/124 172/172/124 149/149/124
f 117/117/125 11/11/125 128/128/125
f 41/41/126 37/37/126 94/94/126
f 117/117/127 128/128/128 143/143/129
f 107/107/130 44/44/130 43/43/130
f 99/99/53 92/92/52 173/173/131
f 118/118/132 117/117/127 143/143/129
f 174/174/133 157/157/133 175/175/133
f 128/128/134 176/176/134 62/62/134
f 42/42/135 44/44/135 102/102/135
f 156/156/136 134/134/136 31/31/136
f 157/157/137 43/43/137 175/175/137
f 177/177/138 178/178/138 28/28/138
f 179/179/139 180/180/139 181/181/139
f 72/72/140 182/182/140 115/115/140
f 76/76/141 77/77/141 134/134/141
f 116/116/142 115/115/142 127/127/142
f 113/113/143 168/168/143 114/114/143
f 32/32/144 75/75/144 45/45/144
f 183/183/145 184/184/146 185/185/147
f 155/155/148 186/186/149 21/21/150
f 16/16/151 155/155/151 21/21/151
f 187/187/152 188/188/152 163/163/152
f 131/131/153 116/116/153 127/127/153
f 175/175/154 43/43/154 108/108/154
f 189/189/155 24/24/156 164/164/157
f 124/124/158 89/89/158 106/106/158
f 111/111/159 114/114/159 163/163/159
f 103/103/160 15/15/160 71/71/160
f 83/83/161 39/39/162 166/166/163
f 18/18/164 17/17/164 12/12/164
f 3/3/165 140/140/165 190/190/165
f 54/54/166 137/137/166 180/180/166
f 55/55/167 54/54/167 180/180/167
f 95/95/168 191/191/168 19/19/168
f 180/180/169 137/137/169 192/192/169
f 144/144/170 143/143/170 193/193/170
f 140/140/171 142/142/171 194/194/171
f 153/153/172 149/149/172 154/154/172
f 195/195/173 193/193/173 100/100/173
f 166/166/174 8/8/174 196/196/174
f 5/5/175 120/120/175 6/6/175
f 167/167/176 197/197/176 9/9/176
f 56/56/177 52/52/177 53/53/177
f 198/198/178 177/177/179 87/87/180
f 6/6/181 120/120/181 10/10/181
f 58/58/182 199/199/182 56/56/182
f 171/171/183 61/61/183 154/154/183
f 11/11/184 176/176/184 128/128/184
f 155/155/185 59/59/185 186/186/185
f 143/143/186 128/128/186 139/139/186
f 121/121/187 58/58/188 57/57/189
f 59/59/190 133/133/190 186/186/190
f 186/186/149 133/133/191 21/21/150
f 30/30/192 90/90/192 28/28/192
f 40/40/193 38/38/193 37/37/193
f 4/4/194 68/68/194 67/67/194
f 133/133/195 200/200/195 137/137/195
f 68/68/196 4/4/196 6/6/196
f 137/137/197 200/200/197 112/112/197
f 68/68/198 22/22/199 168/168/199
f 129/129/200 201/201/200 138/138/200
f 168/168/201 24/24/156 189/189/155
f 143/143/202 139/139/202 159/159/202
f 168/168/199 22/22/199 24/24/203
f 139/139/204 138/138/204 159/159/204
f 45/45/205 202/202/205 25/25/205
f 203/203/206 84/84/206 204/204/206
f 76/76/207 146/146/207 155/155/207
f 13/13/208 76/76/208 155/155/208
f 25/25/209 181/181/209 187/187/209
f 202/202/210 181/181/210 25/25/210
f 174/174/211 175/175/211 110/110/211
f 134/134/212 77/77/212 135/135/212
f 205/205/213 94/94/213 206/206/213
f 138/138/214 201/201/214 207/207/214
f 77/77/215 86/86/215 135/135/215
f 108/108/216 205/205/216 109/109/216
f 71/71/217 65/65/217 75/75/217
f 26/26/218 191/191/218 27/27/218
f 83/83/219 33/33/219 39/39/219
f 185/185/220 182/182/221 72/72/222
f 2/2/223 85/85/223 162/162/223
f 86/86/224 15/15/224 103/103/224
f 66/66/225 179/179/225 202/202/225
f 208/208/226 174/174/226 209/209/226
f 210/210/227 73/73/227 116/116/227
f 71/71/228 104/104/228 65/65/228
f 191/191/229 26/26/229 19/19/229
f 78/78/230 80/80/230 122/122/230
f 174/174/231 110/110/231 211/211/231
f 26/26/232 163/163/232 96/96/232
f 63/63/233 158/158/233 161/161/233
f 97/97/234 165/165/234 195/195/234
f 180/180/235 192/192/235 187/187/235
f 106/106/236 89/89/236 88/88/236
f 65/65/237 104/104/237 66/66/237
f 187/187/238 192/192/238 188/188/238
f 96/96/239 163/163/239 97/97/239
f 98/98/240 97/97/240 34/34/240
f 66/66/241 55/55/241 179/179/241
f 115/115/242 212/212/242 126/126/242
f 137/137/243 213/213/243 192/192/243
f 100/100/244 193/193/244 121/121/244
f 44/44/245 107/107/245 40/40/245
f 214/214/246 199/199/246 215/215/246
f 122/122/247 215/215/247 199/199/247
f 48/48/248 17/17/248 152/152/248
f 5/5/120 170/170/119 120/120/249
f 140/140/250 81/81/250 141/141/250
f 190/190/251 140/140/251 194/194/251
f 216/216/252 8/8/253 7/7/254
f 141/141/255 81/81/255 196/196/255
f 17/17/256 7/7/256 12/12/256
f 145/145/257 59/59/257 155/155/257
f 49/49/258 96/96/258 98/98/258
f 57/57/189 100/100/259 121/121/187
f 90/90/260 30/30/260 38/38/260
f 58/58/261 121/121/261 199/199/261
f 59/59/262 61/61/262 133/133/262
f 17/17/263 48/48/263 47/47/263
f 149/149/264 107/107/264 154/154/264
f 40/40/265 41/41/265 44/44/265
f 64/64/266 129/129/266 62/62/266
f 107/107/267 171/171/267 154/154/267
f 51/51/268 35/35/268 217/217/268
f 31/31/269 136/136/269 218/218/269
f 193/193/270 143/143/270 159/159/270
f 133/133/271 69/69/271 200/200/271
f 170/170/272 157/157/272 119/119/272
f 69/69/273 61/61/273 67/67/273
f 218/218/274 70/70/274 32/32/274
f 200/200/275 169/169/275 112/112/275
f 213/213/276 137/137/276 112/112/276
f 5/5/277 4/4/277 67/67/277
f 74/74/278 219/219/278 64/64/278
f 85/85/279 31/31/279 82/82/279
f 22/22/280 68/68/280 6/6/280
f 187/187/281 163/163/281 25/25/281
f 145/145/282 155/155/282 146/146/282
f 23/23/283 118/118/283 144/144/283
f 138/138/284 207/207/284 160/160/284
f 82/82/285 33/33/285 83/83/285
f 165/165/286 24/24/286 23/23/286
f 178/178/287 177/177/287 220/220/287
f 164/164/288 24/24/288 165/165/288
f 178/178/289 220/220/289 221/221/289
f 91/91/290 178/178/290 222/222/290
f 28/28/291 91/91/291 29/29/291
f 163/163/292 114/114/292 97/97/292
f 203/203/293 204/204/294 223/223/295
f 221/221/296 220/220/296 224/224/296
f 136/136/297 135/135/297 218/218/297
f 108/108/298 102/102/298 205/205/298
f 99/99/299 173/173/299 206/206/299
f 45/45/300 66/66/300 202/202/300
f 94/94/301 99/99/301 206/206/301
f 34/34/302 97/97/302 101/101/302
f 218/218/303 103/103/303 70/70/303
f 208/208/304 157/157/304 174/174/304
f 193/193/305 159/159/305 160/160/305
f 158/158/306 225/225/306 161/161/306
f 180/180/307 187/187/307 181/181/307
f 74/74/308 73/73/308 210/210/308
f 74/74/309 210/210/309 80/80/309
f 11/11/310 10/10/310 119/119/310
f 79/79/311 74/74/311 80/80/311
f 114/114/312 168/168/312 189/189/312
f 11/11/313 119/119/313 176/176/313
f 172/172/314 125/125/314 106/106/314
f 131/131/315 210/210/315 116/116/315
f 139/139/316 128/128/316 129/129/316
f 130/130/317 162/162/317 140/140/317
f 121/121/318 122/122/318 199/199/318
f 80/80/319 210/210/319 131/131/319
f 84/84/320 1/1/320 204/204/320
f 123/123/321 198/198/321 124/124/321
f 149/149/322 172/172/323 105/105/324
f 124/124/325 198/198/325 89/89/325
f 141/141/326 196/196/326 142/142/326
f 8/8/327 167/167/327 9/9/327
f 197/197/328 18/18/328 9/9/328
f 119/119/329 151/151/329 176/176/329
f 176/176/330 151/151/330 62/62/330
f 12/12/331 9/9/331 18/18/331
f 100/100/332 35/35/332 34/34/332
f 35/35/333 100/100/333 57/57/333
f 219/219/334 129/129/334 64/64/334
f 129/129/335 219/219/335 201/201/335
f 31/31/336 218/218/336 32/32/336
f 226/226/337 216/216/252 7/7/254
f 48/48/338 152/152/338 49/49/338
f 27/27/339 45/45/339 25/25/339
f 49/49/340 34/34/340 36/36/340
f 147/147/341 153/153/341 60/60/341
f 147/147/342 60/60/342 145/145/342
f 227/227/343 17/17/343 47/47/343
f 200/200/344 69/69/344 68/68/344
f 153/153/345 150/150/345 149/149/345
f 194/194/346 142/142/346 8/8/346
f 64/64/347 63/63/347 72/72/347
f 200/200/348 68/68/348 169/169/348
f 219/219/349 74/74/349 79/79/349
f 112/112/350 169/169/350 113/113/350
f 201/201/351 219/219/351 78/78/351
f 195/195/352 23/23/352 144/144/352
f 51/51/353 228/228/353 50/50/353
f 23/23/354 195/195/354 165/165/354
f 201/201/355 78/78/355 207/207/355
f 114/114/356 164/164/356 97/97/356
f 46/46/357 27/27/357 191/191/357
f 100/100/358 97/97/358 195/195/358
f 83/83/359 166/166/359 196/196/359
f 81/81/360 83/83/360 196/196/360
f 229/229/361 198/198/361 123/123/361
f 220/220/362 230/230/362 231/231/362
f 87/87/180 89/89/363 198/198/178
f 6/6/364 11/11/364 22/22/364
f 177/177/365 230/230/365 220/220/365
f 22/22/366 11/11/366 117/117/366
f 88/88/367 38/38/367 106/106/367
f 107/107/368 43/43/368 171/171/368
f 93/93/369 99/99/369 94/94/369
f 175/175/370 108/108/370 110/110/370
f 157/157/371 208/208/371 158/158/371
f 55/55/372 180/180/372 179/179/372
f 229/229/373 177/177/374 198/198/375
f 72/72/376 161/161/376 183/183/376
f 72/72/377 183/183/145 185/185/147
f 73/73/378 72/72/378 116/116/378
f 192/192/379 213/213/379 188/188/379
f 106/106/380 38/38/380 40/40/380
f 171/171/381 43/43/381 157/157/381
f 157/157/382 170/170/382 171/171/382
f 177/177/383 28/28/383 87/87/383
f 84/84/384 2/2/384 1/1/384
f 109/109/385 205/205/385 232/232/385
f 120/120/249 170/170/119 119/119/386
f 106/106/387 125/125/387 124/124/387
f 233/233/388 110/110/389 109/109/390
f 106/106/391 105/105/391 172/172/391
f 202/202/392 179/179/392 181/181/392
f 44/44/393 41/41/393 102/102/393
f 102/102/394 108/108/394 42/42/394
f 158/158/395 208/208/395 209/209/395
f 111/111/396 163/163/396 188/188/396
f 196/196/397 8/8/397 142/142/397
f 158/158/398 209/209/398 225/225/398
f 157/157/399 151/151/399 119/119/399
f 151/151/400 158/158/400 63/63/400
f 211/211/401 110/110/401 234/234/401
f 114/114/402 189/189/402 164/164/402
f 64/64/403 72/72/403 74/74/403
f 183/183/404 225/225/404 235/235/404
f 204/204/405 1/1/405 3/3/405
f 79/79/406 78/78/406 219/219/406
f 130/130/407 140/140/407 3/3/407
f 115/115/408 182/182/408 212/212/408
f 166/166/409 95/95/409 167/167/409
f 81/81/410 162/162/410 82/82/410
f 197/197/411 167/167/411 95/95/411
f 18/18/412 197/197/412 95/95/412
f 152/152/413 19/19/413 96/96/413
f 127/127/414 126/126/414 236/236/414
f 49/49/415 152/152/415 96/96/415
f 131/131/416 127/127/416 236/236/416
f 166/166/163 39/39/162 95/95/417
f 39/39/418 46/46/418 95/95/418
f 121/121/419 193/193/419 160/160/419
f 207/207/420 78/78/420 160/160/420
f 46/46/421 191/191/421 95/95/421
f 230/230/422 229/229/422 237/237/422
f 229/229/373 230/230/423 177/177/374
f 204/204/424 3/3/424 238/238/424
f 96/96/425 19/19/425 26/26/425
f 113/113/426 169/169/426 168/168/426
f 230/230/427 237/237/427 239/239/427
f 149/149/322 105/105/324 107/107/428
f 193/193/429 195/195/429 144/144/429
f 17/17/430 227/227/431 7/7/432
f 61/61/433 171/171/433 5/5/433
f 67/67/434 61/61/434 5/5/434
f 91/91/435 28/28/435 178/178/435
f 135/135/436 86/86/436 218/218/436
f 221/221/437 222/222/437 178/178/437
f 228/228/438 51/51/438 217/217/438
f 103/103/439 218/218/439 86/86/439
f 91/91/440 222/222/440 92/92/440
f 217/217/441 35/35/441 52/52/441
f 102/102/442 94/94/442 205/205/442
f 213/213/443 112/112/443 111/111/443
f 213/213/444 111/111/444 188/188/444
f 183/183/445 161/161/445 225/225/445
f 240/240/446 239/239/446 241/241/446
f 242/242/447 243/243/447 244/244/447
f 230/230/448 239/239/448 240/240/448
f 245/245/449 246/246/449 247/247/449
f 248/248/450 249/249/450 250/250/450
f 248/248/451 250/250/451 251/251/451
f 250/250/452 252/252/452 251/251/452
f 253/253/453 254/254/454 255/255/455
f 256/256/456 257/257/456 258/258/456
f 255/255/457 259/259/457 260/260/457
f 211/211/458 261/261/458 262/262/458
f 263/263/459 264/264/459 265/265/459
f 264/264/460 263/263/460 266/266/460
f 267/267/461 268/268/461 269/269/461
f 269/269/462 268/268/462 270/270/462
f 271/271/463 272/272/463 273/273/463
f 274/274/464 275/275/464 276/276/464
f 273/273/465 272/272/465 277/277/465
f 278/278/466 253/253/466 279/279/466
f 280/280/467 281/281/467 282/282/467
f 92/92/468 222/222/468 283/283/468
f 284/284/469 285/285/469 286/286/469
f 268/268/470 287/287/470 288/288/470
f 206/206/471 289/289/471 205/205/471
f 290/290/472 291/291/472 292/292/472
f 293/293/473 294/294/474 295/295/475
f 296/296/476 297/297/476 298/298/476
f 299/299/477 300/300/477 301/301/477
f 302/302/478 303/303/478 304/304/478
f 303/303/479 305/305/479 306/306/479
f 307/307/480 308/308/480 309/309/480
f 310/310/481 311/311/481 312/312/481
f 313/313/482 310/310/482 312/312/482
f 314/314/483 315/315/483 250/250/483
f 316/316/484 317/317/484 318/318/484
f 240/240/485 319/319/485 320/320/485
f 321/321/486 322/322/486 323/323/486
f 215/215/487 122/122/487 132/132/487
f 324/324/488 325/325/488 326/326/488
f 327/327/489 328/328/489 329/329/489
f 330/330/490 331/331/490 332/332/490
f 333/333/491 3/3/491 190/190/491
f 246/246/492 334/334/492 247/247/492
f 335/335/493 336/336/493 337/337/493
f 335/335/494 337/337/494 338/338/494
f 216/216/495 339/339/495 8/8/495
f 340/340/496 338/338/496 341/341/496
f 342/342/497 340/340/497 343/343/497
f 344/344/498 345/345/498 346/346/498
f 346/346/499 345/345/499 347/347/499
f 348/348/500 349/349/500 350/350/500
f 47/47/501 50/50/501 228/228/501
f 351/351/502 352/352/503 353/353/504
f 292/292/505 354/354/505 355/355/505
f 326/326/506 325/325/506 356/356/506
f 266/266/507 357/357/507 358/358/507
f 173/173/508 359/359/508 360/360/508
f 361/361/509 362/362/509 363/363/509
f 364/364/510 365/365/510 366/366/510
f 367/367/511 365/365/511 364/364/511
f 368/368/512 369/369/512 370/370/512
f 371/371/513 372/372/513 363/363/513
f 232/232/514 289/289/514 373/373/514
f 374/374/515 56/56/515 199/199/515
f 375/375/516 362/362/516 361/361/516
f 294/294/517 376/376/517 377/377/517
f 378/378/518 379/379/518 380/380/518
f 381/381/519 382/382/519 383/383/519
f 384/384/520 385/385/521 386/386/522
f 387/387/523 388/388/523 389/389/523
f 390/390/524 389/389/524 388/388/524
f 391/391/525 275/275/525 261/261/525
f 392/392/526 393/393/526 394/394/526
f 395/395/527 396/396/527 397/397/527
f 398/398/528 399/399/528 400/400/528
f 401/401/529 303/303/530 402/402/531
f 403/403/532 404/404/532 284/284/532
f 303/303/533 295/295/533 405/405/533
f 276/276/534 406/406/535 407/407/536
f 407/407/537 406/406/537 408/408/537
f 407/407/538 408/408/538 299/299/538
f 409/409/539 410/410/540 411/411/541
f 412/412/542 413/413/542 414/414/542
f 415/415/543 357/357/543 263/263/543
f 222/222/544 221/221/544 416/416/544
f 417/417/545 418/418/545 419/419/545
f 308/308/546 420/420/546 421/421/546
f 422/422/547 423/423/547 280/280/547
f 424/424/548 270/270/548 425/425/548
f 258/258/549 426/426/549 427/427/549
f 281/281/550 428/428/550 282/282/550
f 428/428/551 429/429/551 430/430/551
f 231/231/552 431/431/553 432/432/554
f 429/429/555 433/433/555 434/434/555
f 212/212/556 182/182/556 435/435/556
f 408/408/557 199/199/558 214/214/559
f 436/436/560 437/437/560 438/438/560
f 437/437/561 439/439/561 440/440/561
f 236/236/562 300/300/563 131/131/563
f 441/441/564 442/442/564 402/402/564
f 215/215/565 132/132/565 214/214/565
f 349/349/566 443/443/566 444/444/566
f 445/445/567 446/446/567 447/447/567
f 448/448/568 249/249/568 336/336/568
f 333/333/569 238/238/569 3/3/569
f 449/449/570 450/450/570 451/451/570
f 452/452/571 307/307/571 309/309/571
f 8/8/572 339/339/572 194/194/572
f 453/453/573 318/318/573 454/454/573
f 455/455/574 456/456/574 311/311/574
f 457/457/575 363/363/575 372/372/575
f 458/458/576 459/459/576 460/460/576
f 461/461/577 462/462/577 463/463/577
f 382/382/578 381/381/578 372/372/578
f 227/227/431 226/226/579 7/7/432
f 332/332/580 331/331/580 464/464/580
f 289/289/581 342/342/581 373/373/581
f 465/465/582 466/466/582 467/467/582
f 468/468/583 359/359/583 469/469/583
f 470/470/584 381/381/584 471/471/584
f 430/430/585 327/327/585 472/472/585
f 327/327/586 430/430/586 434/434/586
f 473/473/587 474/474/587 475/475/587
f 461/461/588 298/298/588 476/476/588
f 298/298/589 477/477/589 476/476/589
f 478/478/590 479/479/590 480/480/590
f 414/414/591 323/323/591 481/481/591
f 482/482/592 483/483/592 484/484/592
f 485/485/593 486/486/594 487/487/595
f 484/484/596 483/483/596 488/488/596
f 489/489/597 490/490/597 491/491/597
f 492/492/598 274/274/598 493/493/598
f 494/494/599 356/356/599 495/495/599
f 243/243/600 496/496/600 244/244/600
f 418/418/601 497/497/602 387/387/603
f 498/498/604 344/344/605 499/499/606
f 378/378/607 358/358/607 379/379/607
f 378/378/608 380/380/608 500/500/608
f 496/496/609 368/368/609 501/501/609
f 502/502/610 368/368/610 370/370/610
f 501/501/611 368/368/611 502/502/611
f 269/269/612 270/270/612 503/503/612
f 504/504/613 505/505/613 506/506/613
f 507/507/614 339/339/615 508/508/616
f 389/389/617 390/390/617 509/509/617
f 223/223/295 510/510/618 203/203/293
f 511/511/619 223/223/619 512/512/619
f 513/513/620 514/514/620 509/509/620
f 515/515/621 516/516/621 396/396/621
f 260/260/622 517/517/622 518/518/622
f 361/361/623 367/367/623 519/519/623
f 265/265/624 264/264/624 292/292/624
f 466/466/625 519/519/625 467/467/625
f 354/354/626 266/266/626 355/355/626
f 282/282/627 430/430/627 520/520/627
f 240/240/628 320/320/628 521/521/628
f 522/522/629 508/508/629 523/523/629
f 231/231/630 521/521/630 431/431/630
f 524/524/631 525/525/631 526/526/631
f 527/527/632 470/470/633 471/471/634
f 528/528/635 379/379/635 394/394/635
f 529/529/636 451/451/636 450/450/636
f 530/530/637 288/288/637 287/287/637
f 516/516/638 528/528/638 394/394/638
f 527/527/639 531/531/639 271/271/639
f 109/109/640 232/232/640 532/532/640
f 533/533/641 534/534/641 535/535/641
f 533/533/642 446/446/642 536/536/642
f 411/411/643 410/410/643 537/537/643
f 538/538/644 384/384/644 386/386/644
f 305/305/645 539/539/645 540/540/645
f 445/445/646 315/315/646 541/541/646
f 541/541/647 315/315/647 314/314/647
f 542/542/648 526/526/648 543/543/648
f 174/174/649 211/211/649 262/262/649
f 410/410/650 542/542/650 537/537/650
f 323/323/651 322/322/651 544/544/651
f 545/545/652 546/546/652 547/547/652
f 323/323/653 544/544/653 548/548/653
f 549/549/654 550/550/654 223/223/654
f 525/525/655 413/413/655 412/412/655
f 551/551/656 552/552/656 553/553/656
f 520/520/657 327/327/657 329/329/657
f 453/453/658 454/454/658 554/554/658
f 547/547/659 458/458/659 555/555/659
f 126/126/660 212/212/660 236/236/660
f 556/556/661 483/483/661 482/482/661
f 555/555/662 458/458/662 557/557/662
f 131/131/563 300/300/563 132/132/663
f 309/309/664 558/558/664 559/559/664
f 223/223/665 204/204/665 238/238/665
f 560/560/666 561/561/666 562/562/666
f 543/543/667 414/414/667 563/563/667
f 564/564/668 436/436/668 565/565/668
f 438/438/669 437/437/669 440/440/669
f 566/566/670 262/262/670 261/261/670
f 567/567/671 568/568/671 569/569/671
f 227/227/672 47/47/672 570/570/672
f 570/570/673 47/47/673 228/228/673
f 569/569/674 568/568/674 571/571/674
f 572/572/675 506/506/675 573/573/675
f 404/404/676 403/403/676 485/485/676
f 574/574/677 575/575/677 576/576/677
f 574/574/678 576/576/678 352/352/678
f 467/467/679 577/577/679 578/578/679
f 245/245/680 247/247/680 558/558/680
f 579/579/681 573/573/681 506/506/681
f 496/496/682 369/369/682 368/368/682
f 217/217/683 52/52/683 580/580/683
f 252/252/684 250/250/684 547/547/684
f 362/362/685 581/581/685 363/363/685
f 582/582/686 583/583/686 584/584/686
f 583/583/687 411/411/687 584/584/687
f 374/374/688 580/580/688 52/52/688
f 52/52/689 56/56/689 374/374/689
f 585/585/690 362/362/690 375/375/690
f 382/382/691 372/372/691 371/371/691
f 586/586/692 547/547/692 555/555/692
f 230/230/693 240/240/693 231/231/693
f 587/587/694 440/440/694 398/398/694
f 463/463/695 586/586/695 555/555/695
f 415/415/696 588/588/697 392/392/698
f 589/589/699 527/527/699 590/590/699
f 591/591/700 592/592/701 593/593/702
f 578/578/703 594/594/703 400/400/703
f 302/302/704 402/402/531 303/303/530
f 403/403/705 595/595/705 485/485/705
f 596/596/706 597/597/706 436/436/706
f 539/539/707 598/598/708 599/599/709
f 597/597/710 600/600/710 437/437/710
f 220/220/711 231/231/552 432/432/554
f 253/253/712 347/347/712 274/274/712
f 281/281/713 424/424/713 428/428/713
f 601/601/714 489/489/714 602/602/714
f 493/493/715 603/603/715 492/492/715
f 492/492/716 603/603/716 513/513/716
f 456/456/717 604/604/717 605/605/717
f 481/481/718 323/323/718 548/548/718
f 430/430/719 472/472/719 520/520/719
f 606/606/720 385/385/720 607/607/720
f 110/110/721 608/608/721 234/234/721
f 609/609/722 448/448/722 336/336/722
f 388/388/723 610/610/723 390/390/723
f 338/338/724 337/337/724 245/245/724
f 611/611/725 612/612/725 463/463/725
f 277/277/726 613/613/726 614/614/726
f 615/615/727 431/431/727 616/616/727
f 396/396/728 516/516/728 617/617/728
f 612/612/729 611/611/729 298/298/729
f 235/235/730 225/225/730 618/618/730
f 619/619/731 615/615/731 331/331/731
f 225/225/732 209/209/732 618/618/732
f 620/620/733 511/511/733 522/522/733
f 621/621/734 282/282/734 622/622/734
f 563/563/735 623/623/735 624/624/735
f 486/486/736 595/595/737 625/625/738
f 549/549/739 511/511/739 620/620/739
f 285/285/740 183/183/740 235/235/740
f 296/296/741 324/324/741 297/297/741
f 261/261/742 275/275/742 566/566/742
f 462/462/743 252/252/743 626/626/743
f 374/374/744 199/199/744 408/408/744
f 460/460/745 459/459/745 627/627/745
f 286/286/746 285/285/746 628/628/746
f 355/355/747 266/266/747 500/500/747
f 462/462/748 626/626/748 463/463/748
f 505/505/749 629/629/749 457/457/749
f 293/293/750 380/380/750 294/294/750
f 365/365/751 457/457/751 629/629/751
f 457/457/752 365/365/752 363/363/752
f 516/516/753 394/394/753 393/393/753
f 274/274/754 276/276/754 407/407/754
f 516/516/755 393/393/755 529/529/755
f 385/385/756 630/630/756 631/631/756
f 386/386/757 385/385/757 631/631/757
f 390/390/758 538/538/758 632/632/758
f 633/633/759 320/320/759 634/634/759
f 216/216/760 226/226/760 339/339/760
f 419/419/761 418/418/761 387/387/761
f 389/389/762 635/635/762 419/419/762
f 477/477/763 297/297/763 324/324/763
f 324/324/764 636/636/764 477/477/764
f 460/460/765 637/637/765 478/478/765
f 617/617/766 529/529/766 450/450/766
f 273/273/767 638/638/767 639/639/767
f 400/400/768 594/594/768 398/398/768
f 620/620/769 640/640/769 525/525/769
f 525/525/770 640/640/770 413/413/770
f 641/641/771 399/399/771 398/398/771
f 499/499/772 642/642/772 326/326/772
f 498/498/773 499/499/773 326/326/773
f 319/319/774 643/643/774 564/564/774
f 486/486/736 625/625/738 644/644/775
f 577/577/776 564/564/776 565/565/776
f 632/632/777 441/441/777 302/302/777
f 255/255/778 260/260/778 518/518/778
f 641/641/779 440/440/779 439/439/779
f 643/643/780 436/436/780 564/564/780
f 643/643/781 596/596/781 436/436/781
f 645/645/782 646/646/782 356/356/782
f 291/291/783 263/263/783 265/265/783
f 647/647/784 423/423/784 503/503/784
f 268/268/785 267/267/785 287/287/785
f 639/639/786 638/638/786 648/648/786
f 543/543/787 443/443/787 348/348/787
f 648/648/788 638/638/788 649/649/788
f 517/517/789 632/632/789 650/650/789
f 517/517/790 650/650/790 518/518/790
f 631/631/791 441/441/791 632/632/791
f 224/224/792 220/220/792 432/432/792
f 651/651/793 652/652/793 653/653/793
f 221/221/794 224/224/794 416/416/794
f 283/283/795 222/222/795 416/416/795
f 173/173/796 92/92/796 283/283/796
f 340/340/797 342/342/797 335/335/797
f 654/654/798 302/302/798 304/304/798
f 467/467/799 367/367/799 577/577/799
f 205/205/800 289/289/800 232/232/800
f 619/619/801 331/331/801 330/330/801
f 109/109/802 532/532/802 233/233/802
f 434/434/803 655/655/803 656/656/803
f 657/657/804 658/658/804 455/455/804
f 655/655/805 482/482/805 656/656/805
f 289/289/806 659/659/806 342/342/806
f 312/312/807 311/311/807 456/456/807
f 233/233/808 660/660/808 570/570/808
f 397/397/809 313/313/809 312/312/809
f 656/656/810 482/482/810 484/484/810
f 570/570/811 660/660/811 227/227/811
f 608/608/812 110/110/389 233/233/388
f 539/539/813 661/661/813 540/540/813
f 608/608/814 391/391/814 234/234/814
f 662/662/815 321/321/815 420/420/815
f 475/475/816 285/285/816 473/473/816
f 548/548/817 663/663/817 664/664/817
f 474/474/818 262/262/818 566/566/818
f 652/652/819 651/651/819 523/523/819
f 414/414/820 640/640/821 651/651/822
f 347/347/823 275/275/823 274/274/823
f 358/358/824 378/378/824 500/500/824
f 286/286/825 403/403/825 284/284/825
f 380/380/826 528/528/826 294/294/826
f 655/655/827 556/556/827 482/482/827
f 487/487/828 630/630/828 606/606/828
f 209/209/829 174/174/829 262/262/829
f 665/665/830 561/561/830 560/560/830
f 610/610/831 607/607/831 384/384/831
f 666/666/832 350/350/832 353/353/832
f 183/183/833 285/285/833 184/184/833
f 504/504/834 366/366/834 505/505/834
f 493/493/835 407/407/835 299/299/835
f 506/506/836 505/505/836 667/667/836
f 514/514/837 603/603/837 301/301/837
f 258/258/838 668/668/838 669/669/838
f 361/361/839 365/365/839 367/367/839
f 470/470/840 670/670/840 381/381/840
f 247/247/841 334/334/841 567/567/841
f 523/523/842 508/508/842 341/341/842
f 574/574/843 352/352/843 351/351/843
f 613/613/844 272/272/844 531/531/844
f 190/190/845 194/194/845 339/339/845
f 585/585/846 375/375/846 466/466/846
f 336/336/847 671/671/847 337/337/847
f 382/382/848 371/371/848 672/672/848
f 673/673/849 506/506/849 667/667/849
f 521/521/850 273/273/850 431/431/850
f 382/382/851 672/672/851 383/383/851
f 571/571/852 243/243/852 242/242/852
f 580/580/853 228/228/853 217/217/853
f 674/674/854 531/531/854 675/675/854
f 406/406/855 580/580/855 374/374/855
f 440/440/856 641/641/856 398/398/856
f 320/320/857 633/633/857 573/573/857
f 453/453/858 676/676/858 316/316/858
f 316/316/859 676/676/859 550/550/859
f 677/677/860 392/392/860 588/588/860
f 577/577/861 565/565/861 587/587/861
f 490/490/862 489/489/862 601/601/862
f 521/521/863 271/271/863 273/273/863
f 529/529/864 392/392/864 678/678/864
f 679/679/865 680/680/865 681/681/865
f 552/552/866 551/551/867 489/489/868
f 678/678/869 657/657/869 449/449/869
f 258/258/870 680/680/870 256/256/870
f 487/487/871 682/682/871 630/630/871
f 302/302/872 654/654/872 650/650/872
f 416/416/873 330/330/873 359/359/873
f 436/436/874 438/438/874 565/565/874
f 598/598/875 303/303/875 405/405/875
f 390/390/876 632/632/876 517/517/876
f 632/632/877 538/538/877 386/386/877
f 373/373/878 342/342/878 683/683/878
f 305/305/879 598/598/708 539/539/707
f 475/475/880 474/474/880 684/684/880
f 396/396/881 450/450/881 397/397/881
f 620/620/882 685/685/882 640/640/882
f 686/686/883 582/582/883 668/668/883
f 426/426/884 530/530/884 287/287/884
f 285/285/885 475/475/885 628/628/885
f 649/649/886 638/638/886 687/687/886
f 608/608/887 233/233/887 570/570/887
f 497/497/888 404/404/888 606/606/888
f 582/582/889 584/584/890 655/655/891
f 447/447/892 688/688/892 689/689/892
f 235/235/893 618/618/893 473/473/893
f 447/447/894 689/689/894 445/445/894
f 469/469/895 359/359/895 332/332/895
f 328/328/896 656/656/896 561/561/896
f 211/211/897 234/234/897 391/391/897
f 493/493/898 299/299/898 301/301/898
f 493/493/899 301/301/899 603/603/899
f 570/570/900 228/228/900 275/275/900
f 537/537/901 690/690/901 488/488/901
f 484/484/902 575/575/902 691/691/902
f 692/692/903 245/245/903 558/558/903
f 684/684/904 345/345/904 344/344/904
f 693/693/905 307/307/905 452/452/905
f 556/556/906 537/537/907 488/488/908
f 309/309/909 694/694/909 452/452/909
f 275/275/910 228/228/910 580/580/910
f 512/512/911 507/507/911 522/522/911
f 486/486/912 485/485/912 595/595/912
f 223/223/913 511/511/913 549/549/913
f 626/626/914 586/586/914 463/463/914
f 185/185/915 184/184/915 497/497/915
f 247/247/916 567/567/916 695/695/916
f 352/352/503 666/666/917 353/353/504
f 637/637/918 479/479/918 478/478/918
f 614/614/919 696/696/919 534/534/919
f 366/366/920 629/629/920 505/505/920
f 437/437/921 600/600/921 439/439/921
f 645/645/922 480/480/922 646/646/922
f 463/463/923 612/612/923 298/298/923
f 380/380/924 379/379/924 528/528/924
f 697/697/925 579/579/925 673/673/925
f 698/698/926 567/567/926 699/699/926
f 469/469/927 536/536/927 249/249/927
f 567/567/928 569/569/929 699/699/930
f 298/298/931 297/297/931 477/477/931
f 227/227/932 660/660/932 226/226/932
f 242/242/933 244/244/933 700/700/933
f 509/509/934 390/390/934 517/517/934
f 636/636/935 701/701/935 477/477/935
f 642/642/936 636/636/936 324/324/936
f 515/515/937 396/396/937 395/395/937
f 636/636/938 642/642/938 701/701/938
f 244/244/939 496/496/940 501/501/941
f 453/453/942 316/316/942 318/318/942
f 244/244/939 501/501/941 702/702/943
f 642/642/944 499/499/944 369/369/944
f 499/499/945 346/346/945 369/369/945
f 641/641/946 592/592/946 399/399/946
f 702/702/947 501/501/947 502/502/947
f 583/583/948 554/554/948 454/454/948
f 616/616/949 431/431/949 648/648/949
f 525/525/950 412/412/950 526/526/950
f 615/615/951 616/616/951 331/331/951
f 703/703/952 263/263/952 291/291/952
f 543/543/953 526/526/953 414/414/953
f 678/678/954 392/392/954 704/704/954
f 705/705/955 551/551/955 706/706/955
f 678/678/956 707/707/956 657/657/956
f 266/266/957 263/263/957 357/357/957
f 373/373/958 683/683/958 708/708/958
f 657/657/959 707/707/959 658/658/959
f 684/684/960 474/474/960 566/566/960
f 304/304/961 303/303/961 306/306/961
f 631/631/962 442/442/962 441/441/962
f 566/566/963 275/275/963 347/347/963
f 690/690/964 542/542/964 348/348/964
f 224/224/965 709/709/965 619/619/965
f 649/649/966 533/533/966 464/464/966
f 455/455/967 658/658/967 604/604/967
f 364/364/968 710/710/969 367/367/970
f 290/290/971 355/355/971 401/401/971
f 401/401/972 355/355/972 293/293/972
f 633/633/973 634/634/973 710/710/973
f 320/320/974 573/573/974 579/579/974
f 336/336/975 251/251/976 671/671/977
f 710/710/978 564/564/978 577/577/978
f 341/341/979 338/338/979 652/652/979
f 338/338/980 692/692/980 652/652/980
f 313/313/981 450/450/981 449/449/981
f 311/311/982 310/310/982 449/449/982
f 497/497/983 606/606/983 607/607/983
f 534/534/984 696/696/984 535/535/984
f 635/635/985 389/389/985 514/514/985
f 499/499/986 344/344/986 346/346/986
f 312/312/987 456/456/987 711/711/987
f 445/445/988 689/689/988 315/315/988
f 689/689/989 546/546/989 315/315/989
f 315/315/990 546/546/990 545/545/990
f 443/443/991 712/712/991 444/444/991
f 547/547/992 459/459/992 458/458/992
f 691/691/993 575/575/993 713/713/993
f 500/500/994 293/293/994 355/355/994
f 597/597/995 437/437/995 436/436/995
f 285/285/996 235/235/996 473/473/996
f 351/351/997 353/353/997 714/714/997
f 630/630/998 682/682/998 442/442/998
f 649/649/999 687/687/999 534/534/999
f 581/581/1000 362/362/1000 715/715/1000
f 488/488/1001 690/690/1001 352/352/1001
f 182/182/221 185/185/220 497/497/1002
f 559/559/1003 558/558/1003 247/247/1003
f 435/435/1004 182/182/1004 417/417/1004
f 362/362/1005 585/585/1005 715/715/1005
f 259/259/1006 517/517/1006 260/260/1006
f 212/212/1007 300/300/1007 236/236/1007
f 342/342/1008 448/448/1008 609/609/1008
f 478/478/1009 296/296/1009 611/611/1009
f 342/342/1010 609/609/1010 335/335/1010
f 352/352/1011 690/690/1011 666/666/1011
f 338/338/1012 340/340/1012 335/335/1012
f 478/478/1013 611/611/1013 557/557/1013
f 458/458/1014 478/478/1014 557/557/1014
f 685/685/1015 651/651/1015 640/640/1015
f 399/399/1016 592/592/1016 591/591/1016
f 595/595/1017 628/628/1018 498/498/1017
f 685/685/1019 523/523/1019 651/651/1019
f 242/242/1020 569/569/1020 571/571/1020
f 660/660/1021 708/708/1021 226/226/1021
f 568/568/1022 701/701/1022 571/571/1022
f 433/433/1023 582/582/889 655/655/891
f 333/333/1024 190/190/1024 339/339/1024
f 254/254/1025 274/274/1025 492/492/1025
f 519/519/1026 367/367/1026 467/467/1026
f 701/701/1027 369/369/1027 243/243/1027
f 359/359/1028 468/468/1028 360/360/1028
f 406/406/535 276/276/534 580/580/1029
f 673/673/1030 670/670/1030 470/470/1030
f 358/358/1031 357/357/1031 379/379/1031
f 325/325/1032 645/645/1032 356/356/1032
f 271/271/1033 470/470/633 527/527/632
f 272/272/1034 271/271/1034 531/531/1034
f 596/596/1035 600/600/1035 597/597/1035
f 385/385/1036 606/606/1036 630/630/1036
f 370/370/1037 253/253/1037 278/278/1037
f 610/610/1038 384/384/1038 538/538/1038
f 390/390/1039 610/610/1039 538/538/1039
f 377/377/1040 515/515/1040 395/395/1040
f 369/369/1041 346/346/1042 253/253/1043
f 366/366/1044 504/504/1044 572/572/1044
f 279/279/1045 650/650/1045 654/654/1045
f 716/716/1046 625/625/1046 494/494/1046
f 224/224/1047 432/432/1047 709/709/1047
f 224/224/1048 619/619/1048 416/416/1048
f 579/579/1049 506/506/1049 673/673/1049
f 497/497/1050 607/607/1051 388/388/1052
f 697/697/1053 673/673/1053 470/470/1053
f 387/387/1054 497/497/1050 388/388/1052
f 419/419/1055 387/387/1055 389/389/1055
f 411/411/1056 537/537/907 556/556/906
f 206/206/1057 173/173/1057 659/659/1057
f 647/647/1058 270/270/1058 424/424/1058
f 708/708/1059 343/343/1059 508/508/1059
f 644/644/1060 677/677/1060 588/588/1060
f 270/270/1061 268/268/1061 425/425/1061
f 717/717/1062 425/425/1062 268/268/1062
f 455/455/1063 604/604/1063 456/456/1063
f 539/539/1064 605/605/1064 661/661/1064
f 532/532/1065 660/660/1065 233/233/1065
f 282/282/1066 428/428/1066 430/430/1066
f 703/703/1067 588/588/1067 263/263/1067
f 530/530/1068 258/258/1068 717/717/1068
f 421/421/1069 420/420/1069 323/323/1069
f 608/608/1070 570/570/1070 391/391/1070
f 588/588/1071 415/415/1071 263/263/1071
f 637/637/1072 460/460/1072 627/627/1072
f 662/662/1073 420/420/1073 693/693/1073
f 565/565/1074 440/440/1074 587/587/1074
f 211/211/1075 391/391/1075 261/261/1075
f 357/357/1076 415/415/1076 718/718/1076
f 469/469/1077 464/464/1077 536/536/1077
f 480/480/1078 719/719/1078 646/646/1078
f 425/425/1079 669/669/1079 720/720/1079
f 720/720/1080 669/669/1080 433/433/1080
f 184/184/1081 285/285/1081 284/284/1081
f 252/252/1082 547/547/1082 626/626/1082
f 695/695/1083 567/567/1083 698/698/1083
f 650/650/1084 632/632/1084 302/302/1084
f 554/554/1085 583/583/1085 686/686/1085
f 316/316/1086 550/550/1086 317/317/1086
f 550/550/1087 549/549/1087 317/317/1087
f 569/569/1088 242/242/1088 721/721/1088
f 246/246/1089 462/462/1089 568/568/1089
f 721/721/1090 242/242/1090 700/700/1090
f 298/298/1091 461/461/1091 463/463/1091
f 462/462/1092 461/461/1092 568/568/1092
f 356/356/1093 646/646/1093 722/722/1093
f 454/454/1094 318/318/1094 409/409/1094
f 649/649/1095 534/534/1095 533/533/1095
f 409/409/1096 318/318/1096 410/410/1096
f 644/644/1097 625/625/1098 716/716/1099
f 512/512/1100 238/238/1100 333/333/1100
f 476/476/1101 477/477/1101 568/568/1101
f 342/342/1102 659/659/1102 468/468/1102
f 471/471/1103 590/590/1103 527/527/1103
f 477/477/1104 701/701/1104 568/568/1104
f 531/531/1105 527/527/1105 589/589/1105
f 683/683/1106 342/342/1106 708/708/1106
f 392/392/1107 677/677/1107 723/723/1107
f 392/392/1108 723/723/1109 704/704/1110
f 724/724/1111 674/674/1111 675/675/1111
f 671/671/977 251/251/976 462/462/1112
f 701/701/1113 642/642/1113 369/369/1113
f 241/241/1114 319/319/1114 240/240/1114
f 625/625/1115 595/595/1017 498/498/1017
f 566/566/1116 345/345/1116 684/684/1116
f 469/469/1117 332/332/1117 464/464/1117
f 286/286/1118 628/628/1118 403/403/1118
f 342/342/1119 468/468/1119 448/448/1119
f 311/311/1120 449/449/1120 455/455/1120
f 628/628/1121 475/475/1121 344/344/1121
f 306/306/1122 305/305/1122 725/725/1122
f 588/588/1123 682/682/1123 644/644/1123
f 341/341/1124 343/343/1124 340/340/1124
f 602/602/1125 489/489/868 551/551/867
f 255/255/1126 726/726/1126 259/259/1126
f 679/679/1127 256/256/1127 680/680/1127
f 679/679/1128 681/681/1128 706/706/1128
f 256/256/1129 679/679/1129 706/706/1129
f 661/661/1130 604/604/1130 540/540/1130
f 662/662/1131 322/322/1131 321/321/1131
f 628/628/1132 344/344/605 498/498/604
f 442/442/1133 682/682/1133 703/703/1133
f 599/599/1134 711/711/1134 605/605/1134
f 329/329/1135 561/561/1135 727/727/1135
f 442/442/1136 703/703/1136 402/402/1136
f 631/631/1137 630/630/1137 442/442/1137
f 522/522/1138 507/507/1138 508/508/1138
f 265/265/1139 292/292/1139 291/291/1139
f 653/653/1140 652/652/1140 421/421/1140
f 621/621/1141 280/280/1141 282/282/1141
f 660/660/1142 532/532/1142 708/708/1142
f 728/728/1143 665/665/1143 560/560/1143
f 402/402/1144 703/703/1144 291/291/1144
f 294/294/1145 528/528/1145 376/376/1145
f 209/209/1146 474/474/1146 618/618/1146
f 402/402/1147 291/291/1147 290/290/1147
f 728/728/1148 560/560/1148 562/562/1148
f 295/295/1149 377/377/1149 395/395/1149
f 405/405/1150 395/395/1150 397/397/1150
f 320/320/1151 319/319/1151 634/634/1151
f 376/376/1152 515/515/1152 377/377/1152
f 607/607/1153 385/385/521 384/384/520
f 405/405/1154 397/397/1154 729/729/1154
f 713/713/1155 562/562/1156 691/691/1157
f 523/523/1158 341/341/1158 652/652/1158
f 259/259/1159 509/509/1160 517/517/1161
f 431/431/1162 273/273/1162 648/648/1162
f 413/413/1163 640/640/821 414/414/820
f 533/533/1164 535/535/1164 446/446/1164
f 536/536/1165 446/446/1165 541/541/1165
f 541/541/1166 446/446/1166 445/445/1166
f 729/729/1167 312/312/1167 711/711/1167
f 420/420/1168 308/308/1168 693/693/1168
f 328/328/1169 327/327/1169 434/434/1169
f 585/585/1170 466/466/1170 730/730/1170
f 184/184/1171 284/284/1171 404/404/1171
f 184/184/1172 404/404/1172 497/497/1172
f 692/692/1173 421/421/1173 652/652/1173
f 383/383/1174 731/731/1174 471/471/1174
f 563/563/1175 443/443/1175 543/543/1175
f 408/408/1176 406/406/1176 374/374/1176
f 546/546/1177 732/732/1177 547/547/1177
f 300/300/1178 212/212/1178 635/635/1178
f 483/483/1179 556/556/1179 488/488/1179
f 408/408/557 214/214/559 132/132/1180
f 212/212/1181 435/435/1181 635/635/1181
f 563/563/1182 414/414/1182 481/481/1182
f 563/563/1183 481/481/1183 623/623/1183
f 454/454/1184 409/409/1184 583/583/1184
f 690/690/1185 348/348/1185 666/666/1185
f 542/542/1186 690/690/1186 537/537/1186
f 572/572/1187 364/364/1187 366/366/1187
f 443/443/1188 563/563/1188 624/624/1188
f 542/542/1189 543/543/1189 348/348/1189
f 491/491/1190 490/490/1190 601/601/1190
f 296/296/1191 478/478/1191 480/480/1191
f 602/602/1192 551/551/1192 733/733/1192
f 484/484/1193 488/488/1193 576/576/1193
f 705/705/1194 681/681/1194 734/734/1194
f 681/681/1195 680/680/1195 735/735/1195
f 708/708/1196 342/342/1196 343/343/1196
f 364/364/1197 572/572/1197 633/633/1197
f 364/364/1198 633/633/1198 710/710/1198
f 443/443/1199 624/624/1199 712/712/1199
f 345/345/1200 566/566/1200 347/347/1200
f 736/736/1201 258/258/1201 737/737/1201
f 737/737/1202 258/258/1202 427/427/1202
f 320/320/1203 579/579/1203 697/697/1203
f 320/320/1204 697/697/1204 521/521/1204
f 521/521/1205 697/697/1205 271/271/1205
f 673/673/1206 667/667/1206 670/670/1206
f 485/485/1207 487/487/1207 404/404/1207
f 277/277/1208 638/638/1208 273/273/1208
f 282/282/1209 520/520/1209 622/622/1209
f 603/603/1210 514/514/1210 513/513/1210
f 619/619/1211 330/330/1211 416/416/1211
f 283/283/1212 359/359/1212 173/173/1212
f 428/428/1213 424/424/1213 720/720/1213
f 532/532/1214 232/232/1214 708/708/1214
f 258/258/1215 669/669/1215 717/717/1215
f 732/732/1216 738/738/1216 459/459/1216
f 318/318/1217 524/524/1218 410/410/1219
f 594/594/1220 577/577/1220 587/587/1220
f 668/668/1221 582/582/1221 669/669/1221
f 669/669/1222 582/582/1222 433/433/1222
f 303/303/1223 598/598/1223 305/305/1223
f 570/570/1224 275/275/1224 391/391/1224
f 361/361/1225 519/519/1225 375/375/1225
f 687/687/1226 638/638/1226 277/277/1226
f 739/739/1227 559/559/1227 695/695/1227
f 720/720/1228 433/433/1228 429/429/1228
f 309/309/1229 559/559/1229 694/694/1229
f 277/277/1230 614/614/1230 534/534/1230
f 480/480/1231 479/479/1231 740/740/1231
f 604/604/1232 661/661/1232 605/605/1232
f 741/741/1233 646/646/1233 719/719/1233
f 281/281/1234 647/647/1234 424/424/1234
f 420/420/1235 321/321/1235 323/323/1235
f 609/609/1236 336/336/1236 335/335/1236
f 182/182/1237 497/497/602 418/418/601
f 716/716/1238 494/494/1238 742/742/1238
f 514/514/1239 300/300/1239 635/635/1239
f 336/336/1240 248/248/1240 251/251/1240
f 329/329/1241 328/328/1241 561/561/1241
f 132/132/1242 300/300/1242 408/408/1242
f 699/699/930 569/569/929 721/721/1243
f 338/338/1244 245/245/1244 692/692/1244
f 664/664/1245 481/481/1245 548/548/1245
f 664/664/1246 623/623/1246 481/481/1246
f 223/223/1247 238/238/1247 512/512/1247
f 253/253/1248 274/274/1248 254/254/1248
f 507/507/1249 512/512/1249 333/333/1249
f 561/561/1250 484/484/1250 562/562/1250
f 448/448/1251 469/469/1251 249/249/1251
f 337/337/1252 671/671/1252 462/462/1252
f 484/484/1253 691/691/1157 562/562/1156
f 486/486/594 644/644/1254 487/487/595
f 513/513/1255 726/726/1255 492/492/1255
f 513/513/1256 259/259/1256 726/726/1256
f 502/502/1257 370/370/1257 743/743/1257
f 226/226/1258 708/708/1258 508/508/1258
f 319/319/1259 241/241/1259 643/643/1259
f 677/677/1260 716/716/1260 723/723/1260
f 350/350/1261 444/444/1261 744/744/1261
f 547/547/1262 586/586/1262 626/626/1262
f 255/255/1263 254/254/1263 726/726/1263
f 744/744/1264 353/353/1264 350/350/1264
f 644/644/1265 682/682/1265 487/487/1265
f 264/264/1266 266/266/1266 354/354/1266
f 513/513/1267 509/509/1160 259/259/1159
f 379/379/1268 718/718/1268 415/415/1268
f 379/379/1269 415/415/1269 394/394/1269
f 471/471/1270 381/381/1270 383/383/1270
f 522/522/1271 685/685/1271 620/620/1271
f 359/359/1272 330/330/1272 332/332/1272
f 568/568/1273 461/461/1273 476/476/1273
f 659/659/1274 360/360/1274 468/468/1274
f 550/550/1275 510/510/1275 223/223/1275
f 386/386/1276 631/631/1276 632/632/1276
f 432/432/1277 615/615/1277 709/709/1277
f 355/355/1278 290/290/1278 292/292/1278
f 344/344/1279 475/475/1279 684/684/1279
f 556/556/1280 584/584/1280 411/411/1280
f 642/642/1281 324/324/1281 326/326/1281
f 295/295/475 294/294/474 377/377/1282
f 594/594/1283 587/587/1283 398/398/1283
f 295/295/1284 395/395/1284 405/405/1284
f 526/526/1285 412/412/1285 414/414/1285
f 494/494/1286 625/625/1286 498/498/1286
f 397/397/1287 450/450/1287 313/313/1287
f 289/289/1288 206/206/1288 659/659/1288
f 474/474/1289 209/209/1289 262/262/1289
f 473/473/1290 618/618/1290 474/474/1290
f 434/434/1291 433/433/1291 655/655/1291
f 745/745/1292 665/665/1292 728/728/1292
f 682/682/1293 588/588/1293 703/703/1293
f 706/706/1294 681/681/1294 705/705/1294
f 556/556/1295 655/655/1295 584/584/1295
f 423/423/1296 647/647/1296 280/280/1296
f 389/389/1297 509/509/1297 514/514/1297
f 713/713/1298 575/575/1299 574/574/1300
f 276/276/1301 275/275/1301 580/580/1301
f 572/572/1302 573/573/1302 633/633/1302
f 343/343/1303 341/341/1303 508/508/1303
f 269/269/1304 427/427/1304 267/267/1304
f 577/577/1305 367/367/970 710/710/969
f 443/443/1306 349/349/1306 348/348/1306
f 647/647/1307 281/281/1307 280/280/1307
f 348/348/1308 350/350/1308 666/666/1308
f 270/270/1309 647/647/1309 503/503/1309
f 506/506/1310 572/572/1310 504/504/1310
f 524/524/1218 526/526/1311 410/410/1219
f 417/417/1312 182/182/1312 418/418/1312
f 410/410/1313 526/526/1313 542/542/1313
f 435/435/1314 417/417/1314 419/419/1314
f 435/435/1315 419/419/1315 635/635/1315
f 397/397/1316 312/312/1316 729/729/1316
f 711/711/1317 599/599/1317 729/729/1317
f 530/530/1318 717/717/1318 288/288/1318
f 565/565/1319 438/438/1319 440/440/1319
f 614/614/1320 613/613/1320 724/724/1320
f 693/693/1321 308/308/1321 307/307/1321
f 697/697/1322 470/470/633 271/271/1033
f 323/323/1323 414/414/1323 651/651/1323
f 546/546/1324 689/689/1324 732/732/1324
f 430/430/1325 429/429/1325 434/434/1325
f 508/508/616 339/339/615 226/226/1326
f 547/547/1327 732/732/1327 459/459/1327
f 564/564/1328 710/710/1328 634/634/1328
f 319/319/1329 564/564/1329 634/634/1329
f 421/421/1330 692/692/1330 308/308/1330
f 308/308/1331 692/692/1331 309/309/1331
f 240/240/1332 521/521/1332 231/231/1332
f 460/460/1333 478/478/1333 458/458/1333
f 547/547/1334 250/250/1334 545/545/1334
f 559/559/1335 247/247/1335 695/695/1335
f 277/277/1336 534/534/1336 687/687/1336
f 464/464/1337 331/331/1337 649/649/1337
f 448/448/1338 468/468/1338 469/469/1338
f 480/480/1339 645/645/1339 296/296/1339
f 720/720/1340 424/424/1340 425/425/1340
f 644/644/1097 716/716/1099 677/677/1341
f 425/425/1342 717/717/1342 669/669/1342
f 346/346/1343 347/347/1343 253/253/1343
f 709/709/1344 615/615/1344 619/619/1344
f 318/318/1345 549/549/1345 524/524/1345
f 726/726/1346 254/254/1346 492/492/1346
f 686/686/1347 583/583/1347 582/582/1347
f 372/372/1348 670/670/1348 667/667/1348
f 324/324/1349 296/296/1349 645/645/1349
f 264/264/1350 354/354/1350 292/292/1350
f 325/325/1351 324/324/1351 645/645/1351
f 273/273/1352 639/639/1352 648/648/1352
f 358/358/1353 500/500/1353 266/266/1353
f 173/173/1354 360/360/1354 659/659/1354
f 379/379/1355 357/357/1355 718/718/1355
f 500/500/1356 380/380/1356 293/293/1356
f 616/616/1357 648/648/1357 649/649/1357
f 428/428/1358 720/720/1358 429/429/1358
f 571/571/1359 701/701/1359 243/243/1359
f 331/331/1360 616/616/1360 649/649/1360
f 594/594/1361 578/578/1361 577/577/1361
f 232/232/1362 373/373/1362 708/708/1362
f 369/369/1041 253/253/1043 370/370/1363
f 516/516/1364 529/529/1364 617/617/1364
f 277/277/1365 272/272/1365 613/613/1365
f 617/617/1366 450/450/1366 396/396/1366
f 522/522/1367 523/523/1367 685/685/1367
f 336/336/1368 249/249/1368 248/248/1368
f 595/595/1369 403/403/1369 628/628/1369
f 451/451/1370 678/678/1370 449/449/1370
f 552/552/1371 257/257/1371 553/553/1371
f 487/487/1372 606/606/1372 404/404/1372
f 274/274/1373 407/407/1373 493/493/1373
f 251/251/1374 252/252/1374 462/462/1374
f 402/402/1375 290/290/1375 401/401/1375
f 401/401/1376 293/293/1376 295/295/1376
f 245/245/1377 337/337/1377 246/246/1377
f 514/514/1378 301/301/1378 300/300/1378
f 462/462/1379 246/246/1379 337/337/1379
f 408/408/1380 300/300/1380 299/299/1380
f 405/405/1381 729/729/1381 599/599/1381
f 507/507/1382 333/333/1382 339/339/1382
f 388/388/1383 607/607/1383 610/610/1383
f 464/464/1384 533/533/1384 536/536/1384
f 511/511/1385 512/512/1385 522/522/1385
f 583/583/1386 409/409/539 411/411/541
f 550/550/1387 676/676/1387 510/510/1387
f 432/432/1388 431/431/1388 615/615/1388
f 416/416/1389 359/359/1389 283/283/1389
f 576/576/1390 488/488/1390 352/352/1390
f 366/366/1391 365/365/1391 629/629/1391
f 667/667/1392 457/457/1392 372/372/1392
f 381/381/1393 670/670/1393 372/372/1393
f 674/674/1394 613/613/1394 531/531/1394
f 553/553/1395 257/257/1395 706/706/1395
f 614/614/1396 724/724/1396 696/696/1396
f 249/249/1397 536/536/1397 541/541/1397
f 249/249/1398 541/541/1398 250/250/1398
f 334/334/1399 246/246/1399 568/568/1399
f 298/298/1400 611/611/1400 296/296/1400
f 611/611/1401 463/463/1401 557/557/1401
f 243/243/1402 369/369/1402 496/496/1402
f 451/451/1403 529/529/1403 678/678/1403
f 255/255/1404 518/518/1404 279/279/1404
f 279/279/1405 518/518/1405 650/650/1405
f 302/302/1406 441/441/1406 402/402/1406
f 303/303/1407 401/401/1407 295/295/1407
f 455/455/1408 449/449/1408 657/657/1408
f 605/605/1409 711/711/1409 456/456/1409
f 653/653/1410 421/421/1410 323/323/1410
f 323/323/1411 651/651/1411 653/653/1411
f 472/472/1412 327/327/1412 520/520/1412
f 328/328/1413 434/434/1413 656/656/1413
f 484/484/1414 576/576/1414 575/575/1414
f 349/349/1415 444/444/1415 350/350/1415
f 505/505/1416 457/457/1416 667/667/1416
f 365/365/1417 361/361/1417 363/363/1417
f 375/375/1418 519/519/1418 466/466/1418
f 257/257/1419 256/256/1419 706/706/1419
f 551/551/1420 553/553/1420 706/706/1420
f 717/717/1421 268/268/1421 288/288/1421
f 613/613/1422 674/674/1422 724/724/1422
f 541/541/1423 314/314/1423 250/250/1423
f 309/309/1424 692/692/1424 558/558/1424
f 250/250/1425 315/315/1425 545/545/1425
f 555/555/1426 557/557/1426 463/463/1426
f 334/334/1427 568/568/1427 567/567/1427
f 326/326/1428 356/356/1428 494/494/1428
f 494/494/1429 498/498/1429 326/326/1429
f 253/253/453 255/255/455 279/279/1430
f 394/394/1431 415/415/696 392/392/698
f 392/392/1432 529/529/1432 393/393/1432
f 599/599/1433 598/598/1433 405/405/1433
f 539/539/1434 599/599/1434 605/605/1434
f 484/484/1435 561/561/1435 656/656/1435
f 318/318/1436 317/317/1436 549/549/1436
f 313/313/1437 449/449/1437 310/310/1437
f 712/712/1438 624/624/1438 746/746/1438
f 524/524/1439 549/549/1440 525/525/1440
f 467/467/1441 578/578/1441 747/747/1441
f 548/548/1442 544/544/1442 663/663/1442
f 747/747/1443 465/465/1443 467/467/1443
f 528/528/1444 516/516/1444 376/376/1444
f 376/376/1445 516/516/1445 515/515/1445
f 620/620/1446 525/525/1440 549/549/1440
f 748/748/1447 749/749/1447 750/750/1447
f 751/751/1448 752/752/1448 753/753/1448
f 754/754/1449 755/755/1449 756/756/1449
f 715/715/1450 585/585/1450 730/730/1450
f 663/663/1451 544/544/1451 757/757/1451
f 758/758/1452 759/759/1452 760/760/1452
f 761/761/1453 762/762/1453 763/763/1453
f 764/764/1454 765/765/1454 766/766/1454
f 767/767/1455 768/768/1455 769/769/1455
f 590/590/1456 471/471/1456 770/770/1456
f 748/748/1457 771/771/1457 749/749/1457
f 772/772/1458 773/773/1458 714/714/1458
f 774/774/1459 775/775/1459 776/776/1459
f 777/777/1460 772/772/1460 778/778/1460
f 776/776/1461 779/779/1461 774/774/1461
f 780/780/1462 781/781/1462 782/782/1462
f 774/774/1463 779/779/1463 783/783/1463
f 780/780/1464 782/782/1464 784/784/1464
f 675/675/1465 531/531/1465 589/589/1465
f 785/785/1466 786/786/1466 787/787/1466
f 788/788/1467 789/789/1467 790/790/1467
f 786/786/1468 791/791/1468 792/792/1468
f 793/793/1469 794/794/1469 795/795/1469
f 796/796/1470 797/797/1470 798/798/1470
f 799/799/1471 800/800/1471 801/801/1471
f 802/802/1472 803/803/1472 804/804/1472
f 802/802/1473 804/804/1473 805/805/1473
f 799/799/1474 801/801/1474 806/806/1474
f 807/807/1475 808/808/1475 809/809/1475
f 747/747/1476 578/578/1476 400/400/1476
f 798/798/1477 777/777/1477 810/810/1477
f 811/811/1478 812/812/1478 813/813/1478
f 789/789/1479 814/814/1479 815/815/1479
f 815/815/1480 814/814/1480 816/816/1480
f 817/817/1481 818/818/1481 819/819/1481
f 820/820/1482 821/821/1482 822/822/1482
f 823/823/1483 824/824/1483 825/825/1483
f 826/826/1484 827/827/1484 828/828/1484
f 829/829/1485 830/830/1485 831/831/1485
f 832/832/1486 833/833/1486 834/834/1486
f 835/835/1487 399/399/1487 836/836/1487
f 837/837/1488 838/838/1488 839/839/1488
f 839/839/1489 838/838/1489 840/840/1489
f 841/841/1490 842/842/1490 843/843/1490
f 844/844/1491 845/845/1491 846/846/1491
f 847/847/1492 551/551/1492 705/705/1492
f 848/848/1493 849/849/1493 850/850/1493
f 809/809/1494 851/851/1494 852/852/1494
f 853/853/1495 854/854/1495 855/855/1495
f 848/848/1496 850/850/1496 856/856/1496
f 857/857/1497 858/858/1497 859/859/1497
f 860/860/1498 861/861/1498 862/862/1498
f 863/863/1499 860/860/1499 862/862/1499
f 833/833/1500 864/864/1500 865/865/1500
f 866/866/1501 867/867/1501 868/868/1501
f 371/371/1502 869/869/1503 731/731/1504
f 870/870/1505 871/871/1505 872/872/1505
f 869/869/1506 873/873/1506 731/731/1506
f 870/870/1507 872/872/1507 874/874/1507
f 875/875/1508 876/876/1508 877/877/1508
f 422/422/1509 280/280/1509 621/621/1509
f 878/878/1510 879/879/1511 880/880/1512
f 881/881/1513 882/882/1513 883/883/1513
f 747/747/1514 824/824/1514 884/884/1514
f 885/885/1515 886/886/1515 887/887/1515
f 888/888/1516 876/876/1516 889/889/1516
f 890/890/1517 891/891/1517 892/892/1517
f 427/427/1518 426/426/1518 267/267/1518
f 893/893/1519 762/762/1519 894/894/1519
f 267/267/1520 426/426/1520 287/287/1520
f 895/895/1521 896/896/1521 897/897/1521
f 898/898/1522 899/899/1522 900/900/1522
f 901/901/1523 902/902/1523 895/895/1523
f 903/903/1524 902/902/1524 904/904/1524
f 675/675/1525 905/905/1525 893/893/1525
f 906/906/1526 907/907/1526 908/908/1526
f 909/909/1527 910/910/1527 911/911/1527
f 535/535/1528 447/447/1528 446/446/1528
f 912/912/1529 913/913/1529 878/878/1529
f 855/855/1530 914/914/1530 915/915/1530
f 771/771/1531 916/916/1531 917/917/1531
f 918/918/1532 827/827/1532 919/919/1532
f 920/920/1533 627/627/1533 459/459/1533
f 921/921/1534 922/922/1534 923/923/1534
f 924/924/1535 810/810/1535 777/777/1535
f 859/859/1536 858/858/1536 925/925/1536
f 693/693/1537 452/452/1537 926/926/1537
f 927/927/1538 928/928/1538 929/929/1538
f 930/930/1539 927/927/1539 929/929/1539
f 602/602/1540 491/491/1540 601/601/1540
f 931/931/1541 932/932/1541 933/933/1541
f 801/801/1542 756/756/1542 934/934/1542
f 935/935/1543 936/936/1543 937/937/1543
f 938/938/1544 939/939/1544 940/940/1544
f 939/939/1545 941/941/1545 940/940/1545
f 939/939/1546 942/942/1546 941/941/1546
f 627/627/1547 479/479/1547 637/637/1547
f 943/943/1548 944/944/1549 945/945/1550
f 946/946/1551 932/932/1551 947/947/1551
f 948/948/1552 949/949/1552 950/950/1552
f 951/951/1553 952/952/1553 953/953/1553
f 479/479/1554 954/954/1554 719/719/1554
f 955/955/1555 822/822/1555 956/956/1555
f 479/479/1556 719/719/1556 740/740/1556
f 841/841/1557 843/843/1557 943/943/1557
f 957/957/1558 958/958/1558 959/959/1558
f 960/960/1559 739/739/1559 961/961/1559
f 962/962/1560 737/737/1560 427/427/1560
f 719/719/1561 480/480/1561 740/740/1561
f 963/963/1562 964/964/1562 965/965/1562
f 966/966/1563 967/967/1563 968/968/1563
f 969/969/1564 970/970/1564 971/971/1564
f 751/751/1565 753/753/1565 972/972/1565
f 716/716/1566 742/742/1566 973/973/1566
f 974/974/1567 975/975/1567 976/976/1567
f 970/970/1568 977/977/1568 971/971/1568
f 844/844/1569 978/978/1569 808/808/1569
f 979/979/1570 980/980/1570 981/981/1570
f 981/981/1571 980/980/1571 982/982/1571
f 981/981/1572 982/982/1572 983/983/1572
f 768/768/1573 761/761/1574 769/769/1575
f 960/960/1576 961/961/1576 984/984/1576
f 699/699/1577 721/721/1577 985/985/1577
f 986/986/1578 987/987/1578 988/988/1578
f 989/989/1579 990/990/1579 991/991/1579
f 988/988/1580 987/987/1580 992/992/1580
f 781/781/1581 993/993/1581 927/927/1581
f 495/495/1582 356/356/1582 722/722/1582
f 994/994/1583 990/990/1583 995/995/1583
f 996/996/1584 977/977/1584 997/997/1584
f 998/998/1585 784/784/1585 782/782/1585
f 999/999/1586 1000/1000/1586 1001/1001/1586
f 1002/1002/1587 981/981/1587 1003/1003/1587
f 1004/1004/1588 1005/1005/1588 1003/1003/1588
f 902/902/1589 738/738/1589 732/732/1589
f 990/990/1590 1006/1006/1590 991/991/1590
f 1007/1007/1591 1008/1008/1591 1009/1009/1591
f 1010/1010/1592 818/818/1592 817/817/1592
f 1011/1011/1593 1012/1012/1593 1013/1013/1593
f 1012/1012/1594 1011/1011/1594 1014/1014/1594
f 1015/1015/1595 887/887/1595 1016/1016/1595
f 991/991/1596 1006/1006/1596 1017/1017/1596
f 983/983/1597 1018/1018/1597 1019/1019/1597
f 1020/1020/1598 1021/1021/1598 942/942/1598
f 1022/1022/1599 1023/1023/1599 1024/1024/1599
f 840/840/1600 1025/1025/1600 785/785/1600
f 840/840/1601 785/785/1601 839/839/1601
f 1026/1026/1602 991/991/1602 1017/1017/1602
f 954/954/1603 1027/1027/1603 719/719/1603
f 719/719/1604 1027/1027/1604 1028/1028/1604
f 1029/1029/1605 1030/1030/1605 1031/1031/1605
f 1032/1032/1606 1011/1011/1606 1013/1013/1606
f 741/741/1607 1028/1028/1607 1033/1033/1607
f 678/678/1608 704/704/1608 1034/1034/1608
f 1030/1030/1609 1035/1035/1609 1036/1036/1609
f 1037/1037/1610 1038/1038/1610 1039/1039/1610
f 707/707/1611 678/678/1611 1034/1034/1611
f 813/813/1612 802/802/1612 1040/1040/1612
f 1038/1038/1613 1037/1037/1613 952/952/1613
f 960/960/1614 1041/1041/1614 987/987/1614
f 722/722/1615 1038/1038/1615 952/952/1615
f 1042/1042/1616 1022/1022/1616 1043/1043/1616
f 1044/1044/1617 1045/1045/1617 1046/1046/1617
f 722/722/1618 952/952/1618 495/495/1618
f 1014/1014/1619 1011/1011/1619 1047/1047/1619
f 1048/1048/1620 831/831/1620 830/830/1620
f 1017/1017/1621 1006/1006/1621 765/765/1621
f 951/951/1622 973/973/1622 742/742/1622
f 1006/1006/1623 1049/1049/1623 765/765/1623
f 961/961/1624 699/699/1624 1050/1050/1624
f 1051/1051/1625 1052/1052/1625 1053/1053/1625
f 1053/1053/1626 1052/1052/1626 1007/1007/1626
f 1007/1007/1627 1002/1002/1627 1054/1054/1627
f 1013/1013/1628 1055/1055/1628 1056/1056/1628
f 755/755/1629 754/754/1629 907/907/1629
f 1057/1057/1630 755/755/1631 906/906/1632
f 604/604/1633 658/658/1633 1058/1058/1633
f 370/370/1634 1059/1059/1634 1060/1060/1634
f 1061/1061/1635 764/764/1635 766/766/1635
f 819/819/1636 789/789/1636 815/815/1636
f 982/982/1637 1060/1060/1637 1062/1062/1637
f 886/886/1638 885/885/1638 1063/1063/1638
f 794/794/1639 886/886/1639 1063/1063/1639
f 662/662/1640 693/693/1640 926/926/1640
f 877/877/1641 876/876/1641 888/888/1641
f 877/877/1642 888/888/1642 1064/1064/1642
f 980/980/1643 1060/1060/1643 982/982/1643
f 1065/1065/1644 1066/1066/1644 1067/1067/1644
f 1068/1068/1645 1069/1069/1645 1070/1070/1645
f 888/888/1646 889/889/1646 1071/1071/1646
f 889/889/1647 1072/1072/1647 1071/1071/1647
f 1073/1073/1648 1074/1074/1648 1075/1075/1648
f 704/704/1649 1015/1015/1649 1000/1000/1649
f 1076/1076/1650 1077/1077/1650 744/744/1650
f 1078/1078/1651 1079/1079/1651 812/812/1651
f 832/832/1652 834/834/1652 1080/1080/1652
f 1081/1081/1653 809/809/1653 1082/1082/1653
f 809/809/1654 1081/1081/1654 851/851/1654
f 1083/1083/1655 1084/1084/1655 783/783/1655
f 561/561/1656 665/665/1656 727/727/1656
f 1084/1084/1657 796/796/1657 1044/1044/1657
f 1085/1085/1658 992/992/1658 1086/1086/1658
f 1087/1087/1659 823/823/1659 1088/1088/1659
f 749/749/1660 1076/1076/1660 744/744/1660
f 1089/1089/1661 852/852/1661 851/851/1661
f 1090/1090/1662 1091/1091/1662 1092/1092/1662
f 1086/1086/1663 1093/1093/1663 891/891/1663
f 796/796/1664 798/798/1664 1045/1045/1664
f 1023/1023/1665 1094/1094/1665 1024/1024/1665
f 777/777/1666 778/778/1666 1095/1095/1666
f 1077/1077/1667 1076/1076/1667 830/830/1667
f 811/811/1668 1096/1096/1668 1097/1097/1668
f 1098/1098/1669 836/836/1669 849/849/1669
f 306/306/1670 1032/1032/1670 1099/1099/1670
f 1100/1100/1671 1101/1101/1671 1102/1102/1671
f 929/929/1672 928/928/1672 1103/1103/1672
f 770/770/1673 1087/1087/1673 1090/1090/1673
f 850/850/1674 1104/1104/1674 856/856/1674
f 1105/1105/1675 1106/1106/1675 1107/1107/1675
f 1104/1104/1676 1108/1108/1676 1109/1109/1676
f 1110/1110/1677 540/540/1677 1111/1111/1677
f 795/795/1678 863/863/1678 1112/1112/1678
f 945/945/1679 1113/1113/1679 943/943/1679
f 998/998/1680 1114/1114/1680 791/791/1680
f 1115/1115/1681 795/795/1681 921/921/1681
f 755/755/1682 662/662/1682 1116/1116/1682
f 805/805/1683 1115/1115/1683 923/923/1683
f 870/870/1684 874/874/1684 1117/1117/1684
f 843/843/1685 1118/1118/1685 943/943/1685
f 371/371/1686 363/363/1686 1119/1119/1686
f 805/805/1687 923/923/1687 867/867/1687
f 1120/1120/1688 857/857/1688 1121/1121/1688
f 899/899/1689 1122/1122/1689 900/900/1689
f 893/893/1690 1123/1123/1690 762/762/1690
f 937/937/1691 936/936/1691 1124/1124/1691
f 936/936/1692 1125/1125/1692 1126/1126/1692
f 663/663/1693 1127/1127/1693 1128/1128/1693
f 936/936/1694 1126/1126/1695 1129/1129/1696
f 752/752/1697 881/881/1697 883/883/1697
f 1130/1130/1698 1131/1131/1698 1132/1132/1698
f 1132/1132/1699 1131/1131/1699 1133/1133/1699
f 861/861/1700 1134/1134/1700 1135/1135/1700
f 590/590/1701 770/770/1701 1136/1136/1701
f 1137/1137/1702 868/868/1702 1138/1138/1702
f 1139/1139/1703 727/727/1703 1140/1140/1703
f 922/922/1704 921/921/1704 1112/1112/1704
f 1141/1141/1705 857/857/1705 1108/1108/1705
f 593/593/1706 1142/1142/1706 909/909/1706
f 909/909/1707 1142/1142/1707 910/910/1707
f 844/844/1708 808/808/1708 845/845/1708
f 1074/1074/1709 1128/1128/1709 745/745/1709
f 1143/1143/1710 883/883/1710 907/907/1710
f 1144/1144/1711 918/918/1711 919/919/1711
f 907/907/1712 883/883/1712 908/908/1712
f 993/993/1713 928/928/1713 927/927/1713
f 1142/1142/1714 1145/1145/1715 910/910/1716
f 781/781/1717 927/927/1717 930/930/1717
f 906/906/1718 1146/1146/1718 1147/1147/1718
f 746/746/1719 750/750/1719 712/712/1719
f 602/602/1720 881/881/1721 752/752/1722
f 444/444/1723 712/712/1723 749/749/1723
f 1148/1148/1724 788/788/1724 1149/1149/1724
f 1150/1150/1725 491/491/1725 925/925/1725
f 788/788/1726 1151/1151/1726 789/789/1726
f 806/806/1727 1152/1152/1727 1131/1131/1727
f 1153/1153/1728 1009/1009/1728 1154/1154/1728
f 1146/1146/1729 912/912/1729 1147/1147/1729
f 947/947/1730 1149/1149/1730 1155/1155/1730
f 759/759/1731 574/574/1731 760/760/1731
f 574/574/1732 351/351/1732 760/760/1732
f 733/733/1733 551/551/1733 847/847/1733
f 940/940/1734 941/941/1734 1156/1156/1734
f 878/878/1735 880/880/1735 1157/1157/1735
f 1158/1158/1736 940/940/1736 1156/1156/1736
f 847/847/1737 705/705/1737 734/734/1737
f 1159/1159/1738 959/959/1738 995/995/1738
f 1160/1160/1739 853/853/1740 1161/1161/1741
f 902/902/1742 928/928/1742 993/993/1742
f 371/371/1502 1119/1119/1743 869/869/1503
f 896/896/1744 894/894/1744 1162/1162/1744
f 1163/1163/1745 780/780/1745 784/784/1745
f 731/731/1746 884/884/1746 770/770/1746
f 1164/1164/1747 1165/1165/1747 989/989/1747
f 738/738/1748 903/903/1748 1166/1166/1748
f 990/990/1749 1159/1159/1749 995/995/1749
f 934/934/1750 1167/1167/1750 1152/1152/1750
f 1168/1168/1751 1169/1169/1751 1170/1170/1751
f 1171/1171/1752 1168/1168/1752 1170/1170/1752
f 1027/1027/1753 1172/1172/1753 1173/1173/1753
f 427/427/1754 269/269/1754 962/962/1754
f 756/756/1755 1174/1174/1755 934/934/1755
f 423/423/1756 966/966/1756 503/503/1756
f 934/934/1757 1174/1174/1757 1167/1167/1757
f 269/269/1758 503/503/1758 962/962/1758
f 990/990/1759 1175/1175/1759 1006/1006/1759
f 694/694/1760 1176/1176/1760 956/956/1760
f 1177/1177/1761 840/840/1761 838/838/1761
f 1020/1020/1762 1164/1164/1762 1021/1021/1762
f 872/872/1763 1178/1178/1763 1179/1179/1763
f 1179/1179/1764 1178/1178/1764 1180/1180/1764
f 1181/1181/1765 942/942/1765 1021/1021/1765
f 1054/1054/1766 1182/1182/1766 1078/1078/1766
f 872/872/1767 1179/1179/1767 874/874/1767
f 1178/1178/1768 877/877/1768 1180/1180/1768
f 1026/1026/1769 1183/1183/1769 1184/1184/1769
f 1026/1026/1770 1184/1184/1770 1185/1185/1770
f 953/953/1771 976/976/1771 1186/1186/1771
f 1037/1037/1772 1187/1187/1772 1188/1188/1772
f 1189/1189/1773 1037/1037/1773 1188/1188/1773
f 1145/1145/1774 858/858/1774 1141/1141/1774
f 1190/1190/1775 1191/1191/1775 1192/1192/1775
f 1050/1050/1776 971/971/1776 1041/1041/1776
f 952/952/1777 1193/1193/1777 976/976/1777
f 479/479/1778 1194/1194/1778 954/954/1778
f 1026/1026/1779 1017/1017/1779 1195/1195/1779
f 952/952/1780 976/976/1780 953/953/1780
f 627/627/1781 1194/1194/1781 479/479/1781
f 1183/1183/1782 1026/1026/1782 1195/1195/1782
f 1183/1183/1783 1195/1195/1783 1196/1196/1783
f 1197/1197/1784 951/951/1784 1160/1160/1784
f 1050/1050/1785 969/969/1785 971/971/1785
f 1198/1198/1786 847/847/1786 734/734/1786
f 783/783/1787 1084/1084/1787 1044/1044/1787
f 1195/1195/1788 1017/1017/1788 765/765/1788
f 817/817/1789 819/819/1789 815/815/1789
f 887/887/1790 1042/1042/1790 1016/1016/1790
f 1199/1199/1791 979/979/1791 997/997/1791
f 1042/1042/1792 1043/1043/1792 1016/1016/1792
f 736/736/1793 1200/1200/1793 1201/1201/1793
f 765/765/1794 764/764/1794 1195/1195/1794
f 810/810/1795 924/924/1795 1045/1045/1795
f 924/924/1796 777/777/1796 1095/1095/1796
f 1035/1035/1797 1202/1202/1797 1036/1036/1797
f 1203/1203/1798 764/764/1798 1061/1061/1798
f 826/826/1799 1204/1204/1799 1205/1205/1799
f 827/827/1800 1067/1067/1800 828/828/1800
f 1206/1206/1801 1204/1204/1801 1207/1207/1801
f 1206/1206/1802 1205/1205/1802 1204/1204/1802
f 722/722/1803 646/646/1803 1038/1038/1803
f 1031/1031/1804 1191/1191/1804 1208/1208/1804
f 1209/1209/1805 1210/1210/1805 841/841/1805
f 1191/1191/1806 1030/1030/1806 1036/1036/1806
f 1211/1211/1807 1022/1022/1807 1042/1042/1807
f 1212/1212/1808 999/999/1808 1055/1055/1808
f 1213/1213/1809 998/998/1809 791/791/1809
f 1005/1005/1810 1031/1031/1810 1208/1208/1810
f 985/985/1811 721/721/1811 700/700/1811
f 943/943/1812 1113/1113/1812 1214/1214/1812
f 1215/1215/1813 1216/1216/1813 1056/1056/1813
f 1085/1085/1814 766/766/1814 988/988/1814
f 1019/1019/1815 1018/1018/1815 1029/1029/1815
f 834/834/1816 833/833/1816 865/865/1816
f 1113/1113/1817 937/937/1817 1214/1214/1817
f 370/370/1818 278/278/1818 1217/1217/1818
f 834/834/1819 865/865/1819 1218/1218/1819
f 949/949/1820 948/948/1820 1219/1219/1820
f 447/447/1821 896/896/1821 895/895/1821
f 1024/1024/1822 1094/1094/1822 1022/1022/1822
f 1220/1220/1823 1100/1100/1823 1221/1221/1823
f 1222/1222/1824 950/950/1824 1223/1223/1824
f 779/779/1825 1083/1083/1825 783/783/1825
f 1222/1222/1826 1223/1223/1826 1130/1130/1826
f 738/738/1827 902/902/1827 903/903/1827
f 1224/1224/1828 1093/1093/1828 1225/1225/1828
f 244/244/1829 702/702/1829 1226/1226/1829
f 1227/1227/1830 1097/1097/1830 1225/1225/1830
f 1105/1105/1831 1107/1107/1831 1228/1228/1831
f 954/954/1832 1194/1194/1832 1229/1229/1832
f 716/716/1833 973/973/1833 723/723/1833
f 1174/1174/1834 1116/1116/1834 926/926/1834
f 1107/1107/1835 1230/1230/1835 890/890/1835
f 1230/1230/1836 891/891/1836 890/890/1836
f 452/452/1837 694/694/1837 1231/1231/1837
f 963/963/1838 965/965/1838 1232/1232/1838
f 1224/1224/1839 898/898/1839 900/900/1839
f 1129/1129/1696 1126/1126/1695 751/751/1840
f 778/778/1841 744/744/1841 829/829/1841
f 837/837/1842 787/787/1842 978/978/1842
f 954/954/1843 1229/1229/1843 1027/1027/1843
f 906/906/1844 1069/1069/1844 757/757/1844
f 795/795/1845 1112/1112/1845 921/921/1845
f 1122/1122/1846 1233/1233/1846 1234/1234/1846
f 751/751/1847 972/972/1847 1235/1235/1847
f 923/923/1848 1115/1115/1848 921/921/1848
f 1033/1033/1849 1187/1187/1849 1037/1037/1849
f 849/849/1850 848/848/1850 1098/1098/1850
f 1033/1033/1851 1037/1037/1851 1039/1039/1851
f 767/767/1852 769/769/1852 928/928/1852
f 1075/1075/1853 1074/1074/1853 1236/1236/1853
f 1074/1074/1854 758/758/1854 1236/1236/1854
f 1112/1112/1855 863/863/1855 862/862/1855
f 923/923/1856 922/922/1856 1138/1138/1856
f 658/658/1857 707/707/1857 1058/1058/1857
f 1237/1237/1858 998/998/1858 1213/1213/1858
f 1233/1233/1859 1137/1137/1859 1238/1238/1859
f 1097/1097/1860 1009/1009/1860 1008/1008/1860
f 1110/1110/1861 305/305/1861 540/540/1861
f 949/949/1862 800/800/1862 799/799/1862
f 932/932/1863 1239/1239/1863 947/947/1863
f 1152/1152/1864 1240/1240/1864 1131/1131/1864
f 1133/1133/1865 1240/1240/1865 821/821/1865
f 1241/1241/1866 821/821/1866 1242/1242/1866
f 1063/1063/1867 1161/1161/1867 1243/1243/1867
f 969/969/1868 985/985/1868 970/970/1868
f 1244/1244/1869 1243/1243/1869 863/863/1869
f 820/820/1870 1245/1245/1870 964/964/1870
f 1149/1149/1871 947/947/1871 1148/1148/1871
f 773/773/1872 760/760/1872 714/714/1872
f 1059/1059/1873 1217/1217/1873 1062/1062/1873
f 1246/1246/1874 1245/1245/1874 1247/1247/1874
f 520/520/1875 329/329/1875 1139/1139/1875
f 1248/1248/1876 793/793/1876 795/795/1876
f 785/785/1877 1237/1237/1877 1213/1213/1877
f 1139/1139/1878 329/329/1878 727/727/1878
f 879/879/1879 913/913/1879 882/882/1879
f 941/941/1880 942/942/1880 1181/1181/1880
f 985/985/1881 1226/1226/1881 970/970/1881
f 980/980/1882 979/979/1882 1226/1226/1882
f 883/883/1883 882/882/1883 908/908/1883
f 791/791/1884 940/940/1884 1249/1249/1884
f 846/846/1885 845/845/1885 1250/1250/1885
f 1251/1251/1886 1044/1044/1886 1046/1046/1886
f 846/846/1887 1250/1250/1887 1252/1252/1887
f 723/723/1888 973/973/1888 1197/1197/1888
f 972/972/1889 883/883/1889 1143/1143/1889
f 831/831/1890 1253/1253/1890 829/829/1890
f 1247/1247/1891 960/960/1891 987/987/1891
f 1170/1170/1892 1169/1169/1892 1010/1010/1892
f 704/704/1893 999/999/1893 1212/1212/1893
f 1254/1254/1894 1143/1143/1894 907/907/1894
f 728/728/1895 562/562/1895 713/713/1895
f 1170/1170/1896 1010/1010/1896 817/817/1896
f 1255/1255/1897 1212/1212/1897 1014/1014/1897
f 1146/1146/1898 906/906/1898 908/908/1898
f 849/849/1899 836/836/1899 850/850/1899
f 278/278/1900 1256/1256/1900 1217/1217/1900
f 278/278/1901 1023/1023/1901 1256/1256/1901
f 989/989/1902 991/991/1902 1185/1185/1902
f 1180/1180/1903 877/877/1903 1257/1257/1903
f 836/836/1904 1258/1258/1904 850/850/1904
f 714/714/1905 353/353/1905 772/772/1905
f 1054/1054/1906 1078/1078/1906 812/812/1906
f 1026/1026/1907 1185/1185/1907 991/991/1907
f 877/877/1908 1064/1064/1908 1257/1257/1908
f 1146/1146/1909 908/908/1909 912/912/1909
f 363/363/1910 581/581/1910 1119/1119/1910
f 1064/1064/1911 888/888/1911 1071/1071/1911
f 1184/1184/1912 1021/1021/1912 1164/1164/1912
f 1216/1216/1913 306/306/1913 1056/1056/1913
f 1056/1056/1914 306/306/1914 1099/1099/1914
f 1259/1259/1915 1144/1144/1915 1260/1260/1915
f 1261/1261/1916 1219/1219/1916 1262/1262/1916
f 859/859/1917 925/925/1917 602/602/1917
f 1192/1192/1918 793/793/1918 1190/1190/1918
f 1261/1261/1919 1064/1064/1920 1071/1071/1921
f 1206/1206/1922 1207/1207/1922 1260/1260/1922
f 835/835/1923 1263/1263/1923 1092/1092/1923
f 1172/1172/1924 998/998/1924 1173/1173/1924
f 794/794/1925 1063/1063/1925 1244/1244/1925
f 1263/1263/1926 835/835/1927 1118/1118/1928
f 471/471/1929 731/731/1929 770/770/1929
f 1261/1261/1919 1071/1071/1921 1219/1219/1930
f 756/756/1931 801/801/1931 754/754/1931
f 1121/1121/1932 602/602/1932 752/752/1932
f 590/590/1933 905/905/1933 589/589/1933
f 1072/1072/1934 1219/1219/1934 1071/1071/1934
f 662/662/1935 755/755/1935 1057/1057/1935
f 1264/1264/1936 1184/1184/1936 1183/1183/1936
f 1151/1151/1937 1265/1265/1937 814/814/1937
f 322/322/1938 1057/1057/1938 757/757/1938
f 1076/1076/1939 917/917/1939 830/830/1939
f 1127/1127/1940 663/663/1940 757/757/1940
f 593/593/702 909/909/1941 591/591/700
f 1266/1266/1942 1196/1196/1942 1267/1267/1942
f 814/814/1943 1265/1265/1943 1268/1268/1943
f 1139/1139/1944 1070/1070/1944 1269/1269/1944
f 816/816/1945 814/814/1945 1268/1268/1945
f 1147/1147/1946 1270/1270/1946 1269/1269/1946
f 1147/1147/1947 1269/1269/1947 1070/1070/1947
f 1271/1271/1948 1177/1177/1948 837/837/1948
f 763/763/1949 1117/1117/1949 1272/1272/1949
f 817/817/1950 815/815/1950 1273/1273/1950
f 896/896/1951 1162/1162/1951 897/897/1951
f 895/895/1952 897/897/1952 901/901/1952
f 1267/1267/1953 1196/1196/1953 1203/1203/1953
f 769/769/1954 763/763/1954 1272/1272/1954
f 1274/1274/1955 1140/1140/1955 727/727/1955
f 910/910/1716 1145/1145/1715 1275/1275/1956
f 1128/1128/1957 1127/1127/1957 1274/1274/1957
f 1276/1276/1958 1210/1210/1958 870/870/1958
f 1267/1267/1959 1203/1203/1959 1277/1277/1959
f 1195/1195/1960 764/764/1960 1203/1203/1960
f 738/738/1961 1166/1166/1961 1163/1163/1961
f 1163/1163/1962 1172/1172/1962 1278/1278/1962
f 785/785/1963 1213/1213/1963 791/791/1963
f 1279/1279/1964 943/943/1964 1214/1214/1964
f 1277/1277/1965 1203/1203/1965 1061/1061/1965
f 984/984/1966 1050/1050/1966 1041/1041/1966
f 787/787/1967 786/786/1967 1080/1080/1967
f 971/971/1968 996/996/1968 1041/1041/1968
f 791/791/1969 1249/1249/1969 792/792/1969
f 1051/1051/1970 996/996/1970 997/997/1970
f 1214/1214/1971 937/937/1971 1280/1280/1971
f 681/681/1972 735/735/1972 734/734/1972
f 787/787/1973 1080/1080/1973 808/808/1973
f 1117/1117/1974 874/874/1974 1272/1272/1974
f 1081/1081/1975 1082/1082/1975 1281/1281/1975
f 736/736/1976 1282/1282/1976 680/680/1976
f 1176/1176/1977 739/739/1977 960/960/1977
f 807/807/1978 1089/1089/1978 1283/1283/1978
f 680/680/1979 258/258/1979 736/736/1979
f 1028/1028/1980 1027/1027/1980 1025/1025/1980
f 1284/1284/1981 1028/1028/1981 1025/1025/1981
f 887/887/1982 1197/1197/1982 885/885/1982
f 353/353/1983 744/744/1983 778/778/1983
f 737/737/1984 1200/1200/1984 736/736/1984
f 936/936/1985 1129/1129/1985 1124/1124/1985
f 1035/1035/1986 1211/1211/1986 1202/1202/1986
f 1262/1262/1987 1219/1219/1987 948/948/1987
f 865/865/1988 1100/1100/1988 1220/1220/1988
f 1085/1085/1989 988/988/1989 992/992/1989
f 1031/1031/1990 1030/1030/1990 1191/1191/1990
f 1221/1221/1991 1100/1100/1991 1102/1102/1991
f 1086/1086/1992 891/891/1992 1085/1085/1992
f 1101/1101/1993 1105/1105/1993 1102/1102/1993
f 1235/1235/1994 972/972/1994 1254/1254/1994
f 1225/1225/1995 1093/1093/1995 1227/1227/1995
f 1241/1241/1996 963/963/1996 1232/1232/1996
f 621/621/1997 622/622/1997 880/880/1997
f 1132/1132/1998 1133/1133/1998 1241/1241/1998
f 1225/1225/1999 1097/1097/1999 1096/1096/1999
f 890/890/2000 892/892/2000 1285/1285/2000
f 983/983/2001 1019/1019/2001 1004/1004/2001
f 1055/1055/2002 1001/1001/2002 1215/1215/2002
f 535/535/2003 696/696/2003 894/894/2003
f 782/782/2004 781/781/2004 930/930/2004
f 535/535/2005 896/896/2005 447/447/2005
f 836/836/2006 591/591/2006 909/909/2006
f 973/973/2007 951/951/2007 1197/1197/2007
f 689/689/2008 902/902/2008 732/732/2008
f 1145/1145/2009 1141/1141/2009 1275/1275/2009
f 1286/1286/2010 866/866/2010 1287/1287/2010
f 868/868/2011 867/867/2011 923/923/2011
f 797/797/2012 796/796/2012 1084/1084/2012
f 738/738/2013 920/920/2013 459/459/2013
f 1252/1252/2014 1250/1250/2014 1288/1288/2014
f 1134/1134/2015 915/915/2015 914/914/2015
f 920/920/2016 1194/1194/2016 627/627/2016
f 1135/1135/2017 1289/1289/2017 1290/1290/2017
f 1291/1291/2018 1290/1290/2018 1289/1289/2018
f 925/925/2019 491/491/2019 602/602/2019
f 1242/1242/2020 821/821/2020 820/820/2020
f 992/992/2021 987/987/2021 1292/1292/2021
f 1292/1292/2022 1153/1153/2022 1093/1093/2022
f 1137/1137/2023 1138/1138/2023 1293/1293/2023
f 1012/1012/2024 1055/1055/2024 1013/1013/2024
f 1097/1097/2025 1154/1154/2025 1009/1009/2025
f 1294/1294/2026 1233/1233/2026 1238/1238/2026
f 1238/1238/2027 1137/1137/2027 1295/1295/2027
f 1008/1008/2028 812/812/2028 811/811/2028
f 1018/1018/2029 1256/1256/2029 1029/1029/2029
f 1290/1290/2030 1291/1291/2030 1296/1296/2030
f 1091/1091/2031 1090/1090/2031 1088/1088/2031
f 932/932/2032 931/931/2032 1239/1239/2032
f 1211/1211/2033 1023/1023/2033 1022/1022/2033
f 1282/1282/2034 736/736/2034 1201/1201/2034
f 1297/1297/2035 1022/1022/2035 1094/1094/2035
f 835/835/2036 836/836/2036 944/944/2036
f 1243/1243/2037 860/860/2037 863/863/2037
f 1298/1298/2038 1297/1297/2038 1216/1216/2038
f 1201/1201/2039 967/967/2039 1299/1299/2039
f 848/848/2040 856/856/2040 1300/1300/2040
f 967/967/2041 1201/1201/2041 968/968/2041
f 1053/1053/2042 1007/1007/2042 1009/1009/2042
f 962/962/2043 966/966/2043 968/968/2043
f 699/699/2044 985/985/2044 969/969/2044
f 879/879/1511 1198/1198/2045 880/880/1512
f 827/827/2046 826/826/2046 919/919/2046
f 1120/1120/2047 1104/1104/2047 1109/1109/2047
f 494/494/2048 495/495/2048 742/742/2048
f 1206/1206/2049 919/919/2049 1205/1205/2049
f 1301/1301/2050 1170/1170/2050 817/817/2050
f 724/724/2051 675/675/2051 1302/1302/2051
f 940/940/2052 1158/1158/2052 1249/1249/2052
f 370/370/2053 1060/1060/2053 743/743/2053
f 1118/1118/2054 835/835/2054 944/944/2054
f 894/894/2055 1302/1302/2055 893/893/2055
f 1164/1164/2056 989/989/2056 1185/1185/2056
f 874/874/2057 1179/1179/2057 1303/1303/2057
f 700/700/2058 244/244/2058 1304/1304/2058
f 688/688/2059 447/447/2059 895/895/2059
f 1190/1190/2060 804/804/2060 1305/1305/2060
f 702/702/2061 502/502/2061 1226/1226/2061
f 752/752/2062 883/883/2062 753/753/2062
f 1079/1079/2063 1305/1305/2063 1306/1306/2063
f 1194/1194/2064 1278/1278/2064 1229/1229/2064
f 1179/1179/2065 1307/1307/2065 1303/1303/2065
f 882/882/2066 913/913/2066 908/908/2066
f 1164/1164/2067 1185/1185/2067 1184/1184/2067
f 1021/1021/2068 1264/1264/2068 1181/1181/2068
f 1021/1021/2069 1184/1184/2069 1264/1264/2069
f 1034/1034/2070 704/704/2070 1212/1212/2070
f 1064/1064/2071 1261/1261/2071 1308/1308/2071
f 452/452/2072 1167/1167/2072 1174/1174/2072
f 941/941/2073 1181/1181/2073 1156/1156/2073
f 1181/1181/2074 1266/1266/2074 1156/1156/2074
f 1083/1083/2075 779/779/2075 797/797/2075
f 797/797/2076 779/779/2076 772/772/2076
f 278/278/2077 279/279/2077 654/654/2077
f 789/789/2078 1151/1151/2078 814/814/2078
f 1210/1210/2079 1209/1209/2080 871/871/2081
f 779/779/2082 773/773/2082 772/772/2082
f 304/304/2083 306/306/2083 1216/1216/2083
f 815/815/2084 816/816/2084 1273/1273/2084
f 1264/1264/2085 1183/1183/2085 1196/1196/2085
f 1309/1309/2086 1065/1065/2086 1310/1310/2086
f 1311/1311/2087 816/816/2087 1268/1268/2087
f 762/762/2088 1123/1123/2088 1276/1276/2088
f 816/816/2089 1311/1311/2089 1273/1273/2089
f 1037/1037/2090 1193/1193/2090 952/952/2090
f 1136/1136/2091 770/770/2091 1090/1090/2091
f 1312/1312/2092 769/769/2092 1272/1272/2092
f 1209/1209/2093 841/841/2093 943/943/2093
f 897/897/2094 768/768/2094 767/767/2094
f 901/901/2095 897/897/2095 928/928/2095
f 817/817/2096 1273/1273/2096 1301/1301/2096
f 930/930/2097 929/929/2097 939/939/2097
f 937/937/2098 1124/1124/2098 1280/1280/2098
f 904/904/2099 993/993/2099 1166/1166/2099
f 780/780/2100 1166/1166/2100 993/993/2100
f 998/998/2101 1172/1172/2101 1163/1163/2101
f 742/742/2102 495/495/2102 951/951/2102
f 842/842/2103 1263/1263/1926 1118/1118/1928
f 930/930/2104 938/938/2104 940/940/2104
f 842/842/2105 1313/1313/2105 1123/1123/2105
f 1114/1114/2106 940/940/2106 791/791/2106
f 1280/1280/2107 1124/1124/2107 889/889/2107
f 1124/1124/2108 1129/1129/2108 1314/1314/2108
f 1195/1195/2109 1203/1203/2109 1196/1196/2109
f 1204/1204/2110 826/826/2110 828/828/2110
f 1060/1060/2111 1059/1059/2111 1062/1062/2111
f 822/822/2112 955/955/2112 1245/1245/2112
f 1082/1082/2113 1080/1080/2113 834/834/2113
f 1080/1080/2114 786/786/2114 792/792/2114
f 1226/1226/2115 977/977/2115 970/970/2115
f 727/727/2116 665/665/2116 1274/1274/2116
f 1199/1199/2117 977/977/2117 1226/1226/2117
f 1274/1274/2118 665/665/2118 745/745/2118
f 1308/1308/2119 1261/1261/2119 1262/1262/2119
f 851/851/2120 1081/1081/2120 1281/1281/2120
f 745/745/2121 728/728/2121 1315/1315/2121
f 1250/1250/2122 1283/1283/2122 1089/1089/2122
f 859/859/2123 602/602/2123 1121/1121/2123
f 1262/1262/2124 948/948/2124 1316/1316/2124
f 1317/1317/2125 1318/1318/2125 1319/1319/2125
f 950/950/2126 1222/1222/2126 948/948/2126
f 1320/1320/2127 1317/1317/2127 1321/1321/2127
f 1061/1061/2128 766/766/2128 1085/1085/2128
f 881/881/2129 733/733/2129 879/879/2129
f 799/799/2130 806/806/2130 1223/1223/2130
f 891/891/2131 1093/1093/2131 892/892/2131
f 1157/1157/2132 1270/1270/2132 878/878/2132
f 1297/1297/2133 304/304/2133 1216/1216/2133
f 1002/1002/2134 1003/1003/2134 1005/1005/2134
f 762/762/2135 1162/1162/2135 894/894/2135
f 845/845/2136 808/808/2136 807/807/2136
f 1322/1322/2137 1224/1224/2137 1323/1323/2137
f 845/845/2138 807/807/2138 1283/1283/2138
f 1250/1250/2139 845/845/2139 1283/1283/2139
f 1161/1161/2140 1134/1134/2140 860/860/2140
f 1042/1042/2141 887/887/2141 886/886/2141
f 1202/1202/2142 1211/1211/2142 1192/1192/2142
f 914/914/2143 1320/1320/2143 1321/1321/2143
f 1058/1058/2144 1255/1255/2144 1047/1047/2144
f 1111/1111/2145 1058/1058/2145 1047/1047/2145
f 1287/1287/2146 866/866/2146 868/868/2146
f 1134/1134/2147 914/914/2147 1135/1135/2147
f 1086/1086/2148 1292/1292/2148 1093/1093/2148
f 1247/1247/2149 987/987/2149 986/986/2149
f 1211/1211/2150 1042/1042/2150 794/794/2150
f 1042/1042/2151 886/886/2151 794/794/2151
f 822/822/2152 694/694/2152 956/956/2152
f 1041/1041/2153 1324/1324/2154 1153/1153/2155
f 1009/1009/2156 1051/1051/2156 1053/1053/2156
f 853/853/2157 1252/1252/2157 1288/1288/2157
f 1234/1234/2158 1233/1233/2158 1294/1294/2158
f 956/956/2159 1176/1176/2159 955/955/2159
f 1056/1056/2160 1055/1055/2160 1215/1215/2160
f 1161/1161/2161 853/853/2161 855/855/2161
f 1140/1140/2162 1068/1068/2162 1139/1139/2162
f 1007/1007/2163 1054/1054/2163 812/812/2163
f 1188/1188/2164 1187/1187/2164 840/840/2164
f 947/947/2165 1239/1239/2165 1148/1148/2165
f 1127/1127/2166 1140/1140/2166 1274/1274/2166
f 1189/1189/2167 1271/1271/2167 1193/1193/2167
f 1325/1325/2168 1326/1326/2168 1327/1327/2168
f 1248/1248/2169 795/795/2169 1328/1328/2169
f 1145/1145/2170 1150/1150/2170 858/858/2170
f 745/745/2171 1315/1315/2171 758/758/2171
f 1148/1148/2172 1329/1329/2172 788/788/2172
f 788/788/2173 1329/1329/2173 1151/1151/2173
f 811/811/2174 813/813/2174 1286/1286/2174
f 1286/1286/2175 813/813/2175 1040/1040/2175
f 750/750/2176 749/749/2176 712/712/2176
f 1040/1040/2177 802/802/2177 866/866/2177
f 866/866/2178 802/802/2178 867/867/2178
f 823/823/2179 1091/1091/2179 1088/1088/2179
f 812/812/2180 1079/1079/2180 1306/1306/2180
f 983/983/2181 1004/1004/2181 981/981/2181
f 916/916/2182 783/783/2183 1044/1044/2184
f 918/918/2185 1144/1144/2185 1330/1330/2185
f 1045/1045/2186 924/924/2186 1331/1331/2186
f 977/977/2187 1199/1199/2187 997/997/2187
f 422/422/2188 734/734/2188 1332/1332/2188
f 1144/1144/2189 919/919/2189 1206/1206/2189
f 836/836/2190 1098/1098/2190 944/944/2190
f 919/919/2191 826/826/2191 1205/1205/2191
f 884/884/2192 824/824/2192 1087/1087/2192
f 848/848/2193 1300/1300/2193 1098/1098/2193
f 423/423/2194 422/422/2194 1299/1299/2194
f 1210/1210/2079 871/871/2081 870/870/2195
f 905/905/2196 1136/1136/2196 1263/1263/2196
f 1307/1307/2197 1179/1179/2197 1180/1180/2197
f 1307/1307/2198 1180/1180/2198 1257/1257/2198
f 893/893/2199 905/905/2200 1263/1263/2201
f 962/962/2202 503/503/2202 966/966/2202
f 1198/1198/2203 422/422/2203 621/621/2203
f 875/875/2204 1214/1214/2204 1280/1280/2204
f 1256/1256/2205 1023/1023/2205 1035/1035/2205
f 1257/1257/2206 1064/1064/2206 1308/1308/2206
f 399/399/2207 591/591/2207 836/836/2207
f 1266/1266/2208 1181/1181/2208 1264/1264/2208
f 1019/1019/2209 1029/1029/2209 1031/1031/2209
f 909/909/2210 911/911/2210 836/836/2210
f 696/696/2211 724/724/2211 1302/1302/2211
f 911/911/2212 910/910/2212 1108/1108/2212
f 1302/1302/2213 894/894/2213 696/696/2213
f 910/910/2214 1275/1275/2214 1108/1108/2214
f 1266/1266/2215 1264/1264/2215 1196/1196/2215
f 1314/1314/2216 1129/1129/2216 751/751/2216
f 1333/1333/2217 1156/1156/2217 1266/1266/2217
f 1266/1266/2218 1267/1267/2218 1333/1333/2218
f 1267/1267/2219 1277/1277/2219 1333/1333/2219
f 1235/1235/2220 1254/1254/2220 1219/1219/2220
f 1333/1333/2221 1277/1277/2221 1334/1334/2221
f 755/755/2222 1116/1116/2222 756/756/2222
f 1301/1301/2223 1273/1273/2223 1327/1327/2223
f 1312/1312/2224 1272/1272/2224 1103/1103/2224
f 1277/1277/2225 1061/1061/2226 1335/1335/2227
f 1334/1334/2228 1277/1277/2225 1335/1335/2227
f 769/769/1575 761/761/1574 763/763/2229
f 926/926/2230 452/452/2230 1174/1174/2230
f 939/939/2231 929/929/2231 1020/1020/2231
f 913/913/2232 912/912/2232 908/908/2232
f 938/938/2233 930/930/2233 939/939/2233
f 808/808/2234 1080/1080/2234 809/809/2234
f 807/807/2235 809/809/2235 852/852/2235
f 1065/1065/2236 1327/1327/2236 1336/1336/2236
f 780/780/2237 993/993/2237 781/781/2237
f 1288/1288/2238 1250/1250/2238 1317/1317/2238
f 874/874/2239 1303/1303/2239 957/957/2239
f 1163/1163/2240 784/784/2240 998/998/2240
f 854/854/2241 1288/1288/2241 1320/1320/2241
f 719/719/2242 1028/1028/2242 741/741/2242
f 1223/1223/2243 806/806/2243 1131/1131/2243
f 1303/1303/2244 1307/1307/2244 957/957/2244
f 646/646/2245 741/741/2246 1039/1039/2247
f 646/646/2248 1039/1039/2248 1038/1038/2248
f 934/934/2249 1152/1152/2249 801/801/2249
f 1207/1207/2250 1204/1204/2250 828/828/2250
f 1133/1133/2251 821/821/2251 1241/1241/2251
f 1200/1200/2252 737/737/2252 962/962/2252
f 1167/1167/2253 1231/1231/2253 1240/1240/2253
f 1322/1322/2254 892/892/2254 1093/1093/2254
f 1322/1322/2255 1093/1093/2255 1224/1224/2255
f 779/779/2256 1075/1075/2256 1236/1236/2256
f 1231/1231/2257 822/822/2257 821/821/2257
f 965/965/2258 1247/1247/2258 986/986/2258
f 839/839/2259 785/785/2259 837/837/2259
f 758/758/2260 760/760/2260 773/773/2260
f 1089/1089/2261 1337/1337/2261 1317/1317/2261
f 698/698/2262 699/699/2262 961/961/2262
f 1270/1270/2263 622/622/2263 1269/1269/2263
f 854/854/2264 1320/1320/2264 855/855/2264
f 1338/1338/2265 837/837/2265 978/978/2265
f 1317/1317/2266 1319/1319/2266 1321/1321/2266
f 1302/1302/2267 675/675/2267 893/893/2267
f 1339/1339/2268 1218/1218/2268 1220/1220/2268
f 865/865/2269 1220/1220/2269 1218/1218/2269
f 1316/1316/2270 948/948/2270 1340/1340/2270
f 1222/1222/2271 1340/1340/2271 948/948/2271
f 1177/1177/2272 838/838/2272 837/837/2272
f 860/860/2273 1134/1134/2273 861/861/2273
f 688/688/2274 895/895/2274 902/902/2274
f 1087/1087/2275 824/824/2275 823/823/2275
f 1222/1222/2276 1130/1130/2276 1132/1132/2276
f 976/976/2277 975/975/2277 846/846/2277
f 1087/1087/2278 1088/1088/2278 1090/1090/2278
f 987/987/2279 1041/1041/2279 1292/1292/2279
f 1304/1304/2280 244/244/2280 1226/1226/2280
f 1324/1324/2281 1051/1051/2281 1009/1009/2281
f 1136/1136/2282 1090/1090/2282 1263/1263/2282
f 1096/1096/2283 1286/1286/2283 1137/1137/2283
f 1232/1232/2284 965/965/2284 766/766/2284
f 1224/1224/2285 900/900/2285 1323/1323/2285
f 766/766/2286 965/965/2286 986/986/2286
f 1160/1160/1739 1186/1186/2287 853/853/1740
f 704/704/1110 723/723/1109 1015/1015/2288
f 1301/1301/2289 1341/1341/2289 1171/1171/2289
f 885/885/2290 1160/1160/2290 1161/1161/2290
f 951/951/2291 953/953/2291 1186/1186/2291
f 803/803/2292 1305/1305/2292 804/804/2292
f 951/951/2293 1186/1186/2293 1160/1160/2293
f 803/803/2294 1306/1306/2294 1305/1305/2294
f 1248/1248/2295 1190/1190/2295 793/793/2295
f 1028/1028/2296 1284/1284/2296 1033/1033/2296
f 1187/1187/2297 1033/1033/2297 1284/1284/2297
f 707/707/2298 1034/1034/2298 1255/1255/2298
f 1326/1326/2299 1301/1301/2299 1327/1327/2299
f 1112/1112/2300 1290/1290/2300 1342/1342/2300
f 1190/1190/2301 1248/1248/2301 804/804/2301
f 850/850/2302 1258/1258/2302 1104/1104/2302
f 1258/1258/2303 1108/1108/2303 1104/1104/2303
f 1037/1037/2304 1189/1189/2304 1193/1193/2304
f 813/813/2305 812/812/2305 1306/1306/2305
f 1079/1079/2306 1208/1208/2306 1191/1191/2306
f 1108/1108/2307 857/857/2307 1109/1109/2307
f 654/654/2308 304/304/2308 1094/1094/2308
f 1192/1192/2309 1211/1211/2309 793/793/2309
f 857/857/2310 859/859/2310 1121/1121/2310
f 1153/1153/2311 1154/1154/2311 1093/1093/2311
f 1078/1078/2312 1005/1005/2312 1208/1208/2312
f 306/306/2313 725/725/2313 1032/1032/2313
f 830/830/2314 917/917/2314 1048/1048/2314
f 725/725/2315 305/305/2315 1110/1110/2315
f 698/698/2316 961/961/2316 739/739/2316
f 1044/1044/2317 796/796/2317 1045/1045/2317
f 1062/1062/2318 1217/1217/2318 1018/1018/2318
f 1243/1243/2319 1161/1161/2319 860/860/2319
f 1076/1076/2320 749/749/2320 917/917/2320
f 778/778/2321 829/829/2321 1095/1095/2321
f 322/322/2322 662/662/2322 1057/1057/2322
f 982/982/2323 1062/1062/2323 983/983/2323
f 878/878/2324 1270/1270/2324 912/912/2324
f 1279/1279/2325 1214/1214/2325 875/875/2325
f 1199/1199/2326 1226/1226/2326 979/979/2326
f 1343/1343/2327 1151/1151/2327 1329/1329/2327
f 875/875/2328 1280/1280/2328 876/876/2328
f 805/805/2329 1328/1328/2329 1115/1115/2329
f 1209/1209/2330 943/943/2330 1279/1279/2330
f 1209/1209/2331 1279/1279/2331 872/872/2331
f 1249/1249/2332 1158/1158/2333 1344/1344/2334
f 904/904/2335 902/902/2335 993/993/2335
f 1253/1253/2336 1048/1048/2336 1331/1331/2336
f 924/924/2337 1095/1095/2337 1331/1331/2337
f 1300/1300/2338 856/856/2338 935/935/2338
f 1158/1158/2339 1156/1156/2339 1333/1333/2339
f 1314/1314/2340 751/751/2340 1072/1072/2340
f 1212/1212/2341 1012/1012/2341 1014/1014/2341
f 1072/1072/2342 1235/1235/2342 1219/1219/2342
f 856/856/2343 1104/1104/2343 1125/1125/2343
f 935/935/2344 856/856/2344 1125/1125/2344
f 763/763/2345 1276/1276/2345 870/870/2345
f 763/763/2346 870/870/2346 1117/1117/2346
f 1265/1265/2347 1151/1151/2347 1343/1343/2347
f 1307/1307/2348 1257/1257/2348 1308/1308/2348
f 1297/1297/2349 1094/1094/2349 304/304/2349
f 1104/1104/2350 1120/1120/2350 1126/1126/2350
f 1312/1312/2351 928/928/2351 769/769/2351
f 744/744/2352 444/444/2352 749/749/2352
f 944/944/1549 1098/1098/2353 945/945/1550
f 945/945/2354 1098/1098/2354 1300/1300/2354
f 840/840/2355 1187/1187/2355 1284/1284/2355
f 759/759/2356 728/728/2356 713/713/2356
f 1271/1271/2357 1189/1189/2357 1188/1188/2357
f 1268/1268/2358 1345/1345/2358 1346/1346/2358
f 1120/1120/2359 1121/1121/2359 751/751/2359
f 1193/1193/2360 1271/1271/2361 974/974/2362
f 1193/1193/2360 974/974/2362 976/976/2363
f 353/353/2364 778/778/2364 772/772/2364
f 1254/1254/2365 1347/1347/2365 1219/1219/2365
f 1348/1348/2366 1333/1333/2366 1334/1334/2366
f 753/753/2367 883/883/2367 972/972/2367
f 1119/1119/2368 581/581/2368 869/869/2368
f 869/869/2369 581/581/2369 715/715/2369
f 1311/1311/2370 1268/1268/2370 1349/1349/2370
f 1223/1223/2371 1131/1131/2371 1130/1130/2371
f 1349/1349/2372 1268/1268/2372 1346/1346/2372
f 1348/1348/2373 1334/1334/2373 1335/1335/2373
f 918/918/2374 1350/1350/2374 1310/1310/2374
f 1254/1254/2375 907/907/2375 754/754/2375
f 1131/1131/2376 1240/1240/2376 1133/1133/2376
f 730/730/2377 869/869/2377 715/715/2377
f 1162/1162/2378 762/762/2378 761/761/2378
f 1127/1127/2379 757/757/2379 1069/1069/2379
f 730/730/2380 465/465/2380 873/873/2380
f 897/897/2381 767/767/2381 928/928/2381
f 1069/1069/2382 1140/1140/2382 1127/1127/2382
f 1103/1103/2383 1272/1272/2383 1351/1351/2383
f 873/873/2384 465/465/2384 747/747/2384
f 1242/1242/2385 820/820/2385 963/963/2385
f 964/964/2386 1245/1245/2386 965/965/2386
f 1070/1070/2387 1139/1139/2387 1068/1068/2387
f 1245/1245/2388 1246/1246/2388 965/965/2388
f 1247/1247/2389 965/965/2389 1246/1246/2389
f 997/997/2390 979/979/2390 981/981/2390
f 383/383/2391 672/672/2391 731/731/2391
f 873/873/2392 747/747/2392 884/884/2392
f 1338/1338/2393 978/978/2393 844/844/2393
f 807/807/2394 852/852/2394 1089/1089/2394
f 1327/1327/2395 1273/1273/2395 1352/1352/2395
f 874/874/2396 957/957/2396 1272/1272/2396
f 758/758/2397 1315/1315/2397 759/759/2397
f 1353/1353/2398 1015/1015/2398 1016/1016/2398
f 1001/1001/2399 1353/1353/2399 1298/1298/2399
f 1152/1152/2400 1167/1167/2400 1240/1240/2400
f 675/675/2401 589/589/2401 905/905/2401
f 1351/1351/2402 1272/1272/2402 1354/1354/2402
f 1240/1240/2403 1231/1231/2403 821/821/2403
f 1041/1041/2404 1153/1153/2404 1292/1292/2404
f 1055/1055/2405 999/999/2405 1001/1001/2405
f 1207/1207/2406 828/828/2406 1355/1355/2406
f 1348/1348/2407 1335/1335/2407 1106/1106/2407
f 822/822/2408 1245/1245/2408 820/820/2408
f 1029/1029/2409 1256/1256/2409 1035/1035/2409
f 957/957/2410 1307/1307/2410 958/958/2410
f 1335/1335/2411 1061/1061/2411 1107/1107/2411
f 1082/1082/2412 834/834/2412 1218/1218/2412
f 1356/1356/2413 400/400/2413 835/835/2413
f 400/400/2414 399/399/2414 835/835/2414
f 1085/1085/2415 891/891/2415 1230/1230/2415
f 1008/1008/2416 1007/1007/2416 812/812/2416
f 1211/1211/2417 1035/1035/2417 1023/1023/2417
f 1089/1089/2418 851/851/2418 1337/1337/2418
f 1297/1297/2419 1298/1298/2419 1043/1043/2419
f 974/974/2420 846/846/2420 975/975/2420
f 884/884/2421 1087/1087/2421 770/770/2421
f 858/858/2422 1150/1150/2422 925/925/2422
f 1063/1063/2423 1243/1243/2423 1244/1244/2423
f 1357/1357/2424 1307/1307/2424 1308/1308/2424
f 1307/1307/2425 1357/1357/2425 1358/1358/2425
f 1220/1220/2426 1221/1221/2426 1359/1359/2426
f 1225/1225/2427 1096/1096/2427 1233/1233/2427
f 1316/1316/2428 1357/1357/2428 1308/1308/2428
f 1262/1262/2429 1316/1316/2429 1308/1308/2429
f 680/680/2430 1282/1282/2430 735/735/2430
f 1099/1099/2431 1032/1032/2431 1056/1056/2431
f 1247/1247/2432 955/955/2432 960/960/2432
f 893/893/2199 1263/1263/2201 842/842/2433
f 1360/1360/2434 1102/1102/2434 1105/1105/2434
f 1161/1161/2435 915/915/2435 1134/1134/2435
f 1358/1358/2436 1357/1357/2436 1340/1340/2436
f 893/893/2437 842/842/2437 1123/1123/2437
f 804/804/2438 1248/1248/2438 1328/1328/2438
f 862/862/2439 861/861/2439 1290/1290/2439
f 805/805/2440 804/804/2440 1328/1328/2440
f 824/824/2441 1356/1356/2441 825/825/2441
f 1357/1357/2442 1316/1316/2442 1340/1340/2442
f 734/734/2443 735/735/2443 1332/1332/2443
f 813/813/2444 1306/1306/2444 802/802/2444
f 825/825/2445 1356/1356/2445 1092/1092/2445
f 1356/1356/2446 835/835/2446 1092/1092/2446
f 1122/1122/2447 1234/1234/2447 1361/1361/2447
f 1258/1258/2448 911/911/2448 1108/1108/2448
f 1275/1275/2449 1141/1141/2449 1108/1108/2449
f 423/423/2450 1299/1299/2450 967/967/2450
f 758/758/2451 773/773/2451 1236/1236/2451
f 966/966/2452 423/423/2452 967/967/2452
f 1077/1077/2453 830/830/2453 829/829/2453
f 1049/1049/2454 1222/1222/2454 1132/1132/2454
f 1362/1362/2455 1291/1291/2455 1289/1289/2455
f 922/922/2456 1112/1112/2456 1342/1342/2456
f 1363/1363/2457 1364/1364/2457 1168/1168/2457
f 621/621/2458 880/880/2458 1198/1198/2458
f 1279/1279/2459 875/875/2459 872/872/2459
f 765/765/2460 1132/1132/2460 1241/1241/2460
f 1209/1209/2461 872/872/2461 871/871/2461
f 622/622/2462 520/520/2463 1269/1269/2464
f 765/765/2465 1241/1241/2465 1232/1232/2465
f 779/779/2466 1236/1236/2466 773/773/2466
f 1282/1282/2467 1332/1332/2467 735/735/2467
f 1296/1296/2468 1291/1291/2468 1362/1362/2468
f 765/765/2469 1232/1232/2469 766/766/2469
f 1342/1342/2470 1290/1290/2470 1296/1296/2470
f 889/889/2471 1124/1124/2471 1314/1314/2471
f 1326/1326/2472 1341/1341/2472 1301/1301/2472
f 1332/1332/2473 1201/1201/2473 1299/1299/2473
f 786/786/2474 785/785/2474 791/791/2474
f 829/829/2475 744/744/2475 1077/1077/2475
f 920/920/2476 738/738/2476 1365/1365/2476
f 1123/1123/2477 1313/1313/2477 1210/1210/2477
f 1276/1276/2478 1123/1123/2478 1210/1210/2478
f 1200/1200/2479 962/962/2479 968/968/2479
f 1072/1072/2480 751/751/2480 1235/1235/2480
f 842/842/2481 1118/1118/2481 843/843/2481
f 1313/1313/2482 842/842/2482 841/841/2482
f 1366/1366/2483 1329/1329/2483 1148/1148/2483
f 1091/1091/2484 823/823/2484 825/825/2484
f 694/694/2485 559/559/2485 739/739/2485
f 992/992/2486 1292/1292/2486 1086/1086/2486
f 1157/1157/2487 622/622/2487 1270/1270/2487
f 1093/1093/2488 1154/1154/2489 1227/1227/2490
f 1154/1154/2489 1097/1097/2491 1227/1227/2490
f 1097/1097/2492 1008/1008/2492 811/811/2492
f 1039/1039/2247 741/741/2246 1033/1033/2493
f 920/920/2494 1365/1365/2494 1278/1278/2494
f 1278/1278/2495 1194/1194/2495 920/920/2495
f 1161/1161/2496 855/855/2496 915/915/2496
f 782/782/2497 930/930/2497 940/940/2497
f 782/782/2498 940/940/2498 1114/1114/2498
f 998/998/2499 782/782/2499 1114/1114/2499
f 1121/1121/2500 752/752/2500 751/751/2500
f 1347/1347/2501 800/800/2501 1219/1219/2501
f 1219/1219/2502 800/800/2502 949/949/2502
f 452/452/2503 1231/1231/2503 1167/1167/2503
f 799/799/2504 950/950/2504 949/949/2504
f 950/950/2505 799/799/2505 1223/1223/2505
f 1348/1348/2506 1344/1344/2334 1158/1158/2333
f 1348/1348/2507 1158/1158/2507 1333/1333/2507
f 802/802/2508 805/805/2508 867/867/2508
f 762/762/2509 1276/1276/2509 763/763/2509
f 879/879/2510 878/878/2510 913/913/2510
f 1162/1162/2511 761/761/2511 768/768/2511
f 1241/1241/2512 1242/1242/2512 963/963/2512
f 820/820/2513 964/964/2513 963/963/2513
f 1268/1268/2514 1265/1265/2514 1345/1345/2514
f 1046/1046/2515 1045/1045/2515 1331/1331/2515
f 998/998/2516 1237/1237/2516 1173/1173/2516
f 1345/1345/2517 1367/1367/2517 1346/1346/2517
f 1331/1331/2518 829/829/2518 1253/1253/2518
f 1331/1331/2519 1095/1095/2519 829/829/2519
f 985/985/2520 700/700/2520 1304/1304/2520
f 1249/1249/2521 1344/1344/2521 832/832/2521
f 897/897/2522 1162/1162/2522 768/768/2522
f 1346/1346/2523 1367/1367/2523 1368/1368/2523
f 754/754/2524 801/801/2524 800/800/2524
f 952/952/2525 951/951/2525 495/495/2525
f 1226/1226/2526 502/502/2526 743/743/2526
f 902/902/2527 901/901/2527 928/928/2527
f 801/801/2528 1152/1152/2528 806/806/2528
f 1309/1309/2529 1325/1325/2530 1065/1065/2531
f 780/780/2532 1163/1163/2532 1166/1166/2532
f 1350/1350/2533 918/918/2533 1330/1330/2533
f 1025/1025/2534 1237/1237/2534 785/785/2534
f 1153/1153/2535 1324/1324/2535 1009/1009/2535
f 1327/1327/2536 1352/1352/2536 1336/1336/2536
f 837/837/2537 1338/1338/2537 1271/1271/2537
f 1061/1061/2538 1085/1085/2538 1230/1230/2538
f 974/974/2539 1271/1271/2539 844/844/2539
f 918/918/2540 1310/1310/2540 827/827/2540
f 974/974/2541 844/844/2541 846/846/2541
f 1103/1103/2542 1351/1351/2542 1165/1165/2542
f 1023/1023/2543 278/278/2544 654/654/2545
f 929/929/2546 1103/1103/2546 1020/1020/2546
f 1000/1000/2547 1015/1015/2547 1353/1353/2547
f 885/885/2548 1161/1161/2548 1063/1063/2548
f 1067/1067/2549 1066/1066/2549 1369/1369/2549
f 1000/1000/2550 1353/1353/2550 1001/1001/2550
f 1041/1041/2551 960/960/2551 984/984/2551
f 828/828/2552 1067/1067/2552 1370/1370/2552
f 899/899/2553 1225/1225/2553 1233/1233/2553
f 1306/1306/2554 803/803/2554 802/802/2554
f 725/725/2555 1110/1110/2555 1111/1111/2555
f 1188/1188/2556 1177/1177/2556 1271/1271/2556
f 840/840/2557 1177/1177/2557 1188/1188/2557
f 1212/1212/2558 1055/1055/2558 1012/1012/2558
f 1041/1041/2153 996/996/2559 1324/1324/2154
f 1324/1324/2560 996/996/2560 1051/1051/2560
f 795/795/2561 794/794/2561 1244/1244/2561
f 1051/1051/2562 997/997/2562 981/981/2562
f 1052/1052/2563 1051/1051/2563 981/981/2563
f 1058/1058/2564 707/707/2564 1255/1255/2564
f 1052/1052/2565 981/981/2565 1002/1002/2565
f 1002/1002/2566 1182/1182/2566 1054/1054/2566
f 1182/1182/2567 1002/1002/2567 1005/1005/2567
f 540/540/2568 1058/1058/2568 1111/1111/2568
f 540/540/2569 604/604/2569 1058/1058/2569
f 1317/1317/2570 1337/1337/2570 1318/1318/2570
f 926/926/2571 1116/1116/2571 662/662/2571
f 1351/1351/2572 1354/1354/2572 1159/1159/2572
f 1287/1287/2573 868/868/2573 1137/1137/2573
f 322/322/2574 757/757/2574 544/544/2574
f 971/971/2575 977/977/2575 996/996/2575
f 1036/1036/2576 1192/1192/2576 1191/1191/2576
f 1011/1011/2577 1032/1032/2577 725/725/2577
f 1011/1011/2578 725/725/2578 1047/1047/2578
f 1137/1137/2579 1286/1286/2579 1287/1287/2579
f 1305/1305/2580 1191/1191/2580 1190/1190/2580
f 1269/1269/2464 520/520/2463 1139/1139/2581
f 1004/1004/2582 1019/1019/2582 1005/1005/2582
f 725/725/2583 1111/1111/2583 1047/1047/2583
f 1360/1360/2584 1105/1105/2584 1228/1228/2584
f 1107/1107/2585 890/890/2586 1371/1371/2587
f 890/890/2586 1285/1285/2588 1371/1371/2587
f 1372/1372/2589 774/774/2589 783/783/2589
f 1285/1285/2590 1322/1322/2590 1323/1323/2590
f 1168/1168/2591 1364/1364/2591 1169/1169/2591
f 1353/1353/2592 1016/1016/2592 1298/1298/2592
f 900/900/2593 1122/1122/2593 1361/1361/2593
f 1165/1165/2594 1020/1020/2594 1103/1103/2594
f 1341/1341/2595 1373/1373/2595 1363/1363/2595
f 623/623/2596 1128/1128/2596 1074/1074/2596
f 872/872/2597 875/875/2597 1178/1178/2597
f 1135/1135/2598 914/914/2598 1374/1374/2598
f 1341/1341/2599 1363/1363/2599 1171/1171/2599
f 1128/1128/2600 1274/1274/2600 745/745/2600
f 1171/1171/2601 1363/1363/2601 1168/1168/2601
f 958/958/2602 1307/1307/2602 1358/1358/2602
f 1137/1137/2603 1293/1293/2603 1375/1375/2603
f 994/994/2604 1358/1358/2604 1175/1175/2604
f 922/922/2605 1342/1342/2605 1138/1138/2605
f 1178/1178/2606 875/875/2606 877/877/2606
f 1300/1300/2607 935/935/2607 1113/1113/2607
f 1175/1175/2608 1358/1358/2608 1340/1340/2608
f 1022/1022/2609 1297/1297/2609 1043/1043/2609
f 1280/1280/2610 889/889/2610 876/876/2610
f 936/936/2611 935/935/2611 1125/1125/2611
f 1315/1315/2612 728/728/2612 759/759/2612
f 713/713/1298 574/574/1300 759/759/2613
f 1175/1175/2614 1340/1340/2614 1049/1049/2614
f 889/889/2615 1314/1314/2615 1072/1072/2615
f 1222/1222/2616 1049/1049/2616 1340/1340/2616
f 1215/1215/2617 1298/1298/2617 1216/1216/2617
f 1125/1125/2618 1104/1104/2618 1126/1126/2618
f 1056/1056/2619 1032/1032/2619 1013/1013/2619
f 1343/1343/2620 1376/1376/2620 1377/1377/2620
f 351/351/2621 714/714/2621 760/760/2621
f 1126/1126/2622 1120/1120/2622 751/751/2622
f 869/869/2623 730/730/2623 873/873/2623
f 765/765/2624 1049/1049/2624 1132/1132/2624
f 906/906/2625 1147/1147/2625 1069/1069/2625
f 1144/1144/2626 1206/1206/2626 1260/1260/2626
f 1350/1350/2627 1309/1309/2627 1310/1310/2627
f 672/672/2628 371/371/2628 731/731/2628
f 1070/1070/2629 1069/1069/2629 1147/1147/2629
f 1239/1239/2630 1366/1366/2630 1148/1148/2630
f 818/818/2631 790/790/2631 789/789/2631
f 972/972/2632 1143/1143/2632 1254/1254/2632
f 931/931/2633 1378/1378/2633 1239/1239/2633
f 1083/1083/2634 797/797/2634 1084/1084/2634
f 1310/1310/2635 1065/1065/2635 827/827/2635
f 1366/1366/2636 1379/1379/2636 1329/1329/2636
f 1312/1312/2637 1103/1103/2637 928/928/2637
f 731/731/2638 873/873/2638 884/884/2638
f 1065/1065/2639 1067/1067/2639 827/827/2639
f 1329/1329/2640 1376/1376/2640 1343/1343/2640
f 833/833/2641 1344/1344/2641 864/864/2641
f 911/911/2642 1258/1258/2642 836/836/2642
f 1356/1356/2643 824/824/2643 747/747/2643
f 978/978/2644 787/787/2644 808/808/2644
f 1344/1344/2645 1348/1348/2645 864/864/2645
f 864/864/2646 1348/1348/2646 1101/1101/2646
f 1136/1136/2647 905/905/2647 590/590/2647
f 1347/1347/2648 1254/1254/2648 754/754/2648
f 754/754/2649 800/800/2649 1347/1347/2649
f 792/792/2650 1249/1249/2650 832/832/2650
f 1080/1080/2651 792/792/2651 832/832/2651
f 766/766/2652 986/986/2652 988/988/2652
f 798/798/2653 797/797/2653 772/772/2653
f 798/798/2654 772/772/2654 777/777/2654
f 747/747/2655 400/400/2655 1356/1356/2655
f 858/858/2656 857/857/2656 1141/1141/2656
f 1092/1092/2657 1263/1263/2657 1090/1090/2657
f 1288/1288/2658 1317/1317/2658 1320/1320/2658
f 1245/1245/2659 955/955/2659 1247/1247/2659
f 602/602/1720 733/733/2660 881/881/1721
f 1101/1101/2661 1348/1348/2661 1106/1106/2661
f 733/733/2662 847/847/2662 879/879/2662
f 785/785/2663 787/787/2663 837/837/2663
f 879/879/2664 847/847/2664 1198/1198/2664
f 1106/1106/2665 1335/1335/2665 1107/1107/2665
f 1288/1288/2666 854/854/2666 853/853/2666
f 1271/1271/2667 1338/1338/2667 844/844/2667
f 1332/1332/2668 1282/1282/2668 1201/1201/2668
f 1265/1265/2669 1380/1380/2670 1345/1345/2671
f 1343/1343/2672 1380/1380/2670 1265/1265/2669
f 976/976/2673 846/846/2673 1186/1186/2673
f 846/846/2674 1252/1252/2674 1186/1186/2674
f 1186/1186/2287 1252/1252/2675 853/853/1740
f 1201/1201/2676 1200/1200/2676 968/968/2676
f 898/898/2677 1225/1225/2677 899/899/2677
f 1244/1244/2678 863/863/2678 795/795/2678
f 1224/1224/2679 1225/1225/2679 898/898/2679
f 795/795/2680 1115/1115/2680 1328/1328/2680
f 1120/1120/2681 1109/1109/2681 857/857/2681
f 734/734/2682 422/422/2682 1198/1198/2682
f 1096/1096/2683 811/811/2683 1286/1286/2683
f 866/866/2684 1286/1286/2684 1040/1040/2684
f 1349/1349/2685 1346/1346/2685 1368/1368/2685
f 1349/1349/2686 1368/1368/2686 1381/1381/2686
f 1007/1007/2687 1052/1052/2687 1002/1002/2687
f 1311/1311/2688 1349/1349/2688 1381/1381/2688
f 881/881/2689 879/879/2689 882/882/2689
f 422/422/2690 1332/1332/2690 1299/1299/2690
f 1160/1160/2691 885/885/2691 1197/1197/2691
f 1365/1365/2692 738/738/2692 1163/1163/2692
f 1365/1365/2693 1163/1163/2693 1278/1278/2693
f 868/868/2694 923/923/2694 1138/1138/2694
f 1278/1278/2695 1172/1172/2695 1027/1027/2695
f 1233/1233/2696 1096/1096/2696 1137/1137/2696
f 1273/1273/2697 1311/1311/2697 1382/1382/2697
f 1229/1229/2698 1278/1278/2698 1027/1027/2698
f 1036/1036/2699 1202/1202/2699 1192/1192/2699
f 1325/1325/2530 1327/1327/2700 1065/1065/2531
f 1352/1352/2701 1273/1273/2701 1382/1382/2701
f 1174/1174/2702 756/756/2702 1116/1116/2702
f 1079/1079/2703 1191/1191/2703 1305/1305/2703
f 907/907/2704 906/906/2704 755/755/2704
f 793/793/2705 1211/1211/2705 794/794/2705
f 622/622/2706 1157/1157/2706 880/880/2706
f 822/822/2707 1231/1231/2707 694/694/2707
f 1147/1147/2708 912/912/2708 1270/1270/2708
f 1078/1078/2709 1182/1182/2709 1005/1005/2709
f 1079/1079/2710 1078/1078/2710 1208/1208/2710
f 1368/1368/2711 1383/1383/2711 1384/1384/2711
f 946/946/2712 1364/1364/2712 1363/1363/2712
f 1176/1176/2713 694/694/2713 739/739/2713
f 1364/1364/2714 946/946/2714 947/947/2714
f 535/535/2715 894/894/2715 896/896/2715
f 1169/1169/2716 1364/1364/2716 1155/1155/2716
f 749/749/2717 771/771/2717 917/917/2717
f 788/788/2718 790/790/2718 1149/1149/2718
f 1166/1166/2719 903/903/2719 904/904/2719
f 902/902/2720 689/689/2720 688/688/2720
f 1169/1169/2721 790/790/2721 818/818/2721
f 1045/1045/2722 798/798/2722 810/810/2722
f 946/946/2723 1363/1363/2723 1373/1373/2723
f 939/939/2724 1020/1020/2724 942/942/2724
f 1313/1313/2725 841/841/2725 1210/1210/2725
f 937/937/2726 1113/1113/2726 935/935/2726
f 1272/1272/2727 957/957/2727 1354/1354/2727
f 1220/1220/2728 1359/1359/2728 1339/1339/2728
f 1176/1176/2729 960/960/2729 955/955/2729
f 983/983/2730 1062/1062/2730 1018/1018/2730
f 1027/1027/2731 1173/1173/2731 1237/1237/2731
f 698/698/2732 739/739/2732 695/695/2732
f 1027/1027/2733 1237/1237/2733 1025/1025/2733
f 1113/1113/2734 945/945/2734 1300/1300/2734
f 1284/1284/2735 1025/1025/2735 840/840/2735
f 1354/1354/2736 957/957/2736 959/959/2736
f 944/944/2737 943/943/2737 1118/1118/2737
f 1360/1360/2738 1228/1228/2738 1371/1371/2738
f 1107/1107/2739 1371/1371/2739 1228/1228/2739
f 1354/1354/2740 959/959/2740 1159/1159/2740
f 723/723/2741 1197/1197/2742 887/887/2743
f 1015/1015/2744 723/723/2741 887/887/2743
f 958/958/2745 1358/1358/2745 959/959/2745
f 1144/1144/2746 1259/1259/2746 1330/1330/2746
f 1259/1259/2747 1385/1385/2747 1330/1330/2747
f 1358/1358/2748 994/994/2748 959/959/2748
f 984/984/2749 961/961/2749 1050/1050/2749
f 1351/1351/2750 1159/1159/2750 1165/1165/2750
f 789/789/2751 819/819/2751 818/818/2751
f 1165/1165/2752 1159/1159/2752 990/990/2752
f 990/990/2753 989/989/2753 1165/1165/2753
f 1018/1018/2754 1217/1217/2754 1256/1256/2754
f 1050/1050/2755 699/699/2755 969/969/2755
f 1165/1165/2756 1164/1164/2756 1020/1020/2756
f 994/994/2757 995/995/2757 959/959/2757
f 370/370/2758 1217/1217/2758 1059/1059/2758
f 994/994/2759 1175/1175/2759 990/990/2759
f 981/981/2760 1004/1004/2760 1003/1003/2760
f 980/980/2761 743/743/2761 1060/1060/2761
f 1137/1137/2762 1375/1375/2762 1295/1295/2762
f 1138/1138/2763 1386/1386/2763 1293/1293/2763
f 985/985/2764 1304/1304/2764 1226/1226/2764
f 1238/1238/2765 1295/1295/2766 1387/1387/2767
f 832/832/2768 1344/1344/2768 833/833/2768
f 1226/1226/2769 743/743/2769 980/980/2769
f 1296/1296/2770 1362/1362/2770 1388/1388/2770
f 1006/1006/2771 1175/1175/2771 1049/1049/2771
f 1014/1014/2772 1047/1047/2772 1255/1255/2772
f 809/809/2773 1080/1080/2773 1082/1082/2773
f 999/999/2774 704/704/2774 1000/1000/2774
f 906/906/1632 757/757/2775 1057/1057/1630
f 1250/1250/2776 1089/1089/2776 1317/1317/2776
f 1029/1029/2777 1035/1035/2777 1030/1030/2777
f 1019/1019/2778 1031/1031/2778 1005/1005/2778
f 1034/1034/2779 1212/1212/2779 1255/1255/2779
f 1069/1069/2780 1068/1068/2780 1140/1140/2780
f 1298/1298/2781 1016/1016/2781 1043/1043/2781
f 1074/1074/2782 745/745/2782 758/758/2782
f 1100/1100/2783 864/864/2783 1101/1101/2783
f 1215/1215/2784 1001/1001/2784 1298/1298/2784
f 865/865/2785 864/864/2785 1100/1100/2785
f 1094/1094/2786 1023/1023/2543 654/654/2545
f 1105/1105/2787 1101/1101/2787 1106/1106/2787
f 1107/1107/2788 1061/1061/2788 1230/1230/2788
f 892/892/2789 1322/1322/2789 1285/1285/2789
f 1233/1233/2790 1122/1122/2790 899/899/2790
f 855/855/2791 1320/1320/2791 914/914/2791
f 861/861/2792 1135/1135/2792 1290/1290/2792
f 1290/1290/2793 1112/1112/2793 862/862/2793
f 933/933/2794 932/932/2794 946/946/2794
f 933/933/2795 946/946/2795 1373/1373/2795
f 1364/1364/2796 947/947/2796 1155/1155/2796
f 1169/1169/2797 1149/1149/2797 790/790/2797
f 1169/1169/2798 1155/1155/2798 1149/1149/2798
f 1169/1169/2799 818/818/2799 1010/1010/2799
f 750/750/2800 776/776/2800 748/748/2800
f 466/466/2801 465/465/2801 730/730/2801
f 1171/1171/2802 1170/1170/2802 1301/1301/2802
f 776/776/2803 746/746/2803 1073/1073/2803
f 1389/1389/2804 916/916/2804 1390/1390/2804
f 1074/1074/2805 1073/1073/2805 623/623/2805
f 1390/1390/2806 1044/1044/2806 1251/1251/2806
f 916/916/2807 771/771/2807 1372/1372/2807
f 1048/1048/2808 1391/1391/2808 1389/1389/2808
f 916/916/2809 1391/1391/2809 917/917/2809
f 1251/1251/2810 1389/1389/2810 1390/1390/2810
f 779/779/2811 776/776/2811 1075/1075/2811
f 748/748/2812 776/776/2812 775/775/2812
f 624/624/2813 1073/1073/2813 746/746/2813
f 916/916/2182 1372/1372/2814 783/783/2183
f 664/664/2815 663/663/2815 1128/1128/2815
f 664/664/2816 1128/1128/2816 623/623/2816
f 825/825/2817 1092/1092/2817 1091/1091/2817
f 916/916/2818 1044/1044/2818 1390/1390/2818
f 748/748/2819 775/775/2819 771/771/2819
f 1389/1389/2820 1251/1251/2820 1046/1046/2820
f 1048/1048/2821 917/917/2821 1391/1391/2821
f 746/746/2822 776/776/2822 750/750/2822
f 1048/1048/2823 1389/1389/2823 1331/1331/2823
f 1389/1389/2824 1046/1046/2824 1331/1331/2824
f 831/831/2825 1048/1048/2825 1253/1253/2825
f 775/775/2826 774/774/2826 1372/1372/2826
f 1075/1075/2827 776/776/2827 1073/1073/2827
f 771/771/2828 775/775/2828 1372/1372/2828
f 624/624/2829 623/623/2829 1073/1073/2829
f 916/916/2830 1389/1389/2830 1391/1391/2830
f 1392/1392/2831 1393/1393/2831 1394/1394/2831
f 1395/1395/2832 1396/1396/2832 1397/1397/2832
f 1398/1398/2833 1399/1399/2833 1400/1400/2833
f 1401/1401/2834 1402/1402/2834 1403/1403/2834
f 1400/1400/2835 1399/1399/2835 1404/1404/2835
f 1405/1405/2836 1406/1406/2836 1407/1407/2836
f 1408/1408/2837 1400/1400/2837 1404/1404/2837
f 1409/1409/2838 1410/1410/2838 1411/1411/2838
f 1412/1412/2839 1413/1413/2839 1414/1414/2839
f 1415/1415/2840 1416/1416/2840 1417/1417/2840
f 1418/1418/2841 1419/1419/2841 1420/1420/2841
f 1421/1421/2842 1422/1422/2842 1423/1423/2842
f 1424/1424/2843 1425/1425/2844 1426/1426/2845
f 1427/1427/2846 1428/1428/2846 1429/1429/2846
f 1430/1430/2847 1428/1428/2847 1431/1431/2847
f 1425/1425/2848 1432/1432/2848 1426/1426/2848
f 1433/1433/2849 1434/1434/2849 1435/1435/2849
f 1378/1378/2850 1436/1436/2850 1239/1239/2850
f 1437/1437/2851 1438/1438/2851 1439/1439/2851
f 1440/1440/2852 1441/1441/2852 1442/1442/2852
f 1443/1443/2853 1444/1444/2853 1445/1445/2853
f 1446/1446/2854 1447/1447/2854 1448/1448/2854
f 1449/1449/2855 1450/1450/2855 1451/1451/2855
f 1452/1452/2856 1336/1336/2856 1453/1453/2856
f 1453/1453/2857 1336/1336/2857 1352/1352/2857
f 1454/1454/2858 1455/1455/2858 1456/1456/2858
f 1453/1453/2859 1457/1457/2859 1458/1458/2859
f 1459/1459/2860 1460/1460/2860 1456/1456/2860
f 1461/1461/2861 1462/1462/2861 1463/1463/2861
f 1464/1464/2862 1465/1465/2862 1466/1466/2862
f 1467/1467/2863 1468/1468/2863 1469/1469/2863
f 1470/1470/2864 1471/1471/2864 1472/1472/2864
f 1473/1473/2865 1470/1470/2865 1472/1472/2865
f 1474/1474/2866 1470/1470/2866 1473/1473/2866
f 1474/1474/2867 1420/1420/2867 1419/1419/2867
f 1475/1475/2868 1476/1476/2869 1477/1477/2870
f 1478/1478/2871 1479/1479/2871 1480/1480/2871
f 1481/1481/2872 1482/1482/2872 1483/1483/2872
f 1484/1484/2873 1476/1476/2873 1485/1485/2873
f 1486/1486/2874 1487/1487/2874 1488/1488/2874
f 1434/1434/2875 1260/1260/2875 1207/1207/2875
f 1489/1489/2876 1490/1490/2876 1491/1491/2876
f 1489/1489/2877 1491/1491/2877 1492/1492/2877
f 1493/1493/2878 1494/1494/2878 1492/1492/2878
f 1495/1495/2879 1355/1355/2879 1496/1496/2879
f 1497/1497/2880 1395/1395/2880 1397/1397/2880
f 1498/1498/2881 1499/1499/2881 1500/1500/2881
f 1501/1501/2882 1502/1502/2882 1503/1503/2882
f 1369/1369/2883 1504/1504/2883 1505/1505/2883
f 1506/1506/2884 1507/1507/2884 1508/1508/2884
f 1509/1509/2885 1510/1510/2885 1499/1499/2885
f 1511/1511/2886 1512/1512/2886 1513/1513/2886
f 1514/1514/2887 1515/1515/2887 1516/1516/2887
f 1516/1516/2888 1515/1515/2888 1517/1517/2888
f 1512/1512/2889 1518/1518/2889 1513/1513/2889
f 1519/1519/2890 1520/1520/2890 1488/1488/2890
f 1521/1521/2891 1522/1522/2891 1523/1523/2891
f 1524/1524/2892 1439/1439/2892 1525/1525/2892
f 1526/1526/2893 1527/1527/2893 1528/1528/2893
f 1503/1503/2894 1529/1529/2894 1530/1530/2894
f 1531/1531/2895 1532/1532/2895 1533/1533/2895
f 1534/1534/2896 1446/1446/2897 1535/1535/2898
f 1536/1536/2899 1537/1537/2899 1538/1538/2899
f 1065/1065/2900 1336/1336/2900 1066/1066/2900
f 1539/1539/2901 1540/1540/2901 1541/1541/2901
f 1541/1541/2902 1540/1540/2902 1542/1542/2902
f 1543/1543/2903 1544/1544/2903 1545/1545/2903
f 1413/1413/2904 1371/1371/2904 1546/1546/2904
f 1547/1547/2905 1539/1539/2905 1548/1548/2905
f 1368/1368/2906 1367/1367/2906 1383/1383/2906
f 1549/1549/2907 1550/1550/2907 1551/1551/2907
f 1551/1551/2908 1552/1552/2908 1553/1553/2908
f 1554/1554/2909 1555/1555/2909 1556/1556/2909
f 1557/1557/2910 1558/1558/2910 1428/1428/2910
f 1559/1559/2911 1438/1438/2911 1560/1560/2911
f 1381/1381/2912 1368/1368/2912 1384/1384/2912
f 1383/1383/2913 1561/1561/2913 1384/1384/2913
f 1562/1562/2914 1563/1563/2914 1564/1564/2914
f 1565/1565/2915 1566/1566/2915 1567/1567/2915
f 1568/1568/2916 1563/1563/2916 1569/1569/2916
f 1570/1570/2917 1447/1447/2917 1440/1440/2917
f 1571/1571/2918 1572/1572/2918 1573/1573/2918
f 1574/1574/2919 1575/1575/2919 1450/1450/2919
f 1576/1576/2920 1577/1577/2920 1386/1386/2920
f 1067/1067/2921 1369/1369/2921 1578/1578/2921
f 1579/1579/2922 1580/1580/2922 1581/1581/2922
f 1582/1582/2923 1469/1469/2924 1468/1468/2925
f 1583/1583/2926 1584/1584/2926 1580/1580/2926
f 1281/1281/2927 1082/1082/2927 1585/1585/2927
f 1464/1464/2928 1387/1387/2928 1586/1586/2928
f 1574/1574/2929 1449/1449/2929 1544/1544/2929
f 1587/1587/2930 1588/1588/2930 1589/1589/2930
f 1337/1337/2931 851/851/2931 1318/1318/2931
f 1590/1590/2932 1591/1591/2932 1592/1592/2932
f 1593/1593/2933 1594/1594/2933 1595/1595/2933
f 1596/1596/2934 1597/1597/2934 1598/1598/2934
f 1339/1339/2935 1359/1359/2935 1599/1599/2935
f 1600/1600/2936 1601/1601/2936 1602/1602/2936
f 1603/1603/2937 1604/1604/2937 1605/1605/2937
f 1606/1606/2938 1607/1607/2938 1608/1608/2938
f 1609/1609/2939 1102/1102/2939 1360/1360/2939
f 1610/1610/2940 1611/1611/2941 1612/1612/2942
f 1613/1613/2943 1541/1541/2943 1614/1614/2943
f 1615/1615/2944 1616/1616/2944 1617/1617/2944
f 1506/1506/2945 1514/1514/2945 1618/1618/2945
f 1619/1619/2946 1620/1620/2946 1621/1621/2946
f 1604/1604/2947 1622/1622/2947 1623/1623/2947
f 1624/1624/2948 1625/1625/2948 1626/1626/2948
f 1619/1619/2949 1627/1627/2949 1628/1628/2949
f 1629/1629/2950 1628/1628/2950 1630/1630/2950
f 1631/1631/2951 1547/1547/2951 1632/1632/2951
f 1629/1629/2952 1630/1630/2952 1633/1633/2952
f 1634/1634/2953 1629/1629/2953 1633/1633/2953
f 1626/1626/2954 1507/1507/2954 1635/1635/2954
f 1624/1624/2955 1626/1626/2955 1635/1635/2955
f 1636/1636/2956 1637/1637/2956 1638/1638/2956
f 914/914/2957 1321/1321/2957 1319/1319/2957
f 1639/1639/2958 1640/1640/2958 1641/1641/2958
f 914/914/2959 1642/1642/2959 1374/1374/2959
f 1643/1643/2960 1644/1644/2960 1457/1457/2960
f 1645/1645/2961 1646/1646/2961 1647/1647/2961
f 1135/1135/2962 1374/1374/2962 1289/1289/2962
f 1648/1648/2963 1649/1649/2963 1650/1650/2963
f 1651/1651/2964 1652/1652/2964 1579/1579/2964
f 1138/1138/2965 1342/1342/2965 1386/1386/2965
f 1579/1579/2966 1652/1652/2966 1580/1580/2966
f 1653/1653/2967 1654/1654/2967 1655/1655/2967
f 1562/1562/2968 1564/1564/2968 1656/1656/2968
f 1657/1657/2969 1658/1658/2969 1659/1659/2969
f 1659/1659/2970 1658/1658/2970 1660/1660/2970
f 1661/1661/2971 1662/1662/2971 1663/1663/2971
f 1657/1657/2972 1659/1659/2972 1664/1664/2972
f 1406/1406/2973 1665/1665/2973 1666/1666/2973
f 1667/1667/2974 1668/1668/2975 1669/1669/2976
f 1667/1667/2977 1669/1669/2977 1670/1670/2977
f 1664/1664/2978 1659/1659/2978 1671/1671/2978
f 1672/1672/2979 1673/1673/2980 1674/1674/2981
f 1675/1675/2982 1674/1674/2982 1676/1676/2982
f 1677/1677/2983 1678/1678/2983 1679/1679/2983
f 1680/1680/2984 1619/1619/2984 1681/1681/2984
f 1682/1682/2985 1683/1683/2985 1684/1684/2985
f 1685/1685/2986 1600/1600/2987 1686/1686/2988
f 1675/1675/2989 1676/1676/2989 1687/1687/2989
f 1380/1380/2990 1688/1688/2990 1689/1689/2990
f 1380/1380/2991 1689/1689/2991 1345/1345/2991
f 1681/1681/2992 1628/1628/2992 1634/1634/2992
f 1677/1677/2993 1679/1679/2993 1690/1690/2993
f 1691/1691/2994 1569/1569/2994 1692/1692/2994
f 1383/1383/2995 1367/1367/2995 1693/1693/2995
f 1694/1694/2996 1695/1695/2996 1696/1696/2996
f 1694/1694/2997 1697/1697/2997 1695/1695/2997
f 1698/1698/2998 1417/1417/2998 1699/1699/2998
f 1700/1700/2999 1701/1701/2999 1702/1702/2999
f 1471/1471/3000 1703/1703/3000 1704/1704/3000
f 1705/1705/3001 1706/1706/3002 1707/1707/3003
f 1690/1690/3004 1708/1708/3004 1709/1709/3004
f 1710/1710/3005 1711/1711/3005 1712/1712/3005
f 1484/1484/3006 1677/1677/3006 1690/1690/3006
f 1484/1484/3007 1690/1690/3008 1713/1713/3009
f 1714/1714/3010 1481/1481/3010 1550/1550/3010
f 1715/1715/3011 1716/1716/3011 1695/1695/3011
f 1550/1550/3012 1717/1717/3012 1552/1552/3012
f 1685/1685/3013 1686/1686/3013 1718/1718/3013
f 1719/1719/3014 1720/1720/3014 1721/1721/3014
f 1719/1719/3015 1721/1721/3015 1722/1722/3015
f 1552/1552/3016 1723/1723/3016 1724/1724/3016
f 1329/1329/3017 1379/1379/3017 1376/1376/3017
f 1725/1725/3018 1726/1726/3018 1727/1727/3018
f 1336/1336/3019 1452/1452/3019 1728/1728/3019
f 1729/1729/3020 1730/1730/3021 1731/1731/3022
f 1732/1732/3023 1733/1733/3023 1734/1734/3023
f 1398/1398/3024 1735/1735/3024 1399/1399/3024
f 1736/1736/3025 1399/1399/3025 1735/1735/3025
f 1664/1664/3026 1671/1671/3026 1737/1737/3026
f 1737/1737/3027 1479/1479/3027 1664/1664/3027
f 1738/1738/3028 1739/1739/3028 1740/1740/3028
f 1741/1741/3029 1462/1462/3029 1528/1528/3029
f 1409/1409/3030 1742/1742/3030 1410/1410/3030
f 1402/1402/3031 1743/1743/3031 1744/1744/3031
f 1392/1392/3032 1394/1394/3032 1745/1745/3032
f 1259/1259/3033 1260/1260/3033 1434/1434/3033
f 1534/1534/3034 1746/1746/3034 1747/1747/3034
f 1748/1748/3035 1749/1749/3035 1746/1746/3035
f 1472/1472/3036 1750/1750/3036 1533/1533/3036
f 1751/1751/3037 1752/1752/3037 1753/1753/3037
f 1416/1416/3038 1415/1415/3038 1749/1749/3038
f 1754/1754/3039 1730/1730/3039 1473/1473/3039
f 1733/1733/3040 1751/1751/3040 1734/1734/3040
f 1755/1755/3041 1407/1407/3041 1620/1620/3041
f 1495/1495/3042 1435/1435/3042 1355/1355/3042
f 1491/1491/3043 1756/1756/3043 1757/1757/3043
f 1496/1496/3044 1370/1370/3044 1758/1758/3044
f 1729/1729/3020 1731/1731/3022 1482/1482/3045
f 1759/1759/3046 1760/1760/3046 1491/1491/3046
f 1441/1441/3047 1761/1761/3047 1442/1442/3047
f 1493/1493/3048 1759/1759/3049 1762/1762/3050
f 1311/1311/3051 1381/1381/3052 1763/1763/3053
f 1764/1764/3054 1762/1762/3054 1765/1765/3054
f 1731/1731/3055 1766/1766/3055 1767/1767/3055
f 1634/1634/3056 1768/1768/3056 1769/1769/3056
f 1770/1770/3057 1769/1769/3057 1768/1768/3057
f 1771/1771/3058 1764/1764/3058 1444/1444/3058
f 1444/1444/3059 1772/1772/3059 1445/1445/3059
f 1773/1773/3060 1443/1443/3060 1774/1774/3060
f 1443/1443/3061 1445/1445/3061 1774/1774/3061
f 1567/1567/3062 1775/1775/3062 1776/1776/3062
f 1448/1448/3063 1777/1777/3063 1778/1778/3063
f 1779/1779/3064 1459/1459/3064 1780/1780/3064
f 1781/1781/3065 1462/1462/3065 1780/1780/3065
f 1414/1414/3066 1782/1782/3066 1783/1783/3066
f 1553/1553/3067 1724/1724/3067 1696/1696/3067
f 1461/1461/3068 1463/1463/3068 1784/1784/3068
f 1724/1724/3069 1785/1785/3069 1696/1696/3069
f 1786/1786/3070 1777/1777/3070 1787/1787/3070
f 1783/1783/3071 1427/1427/3071 1788/1788/3071
f 1573/1573/3072 1789/1789/3072 1409/1409/3072
f 1311/1311/3073 1763/1763/3074 1790/1790/3075
f 1428/1428/3076 1430/1430/3076 1429/1429/3076
f 1787/1787/3077 1714/1714/3077 1791/1791/3077
f 1792/1792/3078 1793/1793/3078 1794/1794/3078
f 1381/1381/3079 1384/1384/3079 1478/1478/3079
f 1795/1795/3080 1565/1565/3080 1796/1796/3080
f 1743/1743/3081 1573/1573/3081 1797/1797/3081
f 1573/1573/3082 1409/1409/3082 1797/1797/3082
f 1798/1798/3083 1799/1799/3083 1800/1800/3083
f 1490/1490/3084 1801/1801/3084 1756/1756/3084
f 1802/1802/3085 1803/1803/3085 1413/1413/3085
f 1370/1370/3086 1067/1067/3086 1578/1578/3086
f 828/828/3087 1370/1370/3087 1355/1355/3087
f 1804/1804/3088 1805/1805/3088 1586/1586/3088
f 1723/1723/3089 1412/1412/3089 1806/1806/3089
f 1371/1371/3090 1557/1557/3090 1546/1546/3090
f 1414/1414/3091 1807/1807/3091 1806/1806/3091
f 1808/1808/3092 1734/1734/3092 1809/1809/3092
f 1807/1807/3093 1732/1732/3093 1810/1810/3093
f 1811/1811/3094 1598/1598/3094 1764/1764/3094
f 1751/1751/3095 1812/1812/3095 1813/1813/3095
f 1082/1082/3096 1218/1218/3096 1585/1585/3096
f 1583/1583/3097 1710/1710/3097 1814/1814/3097
f 1815/1815/3098 1816/1816/3098 1544/1544/3098
f 1519/1519/3099 1817/1817/3099 1520/1520/3099
f 1514/1514/3100 1773/1773/3100 1515/1515/3100
f 851/851/3101 1281/1281/3101 1318/1318/3101
f 1818/1818/3102 1361/1361/3102 1819/1819/3102
f 1820/1820/3103 1821/1821/3103 1822/1822/3103
f 1823/1823/3104 1423/1423/3104 1824/1824/3104
f 1825/1825/3105 1826/1826/3105 1492/1492/3105
f 1319/1319/3106 1318/1318/3106 1523/1523/3106
f 1524/1524/3107 1525/1525/3107 1824/1824/3107
f 1827/1827/3108 1828/1828/3108 1596/1596/3108
f 1221/1221/3109 1532/1532/3109 1359/1359/3109
f 1829/1829/3110 1823/1823/3110 1632/1632/3110
f 1829/1829/3111 1423/1423/3111 1823/1823/3111
f 1609/1609/3112 1830/1830/3112 1102/1102/3112
f 1439/1439/3113 1446/1446/3113 1831/1831/3113
f 1815/1815/3114 1543/1543/3114 1832/1832/3114
f 1534/1534/2896 1535/1535/2898 1746/1746/3115
f 1507/1507/3116 1626/1626/3116 1508/1508/3116
f 1748/1748/3117 1786/1786/3117 1416/1416/3117
f 1476/1476/3118 1438/1438/3118 1477/1477/3118
f 1387/1387/3119 1577/1577/3119 1586/1586/3119
f 1833/1833/3120 1834/1834/3121 1835/1835/3122
f 1476/1476/3123 1484/1484/3007 1713/1713/3009
f 1832/1832/3124 1466/1466/3124 1836/1836/3124
f 1285/1285/3125 1323/1323/3125 1837/1837/3125
f 1838/1838/3126 1545/1545/3126 1839/1839/3126
f 1547/1547/3127 1840/1840/3127 1539/1539/3127
f 1543/1543/3128 1545/1545/3128 1838/1838/3128
f 1323/1323/3129 900/900/3129 1361/1361/3129
f 1422/1422/3130 1559/1559/3130 1560/1560/3130
f 1737/1737/3131 1671/1671/3131 1841/1841/3131
f 1842/1842/3132 1843/1843/3132 1844/1844/3132
f 1530/1530/3133 1842/1842/3133 1503/1503/3133
f 1421/1421/3134 1649/1649/3134 1422/1422/3134
f 1845/1845/3135 1529/1529/3135 1503/1503/3135
f 1846/1846/3136 1579/1579/3136 1581/1581/3136
f 1295/1295/3137 1375/1375/3137 1387/1387/3137
f 1564/1564/3138 1563/1563/3138 1568/1568/3138
f 1440/1440/3139 1442/1442/3139 1570/1570/3139
f 1847/1847/3140 1848/1848/3140 1849/1849/3140
f 1847/1847/3141 1849/1849/3141 1554/1554/3141
f 1361/1361/3142 1234/1234/3142 1294/1294/3142
f 1850/1850/3143 1294/1294/3143 1238/1238/3143
f 1594/1594/3144 1517/1517/3144 1851/1851/3144
f 1852/1852/3145 1637/1637/3145 1853/1853/3145
f 1556/1556/3146 1555/1555/3146 1854/1854/3146
f 1607/1607/3147 1606/1606/3147 1366/1366/3147
f 1606/1606/3148 1379/1379/3148 1366/1366/3148
f 1855/1855/3149 1665/1665/3149 1856/1856/3149
f 1857/1857/3150 1858/1858/3150 1859/1859/3150
f 1860/1860/3151 1861/1861/3151 1862/1862/3151
f 1376/1376/3152 1863/1863/3152 1377/1377/3152
f 1469/1469/3153 1591/1591/3153 1590/1590/3153
f 1657/1657/3154 1862/1862/3154 1864/1864/3154
f 1618/1618/3155 1514/1514/3155 1516/1516/3155
f 1865/1865/3156 1866/1866/3156 1867/1867/3156
f 1592/1592/3157 1591/1591/3157 1868/1868/3157
f 1869/1869/3158 1688/1688/3158 1380/1380/3158
f 1870/1870/3159 1602/1602/3159 1871/1871/3159
f 1864/1864/3160 1660/1660/3160 1658/1658/3160
f 1612/1612/3161 1588/1588/3161 1712/1712/3161
f 1872/1872/3162 1639/1639/3162 1654/1654/3162
f 1345/1345/3163 1689/1689/3163 1873/1873/3163
f 1367/1367/3164 1345/1345/3164 1874/1874/3164
f 1875/1875/3165 1697/1697/3165 1876/1876/3165
f 1383/1383/3166 1693/1693/3166 1877/1877/3166
f 1583/1583/3167 1580/1580/3167 1878/1878/3167
f 1707/1707/3168 1879/1879/3168 1880/1880/3168
f 1517/1517/3169 1594/1594/3169 1881/1881/3169
f 1882/1882/3170 1661/1661/3170 1883/1883/3170
f 1394/1394/3171 1884/1884/3171 1885/1885/3171
f 1656/1656/3172 1886/1886/3172 1887/1887/3172
f 1691/1691/3173 1888/1888/3173 1701/1701/3173
f 1889/1889/3174 1890/1890/3174 1891/1891/3174
f 1685/1685/3175 1718/1718/3175 1892/1892/3175
f 1683/1683/3176 1893/1893/3176 1894/1894/3176
f 1718/1718/3177 1895/1895/3177 1892/1892/3177
f 1896/1896/3178 1670/1670/3178 1897/1897/3178
f 1661/1661/3179 1663/1663/3179 1392/1392/3179
f 1452/1452/3180 1458/1458/3180 1644/1644/3180
f 1458/1458/3181 1457/1457/3181 1644/1644/3181
f 1611/1611/3182 1433/1433/3182 1616/1616/3182
f 1879/1879/3183 1898/1898/3183 1880/1880/3183
f 1770/1770/3184 1899/1899/3184 1640/1640/3184
f 1900/1900/3185 1901/1901/3186 1902/1902/3187
f 1901/1901/3188 1564/1564/3188 1568/1568/3188
f 1903/1903/3189 1904/1904/3189 1905/1905/3189
f 1568/1568/3190 1902/1902/3190 1901/1901/3190
f 1906/1906/3191 1907/1907/3191 1908/1908/3191
f 1909/1909/3192 1840/1840/3192 1910/1910/3192
f 1452/1452/3193 1453/1453/3193 1458/1458/3193
f 1911/1911/3194 1912/1912/3194 1470/1470/3194
f 1563/1563/3195 1913/1913/3195 1569/1569/3195
f 1695/1695/3196 1697/1697/3196 1914/1914/3196
f 1915/1915/3197 1876/1876/3197 1697/1697/3197
f 1916/1916/3198 1875/1875/3198 1876/1876/3198
f 1707/1707/3199 1917/1917/3199 1879/1879/3199
f 1648/1648/3200 1918/1918/3200 1480/1480/3200
f 1679/1679/3201 1919/1919/3201 1920/1920/3201
f 1612/1612/3202 1611/1611/3203 1615/1615/3204
f 1612/1612/3202 1615/1615/3204 1870/1870/3205
f 1480/1480/3206 1479/1479/3206 1737/1737/3206
f 1615/1615/3207 1600/1600/3207 1870/1870/3207
f 1708/1708/3208 1679/1679/3208 1921/1921/3208
f 1690/1690/3209 1679/1679/3209 1708/1708/3209
f 1343/1343/3210 1869/1869/3210 1380/1380/3210
f 1729/1729/3211 1922/1922/3211 1730/1730/3211
f 1763/1763/3053 1381/1381/3052 1478/1478/3212
f 1923/1923/3213 1924/1924/3213 1548/1548/3213
f 1925/1925/3214 1926/1926/3214 1646/1646/3214
f 1926/1926/3215 1505/1505/3215 1646/1646/3215
f 1578/1578/3216 1926/1926/3216 1758/1758/3216
f 1809/1809/3217 1682/1682/3217 1684/1684/3217
f 1578/1578/3218 1369/1369/3218 1926/1926/3218
f 1785/1785/3219 1806/1806/3219 1915/1915/3219
f 1806/1806/3220 1810/1810/3220 1916/1916/3220
f 1927/1927/3221 1644/1644/3221 1928/1928/3221
f 1644/1644/3222 1889/1889/3222 1928/1928/3222
f 1929/1929/3223 1728/1728/3223 1930/1930/3223
f 1742/1742/3224 1409/1409/3224 1931/1931/3224
f 1659/1659/3225 1932/1932/3226 1671/1671/3227
f 1933/1933/3228 1784/1784/3228 1934/1934/3228
f 1311/1311/3073 1790/1790/3075 1382/1382/3229
f 1644/1644/3230 1650/1650/3230 1889/1889/3230
f 1821/1821/3231 1935/1935/3231 1739/1739/3231
f 1890/1890/3232 1649/1649/3232 1421/1421/3232
f 1652/1652/3233 1936/1936/3233 1580/1580/3233
f 1403/1403/3234 1402/1402/3234 1937/1937/3234
f 1383/1383/3235 1938/1938/3235 1561/1561/3235
f 1939/1939/3236 1883/1883/3236 1725/1725/3236
f 1940/1940/3237 1740/1740/3237 1800/1800/3237
f 1663/1663/3238 1394/1394/3238 1393/1393/3238
f 1744/1744/3239 1797/1797/3239 1411/1411/3239
f 1402/1402/3240 1744/1744/3240 1941/1941/3240
f 1727/1727/3241 1726/1726/3241 1735/1735/3241
f 1756/1756/3242 1937/1937/3242 1757/1757/3242
f 1761/1761/3243 1729/1729/3243 1482/1482/3243
f 1803/1803/3244 1942/1942/3244 1830/1830/3244
f 1943/1943/3245 1944/1944/3245 1716/1716/3245
f 1399/1399/3246 1736/1736/3246 1674/1674/3246
f 1399/1399/3247 1674/1674/3247 1404/1404/3247
f 1487/1487/3248 1838/1838/3248 1945/1945/3248
f 1741/1741/3249 1779/1779/3249 1462/1462/3249
f 1462/1462/3250 1461/1461/3250 1528/1528/3250
f 1423/1423/3251 1422/1422/3251 1560/1560/3251
f 1418/1418/3252 1675/1675/3252 1419/1419/3252
f 1281/1281/3253 1585/1585/3253 1521/1521/3253
f 1437/1437/3254 1423/1423/3254 1560/1560/3254
f 1437/1437/3255 1439/1439/3255 1524/1524/3255
f 1413/1413/3256 1546/1546/3256 1782/1782/3256
f 1421/1421/3257 1423/1423/3257 1829/1829/3257
f 1546/1546/3258 1557/1557/3258 1427/1427/3258
f 1904/1904/3259 1769/1769/3259 1770/1770/3259
f 1472/1472/3260 1754/1754/3260 1473/1473/3260
f 1904/1904/3261 1946/1946/3261 1947/1947/3261
f 1532/1532/3262 1221/1221/3262 1102/1102/3262
f 1428/1428/3263 1558/1558/3263 1948/1948/3263
f 1946/1946/3264 1872/1872/3264 1934/1934/3264
f 1778/1778/3265 1777/1777/3265 1786/1786/3265
f 1948/1948/3266 1361/1361/3266 1818/1818/3266
f 1482/1482/3267 1731/1731/3267 1483/1483/3267
f 1609/1609/3268 1360/1360/3268 1949/1949/3268
f 1442/1442/3269 1761/1761/3269 1481/1481/3269
f 1401/1401/3270 1571/1571/3270 1402/1402/3270
f 1785/1785/3271 1915/1915/3271 1696/1696/3271
f 1456/1456/3272 1794/1794/3272 1454/1454/3272
f 1591/1591/3273 1937/1937/3273 1756/1756/3273
f 1371/1371/3274 1285/1285/3274 1837/1837/3274
f 1766/1766/3275 1802/1802/3275 1412/1412/3275
f 1467/1467/3276 1795/1795/3276 1572/1572/3276
f 1468/1468/3277 1467/1467/3277 1572/1572/3277
f 1519/1519/3278 1800/1800/3278 1817/1817/3278
f 1486/1486/3279 1488/1488/3279 1950/1950/3279
f 1951/1951/3280 1544/1544/3280 1816/1816/3280
f 1289/1289/3281 1374/1374/3281 1575/1575/3281
f 1289/1289/3282 1575/1575/3282 1574/1574/3282
f 1362/1362/3283 1289/1289/3283 1574/1574/3283
f 1952/1952/3284 1953/1953/3284 1738/1738/3284
f 1576/1576/3285 1386/1386/3285 1342/1342/3285
f 1483/1483/3286 1767/1767/3286 1717/1717/3286
f 1954/1954/3287 1955/1955/3287 1868/1868/3287
f 1950/1950/3288 1488/1488/3288 1520/1520/3288
f 1502/1502/3289 1954/1954/3289 1489/1489/3289
f 1956/1956/3290 1957/1957/3290 1958/1958/3290
f 1959/1959/3291 1436/1436/3291 1498/1498/3291
f 1607/1607/3292 1959/1959/3292 1498/1498/3292
f 1804/1804/3293 1960/1960/3293 1805/1805/3293
f 1816/1816/3294 1815/1815/3294 1804/1804/3294
f 1828/1828/3295 1825/1825/3295 1596/1596/3295
f 1924/1924/3296 1829/1829/3296 1632/1632/3296
f 1431/1431/3297 1961/1961/3297 1537/1537/3297
f 1626/1626/3298 1827/1827/3298 1508/1508/3298
f 1958/1958/3299 1957/1957/3299 1962/1962/3299
f 1963/1963/3300 1964/1964/3300 1852/1852/3300
f 1538/1538/3301 1464/1464/3301 1466/1466/3301
f 1465/1465/3302 1805/1805/3302 1466/1466/3302
f 1466/1466/3303 1805/1805/3303 1836/1836/3303
f 1788/1788/3304 1429/1429/3304 1732/1732/3304
f 1535/1535/3305 1748/1748/3305 1746/1746/3305
f 1449/1449/3306 1839/1839/3306 1544/1544/3306
f 1544/1544/3307 1839/1839/3307 1545/1545/3307
f 1539/1539/3308 1840/1840/3308 1909/1909/3308
f 1965/1965/3309 1821/1821/3309 1739/1739/3309
f 1738/1738/3310 1965/1965/3310 1739/1739/3310
f 1966/1966/3311 1967/1967/3311 1422/1422/3311
f 1863/1863/3312 1376/1376/3313 1379/1379/3314
f 1377/1377/3315 1863/1863/3315 1968/1968/3315
f 1377/1377/3316 1968/1968/3316 1869/1869/3316
f 1867/1867/3317 1969/1969/3317 1970/1970/3317
f 1967/1967/3318 1477/1477/3319 1559/1559/3318
f 1589/1589/3320 1971/1971/3320 1512/1512/3320
f 1438/1438/3321 1476/1476/3321 1447/1447/3321
f 1538/1538/3322 1753/1753/3323 1536/1536/3324
f 1554/1554/3325 1864/1864/3325 1862/1862/3325
f 1878/1878/3326 1702/1702/3326 1583/1583/3326
f 1587/1587/3327 1589/1589/3327 1512/1512/3327
f 1588/1588/3328 1587/1587/3328 1710/1710/3328
f 1972/1972/3329 1796/1796/3329 1567/1567/3329
f 1581/1581/3330 1580/1580/3330 1584/1584/3330
f 1345/1345/3331 1873/1873/3331 1874/1874/3331
f 1702/1702/3332 1710/1710/3332 1583/1583/3332
f 1973/1973/3333 1543/1543/3333 1838/1838/3333
f 1659/1659/3334 1660/1660/3334 1974/1974/3334
f 1367/1367/3335 1874/1874/3335 1693/1693/3335
f 1866/1866/3336 1975/1975/3336 1976/1976/3336
f 1938/1938/3337 1383/1383/3337 1877/1877/3337
f 1509/1509/3338 1499/1499/3338 1977/1977/3338
f 1605/1605/3339 1604/1604/3339 1976/1976/3339
f 1978/1978/3340 1614/1614/3340 1542/1542/3340
f 1510/1510/3341 1955/1955/3341 1843/1843/3341
f 1568/1568/3342 1569/1569/3342 1979/1979/3342
f 1517/1517/3343 1774/1774/3343 1980/1980/3343
f 1541/1541/3344 1613/1613/3344 1548/1548/3344
f 1436/1436/3345 1959/1959/3345 1239/1239/3345
f 1981/1981/3346 1884/1884/3346 1595/1595/3346
f 1845/1845/3347 1624/1624/3347 1848/1848/3347
f 1514/1514/3348 1506/1506/3348 1773/1773/3348
f 1773/1773/3349 1506/1506/3349 1982/1982/3349
f 1624/1624/3350 1849/1849/3350 1848/1848/3350
f 1959/1959/3351 1607/1607/3351 1366/1366/3351
f 1366/1366/3352 1239/1239/3352 1959/1959/3352
f 1983/1983/3353 1854/1854/3353 1984/1984/3353
f 1433/1433/3354 1435/1435/3354 1686/1686/3354
f 1554/1554/3355 1849/1849/3355 1555/1555/3355
f 1985/1985/3356 1640/1640/3356 1986/1986/3356
f 1979/1979/3357 1701/1701/3357 1700/1700/3357
f 1394/1394/3358 1593/1593/3358 1595/1595/3358
f 1705/1705/3359 1987/1987/3359 1875/1875/3359
f 1697/1697/3360 1988/1988/3360 1914/1914/3360
f 1592/1592/3361 1868/1868/3361 1955/1955/3361
f 1987/1987/3362 1705/1705/3362 1989/1989/3362
f 1880/1880/3363 1989/1989/3363 1707/1707/3363
f 1655/1655/3364 1654/1654/3364 1990/1990/3364
f 1928/1928/3365 1923/1923/3365 1647/1647/3365
f 1888/1888/3366 1991/1991/3366 1610/1610/3366
f 1991/1991/3367 1385/1385/3367 1610/1610/3367
f 1645/1645/3368 1647/1647/3368 1992/1992/3368
f 1668/1668/2975 1655/1655/3369 1669/1669/2976
f 1889/1889/3370 1923/1923/3370 1928/1928/3370
f 1502/1502/3371 1826/1826/3371 1503/1503/3371
f 1656/1656/3372 1887/1887/3372 1562/1562/3372
f 1790/1790/3373 1643/1643/3373 1457/1457/3373
f 1790/1790/3374 1993/1993/3374 1643/1643/3374
f 1635/1635/3375 1507/1507/3375 1506/1506/3375
f 1669/1669/3376 1897/1897/3376 1670/1670/3376
f 1882/1882/3377 1635/1635/3377 1994/1994/3377
f 1904/1904/3378 1640/1640/3378 1905/1905/3378
f 1995/1995/3379 1495/1495/3379 1496/1496/3379
f 1926/1926/3380 1369/1369/3380 1505/1505/3380
f 1392/1392/3381 1405/1405/3381 1673/1673/3381
f 1384/1384/3382 1561/1561/3382 1996/1996/3382
f 1676/1676/3383 1674/1674/3383 1673/1673/3383
f 1478/1478/3384 1384/1384/3384 1996/1996/3384
f 1911/1911/3385 1687/1687/3385 1912/1912/3385
f 1602/1602/3386 1997/1997/3387 1971/1971/3388
f 1908/1908/3389 1998/1998/3389 1999/1999/3389
f 2000/2000/3390 1602/1602/3390 1971/1971/3390
f 1912/1912/3391 1703/1703/3391 1470/1470/3391
f 1585/1585/3392 2001/2001/3392 1522/1522/3392
f 1993/1993/3393 1790/1790/3393 1763/1763/3393
f 2002/2002/3394 2003/2003/3394 2004/2004/3394
f 1066/1066/3395 1504/1504/3395 1369/1369/3395
f 1667/1667/3396 1670/1670/3396 1520/1520/3396
f 1463/1463/3397 1781/1781/3397 2005/2005/3397
f 2006/2006/3398 1716/1716/3398 2007/2007/3398
f 1531/1531/3399 1533/1533/3399 1792/1792/3399
f 2008/2008/3400 2009/2009/3400 1896/1896/3400
f 1716/1716/3401 1715/1715/3401 2010/2010/3401
f 1730/1730/3402 1830/1830/3402 1942/1942/3402
f 2011/2011/3403 2008/2008/3403 1893/1893/3403
f 1830/1830/3404 1730/1730/3404 1754/1754/3404
f 2012/2012/3405 1809/1809/3405 1684/1684/3405
f 1755/1755/3406 2013/2013/3406 1704/1704/3406
f 1755/1755/3407 1704/1704/3407 1703/1703/3407
f 2014/2014/3408 1682/1682/3408 1809/1809/3408
f 1766/1766/3409 1942/1942/3409 1803/1803/3409
f 1879/1879/3410 1917/1917/3410 2012/2012/3410
f 1318/1318/3411 1281/1281/3411 1523/1523/3411
f 1920/1920/3412 1921/1921/3412 1679/1679/3412
f 1915/1915/3413 1806/1806/3413 1916/1916/3413
f 1949/1949/3414 1360/1360/3414 1371/1371/3414
f 1599/1599/3415 1359/1359/3415 2015/2015/3415
f 1706/1706/3416 2016/2016/3416 1732/1732/3416
f 1706/1706/3417 1732/1732/3417 1734/1734/3417
f 1690/1690/3418 1709/1709/3418 1713/1713/3418
f 1937/1937/3419 1402/1402/3419 2017/2017/3419
f 1593/1593/3420 1394/1394/3420 1663/1663/3420
f 1432/1432/3421 1551/1551/3421 1943/1943/3421
f 1730/1730/3422 1922/1922/3422 1420/1420/3422
f 1740/1740/3423 1739/1739/3423 1800/1800/3423
f 1943/1943/3424 1716/1716/3424 2006/2006/3424
f 1757/1757/3425 1937/1937/3425 2017/2017/3425
f 1323/1323/3426 1361/1361/3426 1558/1558/3426
f 1929/1929/3427 1930/1930/3427 1505/1505/3427
f 1642/1642/3428 2018/2018/3428 1953/1953/3428
f 1452/1452/3429 1927/1927/3429 1728/1728/3429
f 1728/1728/3430 1927/1927/3430 1930/1930/3430
f 1543/1543/3431 1973/1973/3431 1396/1396/3431
f 2019/2019/3432 1719/1719/3432 1722/1722/3432
f 2020/2020/3433 2021/2021/3433 1708/1708/3433
f 1575/1575/3434 1952/1952/3434 1450/1450/3434
f 2021/2021/3435 2022/2022/3435 1708/1708/3435
f 1574/1574/3436 1450/1450/3436 1449/1449/3436
f 1755/1755/3437 1620/1620/3437 1680/1680/3437
f 2021/2021/3438 2023/2023/3438 2022/2022/3438
f 1444/1444/3439 1764/1764/3439 2024/2024/3439
f 1883/1883/3440 1726/1726/3440 1725/1725/3440
f 1708/1708/3441 2022/2022/3441 1709/1709/3441
f 1487/1487/3442 1945/1945/3442 1488/1488/3442
f 1375/1375/3443 1293/1293/3443 1387/1387/3443
f 2025/2025/3444 1789/1789/3444 1573/1573/3444
f 1675/1675/3445 1418/1418/3445 1408/1408/3445
f 1671/1671/3446 1932/1932/3446 1475/1475/3446
f 1671/1671/3447 1475/1475/3447 1841/1841/3447
f 1674/1674/3448 1408/1408/3448 1404/1404/3448
f 2026/2026/3449 2027/2027/3449 1922/1922/3449
f 1419/1419/3450 1687/1687/3450 1474/1474/3450
f 1791/1791/3451 1714/1714/3452 1549/1549/3453
f 1598/1598/3454 1494/1494/3454 1762/1762/3454
f 2016/2016/3455 1706/1706/3455 1705/1705/3455
f 1442/1442/3456 1481/1481/3456 1714/1714/3456
f 1761/1761/3457 1922/1922/3457 1729/1729/3457
f 1808/1808/3458 1917/1917/3458 1706/1706/3458
f 1917/1917/3459 1808/1808/3459 2012/2012/3459
f 1637/1637/3460 1852/1852/3460 1530/1530/3460
f 1771/1771/3461 1811/1811/3461 1764/1764/3461
f 1598/1598/3462 1762/1762/3462 1764/1764/3462
f 1638/1638/3463 1637/1637/3463 1530/1530/3463
f 1459/1459/3464 1456/1456/3464 1455/1455/3464
f 1468/1468/3465 1572/1572/3465 1571/1571/3465
f 1486/1486/3466 1497/1497/3466 1397/1397/3466
f 2028/2028/3467 1587/1587/3467 1511/1511/3467
f 1822/1822/3468 1528/1528/3468 1820/1820/3468
f 1813/1813/3469 1812/1812/3469 2011/2011/3469
f 1636/1636/3470 1877/1877/3470 1693/1693/3470
f 1751/1751/3471 1813/1813/3471 1809/1809/3471
f 1874/1874/3472 1636/1636/3472 1693/1693/3472
f 1472/1472/3473 1471/1471/3473 1750/1750/3473
f 1473/1473/3474 1730/1730/3474 1420/1420/3474
f 2029/2029/3475 1823/1823/3475 1824/1824/3475
f 1481/1481/3476 1483/1483/3476 1717/1717/3476
f 2030/2030/3477 2031/2031/3477 1834/1834/3477
f 1717/1717/3478 1767/1767/3478 1552/1552/3478
f 2032/2032/3479 1962/1962/3479 2031/2031/3479
f 1632/1632/3480 1823/1823/3480 2029/2029/3480
f 1446/1446/3481 1534/1534/3481 1831/1831/3481
f 2033/2033/3482 1835/1835/3482 1542/1542/3482
f 1416/1416/3483 1791/1791/3483 1424/1424/3483
f 1732/1732/3484 1429/1429/3484 1733/1733/3484
f 1429/1429/3485 1536/1536/3485 1733/1733/3485
f 1944/1944/3486 1553/1553/3486 1696/1696/3486
f 1839/1839/3487 1451/1451/3488 1940/1940/3489
f 1953/1953/3490 1526/1526/3491 1965/1965/3492
f 1832/1832/3493 1396/1396/3493 1466/1466/3493
f 1385/1385/3494 1611/1611/3494 1610/1610/3494
f 1450/1450/3495 1952/1952/3495 1738/1738/3495
f 1567/1567/3496 1566/1566/3496 2019/2019/3496
f 2034/2034/3497 1846/1846/3497 1581/1581/3497
f 1753/1753/3323 1538/1538/3322 2035/2035/3498
f 1541/1541/3499 1542/1542/3499 1614/1614/3499
f 1604/1604/3500 1623/1623/3500 1834/1834/3500
f 1466/1466/3501 1395/1395/3501 2035/2035/3501
f 1804/1804/3502 1815/1815/3502 1960/1960/3502
f 1572/1572/3503 1796/1796/3503 2025/2025/3503
f 1572/1572/3504 2025/2025/3504 1573/1573/3504
f 1583/1583/3505 1814/1814/3505 1584/1584/3505
f 1547/1547/3506 1631/1631/3506 1840/1840/3506
f 1961/1961/3507 1538/1538/3507 1537/1537/3507
f 1865/1865/3508 1867/1867/3508 1997/1997/3508
f 1867/1867/3509 1866/1866/3509 1957/1957/3509
f 1517/1517/3510 1980/1980/3510 1851/1851/3510
f 2036/2036/3511 2037/2037/3511 2038/2038/3511
f 1595/1595/3512 1594/1594/3512 1981/1981/3512
f 1594/1594/3513 2039/2039/3513 1981/1981/3513
f 1480/1480/3514 1737/1737/3514 1967/1967/3514
f 1560/1560/3515 1438/1438/3515 1437/1437/3515
f 1453/1453/3516 1382/1382/3516 1790/1790/3516
f 2040/2040/3517 2041/2041/3517 2042/2042/3517
f 1422/1422/3318 1967/1967/3318 1559/1559/3318
f 2040/2040/3518 1856/1856/3518 1665/1665/3518
f 1993/1993/3519 1918/1918/3519 1643/1643/3519
f 1649/1649/3520 1966/1966/3520 1422/1422/3520
f 1597/1597/3521 1492/1492/3521 1494/1494/3521
f 1447/1447/3522 1570/1570/3522 1448/1448/3522
f 1489/1489/3523 1954/1954/3523 1490/1490/3523
f 1561/1561/3524 1938/1938/3524 2043/2043/3524
f 1570/1570/3525 1442/1442/3525 1777/1777/3525
f 1633/1633/3526 2044/2044/3526 1899/1899/3526
f 1476/1476/3527 1713/1713/3527 1709/1709/3527
f 1602/1602/3528 1601/1601/3528 2045/2045/3528
f 1641/1641/3529 1640/1640/3529 1985/1985/3529
f 1394/1394/3530 1595/1595/3530 1884/1884/3530
f 1590/1590/3531 2046/2046/3531 1467/1467/3531
f 1639/1639/3532 1641/1641/3532 2047/2047/3532
f 1983/1983/3533 2048/2048/3533 1974/1974/3533
f 1612/1612/3534 1712/1712/3534 1711/1711/3534
f 1467/1467/3535 1469/1469/3535 1590/1590/3535
f 1855/1855/3536 1666/1666/3536 1665/1665/3536
f 1659/1659/3225 1974/1974/3537 1932/1932/3226
f 1701/1701/3538 1711/1711/3538 1702/1702/3538
f 1697/1697/3539 1875/1875/3539 1988/1988/3539
f 1628/1628/3540 1681/1681/3540 1619/1619/3540
f 2049/2049/3541 2050/2050/3541 1603/1603/3541
f 2051/2051/3542 1592/1592/3542 1509/1509/3542
f 1522/1522/3543 2001/2001/3543 1741/1741/3543
f 1501/1501/3544 1844/1844/3544 1502/1502/3544
f 1903/1903/3545 1905/1905/3545 1639/1639/3545
f 1522/1522/3546 1741/1741/3546 1527/1527/3546
f 1896/1896/3547 1894/1894/3547 1893/1893/3547
f 1207/1207/3548 1355/1355/3548 1434/1434/3548
f 1601/1601/3549 1685/1685/3549 2052/2052/3549
f 1955/1955/3550 1510/1510/3550 1509/1509/3550
f 1656/1656/3551 1564/1564/3551 1901/1901/3551
f 1842/1842/3552 1844/1844/3552 1501/1501/3552
f 2053/2053/3553 1896/1896/3553 1897/1897/3553
f 1916/1916/3554 1705/1705/3554 1875/1875/3554
f 1901/1901/3555 1900/1900/3555 1886/1886/3555
f 1830/1830/3556 1754/1754/3556 1533/1533/3556
f 1845/1845/3557 1828/1828/3557 1624/1624/3557
f 1523/1523/3558 1281/1281/3558 1521/1521/3558
f 1882/1882/3559 1994/1994/3559 2054/2054/3559
f 1882/1882/3560 2054/2054/3560 1661/1661/3560
f 1456/1456/3561 1599/1599/3561 2015/2015/3561
f 1842/1842/3562 1501/1501/3562 1503/1503/3562
f 2055/2055/3563 2056/2056/3563 1910/1910/3563
f 1503/1503/3564 1825/1825/3564 1845/1845/3564
f 1799/1799/3565 1653/1653/3565 1668/1668/3565
f 1828/1828/3566 1845/1845/3566 1825/1825/3566
f 1766/1766/3567 1803/1803/3567 1802/1802/3567
f 1405/1405/3568 1676/1676/3568 1673/1673/3568
f 2055/2055/3569 1907/1907/3569 1906/1906/3569
f 1830/1830/3570 1609/1609/3570 1803/1803/3570
f 1817/1817/3571 1668/1668/3571 1667/1667/3571
f 1609/1609/3572 1949/1949/3572 1803/1803/3572
f 1910/1910/3573 2056/2056/3573 1909/1909/3573
f 2057/2057/3574 1520/1520/3574 1670/1670/3574
f 1687/1687/3575 1676/1676/3575 1912/1912/3575
f 1893/1893/3576 2008/2008/3576 1896/1896/3576
f 1413/1413/3577 1949/1949/3577 1371/1371/3577
f 2009/2009/3578 2057/2057/3578 1670/1670/3578
f 1432/1432/3579 2058/2058/3579 1426/1426/3579
f 1323/1323/3580 1558/1558/3580 1837/1837/3580
f 2058/2058/3581 1432/1432/3581 2059/2059/3581
f 2059/2059/3582 2006/2006/3582 2007/2007/3582
f 1769/1769/3583 1454/1454/3583 1634/1634/3583
f 1634/1634/3584 1454/1454/3584 2013/2013/3584
f 1907/1907/3585 1824/1824/3585 1525/1525/3585
f 1632/1632/3586 2029/2029/3586 1631/1631/3586
f 1910/1910/3587 1631/1631/3587 2029/2029/3587
f 1614/1614/3588 1992/1992/3589 2060/2060/3590
f 1642/1642/3591 1953/1953/3591 1952/1952/3591
f 2005/2005/3592 1781/1781/3592 1946/1946/3592
f 1374/1374/3593 1642/1642/3593 1575/1575/3593
f 1781/1781/3594 2061/2061/3594 1947/1947/3594
f 1576/1576/3595 1951/1951/3595 1816/1816/3595
f 1784/1784/3596 2005/2005/3596 1934/1934/3596
f 1722/1722/3597 1721/1721/3597 2062/2062/3597
f 1742/1742/3598 1931/1931/3598 2063/2063/3598
f 1716/1716/3599 1696/1696/3599 1695/1695/3599
f 1610/1610/2940 1612/1612/2942 1711/1711/3600
f 1941/1941/3601 1744/1744/3601 2064/2064/3601
f 2049/2049/3602 2065/2065/3602 1925/1925/3602
f 1933/1933/3603 1934/1934/3604 1798/1798/3605
f 1610/1610/3606 1711/1711/3606 1701/1701/3606
f 1841/1841/3607 1475/1475/3607 1737/1737/3607
f 2049/2049/3608 1925/1925/3608 1646/1646/3608
f 1606/1606/3609 1608/1608/3609 1379/1379/3609
f 2025/2025/3610 1972/1972/3610 1789/1789/3610
f 1686/1686/3611 1995/1995/3611 2065/2065/3611
f 1800/1800/3612 1739/1739/3612 1935/1935/3612
f 1491/1491/3613 1757/1757/3613 2066/2066/3613
f 1775/1775/3614 2019/2019/3614 1722/1722/3614
f 1759/1759/3615 1491/1491/3615 2067/2067/3615
f 1776/1776/3616 1775/1775/3616 1972/1972/3616
f 1929/1929/3617 1504/1504/3617 1728/1728/3617
f 1762/1762/3050 1759/1759/3049 2068/2068/3618
f 1646/1646/3619 1505/1505/3619 1930/1930/3619
f 1838/1838/3620 1487/1487/3620 1973/1973/3620
f 2069/2069/3621 1650/1650/3621 1644/1644/3621
f 2024/2024/3622 1764/1764/3622 1765/1765/3622
f 1889/1889/3623 1650/1650/3623 1890/1890/3623
f 2070/2070/3624 1608/1608/3624 1964/1964/3624
f 1734/1734/3625 1751/1751/3625 1809/1809/3625
f 1650/1650/3626 2069/2069/3626 1648/1648/3626
f 1689/1689/3627 1688/1688/3627 1853/1853/3627
f 1689/1689/3628 1853/1853/3628 1873/1873/3628
f 1937/1937/3629 1582/1582/3629 1403/1403/3629
f 1883/1883/3630 1661/1661/3630 1726/1726/3630
f 1925/1925/3631 2065/2065/3631 1758/1758/3631
f 1519/1519/3632 1488/1488/3632 1945/1945/3632
f 1946/1946/3633 1904/1904/3633 1903/1903/3633
f 1744/1744/3634 1743/1743/3634 1797/1797/3634
f 1984/1984/3635 1939/1939/3635 1678/1678/3635
f 1678/1678/3636 1939/1939/3636 1919/1919/3636
f 1934/1934/3604 1872/1872/3637 1798/1798/3605
f 1919/1919/3638 1725/1725/3638 1920/1920/3638
f 1638/1638/3639 1848/1848/3639 1860/1860/3639
f 1492/1492/3640 1760/1760/3640 1493/1493/3640
f 1862/1862/3641 1861/1861/3641 1554/1554/3641
f 1921/1921/3642 1920/1920/3642 1727/1727/3642
f 1419/1419/3643 1675/1675/3643 1687/1687/3643
f 1446/1446/3644 1448/1448/3644 1535/1535/3644
f 1443/1443/3645 1773/1773/3645 1444/1444/3645
f 1921/1921/3646 1727/1727/3646 2020/2020/3646
f 1442/1442/3647 1714/1714/3647 1787/1787/3647
f 1660/1660/3648 1864/1864/3648 1556/1556/3648
f 1938/1938/3649 2071/2071/3650 2072/2072/3651
f 1817/1817/3652 1800/1800/3652 1799/1799/3652
f 1708/1708/3653 1921/1921/3653 2020/2020/3653
f 1497/1497/3654 1486/1486/3654 2009/2009/3654
f 1549/1549/3453 1714/1714/3452 1550/1550/3655
f 1497/1497/3656 2011/2011/3656 1812/1812/3656
f 1463/1463/3657 1462/1462/3657 1781/1781/3657
f 1938/1938/3649 2072/2072/3651 2043/2043/3658
f 2013/2013/3659 1793/1793/3659 1750/1750/3659
f 2022/2022/3660 2023/2023/3660 2073/2073/3660
f 1439/1439/3661 1831/1831/3661 1525/1525/3661
f 2031/2031/3662 2030/2030/3662 2032/2032/3662
f 2030/2030/3663 1834/1834/3663 2074/2074/3663
f 1868/1868/3664 1591/1591/3664 1801/1801/3664
f 1767/1767/3665 1723/1723/3665 1552/1552/3665
f 1826/1826/3666 1502/1502/3666 1492/1492/3666
f 1597/1597/3667 1596/1596/3667 1825/1825/3667
f 1424/1424/2843 1791/1791/3668 1425/1425/2844
f 1835/1835/3122 2033/2033/3669 1833/1833/3120
f 1518/1518/3670 1512/1512/3670 1971/1971/3670
f 1806/1806/3671 1807/1807/3671 1810/1810/3671
f 1400/1400/3672 2027/2027/3672 2073/2073/3672
f 2033/2033/3673 1542/1542/3673 1540/1540/3673
f 2073/2073/3674 2027/2027/3674 2026/2026/3674
f 2026/2026/3675 1922/1922/3675 1761/1761/3675
f 1784/1784/3676 1933/1933/3676 1820/1820/3676
f 1994/1994/3677 1618/1618/3677 2054/2054/3677
f 1820/1820/3678 1933/1933/3678 1821/1821/3678
f 1662/1662/3679 2054/2054/3679 1516/1516/3679
f 1259/1259/3680 1434/1434/3680 1611/1611/3680
f 1385/1385/3681 1259/1259/3681 1611/1611/3681
f 2031/2031/3682 1976/1976/3682 1604/1604/3682
f 2019/2019/3683 1566/1566/3683 1719/1719/3683
f 1966/1966/3684 1480/1480/3684 1967/1967/3684
f 2075/2075/3685 1846/1846/3685 2034/2034/3685
f 1536/1536/3686 1753/1753/3686 1752/1752/3686
f 1733/1733/3687 1536/1536/3687 1751/1751/3687
f 1395/1395/3688 1466/1466/3688 1396/1396/3688
f 1779/1779/3689 1460/1460/3689 1459/1459/3689
f 1066/1066/3690 1336/1336/3690 1728/1728/3690
f 1584/1584/3691 1814/1814/3691 2076/2076/3691
f 1971/1971/3692 1997/1997/3692 1970/1970/3692
f 1995/1995/3693 1496/1496/3693 1758/1758/3693
f 1868/1868/3694 1490/1490/3694 1954/1954/3694
f 1561/1561/3695 2043/2043/3696 2077/2077/3697
f 1887/1887/3698 1913/1913/3698 1562/1562/3698
f 1461/1461/3699 1784/1784/3699 1528/1528/3699
f 1478/1478/3700 1996/1996/3700 2077/2077/3700
f 1660/1660/3701 1983/1983/3701 1974/1974/3701
f 1996/1996/3702 1561/1561/3695 2077/2077/3697
f 1596/1596/3703 1598/1598/3703 1811/1811/3703
f 1438/1438/3704 1447/1447/3704 1446/1446/3704
f 1777/1777/3705 1442/1442/3705 1787/1787/3705
f 1974/1974/3706 2048/2048/3706 2078/2078/3706
f 1932/1932/3707 1974/1974/3708 2078/2078/3709
f 1406/1406/3710 1885/1885/3711 2041/2041/3712
f 1406/1406/3713 2041/2041/3713 1665/1665/3713
f 1986/1986/3714 1899/1899/3714 2044/2044/3714
f 1857/1857/3715 2036/2036/3715 1858/1858/3715
f 2046/2046/3716 1795/1795/3716 1467/1467/3716
f 1485/1485/3717 1932/1932/3707 2078/2078/3709
f 1414/1414/3718 1783/1783/3719 1807/1807/3720
f 1783/1783/3721 1788/1788/3721 1732/1732/3721
f 1715/1715/3722 1914/1914/3722 1988/1988/3722
f 1430/1430/3723 1431/1431/3723 1537/1537/3723
f 1788/1788/3724 1427/1427/3724 1429/1429/3724
f 1585/1585/3725 1218/1218/3725 2001/2001/3725
f 1822/1822/3726 1821/1821/3726 1526/1526/3726
f 1526/1526/3727 1821/1821/3727 1965/1965/3727
f 1319/1319/3728 1523/1523/3728 1527/1527/3728
f 1451/1451/3729 1450/1450/3729 1738/1738/3729
f 1531/1531/3730 1359/1359/3730 1532/1532/3730
f 1655/1655/3731 2079/2079/3731 1669/1669/3731
f 1532/1532/3732 1102/1102/3732 1533/1533/3732
f 1895/1895/3733 2049/2049/3733 2080/2080/3733
f 1836/1836/3734 1805/1805/3734 1832/1832/3734
f 1683/1683/3735 2081/2081/3735 1684/1684/3735
f 2050/2050/3736 1645/1645/3736 1622/1622/3736
f 1359/1359/3737 1531/1531/3737 2015/2015/3737
f 1647/1647/3738 2060/2060/3738 1992/1992/3738
f 1894/1894/3739 1896/1896/3739 2053/2053/3739
f 2060/2060/3740 1647/1647/3740 1923/1923/3740
f 1889/1889/3741 1891/1891/3741 1923/1923/3741
f 1891/1891/3742 1890/1890/3742 1924/1924/3742
f 2000/2000/3743 1971/1971/3743 2082/2082/3743
f 2014/2014/3744 2011/2011/3744 1893/1893/3744
f 1601/1601/3745 2052/2052/3745 2045/2045/3745
f 1685/1685/3746 1892/1892/3746 2052/2052/3746
f 1859/1859/3747 1700/1700/3747 1878/1878/3747
f 1477/1477/3748 1438/1438/3748 1559/1559/3748
f 2055/2055/3749 1906/1906/3749 2083/2083/3749
f 1557/1557/3750 1428/1428/3750 1427/1427/3750
f 1975/1975/3751 1892/1892/3751 2080/2080/3751
f 1392/1392/3752 1663/1663/3752 1393/1393/3752
f 914/914/3753 1319/1319/3753 1642/1642/3753
f 1405/1405/3754 1392/1392/3754 1745/1745/3754
f 1948/1948/3755 1818/1818/3755 1431/1431/3755
f 1428/1428/3756 1948/1948/3756 1431/1431/3756
f 1907/1907/3757 2029/2029/3757 1824/1824/3757
f 1923/1923/3758 1613/1613/3758 2060/2060/3758
f 1525/1525/3759 2084/2084/3759 1908/1908/3759
f 1405/1405/3760 1407/1407/3760 1676/1676/3760
f 1576/1576/3761 1342/1342/3761 1296/1296/3761
f 1388/1388/3762 1576/1576/3762 1296/1296/3762
f 1622/1622/3763 2085/2085/3763 1623/1623/3763
f 2029/2029/3764 2055/2055/3764 1910/1910/3764
f 1548/1548/3765 1924/1924/3765 1547/1547/3765
f 2084/2084/3766 1534/1534/3766 1747/1747/3766
f 1562/1562/3767 1913/1913/3767 1563/1563/3767
f 1577/1577/3768 1576/1576/3768 1816/1816/3768
f 1577/1577/3769 1816/1816/3769 1804/1804/3769
f 1866/1866/3770 2045/2045/3770 2086/2086/3770
f 1238/1238/2765 1387/1387/2767 1850/1850/3771
f 1749/1749/3772 1698/1698/3772 2003/2003/3772
f 1749/1749/3773 1415/1415/3773 1698/1698/3773
f 1362/1362/3774 1574/1574/3774 1951/1951/3774
f 1388/1388/3775 1362/1362/3775 1951/1951/3775
f 1538/1538/3776 1819/1819/3776 1464/1464/3776
f 1432/1432/3777 1943/1943/3777 2006/2006/3777
f 2070/2070/3778 1863/1863/3312 1379/1379/3314
f 2013/2013/3779 2087/2087/3779 1634/1634/3779
f 1593/1593/3780 1663/1663/3780 1881/1881/3780
f 1781/1781/3781 1947/1947/3781 1946/1946/3781
f 1904/1904/3782 2061/2061/3782 1769/1769/3782
f 1963/1963/3783 1688/1688/3783 1869/1869/3783
f 1569/1569/3784 1691/1691/3784 1979/1979/3784
f 1475/1475/3785 1932/1932/3785 1485/1485/3785
f 2088/2088/3786 1411/1411/3786 1410/1410/3786
f 1499/1499/3787 2089/2089/3787 1977/1977/3787
f 1724/1724/3788 1723/1723/3788 1785/1785/3788
f 1873/1873/3789 1853/1853/3789 1636/1636/3789
f 1636/1636/3790 1874/1874/3790 1873/1873/3790
f 1607/1607/3791 1498/1498/3791 1500/1500/3791
f 1607/1607/3792 1500/1500/3792 1608/1608/3792
f 2017/2017/3793 2090/2090/3794 1757/1757/3795
f 1927/1927/3796 1928/1928/3796 1930/1930/3796
f 1571/1571/3797 1743/1743/3797 1402/1402/3797
f 1964/1964/3798 1608/1608/3798 1500/1500/3798
f 2068/2068/3799 1765/1765/3799 1762/1762/3799
f 2066/2066/3800 1757/1757/3795 2090/2090/3794
f 1933/1933/3801 1798/1798/3801 1821/1821/3801
f 1491/1491/3802 2066/2066/3802 2067/2067/3802
f 1935/1935/3803 1821/1821/3803 1798/1798/3803
f 1877/1877/3804 2071/2071/3804 1938/1938/3804
f 1964/1964/3805 1510/1510/3805 1842/1842/3805
f 1964/1964/3806 1842/1842/3806 1530/1530/3806
f 1852/1852/3807 1964/1964/3807 1530/1530/3807
f 1916/1916/3808 2016/2016/3808 1705/1705/3808
f 1849/1849/3809 1624/1624/3809 1635/1635/3809
f 1492/1492/3810 1491/1491/3810 1760/1760/3810
f 1706/1706/3002 1917/1917/3811 1707/1707/3003
f 1555/1555/3812 1849/1849/3812 1883/1883/3812
f 1854/1854/3813 1555/1555/3813 1883/1883/3813
f 1493/1493/3814 1760/1760/3814 1759/1759/3814
f 1984/1984/3815 1854/1854/3815 1883/1883/3815
f 1396/1396/3816 1973/1973/3816 1487/1487/3816
f 1396/1396/3817 1486/1486/3817 1397/1397/3817
f 1762/1762/3818 1494/1494/3818 1493/1493/3818
f 1672/1672/3819 1735/1735/3820 1673/1673/3821
f 1860/1860/3822 1848/1848/3822 1861/1861/3822
f 1751/1751/3823 1753/1753/3823 1812/1812/3823
f 1753/1753/3824 1395/1395/3824 1812/1812/3824
f 1672/1672/3819 1736/1736/3825 1735/1735/3820
f 1444/1444/3826 1773/1773/3826 1771/1771/3826
f 1408/1408/3827 1674/1674/3827 1675/1675/3827
f 1497/1497/3828 2009/2009/3828 2008/2008/3828
f 2011/2011/3829 1497/1497/3829 2008/2008/3829
f 1423/1423/3830 1437/1437/3830 1524/1524/3830
f 1911/1911/3831 1474/1474/3831 1687/1687/3831
f 1474/1474/3832 1911/1911/3832 1470/1470/3832
f 1808/1808/3833 1809/1809/3833 2012/2012/3833
f 1454/1454/3834 1769/1769/3834 1455/1455/3834
f 1459/1459/3835 1455/1455/3835 1769/1769/3835
f 1778/1778/3836 1786/1786/3836 1448/1448/3836
f 1786/1786/3837 1787/1787/3837 1791/1791/3837
f 2061/2061/3838 1781/1781/3838 1780/1780/3838
f 2084/2084/3839 1831/1831/3839 1534/1534/3839
f 1617/1617/3840 1686/1686/3840 1600/1600/3840
f 1471/1471/3841 1704/1704/3841 1750/1750/3841
f 1615/1615/3842 1617/1617/3842 1600/1600/3842
f 1471/1471/3843 1470/1470/3843 1703/1703/3843
f 2013/2013/3844 1794/1794/3844 1793/1793/3844
f 1511/1511/3845 1513/1513/3845 2091/2091/3845
f 1432/1432/3846 1425/1425/3846 1549/1549/3846
f 1550/1550/3847 1481/1481/3847 1717/1717/3847
f 1453/1453/3848 1790/1790/3848 1457/1457/3848
f 1352/1352/3849 1382/1382/3849 1453/1453/3849
f 1495/1495/3850 1686/1686/3850 1435/1435/3850
f 1710/1710/3851 1587/1587/3851 2028/2028/3851
f 1834/1834/3852 1833/1833/3852 2074/2074/3852
f 1958/1958/3853 1962/1962/3854 2032/2032/3855
f 1433/1433/3856 1617/1617/3856 1616/1616/3856
f 1691/1691/3857 1692/1692/3857 1888/1888/3857
f 1888/1888/3858 1610/1610/3858 1701/1701/3858
f 1962/1962/3859 1866/1866/3859 1976/1976/3859
f 2031/2031/3860 1604/1604/3860 1834/1834/3860
f 1539/1539/3861 1909/1909/3861 2092/2092/3861
f 1623/1623/3862 1978/1978/3862 1835/1835/3862
f 1969/1969/3863 1957/1957/3863 1956/1956/3863
f 1468/1468/3864 1571/1571/3864 1401/1401/3864
f 1827/1827/3865 1596/1596/3865 1508/1508/3865
f 1867/1867/3866 1957/1957/3866 1969/1969/3866
f 1451/1451/3867 1738/1738/3867 1740/1740/3867
f 1648/1648/3868 1480/1480/3868 1649/1649/3868
f 1451/1451/3488 1740/1740/3869 1940/1940/3489
f 1508/1508/3870 1982/1982/3870 1506/1506/3870
f 1513/1513/3871 1970/1970/3871 2093/2093/3871
f 1631/1631/3872 1910/1910/3872 1840/1840/3872
f 1649/1649/3873 1480/1480/3873 1966/1966/3873
f 1994/1994/3874 1506/1506/3874 1618/1618/3874
f 1868/1868/3875 1801/1801/3875 1490/1490/3875
f 2054/2054/3876 1618/1618/3876 1516/1516/3876
f 1643/1643/3877 1918/1918/3877 1644/1644/3877
f 1918/1918/3878 1648/1648/3878 2069/2069/3878
f 1494/1494/3879 1598/1598/3879 1597/1597/3879
f 1727/1727/3880 1398/1398/3880 2020/2020/3880
f 1839/1839/3881 1940/1940/3881 1519/1519/3881
f 1838/1838/3882 1839/1839/3882 1945/1945/3882
f 1922/1922/3883 2027/2027/3883 1418/1418/3883
f 1811/1811/3884 1771/1771/3884 1773/1773/3884
f 1982/1982/3885 1811/1811/3885 1773/1773/3885
f 2094/2094/3886 1581/1581/3886 1584/1584/3886
f 1922/1922/3887 1418/1418/3887 1420/1420/3887
f 2021/2021/3888 2020/2020/3888 1398/1398/3888
f 2021/2021/3889 1398/1398/3889 2023/2023/3889
f 2048/2048/3890 1983/1983/3890 1678/1678/3890
f 1594/1594/3891 1851/1851/3891 2039/2039/3891
f 2023/2023/3892 1400/1400/3892 2073/2073/3892
f 1855/1855/3893 1856/1856/3893 2095/2095/3893
f 1218/1218/3894 1339/1339/3894 1599/1599/3894
f 1680/1680/3895 1620/1620/3895 1619/1619/3895
f 2022/2022/3896 2073/2073/3896 1440/1440/3896
f 1634/1634/3897 1628/1628/3897 1629/1629/3897
f 1795/1795/3898 2046/2046/3898 1565/1565/3898
f 1900/1900/3899 2037/2037/3899 2036/2036/3899
f 1886/1886/3900 1656/1656/3900 1901/1901/3900
f 1858/1858/3901 2036/2036/3901 2038/2038/3901
f 2073/2073/3902 2026/2026/3902 1441/1441/3902
f 1654/1654/3903 1639/1639/3903 1990/1990/3903
f 1642/1642/3904 1319/1319/3904 2018/2018/3904
f 2096/2096/3905 1872/1872/3905 1654/1654/3905
f 2026/2026/3906 1761/1761/3906 1441/1441/3906
f 1942/1942/3907 1766/1766/3907 1731/1731/3907
f 1591/1591/3908 1469/1469/3908 1582/1582/3908
f 1612/1612/3909 1871/1871/3909 2082/2082/3909
f 1988/1988/3910 1875/1875/3910 2097/2097/3910
f 1875/1875/3911 1987/1987/3911 2097/2097/3911
f 2000/2000/3912 1871/1871/3912 1602/1602/3912
f 2096/2096/3913 1654/1654/3913 1653/1653/3913
f 1413/1413/3914 1782/1782/3914 1414/1414/3914
f 1580/1580/3915 1859/1859/3915 1878/1878/3915
f 1859/1859/3916 1858/1858/3916 1700/1700/3916
f 1782/1782/3917 1546/1546/3917 1783/1783/3917
f 1828/1828/3918 1827/1827/3918 1625/1625/3918
f 1546/1546/3919 1427/1427/3919 1783/1783/3919
f 1820/1820/3920 1528/1528/3920 1784/1784/3920
f 2009/2009/3921 1670/1670/3921 1896/1896/3921
f 1506/1506/3922 1994/1994/3922 1635/1635/3922
f 2080/2080/3923 2049/2049/3923 1605/1605/3923
f 2049/2049/3924 1603/1603/3924 1605/1605/3924
f 1953/1953/3925 2018/2018/3925 1526/1526/3925
f 1608/1608/3926 2070/2070/3926 1379/1379/3926
f 1682/1682/3927 2014/2014/3927 1683/1683/3927
f 2085/2085/3928 1992/1992/3928 1978/1978/3928
f 1978/1978/3929 1992/1992/3589 1614/1614/3588
f 2060/2060/3930 1613/1613/3930 1614/1614/3930
f 1483/1483/3931 1731/1731/3931 1767/1767/3931
f 2055/2055/3932 2029/2029/3932 1907/1907/3932
f 2056/2056/3933 2055/2055/3933 2083/2083/3933
f 1547/1547/3934 1924/1924/3934 1632/1632/3934
f 1865/1865/3935 2045/2045/3935 1866/1866/3935
f 1577/1577/3936 1804/1804/3936 1586/1586/3936
f 2045/2045/3937 1865/1865/3937 1997/1997/3937
f 2084/2084/3938 1747/1747/3938 1998/1998/3938
f 1818/1818/3939 1819/1819/3939 1961/1961/3939
f 1688/1688/3940 1963/1963/3940 1852/1852/3940
f 1961/1961/3941 1819/1819/3941 1538/1538/3941
f 1998/1998/3942 1747/1747/3942 2002/2002/3942
f 1464/1464/3943 1586/1586/3943 1465/1465/3943
f 1586/1586/3944 1805/1805/3944 1465/1465/3944
f 2004/2004/3945 1999/1999/3945 2002/2002/3945
f 1783/1783/3719 1732/1732/3946 1807/1807/3720
f 1698/1698/3947 1415/1415/3947 1417/1417/3947
f 2098/2098/3948 1426/1426/3948 2058/2058/3948
f 1967/1967/3949 1737/1737/3949 1475/1475/3949
f 1477/1477/2870 1967/1967/3950 1475/1475/2868
f 1663/1663/3951 1516/1516/3951 1517/1517/3951
f 1663/1663/3952 1517/1517/3952 1881/1881/3952
f 1676/1676/3953 1407/1407/3953 1912/1912/3953
f 1745/1745/3954 1394/1394/3954 1885/1885/3954
f 1912/1912/3955 1407/1407/3955 1755/1755/3955
f 1960/1960/3956 1815/1815/3956 1832/1832/3956
f 2043/2043/3957 2072/2072/3957 1657/1657/3957
f 1912/1912/3958 1755/1755/3958 1703/1703/3958
f 1832/1832/3959 1805/1805/3959 1960/1960/3959
f 1972/1972/3960 1775/1775/3960 1789/1789/3960
f 2087/2087/3961 1755/1755/3962 1681/1681/3963
f 1899/1899/3964 1770/1770/3964 1768/1768/3964
f 1691/1691/3965 1701/1701/3965 1979/1979/3965
f 1543/1543/3966 1815/1815/3966 1544/1544/3966
f 1640/1640/3967 1904/1904/3967 1770/1770/3967
f 2065/2065/3968 1895/1895/3968 1718/1718/3968
f 1895/1895/3969 2065/2065/3969 2049/2049/3969
f 2061/2061/3970 1904/1904/3970 1947/1947/3970
f 1696/1696/3971 1915/1915/3971 1694/1694/3971
f 1411/1411/3972 1797/1797/3972 1409/1409/3972
f 1476/1476/3973 1709/1709/3973 1447/1447/3973
f 2050/2050/3974 2049/2049/3974 1646/1646/3974
f 1638/1638/3975 1530/1530/3975 1848/1848/3975
f 1434/1434/3976 1433/1433/3976 1611/1611/3976
f 1916/1916/3977 1810/1810/3977 2016/2016/3977
f 1692/1692/3978 1991/1991/3978 1888/1888/3978
f 1444/1444/3979 2024/2024/3979 2099/2099/3979
f 2099/2099/3980 1772/1772/3980 1444/1444/3980
f 1661/1661/3981 1392/1392/3981 1726/1726/3981
f 1854/1854/3982 1983/1983/3982 1660/1660/3982
f 1735/1735/3983 1726/1726/3983 1673/1673/3983
f 1809/1809/3984 2011/2011/3984 2014/2014/3984
f 1813/1813/3985 2011/2011/3985 1809/1809/3985
f 1736/1736/3986 1672/1672/2979 1674/1674/2981
f 1066/1066/3987 1728/1728/3987 1504/1504/3987
f 1478/1478/3988 2077/2077/3988 1479/1479/3988
f 2051/2051/3989 1590/1590/3989 1592/1592/3989
f 1763/1763/3990 1478/1478/3990 1480/1480/3990
f 1918/1918/3991 1763/1763/3991 1480/1480/3991
f 1977/1977/3992 2051/2051/3992 1509/1509/3992
f 2077/2077/3993 2043/2043/3993 1664/1664/3993
f 1794/1794/3994 2013/2013/3994 1454/1454/3994
f 1416/1416/3995 1424/1424/3995 1417/1417/3995
f 1763/1763/3996 1918/1918/3996 1993/1993/3996
f 1459/1459/3997 2061/2061/3997 1780/1780/3997
f 1432/1432/3998 1549/1549/3998 1551/1551/3998
f 1496/1496/3999 1355/1355/3999 1370/1370/3999
f 1551/1551/4000 1553/1553/4000 1943/1943/4000
f 1943/1943/4001 1553/1553/4001 1944/1944/4001
f 1784/1784/4002 1463/1463/4002 2005/2005/4002
f 1448/1448/4003 1748/1748/4003 1535/1535/4003
f 1448/1448/4004 1786/1786/4004 1748/1748/4004
f 1218/1218/4005 1599/1599/4005 2001/2001/4005
f 1521/1521/4006 1585/1585/4006 1522/1522/4006
f 1704/1704/4007 2013/2013/4007 1750/1750/4007
f 1624/1624/4008 1828/1828/4008 1625/1625/4008
f 1567/1567/4009 1776/1776/4009 1972/1972/4009
f 1550/1550/4010 1552/1552/4010 1551/1551/4010
f 1796/1796/4011 1972/1972/4011 2025/2025/4011
f 2100/2100/4012 1814/1814/4012 1710/1710/4012
f 1957/1957/4013 1866/1866/4013 1962/1962/4013
f 1533/1533/4014 1102/1102/4014 1830/1830/4014
f 1723/1723/4015 1806/1806/4015 1785/1785/4015
f 1571/1571/4016 1573/1573/4016 1743/1743/4016
f 1468/1468/2925 1401/1401/4017 1582/1582/2923
f 2032/2032/4018 2030/2030/4018 2101/2101/4018
f 1835/1835/4019 1978/1978/4019 1542/1542/4019
f 1918/1918/4020 2069/2069/4020 1644/1644/4020
f 2101/2101/4021 2030/2030/4021 2074/2074/4021
f 1557/1557/4022 1371/1371/4022 1837/1837/4022
f 1557/1557/4023 1837/1837/4023 1558/1558/4023
f 1758/1758/4024 1926/1926/4024 1925/1925/4024
f 2074/2074/4025 1833/1833/4025 2102/2102/4025
f 1833/1833/4026 2033/2033/4026 2102/2102/4026
f 1558/1558/4027 1361/1361/4027 1948/1948/4027
f 1983/1983/4028 1984/1984/4028 1678/1678/4028
f 1396/1396/4029 1832/1832/4029 1543/1543/4029
f 2092/2092/4030 1540/1540/4030 1539/1539/4030
f 1527/1527/4031 1526/1526/4031 1319/1319/4031
f 1752/1752/4032 1751/1751/4032 1536/1536/4032
f 1825/1825/4033 1492/1492/4033 1597/1597/4033
f 2048/2048/4034 1678/1678/4034 1677/1677/4034
f 2048/2048/4035 1677/1677/4035 2078/2078/4035
f 1970/1970/4036 1969/1969/4036 2103/2103/4036
f 1642/1642/4037 1952/1952/4037 1575/1575/4037
f 2035/2035/4038 1395/1395/4038 1753/1753/4038
f 2078/2078/4039 1677/1677/4039 1484/1484/4039
f 1508/1508/4040 1596/1596/4040 1982/1982/4040
f 1839/1839/4041 1519/1519/4041 1945/1945/4041
f 1485/1485/4042 2078/2078/4042 1484/1484/4042
f 1293/1293/4043 1577/1577/4043 1387/1387/4043
f 2001/2001/4044 1456/1456/4044 1460/1460/4044
f 1741/1741/4045 2001/2001/4045 1779/1779/4045
f 1361/1361/4046 1294/1294/4046 1819/1819/4046
f 1819/1819/4047 1294/1294/4047 1464/1464/4047
f 1850/1850/4048 1464/1464/4048 1294/1294/4048
f 1850/1850/4049 1387/1387/4049 1464/1464/4049
f 1438/1438/4050 1446/1446/4050 1439/1439/4050
f 1885/1885/4051 1884/1884/4051 2041/2041/4051
f 2104/2104/4052 2034/2034/4052 1581/1581/4052
f 1829/1829/4053 1890/1890/4053 1421/1421/4053
f 1528/1528/4054 1822/1822/4054 1526/1526/4054
f 1448/1448/4055 1570/1570/4055 1777/1777/4055
f 1686/1686/4056 2065/2065/4056 1718/1718/4056
f 1472/1472/4057 1533/1533/4057 1754/1754/4057
f 1531/1531/4058 1792/1792/4058 1794/1794/4058
f 2015/2015/4059 1531/1531/4059 1794/1794/4059
f 1863/1863/4060 1964/1964/4060 1968/1968/4060
f 1640/1640/4061 1899/1899/4061 1986/1986/4061
f 1599/1599/4062 1456/1456/4062 2001/2001/4062
f 1639/1639/4063 1905/1905/4063 1640/1640/4063
f 1452/1452/4064 1644/1644/4064 1927/1927/4064
f 1942/1942/4065 1731/1731/4065 1730/1730/4065
f 1621/1621/4066 1855/1855/4066 2095/2095/4066
f 1869/1869/4067 1968/1968/4067 1963/1963/4067
f 1688/1688/4068 1852/1852/4068 1853/1853/4068
f 1628/1628/4069 1627/1627/4069 1630/1630/4069
f 1412/1412/4070 1802/1802/4070 1413/1413/4070
f 2082/2082/4071 1971/1971/4071 1589/1589/4071
f 1636/1636/4072 1638/1638/4072 1877/1877/4072
f 1705/1705/4073 1707/1707/4073 1989/1989/4073
f 1638/1638/4074 2071/2071/4074 1877/1877/4074
f 1986/1986/4075 2105/2105/4075 1985/1985/4075
f 1984/1984/4076 1883/1883/4076 1939/1939/4076
f 1919/1919/4077 1939/1939/4077 1725/1725/4077
f 1653/1653/4078 1655/1655/4078 1668/1668/4078
f 1588/1588/4079 2082/2082/4079 1589/1589/4079
f 2047/2047/4080 1990/1990/4080 1639/1639/4080
f 1712/1712/4081 1588/1588/4081 1710/1710/4081
f 2071/2071/4082 1860/1860/4082 1862/1862/4082
f 1725/1725/4083 1727/1727/4083 1920/1920/4083
f 1844/1844/4084 1955/1955/4084 1502/1502/4084
f 1955/1955/4085 1954/1954/4085 1502/1502/4085
f 1702/1702/4086 1711/1711/4086 1710/1710/4086
f 2071/2071/4087 1862/1862/4087 2072/2072/4087
f 1866/1866/4088 1892/1892/4088 1975/1975/4088
f 1892/1892/4089 1866/1866/4089 2086/2086/4089
f 2038/2038/4090 1902/1902/4090 1858/1858/4090
f 1975/1975/4091 2080/2080/4091 1605/1605/4091
f 1979/1979/4092 1858/1858/4092 1902/1902/4092
f 1975/1975/4093 1605/1605/4093 1976/1976/4093
f 1604/1604/4094 1603/1603/4094 1622/1622/4094
f 1989/1989/4095 1880/1880/4095 2106/2106/4095
f 1626/1626/4096 1625/1625/4096 1827/1827/4096
f 2085/2085/4097 1978/1978/4097 1623/1623/4097
f 1898/1898/4098 1879/1879/4098 2012/2012/4098
f 1657/1657/4099 1664/1664/4099 2043/2043/4099
f 1898/1898/4100 2012/2012/4100 1684/1684/4100
f 1408/1408/4101 2027/2027/4101 1400/1400/4101
f 1893/1893/4102 1683/1683/4102 2014/2014/4102
f 1923/1923/4103 1548/1548/4103 1613/1613/4103
f 1418/1418/4104 2027/2027/4104 1408/1408/4104
f 1961/1961/4105 1431/1431/4105 1818/1818/4105
f 1907/1907/4106 1525/1525/4106 1908/1908/4106
f 1858/1858/4107 1979/1979/4107 1700/1700/4107
f 2054/2054/4108 1662/1662/4108 1661/1661/4108
f 1580/1580/4109 1936/1936/4109 1859/1859/4109
f 2023/2023/4110 1398/1398/4110 1400/1400/4110
f 1894/1894/4111 2081/2081/4111 1683/1683/4111
f 1998/1998/4112 2002/2002/4112 1999/1999/4112
f 1747/1747/4113 1746/1746/4113 2002/2002/4113
f 2081/2081/4114 1894/1894/4114 2053/2053/4114
f 2080/2080/4115 1892/1892/4115 1895/1895/4115
f 1651/1651/4116 1846/1846/4116 2107/2107/4116
f 1746/1746/4117 1749/1749/4117 2003/2003/4117
f 1898/1898/4118 1684/1684/4118 2108/2108/4118
f 2050/2050/4119 1622/1622/4119 1603/1603/4119
f 1476/1476/4120 1475/1475/4120 1485/1485/4120
f 2085/2085/4121 1645/1645/4121 1992/1992/4121
f 2109/2109/4122 2056/2056/4122 2083/2083/4122
f 2073/2073/4123 1441/1441/4123 1440/1440/4123
f 1923/1923/4124 1891/1891/4124 1924/1924/4124
f 1924/1924/4125 1890/1890/4125 1829/1829/4125
f 1482/1482/4126 1481/1481/4126 1761/1761/4126
f 1406/1406/4127 1666/1666/4127 1407/1407/4127
f 1499/1499/4128 1498/1498/4128 2089/2089/4128
f 2003/2003/4129 1698/1698/4129 2110/2110/4129
f 2110/2110/4130 1698/1698/4131 1699/1699/4132
f 1499/1499/4133 1510/1510/4133 1500/1500/4133
f 2004/2004/4134 2003/2003/4134 2111/2111/4134
f 1500/1500/4135 1510/1510/4135 1964/1964/4135
f 1755/1755/4136 1680/1680/4136 1681/1681/4136
f 1462/1462/4137 1779/1779/4137 1780/1780/4137
f 1699/1699/4138 1426/1426/4138 2098/2098/4138
f 1775/1775/4139 1722/1722/4139 1789/1789/4139
f 2112/2112/4140 2007/2007/4140 1716/1716/4140
f 1634/1634/4141 1899/1899/4141 1768/1768/4141
f 1842/1842/4142 1510/1510/4142 1843/1843/4142
f 1405/1405/4143 1745/1745/4143 1406/1406/4143
f 1793/1793/4144 1792/1792/4144 1750/1750/4144
f 1789/1789/4145 2062/2062/4145 1409/1409/4145
f 1409/1409/4146 2062/2062/4146 1931/1931/4146
f 1872/1872/4147 1946/1946/4147 1903/1903/4147
f 1600/1600/2987 1685/1685/2986 1601/1601/4148
f 1420/1420/4149 1474/1474/4149 1473/1473/4149
f 1529/1529/4150 1845/1845/4150 1530/1530/4150
f 1530/1530/4151 1845/1845/4151 1848/1848/4151
f 1798/1798/4152 1872/1872/4152 2096/2096/4152
f 1612/1612/4153 1870/1870/4153 1871/1871/4153
f 2077/2077/4154 1664/1664/4154 1479/1479/4154
f 2062/2062/4155 1721/1721/4155 2113/2113/4155
f 1931/1931/4156 2062/2062/4156 2113/2113/4156
f 1915/1915/4157 1916/1916/4157 1876/1876/4157
f 1600/1600/4158 1602/1602/4158 1870/1870/4158
f 1861/1861/4159 1848/1848/4159 1847/1847/4159
f 1931/1931/4160 2114/2114/4161 2063/2063/4162
f 1767/1767/4163 1766/1766/4163 1412/1412/4163
f 1554/1554/4164 1861/1861/4164 1847/1847/4164
f 1412/1412/4165 1723/1723/4165 1767/1767/4165
f 2096/2096/4166 1653/1653/4166 1798/1798/4166
f 1864/1864/4167 1554/1554/4167 1556/1556/4167
f 1411/1411/4168 2115/2115/4168 1744/1744/4168
f 1798/1798/4169 1653/1653/4169 1799/1799/4169
f 1806/1806/4170 1412/1412/4170 1414/1414/4170
f 1435/1435/4171 1434/1434/4171 1355/1355/4171
f 1556/1556/4172 1854/1854/4172 1660/1660/4172
f 1645/1645/4173 2050/2050/4173 1646/1646/4173
f 1370/1370/4174 1578/1578/4174 1758/1758/4174
f 2009/2009/4175 1950/1950/4175 1520/1520/4175
f 1491/1491/4176 1490/1490/4176 1756/1756/4176
f 1402/1402/4177 1941/1941/4177 2116/2116/4177
f 1486/1486/4178 1950/1950/4178 2009/2009/4178
f 2005/2005/4179 1946/1946/4179 1934/1934/4179
f 1429/1429/4180 1430/1430/4180 1536/1536/4180
f 1536/1536/4181 1430/1430/4181 1537/1537/4181
f 2013/2013/4182 1755/1755/4182 2087/2087/4182
f 2017/2017/4183 1402/1402/4184 2090/2090/4185
f 1402/1402/4184 2116/2116/4186 2090/2090/4185
f 1647/1647/4187 1646/1646/4187 1928/1928/4187
f 1552/1552/4188 1724/1724/4188 1553/1553/4188
f 1515/1515/4189 1773/1773/4189 1774/1774/4189
f 1517/1517/4190 1515/1515/4190 1774/1774/4190
f 1523/1523/4191 1522/1522/4191 1527/1527/4191
f 1928/1928/4192 1646/1646/4192 1930/1930/4192
f 1965/1965/3492 1738/1738/4193 1953/1953/3490
f 1759/1759/4194 2067/2067/4194 2117/2117/4194
f 2068/2068/4195 1759/1759/4195 2117/2117/4195
f 1520/1520/4196 1817/1817/4196 1667/1667/4196
f 1686/1686/4197 1495/1495/4197 1995/1995/4197
f 1706/1706/4198 1734/1734/4198 1808/1808/4198
f 1525/1525/4199 1831/1831/4199 2084/2084/4199
f 2118/2118/4200 2067/2067/4200 2066/2066/4200
f 2068/2068/4201 2119/2119/4201 1765/1765/4201
f 1726/1726/4202 1392/1392/4202 1673/1673/4202
f 1798/1798/4203 1800/1800/4203 1935/1935/4203
f 1466/1466/4204 2035/2035/4204 1538/1538/4204
f 1803/1803/4205 1949/1949/4205 1413/1413/4205
f 1800/1800/4206 1519/1519/4206 1940/1940/4206
f 1449/1449/4207 1451/1451/4207 1839/1839/4207
f 1749/1749/4208 1748/1748/4208 1416/1416/4208
f 1396/1396/4209 1487/1487/4209 1486/1486/4209
f 1433/1433/4210 1686/1686/4210 1617/1617/4210
f 1615/1615/3204 1611/1611/3203 1616/1616/4211
f 1944/1944/4212 1696/1696/4212 1716/1716/4212
f 1497/1497/4213 1812/1812/4213 1395/1395/4213
f 1504/1504/4214 1929/1929/4214 1505/1505/4214
f 1319/1319/4215 1526/1526/4215 2018/2018/4215
f 1769/1769/4216 2061/2061/4216 1459/1459/4216
f 1423/1423/4217 1524/1524/4217 1824/1824/4217
f 1587/1587/4218 1512/1512/4218 1511/1511/4218
f 1709/1709/4219 1440/1440/4219 1447/1447/4219
f 1709/1709/4220 2022/2022/4220 1440/1440/4220
f 1386/1386/4221 1577/1577/4221 1293/1293/4221
f 1976/1976/4222 2031/2031/4222 1962/1962/4222
f 1775/1775/4223 1567/1567/4223 2019/2019/4223
f 1791/1791/4224 1416/1416/4224 1786/1786/4224
f 2065/2065/4225 1995/1995/4225 1758/1758/4225
f 1590/1590/4226 2051/2051/4226 2046/2046/4226
f 1582/1582/4227 1401/1401/4227 1403/1403/4227
f 1425/1425/4228 1791/1791/4228 1549/1549/4228
f 1835/1835/4229 1834/1834/4229 1623/1623/4229
f 1591/1591/4230 1582/1582/4230 1937/1937/4230
f 1801/1801/4231 1591/1591/4231 1756/1756/4231
f 1951/1951/4232 1574/1574/4232 1544/1544/4232
f 1576/1576/4233 1388/1388/4233 1951/1951/4233
f 1539/1539/4234 1541/1541/4234 1548/1548/4234
f 1710/1710/4235 2028/2028/4235 2120/2120/4235
f 1565/1565/4236 1719/1719/4236 1566/1566/4236
f 1997/1997/4237 1867/1867/4237 1970/1970/4237
f 2016/2016/4238 1810/1810/4238 1732/1732/4238
f 1796/1796/4239 1565/1565/4239 1567/1567/4239
f 1572/1572/4240 1795/1795/4240 1796/1796/4240
f 1971/1971/4241 1970/1970/4241 1513/1513/4241
f 1678/1678/4242 1919/1919/4242 1679/1679/4242
f 1971/1971/4243 1513/1513/4243 1518/1518/4243
f 1863/1863/4244 2070/2070/4244 1964/1964/4244
f 1509/1509/4245 1592/1592/4245 1955/1955/4245
f 1964/1964/4246 1963/1963/4246 1968/1968/4246
f 1637/1637/4247 1636/1636/4247 1853/1853/4247
f 1843/1843/4248 1955/1955/4248 1844/1844/4248
f 1846/1846/4249 2075/2075/4249 2107/2107/4249
f 1846/1846/4250 1651/1651/4250 1579/1579/4250
f 1503/1503/4251 1826/1826/4251 1825/1825/4251
f 1635/1635/4252 1882/1882/4252 1849/1849/4252
f 1638/1638/4253 1860/1860/4253 2071/2071/4253
f 1492/1492/4254 1502/1502/4254 1489/1489/4254
f 1849/1849/4255 1882/1882/4255 1883/1883/4255
f 2072/2072/4256 1862/1862/4256 1657/1657/4256
f 1596/1596/4257 1811/1811/4257 1982/1982/4257
f 1657/1657/4258 1864/1864/4258 1658/1658/4258
f 1665/1665/4259 2041/2041/4259 2040/2040/4259
f 2001/2001/4260 1460/1460/4260 1779/1779/4260
f 1855/1855/4261 1621/1621/4261 1620/1620/4261
f 1527/1527/4262 1741/1741/4262 1528/1528/4262
f 1969/1969/4263 1956/1956/4263 2103/2103/4263
f 1634/1634/4264 1633/1633/4264 1899/1899/4264
f 1750/1750/4265 1792/1792/4265 1533/1533/4265
f 1903/1903/4266 1639/1639/4266 1872/1872/4266
f 1794/1794/4267 1456/1456/4267 2015/2015/4267
f 1715/1715/4268 1695/1695/4268 1914/1914/4268
f 1878/1878/4269 1700/1700/4269 1702/1702/4269
f 1649/1649/4270 1890/1890/4270 1650/1650/4270
f 2039/2039/4271 1851/1851/4271 2121/2121/4271
f 1398/1398/4272 1727/1727/4272 1735/1735/4272
f 1884/1884/4273 1981/1981/4273 2041/2041/4273
f 2040/2040/4274 2042/2042/4274 1856/1856/4274
f 2122/2122/4275 1630/1630/4275 1627/1627/4275
f 1986/1986/4276 2044/2044/4276 2105/2105/4276
f 1900/1900/3185 1902/1902/3187 2038/2038/4277
f 1568/1568/4278 1979/1979/4278 1902/1902/4278
f 1715/1715/4279 1988/1988/4279 2123/2123/4279
f 1594/1594/4280 1593/1593/4280 1881/1881/4280
f 2106/2106/4281 1880/1880/4281 2124/2124/4281
f 2045/2045/4282 1997/1997/3387 1602/1602/3386
f 1880/1880/4283 1898/1898/4283 2124/2124/4283
f 2084/2084/4284 1998/1998/4284 1908/1908/4284
f 1989/1989/4285 2106/2106/4285 1987/1987/4285
f 2082/2082/4286 1871/1871/4286 2000/2000/4286
f 1406/1406/3710 1745/1745/4287 1885/1885/3711
f 1407/1407/4288 1666/1666/4288 1855/1855/4288
f 1855/1855/4289 1620/1620/4289 1407/1407/4289
f 1746/1746/4290 2003/2003/4290 2002/2002/4290
f 1634/1634/4291 2087/2087/3961 1681/1681/3963
f 1417/1417/4292 1424/1424/4292 1699/1699/4292
f 1699/1699/4293 1424/1424/4293 1426/1426/4293
f 1588/1588/4294 1612/1612/4294 2082/2082/4294
f 2059/2059/4295 1432/1432/4295 2006/2006/4295
f 2056/2056/4296 2109/2109/4296 2125/2125/4296
f 1697/1697/4297 1694/1694/4297 1915/1915/4297
f 1906/1906/4298 1908/1908/4298 2126/2126/4298
f 1908/1908/4299 1999/1999/4299 2126/2126/4299
f 2085/2085/4300 1622/1622/4300 1645/1645/4300
f 2003/2003/4301 2110/2110/4301 2111/2111/4301
f 1817/1817/4302 1799/1799/4302 1668/1668/4302
f 2057/2057/4303 2009/2009/4303 1520/1520/4303
f 2062/2062/4304 1789/1789/4304 1722/1722/4304
f 2045/2045/4305 2052/2052/4305 2086/2086/4305
f 2052/2052/4306 1892/1892/4306 2086/2086/4306
f 1663/1663/4307 1662/1662/4307 1516/1516/4307
f 1343/1343/4308 1377/1377/4308 1869/1869/4308
f 1900/1900/4309 2038/2038/4309 2037/2037/4309
f 2127/2127/4310 2128/2128/4311 2129/2129/4312
f 2130/2130/4313 2131/2131/4313 2132/2132/4313
f 2133/2133/4314 2134/2134/4314 2135/2135/4314
f 2136/2136/4315 2137/2137/4315 2138/2138/4315
f 2139/2139/4316 2140/2140/4316 2141/2141/4316
f 2142/2142/4317 2143/2143/4317 2144/2144/4317
f 2145/2145/4318 2146/2146/4318 2147/2147/4318
f 1856/1856/4319 2042/2042/4319 2148/2148/4319
f 2149/2149/4320 2150/2150/4320 2151/2151/4320
f 2152/2152/4321 2153/2153/4321 1621/1621/4321
f 2154/2154/4322 2155/2155/4322 2156/2156/4322
f 2150/2150/4323 2157/2157/4323 2158/2158/4323
f 2159/2159/4324 2160/2160/4325 2161/2161/4326
f 2162/2162/4327 2163/2163/4327 2164/2164/4327
f 2165/2165/4328 2162/2162/4328 2164/2164/4328
f 2166/2166/4329 2167/2167/4329 2168/2168/4329
f 2169/2169/4330 2044/2044/4330 2170/2170/4330
f 2171/2171/4331 2172/2172/4331 2162/2162/4331
f 2068/2068/4332 2117/2117/4332 2119/2119/4332
f 2066/2066/4333 2090/2090/4333 2118/2118/4333
f 2173/2173/4334 2174/2174/4334 2175/2175/4334
f 2176/2176/4335 2177/2177/4335 2178/2178/4335
f 2179/2179/4336 2180/2180/4336 2181/2181/4336
f 2182/2182/4337 2183/2183/4337 2184/2184/4337
f 2184/2184/4338 2183/2183/4338 2185/2185/4338
f 2186/2186/4339 2187/2187/4339 2188/2188/4339
f 2179/2179/4340 2181/2181/4340 2189/2189/4340
f 1774/1774/4341 1445/1445/4341 2190/2190/4341
f 2136/2136/4342 2191/2191/4342 2192/2192/4342
f 2123/2123/4343 2193/2193/4343 2194/2194/4343
f 2149/2149/4344 2180/2180/4344 2195/2195/4344
f 2157/2157/4345 2195/2195/4345 2158/2158/4345
f 2196/2196/4346 2197/2197/4346 2198/2198/4346
f 2196/2196/4347 2199/2199/4347 2197/2197/4347
f 2200/2200/4348 2198/2198/4348 2148/2148/4348
f 2201/2201/4349 2202/2202/4349 2203/2203/4349
f 2204/2204/4350 2205/2205/4350 2206/2206/4350
f 2207/2207/4351 2208/2208/4351 2175/2175/4351
f 2205/2205/4352 2204/2204/4352 2209/2209/4352
f 2175/2175/4353 2208/2208/4353 2210/2210/4353
f 2210/2210/4354 2208/2208/4354 2211/2211/4354
f 2212/2212/4355 2153/2153/4355 2213/2213/4355
f 2214/2214/4356 2215/2215/4356 2216/2216/4356
f 2217/2217/4357 2218/2218/4357 2083/2083/4357
f 2219/2219/4358 2220/2220/4358 2221/2221/4358
f 2222/2222/4359 2223/2223/4359 2224/2224/4359
f 2225/2225/4360 2226/2226/4360 2227/2227/4360
f 2228/2228/4361 2229/2229/4361 2230/2230/4361
f 2231/2231/4362 2232/2232/4362 2105/2105/4362
f 2227/2227/4363 2233/2233/4363 2234/2234/4363
f 2235/2235/4364 2236/2236/4364 2237/2237/4364
f 2238/2238/4365 2028/2028/4365 1511/1511/4365
f 2239/2239/4366 2240/2240/4366 2007/2007/4366
f 2241/2241/4367 2242/2242/4367 2243/2243/4367
f 2244/2244/4368 2192/2192/4368 2245/2245/4368
f 2173/2173/4369 2175/2175/4369 2246/2246/4369
f 2247/2247/4370 2237/2237/4370 2248/2248/4370
f 1511/1511/4371 2091/2091/4371 2238/2238/4371
f 2216/2216/4372 2249/2249/4372 2214/2214/4372
f 2146/2146/4373 2250/2250/4373 2244/2244/4373
f 2251/2251/4374 2210/2210/4374 2252/2252/4374
f 2146/2146/4375 2145/2145/4375 2250/2250/4375
f 1956/1956/4376 1958/1958/4376 2253/2253/4376
f 2155/2155/4377 2244/2244/4377 2254/2254/4377
f 2130/2130/4378 2255/2255/4378 2256/2256/4378
f 2244/2244/4379 2250/2250/4379 2254/2254/4379
f 2250/2250/4380 2257/2257/4380 2254/2254/4380
f 2258/2258/4381 2259/2259/4381 2260/2260/4381
f 2261/2261/4382 2262/2262/4382 2114/2114/4382
f 2263/2263/4383 2264/2264/4383 2265/2265/4383
f 2033/2033/4384 1540/1540/4384 2092/2092/4384
f 2266/2266/4385 2262/2262/4385 2261/2261/4385
f 2168/2168/4386 2167/2167/4386 2267/2267/4386
f 2268/2268/4387 2269/2269/4387 2270/2270/4387
f 2264/2264/4388 2271/2271/4388 2272/2272/4388
f 2272/2272/4389 2271/2271/4389 2273/2273/4389
f 2236/2236/4390 2274/2274/4390 2275/2275/4390
f 2276/2276/4391 1742/1742/4391 2277/2277/4391
f 2278/2278/4392 2235/2235/4392 2279/2279/4392
f 2280/2280/4393 2281/2281/4393 2282/2282/4393
f 2283/2283/4394 2284/2284/4394 2285/2285/4394
f 2286/2286/4395 2280/2280/4395 2282/2282/4395
f 2287/2287/4396 2280/2280/4396 2202/2202/4396
f 2288/2288/4397 2289/2289/4397 2290/2290/4397
f 2291/2291/4398 2292/2292/4398 2293/2293/4398
f 2294/2294/4399 2291/2291/4399 2295/2295/4399
f 1513/1513/4400 2296/2296/4400 2091/2091/4400
f 2297/2297/4401 2298/2298/4401 2214/2214/4401
f 2075/2075/4402 2034/2034/4402 2299/2299/4402
f 2300/2300/4403 2118/2118/4403 2301/2301/4403
f 2295/2295/4404 2291/2291/4404 2302/2302/4404
f 2303/2303/4405 2300/2300/4405 2304/2304/4405
f 2117/2117/4406 2304/2304/4407 2305/2305/4408
f 2306/2306/4409 2307/2307/4409 2308/2308/4409
f 2309/2309/4410 2310/2310/4410 2311/2311/4410
f 2312/2312/4411 2313/2313/4411 2314/2314/4411
f 2119/2119/4412 2315/2315/4412 2316/2316/4412
f 2317/2317/4413 2228/2228/4413 2230/2230/4413
f 2318/2318/4414 2316/2316/4414 2315/2315/4414
f 2319/2319/4415 2320/2320/4415 2172/2172/4415
f 2321/2321/4416 2322/2322/4416 2323/2323/4416
f 2324/2324/4417 2325/2325/4417 2326/2326/4417
f 2190/2190/4418 2327/2327/4418 2328/2328/4418
f 2240/2240/4419 2329/2329/4419 2330/2330/4419
f 2190/2190/4420 2328/2328/4420 2331/2331/4420
f 2119/2119/4421 2117/2117/4406 2305/2305/4408
f 2332/2332/4422 2240/2240/4422 2239/2239/4422
f 2143/2143/4423 2333/2333/4423 2334/2334/4423
f 2137/2137/4424 2136/2136/4424 2335/2335/4424
f 1619/1619/4425 1621/1621/4425 2212/2212/4425
f 2335/2335/4426 2336/2336/4426 2337/2337/4426
f 2168/2168/4427 2267/2267/4428 2338/2338/4429
f 2165/2165/4430 2164/2164/4430 2339/2339/4430
f 2340/2340/4431 2341/2341/4431 2245/2245/4431
f 2147/2147/4432 2342/2342/4432 2145/2145/4432
f 1641/1641/4433 1985/1985/4433 2047/2047/4433
f 2343/2343/4434 2344/2344/4434 2345/2345/4434
f 2342/2342/4435 2346/2346/4435 2134/2134/4435
f 2347/2347/4436 2348/2348/4436 2349/2349/4436
f 2197/2197/4437 2350/2350/4437 2351/2351/4437
f 2222/2222/4438 2135/2135/4439 2352/2352/4440
f 2353/2353/4441 2352/2352/4440 2135/2135/4439
f 2354/2354/4442 2140/2140/4442 2355/2355/4442
f 2356/2356/4443 2357/2357/4443 2358/2358/4443
f 2359/2359/4444 2360/2360/4444 2361/2361/4444
f 2139/2139/4445 2141/2141/4445 2362/2362/4445
f 2363/2363/4446 2343/2343/4447 2345/2345/4448
f 2364/2364/4449 2365/2365/4449 2366/2366/4449
f 2367/2367/4450 2363/2363/4446 2345/2345/4448
f 1655/1655/4451 2201/2201/4451 2079/2079/4451
f 2364/2364/4452 2366/2366/4452 2368/2368/4452
f 2150/2150/4453 2158/2158/4453 2369/2369/4453
f 2370/2370/4454 2371/2371/4454 2372/2372/4454
f 2373/2373/4455 2374/2374/4455 2375/2375/4455
f 2373/2373/4456 2375/2375/4456 2376/2376/4456
f 2377/2377/4457 2378/2378/4457 2379/2379/4457
f 1897/1897/4458 1669/1669/4458 2203/2203/4458
f 2128/2128/4459 2380/2380/4459 2381/2381/4459
f 2198/2198/4460 2351/2351/4460 2382/2382/4460
f 2383/2383/4461 2148/2148/4461 2384/2384/4461
f 2385/2385/4462 2386/2386/4462 2387/2387/4462
f 2253/2253/4463 2388/2388/4463 2389/2389/4463
f 2154/2154/4464 2335/2335/4464 2192/2192/4464
f 2390/2390/4465 2335/2335/4465 2154/2154/4465
f 2391/2391/4466 2213/2213/4466 2392/2392/4466
f 2381/2381/4467 2102/2102/4467 2393/2393/4467
f 2336/2336/4468 2390/2390/4468 2394/2394/4468
f 2395/2395/4469 2334/2334/4469 2317/2317/4469
f 2391/2391/4470 2392/2392/4470 2396/2396/4470
f 2397/2397/4471 2398/2398/4471 2399/2399/4471
f 2110/2110/4130 1699/1699/4132 2098/2098/4472
f 2400/2400/4473 2103/2103/4473 2389/2389/4473
f 2058/2058/4474 2059/2059/4474 2007/2007/4474
f 2112/2112/4475 1716/1716/4475 2010/2010/4475
f 2379/2379/4476 2296/2296/4476 2377/2377/4476
f 2180/2180/4477 2179/2179/4477 2195/2195/4477
f 1720/1720/4478 2337/2337/4478 1721/1721/4478
f 2401/2401/4479 2299/2299/4479 2402/2402/4479
f 2278/2278/4480 2403/2403/4480 2235/2235/4480
f 1721/1721/4481 2337/2337/4481 2113/2113/4481
f 1931/1931/4482 2113/2113/4482 2114/2114/4482
f 2404/2404/4483 2209/2209/4483 2405/2405/4483
f 2406/2406/4484 2407/2407/4484 2408/2408/4484
f 2115/2115/4485 1411/1411/4485 2088/2088/4485
f 2409/2409/4486 2410/2410/4486 2411/2411/4486
f 2412/2412/4487 2413/2413/4487 2414/2414/4487
f 2415/2415/4488 2416/2416/4488 2363/2363/4488
f 2276/2276/4489 1410/1410/4489 1742/1742/4489
f 2088/2088/4490 1410/1410/4490 2276/2276/4490
f 2064/2064/4491 1744/1744/4491 2115/2115/4491
f 2243/2243/4492 2415/2415/4492 2363/2363/4492
f 1941/1941/4493 2064/2064/4493 2417/2417/4493
f 2116/2116/4494 1941/1941/4494 2288/2288/4494
f 2243/2243/4495 2418/2418/4495 2419/2419/4495
f 2196/2196/4496 2121/2121/4496 2420/2420/4496
f 2288/2288/4497 1941/1941/4497 2417/2417/4497
f 2421/2421/4498 2422/2422/4498 2423/2423/4498
f 2424/2424/4499 2196/2196/4499 2200/2200/4499
f 2425/2425/4500 2423/2423/4500 2426/2426/4500
f 2116/2116/4501 2427/2427/4501 2090/2090/4501
f 2428/2428/4502 2287/2287/4502 2429/2429/4502
f 2309/2309/4503 2426/2426/4503 2430/2430/4503
f 2152/2152/4504 1856/1856/4504 2148/2148/4504
f 2226/2226/4505 2225/2225/4505 2431/2431/4505
f 2432/2432/4506 2433/2433/4506 2434/2434/4506
f 2192/2192/4507 2435/2435/4507 2245/2245/4507
f 2260/2260/4508 2406/2406/4508 2194/2194/4508
f 2436/2436/4509 2311/2311/4509 2310/2310/4509
f 2437/2437/4510 2233/2233/4510 2438/2438/4510
f 2122/2122/4511 2439/2439/4511 2440/2440/4511
f 2441/2441/4512 2442/2442/4512 2275/2275/4512
f 2443/2443/4513 2444/2444/4513 2445/2445/4513
f 2370/2370/4514 2375/2375/4514 2260/2260/4514
f 1445/1445/4515 1772/1772/4515 2190/2190/4515
f 2248/2248/4516 2378/2378/4516 2446/2446/4516
f 2447/2447/4517 2236/2236/4517 2235/2235/4517
f 2164/2164/4518 2448/2448/4518 2144/2144/4518
f 2164/2164/4519 2163/2163/4519 2448/2448/4519
f 2449/2449/4520 2387/2387/4520 2450/2450/4520
f 2105/2105/4521 2241/2241/4521 1985/1985/4521
f 2357/2357/4522 2451/2451/4522 2358/2358/4522
f 1990/1990/4523 2241/2241/4524 2452/2452/4525
f 2451/2451/4526 2453/2453/4526 2454/2454/4526
f 2455/2455/4527 2451/2451/4527 2454/2454/4527
f 1990/1990/4528 2452/2452/4528 2201/2201/4528
f 2456/2456/4529 2162/2162/4529 2339/2339/4529
f 2267/2267/4530 2436/2436/4531 2457/2457/4532
f 2366/2366/4533 2455/2455/4533 2458/2458/4533
f 2459/2459/4534 2460/2460/4535 2124/2124/4536
f 2461/2461/4537 2129/2129/4312 2128/2128/4311
f 1987/1987/4538 2462/2462/4538 2259/2259/4538
f 2463/2463/4539 2464/2464/4539 2465/2465/4539
f 2285/2285/4540 2295/2295/4540 2283/2283/4540
f 2283/2283/4541 2295/2295/4541 2302/2302/4541
f 2128/2128/4542 2466/2466/4542 2461/2461/4542
f 2261/2261/4543 2467/2467/4543 2468/2468/4543
f 2469/2469/4544 2286/2286/4544 2282/2282/4544
f 2470/2470/4545 2306/2306/4545 2308/2308/4545
f 2203/2203/4546 2202/2202/4546 2286/2286/4546
f 2120/2120/4547 2028/2028/4547 2238/2238/4547
f 2186/2186/4548 2471/2471/4548 2187/2187/4548
f 2120/2120/4549 2100/2100/4549 1710/1710/4549
f 2472/2472/4550 2159/2159/4550 2466/2466/4550
f 2320/2320/4551 2473/2473/4551 2474/2474/4551
f 2405/2405/4552 2204/2204/4552 2475/2475/4552
f 2476/2476/4553 2477/2477/4553 2478/2478/4553
f 2478/2478/4554 2477/2477/4554 2411/2411/4554
f 2032/2032/3855 2253/2253/4555 1958/1958/3853
f 2004/2004/4556 2111/2111/4556 2313/2313/4556
f 2479/2479/4557 2411/2411/4558 2347/2347/4559
f 2253/2253/4560 2389/2389/4560 1956/1956/4560
f 2480/2480/4561 2481/2481/4562 2482/2482/4563
f 2381/2381/4564 2074/2074/4564 2102/2102/4564
f 2381/2381/4565 2101/2101/4566 2074/2074/4567
f 2483/2483/4568 2484/2484/4568 2485/2485/4568
f 2486/2486/4569 2480/2480/4561 2482/2482/4563
f 2102/2102/4570 2033/2033/4570 2092/2092/4570
f 2334/2334/4571 2487/2487/4571 2488/2488/4571
f 2489/2489/4572 2490/2490/4572 2491/2491/4572
f 2492/2492/4573 2092/2092/4573 1909/1909/4573
f 1909/1909/4574 2056/2056/4574 2492/2492/4574
f 2337/2337/4575 2137/2137/4575 2335/2335/4575
f 2490/2490/4576 2493/2493/4576 2494/2494/4576
f 2490/2490/4577 2495/2495/4577 2493/2493/4577
f 2125/2125/4578 2492/2492/4578 2056/2056/4578
f 2436/2436/4579 2496/2496/4579 2497/2497/4579
f 1970/1970/4580 2103/2103/4580 2093/2093/4580
f 2355/2355/4581 2140/2140/4581 2139/2139/4581
f 2210/2210/4582 2246/2246/4582 2175/2175/4582
f 2277/2277/4583 2063/2063/4584 2262/2262/4585
f 2246/2246/4586 2210/2210/4586 2498/2498/4586
f 2278/2278/4587 2279/2279/4587 2475/2475/4587
f 2245/2245/4588 2341/2341/4588 2146/2146/4588
f 2150/2150/4589 2499/2499/4589 2500/2500/4589
f 2501/2501/4590 2498/2498/4590 2215/2215/4590
f 2115/2115/4591 2276/2276/4591 2502/2502/4591
f 2417/2417/4592 2503/2503/4592 2289/2289/4592
f 2290/2290/4593 2289/2289/4593 2504/2504/4593
f 2407/2407/4594 2505/2505/4594 2506/2506/4594
f 2169/2169/4595 2231/2231/4595 2105/2105/4595
f 2094/2094/4596 1584/1584/4596 2076/2076/4596
f 2412/2412/4597 2094/2094/4597 2076/2076/4597
f 2290/2290/4598 2504/2504/4598 2507/2507/4598
f 2427/2427/4599 2507/2507/4599 2508/2508/4599
f 2508/2508/4600 2507/2507/4600 2504/2504/4600
f 2481/2481/4601 2354/2354/4601 2227/2227/4601
f 2509/2509/4602 2239/2239/4602 2510/2510/4602
f 2274/2274/4603 2444/2444/4603 2511/2511/4603
f 2512/2512/4604 2363/2363/4604 2367/2367/4604
f 2512/2512/4605 2367/2367/4605 2513/2513/4605
f 2482/2482/4606 2481/2481/4606 2227/2227/4606
f 2227/2227/4607 2354/2354/4607 2355/2355/4607
f 2514/2514/4608 2512/2512/4608 2513/2513/4608
f 1981/1981/4609 2039/2039/4609 2196/2196/4609
f 2371/2371/4610 2514/2514/4610 2372/2372/4610
f 2505/2505/4611 2374/2374/4611 2373/2373/4611
f 2041/2041/4612 1981/1981/4612 2424/2424/4612
f 2300/2300/4613 2301/2301/4613 2515/2515/4613
f 2232/2232/4614 2231/2231/4614 2415/2415/4614
f 2376/2376/4615 2375/2375/4615 2372/2372/4615
f 2309/2309/4616 2430/2430/4616 2310/2310/4616
f 2133/2133/4617 2135/2135/4617 2516/2516/4617
f 2516/2516/4618 2135/2135/4618 2517/2517/4618
f 2241/2241/4619 2243/2243/4619 2419/2419/4619
f 2518/2518/4620 2133/2133/4620 2519/2519/4620
f 1627/1627/4621 1619/1619/4621 2520/2520/4621
f 2452/2452/4525 2241/2241/4524 2419/2419/4622
f 2521/2521/4623 2501/2501/4623 2214/2214/4623
f 2142/2142/4624 2144/2144/4624 2448/2448/4624
f 2044/2044/4625 1633/1633/4625 2440/2440/4625
f 2119/2119/4626 2305/2305/4626 2315/2315/4626
f 2454/2454/4627 2521/2521/4627 2214/2214/4627
f 2162/2162/4628 2165/2165/4628 2339/2339/4628
f 2522/2522/4629 2523/2523/4629 2189/2189/4629
f 2260/2260/4630 2194/2194/4630 2258/2258/4630
f 2467/2467/4631 2394/2394/4631 2524/2524/4631
f 2433/2433/4632 2459/2459/4632 2281/2281/4632
f 1715/1715/4633 2123/2123/4633 2010/2010/4633
f 2255/2255/4634 2471/2471/4634 2256/2256/4634
f 2435/2435/4635 2525/2525/4635 2526/2526/4635
f 2202/2202/4636 2280/2280/4636 2286/2286/4636
f 2131/2131/4637 2109/2109/4637 2527/2527/4637
f 1655/1655/4638 1990/1990/4638 2201/2201/4638
f 2528/2528/4639 2217/2217/4639 2220/2220/4639
f 1669/1669/4640 2079/2079/4640 2203/2203/4640
f 2446/2446/4641 2338/2338/4641 2457/2457/4641
f 2312/2312/4642 2220/2220/4642 2219/2219/4642
f 2529/2529/4643 2314/2314/4643 2313/2313/4643
f 2530/2530/4644 2206/2206/4644 2205/2205/4644
f 2053/2053/4645 1897/1897/4645 2203/2203/4645
f 1684/1684/4646 2469/2469/4646 2108/2108/4646
f 2469/2469/4647 1684/1684/4647 2081/2081/4647
f 2477/2477/4648 2476/2476/4648 2531/2531/4648
f 2517/2517/4649 2222/2222/4649 2224/2224/4649
f 2217/2217/4650 2083/2083/4650 1906/1906/4650
f 2532/2532/4651 2533/2533/4651 2534/2534/4651
f 2224/2224/4652 2223/2223/4652 2263/2263/4652
f 2533/2533/4653 2535/2535/4653 2534/2534/4653
f 2536/2536/4654 2537/2537/4654 2442/2442/4654
f 2442/2442/4655 2537/2537/4655 2378/2378/4655
f 2499/2499/4656 2348/2348/4656 2538/2538/4656
f 2245/2245/4657 2146/2146/4657 2244/2244/4657
f 2493/2493/4658 2539/2539/4658 2445/2445/4658
f 2098/2098/4659 2058/2058/4659 2240/2240/4659
f 2350/2350/4660 2540/2540/4660 2361/2361/4660
f 2234/2234/4661 2233/2233/4661 2437/2437/4661
f 2468/2468/4662 2266/2266/4662 2261/2261/4662
f 2541/2541/4663 2542/2542/4663 2543/2543/4663
f 2544/2544/4664 2262/2262/4664 2468/2468/4664
f 2225/2225/4665 2227/2227/4665 2234/2234/4665
f 2543/2543/4666 2545/2545/4666 2307/2307/4666
f 2545/2545/4667 2546/2546/4667 2307/2307/4667
f 2393/2393/4668 2472/2472/4668 2381/2381/4668
f 2547/2547/4669 2447/2447/4669 2235/2235/4669
f 2148/2148/4670 2198/2198/4670 2384/2384/4670
f 2235/2235/4671 2237/2237/4671 2548/2548/4671
f 2549/2549/4672 2546/2546/4672 2403/2403/4672
f 2213/2213/4673 2383/2383/4673 2320/2320/4673
f 2403/2403/4674 2278/2278/4674 2550/2550/4674
f 2237/2237/4675 2247/2247/4675 2548/2548/4675
f 2216/2216/4676 2215/2215/4676 2249/2249/4676
f 2383/2383/4677 2384/2384/4677 2320/2320/4677
f 2387/2387/4678 2551/2551/4678 2450/2450/4678
f 2484/2484/4679 2314/2314/4679 2317/2317/4679
f 2485/2485/4680 2317/2317/4680 2333/2333/4680
f 2409/2409/4681 2411/2411/4558 2479/2479/4557
f 2269/2269/4682 2255/2255/4682 2130/2130/4682
f 2409/2409/4683 2552/2552/4683 2553/2553/4683
f 2395/2395/4684 2329/2329/4684 2332/2332/4684
f 2267/2267/4685 2554/2554/4685 2555/2555/4685
f 2556/2556/4686 2368/2368/4686 2557/2557/4686
f 2436/2436/4687 2267/2267/4687 2555/2555/4687
f 2558/2558/4688 2559/2559/4688 2560/2560/4688
f 2409/2409/4689 2553/2553/4689 2561/2561/4689
f 2560/2560/4690 2562/2562/4690 2401/2401/4690
f 2186/2186/4691 2557/2557/4691 2368/2368/4691
f 2563/2563/4692 2396/2396/4692 2343/2343/4692
f 2416/2416/4693 2563/2563/4693 2564/2564/4693
f 2423/2423/4694 2430/2430/4694 2426/2426/4694
f 2270/2270/4695 2132/2132/4695 2565/2565/4695
f 2116/2116/4696 2507/2507/4696 2427/2427/4696
f 2118/2118/4697 2090/2090/4697 2427/2427/4697
f 2402/2402/4698 2299/2299/4698 2414/2414/4698
f 2566/2566/4699 2567/2567/4699 2568/2568/4699
f 2567/2567/4700 2569/2569/4700 2568/2568/4700
f 2270/2270/4701 2565/2565/4701 2465/2465/4701
f 2291/2291/4702 2293/2293/4702 2570/2570/4702
f 2322/2322/4703 2550/2550/4703 2323/2323/4703
f 1980/1980/4704 2331/2331/4704 2571/2571/4704
f 2483/2483/4705 2572/2572/4705 2573/2573/4705
f 1980/1980/4706 2571/2571/4706 2574/2574/4706
f 2121/2121/4707 2574/2574/4707 2420/2420/4707
f 2302/2302/4708 2291/2291/4708 2575/2575/4708
f 2416/2416/4709 2564/2564/4709 2363/2363/4709
f 2042/2042/4710 2200/2200/4710 2148/2148/4710
f 2575/2575/4711 2291/2291/4711 2570/2570/4711
f 2473/2473/4712 2576/2576/4712 2474/2474/4712
f 2438/2438/4713 2577/2577/4713 2578/2578/4713
f 2429/2429/4714 2419/2419/4714 2418/2418/4714
f 2577/2577/4715 2284/2284/4715 2579/2579/4715
f 2284/2284/4716 2283/2283/4716 2579/2579/4716
f 2580/2580/4717 2581/2581/4717 2582/2582/4717
f 2582/2582/4718 2581/2581/4718 2583/2583/4718
f 2374/2374/4719 2406/2406/4719 2260/2260/4719
f 2439/2439/4720 2520/2520/4720 2391/2391/4720
f 2143/2143/4721 2334/2334/4721 2488/2488/4721
f 2526/2526/4722 2525/2525/4722 2584/2584/4722
f 2241/2241/4723 2105/2105/4723 2242/2242/4723
f 2432/2432/4724 2434/2434/4724 2585/2585/4724
f 2586/2586/4725 2587/2587/4725 2156/2156/4725
f 2319/2319/4726 2172/2172/4726 2588/2588/4726
f 2150/2150/4727 2500/2500/4727 2151/2151/4727
f 2588/2588/4728 2172/2172/4728 2171/2171/4728
f 2527/2527/4729 2528/2528/4729 2565/2565/4729
f 2565/2565/4730 2528/2528/4731 2573/2573/4732
f 2151/2151/4733 2589/2589/4733 2590/2590/4733
f 2281/2281/4734 2124/2124/4734 2469/2469/4734
f 2406/2406/4735 2123/2123/4735 2194/2194/4735
f 2408/2408/4736 2123/2123/4736 2406/2406/4736
f 2139/2139/4737 2362/2362/4737 2591/2591/4737
f 2592/2592/4738 2453/2453/4738 2357/2357/4738
f 2258/2258/4739 2193/2193/4739 2259/2259/4739
f 2592/2592/4740 2593/2593/4740 2453/2453/4740
f 2532/2532/4741 2534/2534/4741 2271/2271/4741
f 2484/2484/4742 2312/2312/4742 2314/2314/4742
f 2362/2362/4743 2369/2369/4743 2594/2594/4743
f 2462/2462/4744 1987/1987/4744 2460/2460/4744
f 2459/2459/4745 2462/2462/4745 2460/2460/4745
f 2595/2595/4746 2506/2506/4746 2339/2339/4746
f 2379/2379/4747 2238/2238/4747 2091/2091/4747
f 2201/2201/4748 2452/2452/4748 2202/2202/4748
f 2513/2513/4749 2367/2367/4749 2345/2345/4749
f 2252/2252/4750 2596/2596/4750 2251/2251/4750
f 2336/2336/4751 2335/2335/4751 2390/2390/4751
f 2337/2337/4752 2336/2336/4752 2394/2394/4752
f 2372/2372/4753 2514/2514/4753 2513/2513/4753
f 2355/2355/4754 2139/2139/4754 2233/2233/4754
f 2174/2174/4755 2468/2468/4755 2597/2597/4755
f 2174/2174/4756 2207/2207/4756 2175/2175/4756
f 2131/2131/4757 2125/2125/4757 2109/2109/4757
f 2103/2103/4758 1956/1956/4758 2389/2389/4758
f 2353/2353/4759 2135/2135/4759 2134/2134/4759
f 2269/2269/4760 2130/2130/4760 2132/2132/4760
f 2357/2357/4761 2453/2453/4761 2451/2451/4761
f 2136/2136/4762 2138/2138/4762 2191/2191/4762
f 2278/2278/4763 2475/2475/4763 2598/2598/4763
f 2313/2313/4764 2221/2221/4764 2004/2004/4764
f 2519/2519/4765 2133/2133/4765 2516/2516/4765
f 2516/2516/4766 2517/2517/4766 2599/2599/4766
f 2298/2298/4767 2127/2127/4767 2129/2129/4767
f 2313/2313/4768 2111/2111/4768 2228/2228/4768
f 2294/2294/4769 2179/2179/4769 2189/2189/4769
f 2517/2517/4770 2224/2224/4770 2600/2600/4770
f 2601/2601/4771 2602/2602/4771 2603/2603/4771
f 2467/2467/4772 2604/2604/4772 2597/2597/4772
f 2368/2368/4773 2366/2366/4773 2471/2471/4773
f 2552/2552/4774 2605/2605/4774 2553/2553/4774
f 2296/2296/4775 1513/1513/4775 2093/2093/4775
f 2007/2007/4776 2606/2606/4776 2239/2239/4776
f 2179/2179/4777 2294/2294/4777 2195/2195/4777
f 2491/2491/4778 2490/2490/4778 2494/2494/4778
f 1581/1581/4779 2094/2094/4779 2104/2104/4779
f 2495/2495/4780 2539/2539/4780 2493/2493/4780
f 2399/2399/4781 2398/2398/4781 2607/2607/4781
f 2114/2114/4782 2113/2113/4782 2394/2394/4782
f 2114/2114/4783 2394/2394/4783 2261/2261/4783
f 2608/2608/4784 2398/2398/4785 2609/2609/4786
f 1774/1774/4787 2190/2190/4787 1980/1980/4787
f 2159/2159/4788 2256/2256/4788 2466/2466/4788
f 2501/2501/4789 2215/2215/4789 2214/2214/4789
f 2185/2185/4790 2183/2183/4790 2610/2610/4790
f 2173/2173/4791 2276/2276/4791 2277/2277/4791
f 2502/2502/4792 2276/2276/4792 2173/2173/4792
f 2489/2489/4793 2611/2611/4793 2612/2612/4793
f 2161/2161/4794 2125/2125/4794 2131/2131/4794
f 2470/2470/4795 2308/2308/4795 2613/2613/4795
f 2614/2614/4796 2491/2491/4796 2615/2615/4796
f 2443/2443/4797 2539/2539/4797 2558/2558/4797
f 2095/2095/4798 2152/2152/4798 1621/1621/4798
f 2586/2586/4799 2616/2616/4799 2390/2390/4799
f 2274/2274/4800 2617/2617/4800 2444/2444/4800
f 2122/2122/4801 1627/1627/4801 2439/2439/4801
f 1630/1630/4802 2122/2122/4802 2440/2440/4802
f 2560/2560/4803 2618/2618/4803 2558/2558/4803
f 1633/1633/4804 1630/1630/4804 2440/2440/4804
f 2619/2619/4805 2620/2620/4805 2621/2621/4805
f 2359/2359/4806 2328/2328/4806 2622/2622/4806
f 2301/2301/4807 2508/2508/4807 2515/2515/4807
f 2571/2571/4808 2328/2328/4808 2359/2359/4808
f 2543/2543/4809 2444/2444/4809 2617/2617/4809
f 2348/2348/4810 2621/2621/4810 2623/2623/4810
f 2545/2545/4811 2617/2617/4811 2546/2546/4811
f 2546/2546/4812 2617/2617/4812 2447/2447/4812
f 2236/2236/4813 2248/2248/4813 2237/2237/4813
f 2623/2623/4814 2538/2538/4814 2348/2348/4814
f 2305/2305/4815 2304/2304/4815 2624/2624/4815
f 2420/2420/4816 2574/2574/4817 2540/2540/4818
f 2197/2197/4819 2199/2199/4819 2420/2420/4819
f 2145/2145/4820 2134/2134/4821 2250/2250/4822
f 2193/2193/4823 2123/2123/4823 1988/1988/4823
f 2257/2257/4824 2250/2250/4824 2518/2518/4824
f 2155/2155/4825 2254/2254/4825 2625/2625/4825
f 2389/2389/4826 2626/2626/4826 2627/2627/4826
f 2166/2166/4827 2389/2389/4827 2627/2627/4827
f 2628/2628/4828 2249/2249/4828 2629/2629/4828
f 2263/2263/4829 2265/2265/4829 2224/2224/4829
f 2630/2630/4830 2425/2425/4830 2631/2631/4830
f 2627/2627/4831 2631/2631/4831 2632/2632/4831
f 2602/2602/4832 2265/2265/4832 2264/2264/4832
f 2534/2534/4833 2535/2535/4833 2614/2614/4833
f 2604/2604/4834 2397/2397/4834 2633/2633/4834
f 2053/2053/4835 2203/2203/4835 2081/2081/4835
f 2270/2270/4836 2269/2269/4836 2132/2132/4836
f 2273/2273/4837 2634/2634/4837 2182/2182/4837
f 2457/2457/4532 2338/2338/4838 2267/2267/4530
f 2329/2329/4839 2240/2240/4839 2332/2332/4839
f 2464/2464/4840 2270/2270/4840 2465/2465/4840
f 2635/2635/4841 2465/2465/4841 2636/2636/4841
f 2596/2596/4842 2637/2637/4842 2638/2638/4842
f 2638/2638/4843 2639/2639/4843 2640/2640/4843
f 2465/2465/4844 2565/2565/4844 2572/2572/4844
f 2565/2565/4845 2573/2573/4845 2572/2572/4845
f 2004/2004/4846 2221/2221/4846 1999/1999/4846
f 2403/2403/4847 2550/2550/4847 2549/2549/4847
f 2326/2326/4848 2635/2635/4848 2636/2636/4848
f 2228/2228/4849 2111/2111/4849 2110/2110/4849
f 2232/2232/4850 2415/2415/4851 2242/2242/4852
f 2641/2641/4853 2475/2475/4853 2279/2279/4853
f 2497/2497/4854 2641/2641/4854 2279/2279/4854
f 2642/2642/4855 2321/2321/4855 2643/2643/4855
f 2322/2322/4856 2321/2321/4856 2642/2642/4856
f 2320/2320/4857 2474/2474/4857 2172/2172/4857
f 2410/2410/4858 2644/2644/4858 2411/2411/4858
f 2576/2576/4859 2635/2635/4859 2326/2326/4859
f 2058/2058/4860 2007/2007/4860 2240/2240/4860
f 2293/2293/4861 2292/2292/4861 2645/2645/4861
f 2350/2350/4862 2361/2361/4862 2646/2646/4862
f 2606/2606/4863 2112/2112/4863 2010/2010/4863
f 2474/2474/4864 2576/2576/4864 2142/2142/4864
f 2647/2647/4865 2511/2511/4865 2443/2443/4865
f 2647/2647/4866 2443/2443/4866 2618/2618/4866
f 2302/2302/4867 2575/2575/4867 2648/2648/4867
f 2441/2441/4868 2120/2120/4868 2536/2536/4868
f 2324/2324/4869 2333/2333/4869 2143/2143/4869
f 2347/2347/4870 2411/2411/4870 2621/2621/4870
f 2442/2442/4871 2378/2378/4871 2275/2275/4871
f 2198/2198/4872 2382/2382/4872 2384/2384/4872
f 2433/2433/4873 2649/2649/4873 2459/2459/4873
f 2064/2064/4874 2115/2115/4874 2417/2417/4874
f 2485/2485/4875 2484/2484/4875 2317/2317/4875
f 2349/2349/4876 2605/2605/4876 2552/2552/4876
f 2527/2527/4877 2218/2218/4877 2528/2528/4877
f 2344/2344/4878 2588/2588/4878 2171/2171/4878
f 2650/2650/4879 2380/2380/4879 2651/2651/4879
f 2652/2652/4880 2583/2583/4880 2581/2581/4880
f 2605/2605/4881 2140/2140/4881 2553/2553/4881
f 2389/2389/4882 2166/2166/4882 2400/2400/4882
f 2345/2345/4883 2344/2344/4883 2176/2176/4883
f 2288/2288/4884 2290/2290/4884 2116/2116/4884
f 2312/2312/4885 2221/2221/4885 2313/2313/4885
f 2436/2436/4886 2310/2310/4886 2653/2653/4886
f 2591/2591/4887 2362/2362/4887 2654/2654/4887
f 2303/2303/4888 2067/2067/4888 2118/2118/4888
f 2138/2138/4889 2435/2435/4889 2191/2191/4889
f 2594/2594/4890 2369/2369/4890 2158/2158/4890
f 2563/2563/4891 2343/2343/4891 2564/2564/4891
f 2160/2160/4892 2492/2492/4892 2125/2125/4892
f 2538/2538/4893 2655/2655/4893 2500/2500/4893
f 2329/2329/4894 2317/2317/4894 2230/2230/4894
f 2390/2390/4465 2154/2154/4465 2587/2587/4465
f 2513/2513/4895 2345/2345/4895 2656/2656/4895
f 2589/2589/4896 2657/2657/4896 2590/2590/4896
f 2524/2524/4897 2616/2616/4897 2608/2608/4897
f 2376/2376/4898 2372/2372/4898 2513/2513/4898
f 2296/2296/4899 2093/2093/4899 2377/2377/4899
f 2482/2482/4900 2227/2227/4900 2226/2226/4900
f 2406/2406/4901 2374/2374/4901 2407/2407/4901
f 2139/2139/4902 2591/2591/4902 2233/2233/4902
f 2647/2647/4903 2413/2413/4903 2412/2412/4903
f 2146/2146/4904 2341/2341/4904 2147/2147/4904
f 2335/2335/4905 2136/2136/4905 2192/2192/4905
f 2243/2243/4906 2363/2363/4906 2418/2418/4906
f 2394/2394/4907 2390/2390/4907 2616/2616/4907
f 2653/2653/4908 2658/2658/4908 2659/2659/4908
f 2414/2414/4909 2413/2413/4909 2402/2402/4909
f 2428/2428/4910 2429/2429/4910 2514/2514/4910
f 2387/2387/4911 2486/2486/4911 2660/2660/4911
f 2661/2661/4912 2173/2173/4912 2593/2593/4912
f 2370/2370/4913 2433/2433/4913 2432/2432/4913
f 2592/2592/4914 2661/2661/4914 2593/2593/4914
f 2149/2149/4915 2151/2151/4915 2180/2180/4915
f 2189/2189/4916 2181/2181/4916 2662/2662/4916
f 2522/2522/4917 2189/2189/4917 2663/2663/4917
f 2186/2186/4918 2566/2566/4918 2557/2557/4918
f 2534/2534/4919 2614/2614/4919 2664/2664/4919
f 2428/2428/4920 2432/2432/4920 2585/2585/4920
f 2517/2517/4921 2600/2600/4921 2599/2599/4921
f 2665/2665/4922 2569/2569/4922 2567/2567/4922
f 2644/2644/4923 2251/2251/4923 2666/2666/4923
f 2644/2644/4924 2666/2666/4924 2478/2478/4924
f 2327/2327/4925 2665/2665/4925 2622/2622/4925
f 2602/2602/4926 2272/2272/4926 2667/2667/4926
f 2307/2307/4927 2546/2546/4927 2549/2549/4927
f 2510/2510/4928 2606/2606/4928 2408/2408/4928
f 2215/2215/4929 2210/2210/4929 2251/2251/4929
f 2207/2207/4930 2174/2174/4930 2597/2597/4930
f 2469/2469/4931 2282/2282/4931 2281/2281/4931
f 2255/2255/4932 2188/2188/4932 2187/2187/4932
f 2409/2409/4933 2479/2479/4933 2552/2552/4933
f 2610/2610/4934 2183/2183/4934 2470/2470/4934
f 2444/2444/4935 2543/2543/4935 2445/2445/4935
f 2193/2193/4936 2258/2258/4936 2194/2194/4936
f 2617/2617/4937 2545/2545/4937 2543/2543/4937
f 2561/2561/4938 2553/2553/4938 2668/2668/4938
f 2613/2613/4939 2642/2642/4939 2669/2669/4939
f 2435/2435/4940 2526/2526/4940 2245/2245/4940
f 2546/2546/4941 2447/2447/4941 2547/2547/4941
f 2430/2430/4942 2423/2423/4942 2670/2670/4942
f 2092/2092/4943 2492/2492/4943 2160/2160/4943
f 2628/2628/4944 2629/2629/4944 2421/2421/4944
f 2140/2140/4945 2605/2605/4945 2141/2141/4945
f 2145/2145/4946 2342/2342/4946 2134/2134/4946
f 2430/2430/4947 2385/2385/4947 2310/2310/4947
f 2593/2593/4948 2173/2173/4948 2246/2246/4948
f 2489/2489/4949 2491/2491/4949 2611/2611/4949
f 2091/2091/4950 2296/2296/4950 2379/2379/4950
f 2250/2250/4951 2133/2133/4951 2518/2518/4951
f 2435/2435/4952 2138/2138/4952 2525/2525/4952
f 2246/2246/4953 2453/2453/4953 2593/2593/4953
f 2453/2453/4954 2246/2246/4954 2501/2501/4954
f 2034/2034/4955 2104/2104/4955 2414/2414/4955
f 2104/2104/4956 2094/2094/4956 2414/2414/4956
f 2257/2257/4957 2518/2518/4957 2254/2254/4957
f 2230/2230/4958 2229/2229/4958 2330/2330/4958
f 2572/2572/4959 2483/2483/4959 2324/2324/4959
f 2325/2325/4960 2576/2576/4960 2326/2326/4960
f 2602/2602/4961 2264/2264/4961 2272/2272/4961
f 2121/2121/4962 1851/1851/4962 1980/1980/4962
f 2590/2590/4963 2657/2657/4963 2671/2671/4963
f 2662/2662/4964 2590/2590/4964 2671/2671/4964
f 2453/2453/4965 2501/2501/4965 2454/2454/4965
f 2637/2637/4966 2397/2397/4966 2399/2399/4966
f 2672/2672/4967 2522/2522/4967 2663/2663/4967
f 2672/2672/4968 2663/2663/4968 2673/2673/4968
f 1619/1619/4969 2212/2212/4969 2520/2520/4969
f 2488/2488/4970 2487/2487/4970 2144/2144/4970
f 2277/2277/4583 2262/2262/4585 2544/2544/4971
f 2044/2044/4972 2440/2440/4972 2170/2170/4972
f 2664/2664/4973 2674/2674/4973 2470/2470/4973
f 2675/2675/4974 2676/2676/4974 2677/2677/4974
f 2297/2297/4975 2214/2214/4975 2249/2249/4975
f 2454/2454/4976 2678/2678/4976 2455/2455/4976
f 2651/2651/4977 2297/2297/4977 2249/2249/4977
f 2344/2344/4978 2171/2171/4978 2456/2456/4978
f 2366/2366/4979 2458/2458/4979 2471/2471/4979
f 2307/2307/4980 2322/2322/4980 2642/2642/4980
f 2503/2503/4981 2115/2115/4981 2661/2661/4981
f 2487/2487/4982 2679/2679/4982 2164/2164/4982
f 2454/2454/4983 2298/2298/4983 2129/2129/4983
f 2645/2645/4984 2292/2292/4984 2677/2677/4984
f 2677/2677/4985 2676/2676/4985 2645/2645/4985
f 2323/2323/4986 2206/2206/4987 2530/2530/4988
f 2204/2204/4989 2405/2405/4989 2209/2209/4989
f 2289/2289/4990 2356/2356/4990 2504/2504/4990
f 2283/2283/4991 2302/2302/4991 2648/2648/4991
f 2633/2633/4992 2637/2637/4993 2252/2252/4994
f 2161/2161/4995 2131/2131/4995 2130/2130/4995
f 2193/2193/4996 1988/1988/4996 2097/2097/4996
f 2256/2256/4997 2161/2161/4997 2130/2130/4997
f 2656/2656/4998 2345/2345/4998 2176/2176/4998
f 1898/1898/4999 2108/2108/4999 2124/2124/4999
f 2504/2504/5000 2358/2358/5000 2508/2508/5000
f 1987/1987/5001 2106/2106/5001 2460/2460/5001
f 2508/2508/5002 2358/2358/5002 2680/2680/5002
f 2513/2513/5003 2656/2656/5003 2376/2376/5003
f 2124/2124/5004 2460/2460/5004 2106/2106/5004
f 2664/2664/5005 2614/2614/5005 2541/2541/5005
f 2186/2186/5006 2368/2368/5006 2471/2471/5006
f 2347/2347/5007 2621/2621/5007 2348/2348/5007
f 2543/2543/5008 2306/2306/5008 2541/2541/5008
f 2350/2350/5009 2646/2646/5009 2576/2576/5009
f 2306/2306/5010 2543/2543/5010 2307/2307/5010
f 2486/2486/5011 2482/2482/5011 2660/2660/5011
f 2656/2656/5012 2373/2373/5012 2376/2376/5012
f 2579/2579/5013 2283/2283/5013 2648/2648/5013
f 2497/2497/5014 2496/2496/5014 2641/2641/5014
f 2550/2550/5015 2278/2278/5015 2598/2598/5015
f 2141/2141/5016 2348/2348/5016 2499/2499/5016
f 2360/2360/5017 2463/2463/5017 2635/2635/5017
f 2624/2624/5018 2304/2304/5018 2300/2300/5018
f 2508/2508/5019 2681/2681/5019 2515/2515/5019
f 2361/2361/5020 2635/2635/5020 2646/2646/5020
f 2365/2365/5021 2515/2515/5021 2681/2681/5021
f 2361/2361/5022 2360/2360/5022 2635/2635/5022
f 2300/2300/5023 2515/2515/5023 2365/2365/5023
f 2362/2362/5024 2594/2594/5024 2654/2654/5024
f 2652/2652/5025 2581/2581/5025 2682/2682/5025
f 1906/1906/5026 2126/2126/5026 2220/2220/5026
f 2683/2683/5027 2684/2684/5027 2569/2569/5027
f 2668/2668/5028 2553/2553/5028 2354/2354/5028
f 1999/1999/5029 2221/2221/5029 2126/2126/5029
f 2422/2422/5030 2629/2629/5030 2480/2480/5030
f 2423/2423/5031 2422/2422/5031 2670/2670/5031
f 2355/2355/5032 2233/2233/5032 2227/2227/5032
f 2386/2386/5033 2430/2430/5033 2670/2670/5033
f 2315/2315/5034 2305/2305/5034 2568/2568/5034
f 2622/2622/5035 2665/2665/5035 2685/2685/5035
f 2622/2622/5036 2685/2685/5036 2360/2360/5036
f 2686/2686/5037 2141/2141/5037 2687/2687/5037
f 1720/1720/5038 2137/2137/5038 2337/2337/5038
f 2317/2317/5039 2334/2334/5039 2333/2333/5039
f 2658/2658/5040 2385/2385/5040 2449/2449/5040
f 2340/2340/5041 2526/2526/5041 2688/2688/5041
f 2332/2332/5042 2334/2334/5042 2395/2395/5042
f 2535/2535/5043 2611/2611/5043 2614/2614/5043
f 2611/2611/5044 2491/2491/5044 2614/2614/5044
f 2396/2396/5045 2392/2392/5045 2588/2588/5045
f 2597/2597/5046 2604/2604/5046 2207/2207/5046
f 2180/2180/5047 2151/2151/5047 2590/2590/5047
f 2181/2181/5048 2180/2180/5048 2590/2590/5048
f 2189/2189/5049 2662/2662/5049 2663/2663/5049
f 1742/1742/5050 2063/2063/5050 2277/2277/5050
f 2294/2294/5051 2189/2189/5052 2292/2292/5053
f 2353/2353/5054 2689/2689/5054 2352/2352/5054
f 2292/2292/5053 2189/2189/5052 2523/2523/5055
f 2586/2586/5056 2390/2390/5056 2587/2587/5056
f 2116/2116/5057 2290/2290/5057 2507/2507/5057
f 2440/2440/5058 2416/2416/5058 2231/2231/5058
f 2332/2332/5059 2509/2509/5059 2595/2595/5059
f 2524/2524/5060 2608/2608/5060 2690/2690/5060
f 2195/2195/5061 2294/2294/5061 2158/2158/5061
f 2118/2118/5062 2427/2427/5062 2301/2301/5062
f 2595/2595/5063 2509/2509/5063 2691/2691/5063
f 2407/2407/5064 2506/2506/5064 2691/2691/5064
f 2067/2067/5065 2303/2303/5065 2117/2117/5065
f 2239/2239/5066 2509/2509/5066 2332/2332/5066
f 2691/2691/5067 2509/2509/5067 2510/2510/5067
f 2158/2158/5068 2285/2285/5069 2594/2594/5070
f 2316/2316/5071 1765/1765/5071 2119/2119/5071
f 2024/2024/5072 1765/1765/5072 2316/2316/5072
f 2403/2403/5073 2547/2547/5073 2235/2235/5073
f 2224/2224/5074 2601/2601/5074 2600/2600/5074
f 1772/1772/5075 2099/2099/5075 2683/2683/5075
f 2247/2247/5076 2279/2279/5076 2548/2548/5076
f 2429/2429/5077 2512/2512/5077 2514/2514/5077
f 2587/2587/5078 2154/2154/5078 2156/2156/5078
f 2630/2630/5079 2628/2628/5079 2421/2421/5079
f 2380/2380/5080 2128/2128/5080 2127/2127/5080
f 2667/2667/5081 2272/2272/5081 2182/2182/5081
f 2375/2375/5082 2374/2374/5082 2260/2260/5082
f 2632/2632/5083 2631/2631/5083 2425/2425/5083
f 2608/2608/5084 2692/2692/5084 2398/2398/5084
f 2632/2632/5085 2425/2425/5086 2426/2426/5087
f 2128/2128/5088 2381/2381/5088 2466/2466/5088
f 2375/2375/5089 2370/2370/5089 2372/2372/5089
f 2554/2554/5090 2632/2632/5090 2309/2309/5090
f 2381/2381/5091 2472/2472/5091 2466/2466/5091
f 2184/2184/5092 2185/2185/5092 2693/2693/5092
f 2650/2650/5093 2388/2388/5093 2380/2380/5093
f 2132/2132/5094 2131/2131/5094 2527/2527/5094
f 2634/2634/5095 2271/2271/5095 2534/2534/5095
f 2472/2472/5096 2393/2393/5096 2159/2159/5096
f 2573/2573/5097 2312/2312/5097 2484/2484/5097
f 2434/2434/5098 2281/2281/5098 2280/2280/5098
f 2159/2159/4324 2393/2393/5099 2160/2160/4325
f 2397/2397/5100 2637/2637/5100 2633/2633/5100
f 2142/2142/5101 2576/2576/5101 2325/2325/5101
f 2251/2251/5102 2596/2596/5102 2640/2640/5102
f 2135/2135/5103 2222/2222/5103 2517/2517/5103
f 2251/2251/5104 2639/2639/5104 2666/2666/5104
f 2103/2103/5105 2400/2400/5105 2166/2166/5105
f 2485/2485/5106 2333/2333/5106 2324/2324/5106
f 2643/2643/5107 2323/2323/5107 2694/2694/5107
f 2695/2695/5108 2530/2530/5108 2205/2205/5108
f 2474/2474/5109 2448/2448/5109 2163/2163/5109
f 2468/2468/5110 2467/2467/5110 2597/2597/5110
f 2120/2120/5111 2238/2238/5111 2536/2536/5111
f 2317/2317/5112 2314/2314/5112 2529/2529/5112
f 2549/2549/5113 2550/2550/5113 2322/2322/5113
f 2560/2560/5114 2401/2401/5114 2402/2402/5114
f 2268/2268/5115 2188/2188/5116 2255/2255/5117
f 1814/1814/5118 2100/2100/5118 2511/2511/5118
f 2134/2134/4821 2133/2133/5119 2250/2250/4822
f 2621/2621/5120 2696/2696/5120 2623/2623/5120
f 2537/2537/5121 2536/2536/5121 2238/2238/5121
f 2378/2378/5122 2238/2238/5122 2379/2379/5122
f 2254/2254/5123 2518/2518/5123 2697/2697/5123
f 2561/2561/5124 2668/2668/5124 2481/2481/5124
f 2668/2668/5125 2354/2354/5125 2481/2481/5125
f 2595/2595/5126 2339/2339/5126 2679/2679/5126
f 2506/2506/5127 2505/2505/5127 2456/2456/5127
f 2437/2437/5128 2438/2438/5128 2698/2698/5128
f 2261/2261/5129 2394/2394/5129 2467/2467/5129
f 2574/2574/5130 2571/2571/5130 2540/2540/5130
f 2380/2380/5131 2388/2388/5131 2032/2032/5131
f 2699/2699/5132 2659/2659/5133 2700/2700/5134
f 2700/2700/5135 2659/2659/5135 2701/2701/5135
f 2380/2380/5136 2032/2032/5136 2101/2101/5136
f 2449/2449/5137 2450/2450/5137 2702/2702/5137
f 2480/2480/5138 2629/2629/5138 2561/2561/5138
f 2634/2634/5139 2534/2534/5139 2183/2183/5139
f 2615/2615/5140 2494/2494/5140 2493/2493/5140
f 2534/2534/5141 2664/2664/5141 2470/2470/5141
f 2307/2307/5142 2613/2613/5142 2308/2308/5142
f 2566/2566/5143 2186/2186/5143 2268/2268/5143
f 2169/2169/5144 2170/2170/5144 2231/2231/5144
f 2268/2268/5145 2186/2186/5145 2188/2188/5145
f 2567/2567/5146 2566/2566/5146 2463/2463/5146
f 2401/2401/5147 2559/2559/5147 2075/2075/5147
f 2570/2570/5148 2703/2703/5148 2704/2704/5148
f 2703/2703/5149 2570/2570/5149 2293/2293/5149
f 2411/2411/5150 2477/2477/5150 2619/2619/5150
f 2447/2447/5151 2274/2274/5151 2236/2236/5151
f 2619/2619/5152 2621/2621/5152 2411/2411/5152
f 2578/2578/5153 2577/2577/5153 2579/2579/5153
f 2299/2299/5154 2034/2034/5154 2414/2414/5154
f 2094/2094/5155 2412/2412/5155 2414/2414/5155
f 2616/2616/5156 2586/2586/5156 2608/2608/5156
f 2690/2690/5157 2608/2608/4784 2609/2609/4786
f 2076/2076/5158 1814/1814/5158 2412/2412/5158
f 2676/2676/5159 2705/2705/5159 2645/2645/5159
f 2612/2612/5160 2611/2611/5160 2535/2535/5160
f 2649/2649/5161 2462/2462/5161 2459/2459/5161
f 2187/2187/5162 2471/2471/5162 2255/2255/5162
f 2459/2459/4534 2124/2124/4536 2281/2281/5163
f 2208/2208/5164 2207/2207/5164 2604/2604/5164
f 1981/1981/5165 2196/2196/5165 2424/2424/5165
f 2582/2582/5166 2583/2583/5166 2706/2706/5166
f 2042/2042/5167 2041/2041/5167 2200/2200/5167
f 2202/2202/5168 2452/2452/5168 2287/2287/5168
f 2707/2707/5169 2706/2706/5169 2583/2583/5169
f 2267/2267/5170 2166/2166/5170 2554/2554/5170
f 2167/2167/5171 2166/2166/5171 2267/2267/5171
f 2558/2558/5172 2539/2539/5172 2708/2708/5172
f 2247/2247/5173 2446/2446/5173 2457/2457/5173
f 1627/1627/5174 2520/2520/5174 2439/2439/5174
f 2351/2351/5175 2350/2350/5175 2576/2576/5175
f 2109/2109/5176 2218/2218/5176 2527/2527/5176
f 2192/2192/5177 2191/2191/5177 2435/2435/5177
f 2228/2228/5178 2529/2529/5178 2313/2313/5178
f 2444/2444/5179 2443/2443/5179 2511/2511/5179
f 2659/2659/5180 2658/2658/5180 2701/2701/5180
f 2247/2247/5181 2457/2457/5181 2436/2436/5181
f 2123/2123/5182 2408/2408/5183 2010/2010/5184
f 2271/2271/5185 2634/2634/5185 2273/2273/5185
f 2573/2573/5186 2484/2484/5186 2483/2483/5186
f 2387/2387/5187 2660/2660/5187 2551/2551/5187
f 2249/2249/5188 2215/2215/5188 2644/2644/5188
f 2259/2259/5189 2193/2193/5189 2097/2097/5189
f 2249/2249/5190 2644/2644/5190 2410/2410/5190
f 2249/2249/5191 2410/2410/5191 2629/2629/5191
f 2690/2690/5192 2398/2398/5192 2604/2604/5192
f 2236/2236/5193 2378/2378/5193 2248/2248/5193
f 2384/2384/5194 2382/2382/5194 2473/2473/5194
f 2521/2521/5195 2454/2454/5195 2501/2501/5195
f 2252/2252/5196 2637/2637/5196 2596/2596/5196
f 2632/2632/5085 2426/2426/5087 2309/2309/5197
f 2298/2298/5198 2297/2297/5198 2127/2127/5198
f 2292/2292/5053 2523/2523/5055 2677/2677/5199
f 2081/2081/5200 2203/2203/5200 2286/2286/5200
f 2555/2555/5201 2554/2554/5201 2436/2436/5201
f 2134/2134/5202 2346/2346/5202 2709/2709/5202
f 2636/2636/5203 2465/2465/5203 2572/2572/5203
f 2458/2458/5204 2455/2455/5204 2678/2678/5204
f 2641/2641/5205 2496/2496/5205 2405/2405/5205
f 2496/2496/5206 2436/2436/5206 2405/2405/5206
f 2158/2158/5207 2294/2294/5207 2285/2285/5207
f 2353/2353/5208 2134/2134/5208 2709/2709/5208
f 2458/2458/5209 2461/2461/5209 2256/2256/5209
f 2217/2217/5210 1906/1906/5210 2220/2220/5210
f 2277/2277/5211 2544/2544/5211 2173/2173/5211
f 2256/2256/5212 2461/2461/5212 2466/2466/5212
f 2206/2206/5213 2550/2550/5213 2598/2598/5213
f 2678/2678/5214 2454/2454/5214 2129/2129/5214
f 2598/2598/5215 2204/2204/5215 2206/2206/5215
f 2598/2598/5216 2475/2475/5216 2204/2204/5216
f 2129/2129/5217 2461/2461/5217 2678/2678/5217
f 2115/2115/5218 2502/2502/5218 2173/2173/5218
f 2661/2661/5219 2115/2115/5219 2173/2173/5219
f 2487/2487/5220 2334/2334/5220 2332/2332/5220
f 2220/2220/5221 2126/2126/5221 2221/2221/5221
f 2592/2592/5222 2503/2503/5222 2661/2661/5222
f 2392/2392/5223 2213/2213/5223 2588/2588/5223
f 2324/2324/5224 2483/2483/5224 2485/2485/5224
f 2577/2577/5225 2594/2594/5225 2284/2284/5225
f 2389/2389/5226 2650/2650/5226 2626/2626/5226
f 2411/2411/5227 2644/2644/5227 2478/2478/5227
f 2289/2289/5228 2503/2503/5228 2592/2592/5228
f 2228/2228/5229 2110/2110/5229 2229/2229/5229
f 2098/2098/5230 2229/2229/5230 2110/2110/5230
f 2552/2552/5231 2479/2479/5231 2347/2347/5231
f 2347/2347/5232 2349/2349/5232 2552/2552/5232
f 2289/2289/5233 2592/2592/5233 2356/2356/5233
f 2474/2474/5234 2142/2142/5234 2448/2448/5234
f 2519/2519/5235 2516/2516/5235 2710/2710/5235
f 2172/2172/5236 2474/2474/5236 2163/2163/5236
f 2504/2504/5237 2356/2356/5237 2358/2358/5237
f 2670/2670/5238 2422/2422/5238 2480/2480/5238
f 2608/2608/5239 2586/2586/5239 2692/2692/5239
f 2595/2595/5240 2691/2691/5240 2506/2506/5240
f 2177/2177/5241 2176/2176/5241 2344/2344/5241
f 2508/2508/5242 2680/2680/5242 2681/2681/5242
f 2144/2144/5243 2487/2487/5243 2164/2164/5243
f 2605/2605/5244 2349/2349/5244 2348/2348/5244
f 2605/2605/5245 2348/2348/5245 2141/2141/5245
f 2679/2679/5246 2339/2339/5246 2164/2164/5246
f 2377/2377/5247 2338/2338/5247 2446/2446/5247
f 2363/2363/5248 2564/2564/5248 2343/2343/5248
f 2063/2063/4162 2114/2114/4161 2262/2262/5249
f 2088/2088/5250 2276/2276/5250 2115/2115/5250
f 2366/2366/5251 2365/2365/5251 2681/2681/5251
f 2371/2371/5252 2370/2370/5252 2432/2432/5252
f 2711/2711/5253 2531/2531/5253 2476/2476/5253
f 2639/2639/5254 2712/2712/5254 2713/2713/5254
f 2714/2714/5255 2639/2639/5255 2713/2713/5255
f 2149/2149/5256 2157/2157/5256 2150/2150/5256
f 2610/2610/5257 2470/2470/5257 2613/2613/5257
f 2350/2350/5258 2420/2420/4816 2540/2540/4818
f 2310/2310/5259 2385/2385/5260 2658/2658/5261
f 2624/2624/5262 2300/2300/5262 2556/2556/5262
f 2132/2132/5263 2527/2527/5263 2565/2565/5263
f 2323/2323/4986 2530/2530/4988 2715/2715/5264
f 2665/2665/5265 2360/2360/5265 2685/2685/5265
f 2359/2359/5266 2622/2622/5266 2360/2360/5266
f 2394/2394/5267 2616/2616/5267 2524/2524/5267
f 2653/2653/5268 2310/2310/5259 2658/2658/5261
f 2467/2467/5269 2524/2524/5269 2604/2604/5269
f 2305/2305/5270 2624/2624/5270 2566/2566/5270
f 2477/2477/5271 2531/2531/5271 2716/2716/5271
f 2619/2619/5272 2477/2477/5272 2716/2716/5272
f 2683/2683/5273 2099/2099/5273 2684/2684/5273
f 2684/2684/5274 2318/2318/5274 2569/2569/5274
f 2620/2620/5275 2696/2696/5275 2621/2621/5275
f 2395/2395/5276 2317/2317/5276 2329/2329/5276
f 2269/2269/5277 2268/2268/5115 2255/2255/5117
f 2273/2273/5278 2182/2182/5278 2272/2272/5278
f 2440/2440/5279 2563/2563/5279 2416/2416/5279
f 2182/2182/5280 2634/2634/5280 2183/2183/5280
f 2551/2551/5281 2660/2660/5281 2717/2717/5281
f 2604/2604/5282 2633/2633/5282 2208/2208/5282
f 2211/2211/5283 2208/2208/5283 2633/2633/5283
f 2666/2666/5284 2639/2639/5284 2714/2714/5284
f 2476/2476/5285 2666/2666/5285 2714/2714/5285
f 2215/2215/5286 2251/2251/5286 2644/2644/5286
f 2559/2559/5287 2558/2558/5287 2708/2708/5287
f 2613/2613/5288 2307/2307/5288 2642/2642/5288
f 2718/2718/5289 2672/2672/5289 2673/2673/5289
f 2242/2242/5290 2415/2415/5290 2243/2243/5290
f 2491/2491/5291 2494/2494/5291 2615/2615/5291
f 2100/2100/5292 2120/2120/5292 2441/2441/5292
f 2643/2643/5293 2321/2321/5293 2323/2323/5293
f 2441/2441/5294 2536/2536/5294 2442/2442/5294
f 2532/2532/5295 2271/2271/5295 2264/2264/5295
f 1814/1814/5296 2511/2511/5296 2647/2647/5296
f 2287/2287/5297 2452/2452/5297 2419/2419/5297
f 2575/2575/5298 2570/2570/5298 2704/2704/5298
f 2537/2537/5299 2238/2238/5299 2378/2378/5299
f 2648/2648/5300 2575/2575/5300 2704/2704/5300
f 2281/2281/5301 2434/2434/5301 2433/2433/5301
f 2377/2377/5302 2446/2446/5302 2378/2378/5302
f 2719/2719/5303 2438/2438/5303 2578/2578/5303
f 2215/2215/5304 2498/2498/5304 2210/2210/5304
f 2690/2690/5305 2609/2609/5305 2398/2398/5305
f 2397/2397/5306 2604/2604/5306 2398/2398/5306
f 2649/2649/5307 2370/2370/5307 2259/2259/5307
f 2380/2380/5308 2101/2101/4566 2381/2381/4565
f 2548/2548/5309 2279/2279/5309 2235/2235/5309
f 2433/2433/5310 2370/2370/5310 2649/2649/5310
f 2639/2639/5311 2251/2251/5311 2640/2640/5311
f 2280/2280/5312 2287/2287/5312 2428/2428/5312
f 2585/2585/5313 2280/2280/5313 2428/2428/5313
f 2434/2434/5314 2280/2280/5314 2585/2585/5314
f 2664/2664/5315 2541/2541/5315 2674/2674/5315
f 2425/2425/5316 2630/2630/5316 2421/2421/5316
f 2674/2674/5317 2541/2541/5317 2306/2306/5317
f 2499/2499/5318 2538/2538/5318 2500/2500/5318
f 2388/2388/5319 2253/2253/5319 2032/2032/5319
f 2151/2151/5320 2500/2500/5320 2589/2589/5320
f 2307/2307/5321 2549/2549/5321 2322/2322/5321
f 2389/2389/5322 2388/2388/5322 2650/2650/5322
f 2573/2573/4732 2528/2528/4731 2220/2220/5323
f 2475/2475/5324 2641/2641/5324 2405/2405/5324
f 2554/2554/5325 2309/2309/5326 2311/2311/5327
f 2554/2554/5325 2311/2311/5327 2436/2436/5328
f 2431/2431/5329 2482/2482/5329 2226/2226/5329
f 2446/2446/5330 2247/2247/5330 2248/2248/5330
f 2573/2573/4732 2220/2220/5323 2312/2312/5331
f 2660/2660/5332 2482/2482/5332 2431/2431/5332
f 2651/2651/5333 2249/2249/5333 2628/2628/5333
f 2393/2393/5334 2102/2102/5334 2092/2092/5334
f 2626/2626/5335 2651/2651/5335 2628/2628/5335
f 2630/2630/5336 2626/2626/5336 2628/2628/5336
f 2631/2631/5337 2626/2626/5337 2630/2630/5337
f 2393/2393/5338 2092/2092/5338 2160/2160/5338
f 2627/2627/5339 2626/2626/5339 2631/2631/5339
f 2161/2161/5340 2160/2160/5340 2125/2125/5340
f 2166/2166/5341 2632/2632/5341 2554/2554/5341
f 2584/2584/5342 2525/2525/5342 2720/2720/5342
f 2166/2166/5343 2168/2168/5343 2103/2103/5343
f 2654/2654/5344 2594/2594/5344 2577/2577/5344
f 2168/2168/4427 2338/2338/4429 2093/2093/5345
f 2143/2143/5346 2142/2142/5346 2324/2324/5346
f 2338/2338/5347 2377/2377/5347 2093/2093/5347
f 2500/2500/5348 2655/2655/5348 2589/2589/5348
f 2701/2701/5349 2658/2658/5349 2449/2449/5349
f 2562/2562/5350 2559/2559/5350 2401/2401/5350
f 2463/2463/5351 2268/2268/5351 2464/2464/5351
f 2480/2480/5352 2561/2561/5352 2481/2481/5352
f 2401/2401/5353 2075/2075/5353 2299/2299/5353
f 2544/2544/5354 2468/2468/5354 2174/2174/5354
f 2143/2143/5355 2488/2488/5355 2144/2144/5355
f 2174/2174/5356 2173/2173/5356 2544/2544/5356
f 2560/2560/5357 2647/2647/5357 2618/2618/5357
f 2181/2181/5358 2590/2590/5358 2662/2662/5358
f 2456/2456/5359 2171/2171/5359 2162/2162/5359
f 2344/2344/5360 2456/2456/5360 2177/2177/5360
f 2647/2647/5361 2560/2560/5361 2413/2413/5361
f 2413/2413/5362 2560/2560/5362 2402/2402/5362
f 2646/2646/5363 2635/2635/5363 2576/2576/5363
f 1814/1814/5364 2647/2647/5364 2412/2412/5364
f 2567/2567/5365 2463/2463/5365 2665/2665/5365
f 2147/2147/5366 2721/2721/5366 2342/2342/5366
f 2342/2342/5367 2721/2721/5367 2346/2346/5367
f 2523/2523/5368 2672/2672/5368 2677/2677/5368
f 2039/2039/5369 2121/2121/5369 2196/2196/5369
f 1980/1980/5370 2190/2190/5370 2331/2331/5370
f 2718/2718/5371 2675/2675/5371 2672/2672/5371
f 2571/2571/5372 2331/2331/5372 2328/2328/5372
f 1980/1980/5373 2574/2574/5373 2121/2121/5373
f 2339/2339/5374 2506/2506/5374 2456/2456/5374
f 2362/2362/5375 2686/2686/5375 2369/2369/5375
f 2540/2540/5376 2571/2571/5376 2359/2359/5376
f 2473/2473/5377 2382/2382/5377 2351/2351/5377
f 2041/2041/5378 2424/2424/5378 2200/2200/5378
f 2686/2686/5379 2687/2687/5379 2369/2369/5379
f 2285/2285/5380 2294/2294/5380 2295/2295/5380
f 2566/2566/5381 2268/2268/5381 2463/2463/5381
f 2722/2722/5382 2723/2723/5382 2724/2724/5382
f 2200/2200/5383 2196/2196/5383 2198/2198/5383
f 2196/2196/5384 2420/2420/5384 2199/2199/5384
f 2095/2095/5385 1856/1856/5385 2152/2152/5385
f 2656/2656/5386 2176/2176/5386 2178/2178/5386
f 2212/2212/5387 1621/1621/5387 2153/2153/5387
f 2373/2373/5388 2656/2656/5388 2505/2505/5388
f 2656/2656/5389 2178/2178/5389 2505/2505/5389
f 2152/2152/5390 2148/2148/5390 2383/2383/5390
f 2385/2385/5391 2430/2430/5391 2386/2386/5391
f 2153/2153/5392 2152/2152/5392 2383/2383/5392
f 2153/2153/5393 2383/2383/5393 2213/2213/5393
f 2155/2155/5394 2725/2725/5394 2156/2156/5394
f 2213/2213/5395 2320/2320/5395 2319/2319/5395
f 2594/2594/5070 2285/2285/5069 2284/2284/5396
f 2520/2520/5397 2212/2212/5397 2213/2213/5397
f 2105/2105/5398 2044/2044/5398 2169/2169/5398
f 2520/2520/5399 2213/2213/5399 2391/2391/5399
f 2697/2697/5400 2726/2726/5400 2727/2727/5400
f 2439/2439/5401 2391/2391/5401 2563/2563/5401
f 2439/2439/5402 2563/2563/5402 2440/2440/5402
f 2728/2728/5403 2519/2519/5403 2710/2710/5403
f 2170/2170/5404 2440/2440/5404 2231/2231/5404
f 2518/2518/5405 2519/2519/5405 2728/2728/5405
f 1985/1985/5406 2241/2241/5406 2047/2047/5406
f 2710/2710/5407 2516/2516/5407 2599/2599/5407
f 1990/1990/5408 2047/2047/5408 2241/2241/5408
f 2510/2510/5409 2239/2239/5409 2606/2606/5409
f 2603/2603/5410 2602/2602/5410 2667/2667/5410
f 2588/2588/5411 2213/2213/5411 2319/2319/5411
f 2105/2105/5412 2232/2232/4850 2242/2242/4852
f 2124/2124/5413 2108/2108/5413 2469/2469/5413
f 2344/2344/5414 2396/2396/5414 2588/2588/5414
f 2343/2343/5415 2396/2396/5415 2344/2344/5415
f 2539/2539/5416 2495/2495/5416 2708/2708/5416
f 2097/2097/5417 1987/1987/5417 2259/2259/5417
f 2203/2203/5418 2079/2079/5418 2201/2201/5418
f 2398/2398/5419 2692/2692/5419 2729/2729/5419
f 2526/2526/5420 2340/2340/5420 2245/2245/5420
f 2286/2286/5421 2469/2469/5421 2081/2081/5421
f 2679/2679/5422 2487/2487/5422 2332/2332/5422
f 2533/2533/5423 2612/2612/5423 2535/2535/5423
f 2638/2638/5424 2399/2399/5424 2712/2712/5424
f 2246/2246/5425 2498/2498/5425 2501/2501/5425
f 2476/2476/5426 2714/2714/5426 2711/2711/5426
f 2462/2462/5427 2649/2649/5427 2259/2259/5427
f 2109/2109/5428 2083/2083/5428 2218/2218/5428
f 2407/2407/5429 2374/2374/5429 2505/2505/5429
f 2711/2711/5430 2714/2714/5430 2713/2713/5430
f 2155/2155/5431 2154/2154/5431 2192/2192/5431
f 2211/2211/5432 2252/2252/5432 2210/2210/5432
f 2429/2429/5433 2418/2418/5433 2512/2512/5433
f 2428/2428/5434 2514/2514/5434 2432/2432/5434
f 2432/2432/5435 2514/2514/5435 2371/2371/5435
f 2528/2528/5436 2218/2218/5436 2217/2217/5436
f 2542/2542/5437 2493/2493/5437 2445/2445/5437
f 2441/2441/5438 2275/2275/5438 2274/2274/5438
f 2330/2330/5439 2229/2229/5439 2098/2098/5439
f 2240/2240/5440 2330/2330/5440 2098/2098/5440
f 2445/2445/5441 2543/2543/5441 2542/2542/5441
f 2312/2312/5442 2219/2219/5442 2221/2221/5442
f 2625/2625/5443 2254/2254/5443 2727/2727/5443
f 2112/2112/5444 2606/2606/5444 2007/2007/5444
f 2606/2606/5445 2010/2010/5184 2408/2408/5183
f 2697/2697/5446 2727/2727/5446 2254/2254/5446
f 2454/2454/5447 2214/2214/5447 2298/2298/5447
f 2651/2651/5448 2127/2127/5448 2297/2297/5448
f 2228/2228/5449 2317/2317/5449 2529/2529/5449
f 2497/2497/5450 2279/2279/5450 2247/2247/5450
f 2601/2601/5451 2224/2224/5451 2265/2265/5451
f 2329/2329/5452 2230/2230/5452 2330/2330/5452
f 2601/2601/5453 2265/2265/5453 2602/2602/5453
f 2629/2629/5454 2410/2410/5454 2561/2561/5454
f 2678/2678/5455 2461/2461/5455 2458/2458/5455
f 2421/2421/5456 2629/2629/5456 2422/2422/5456
f 2458/2458/5457 2256/2256/5457 2471/2471/5457
f 2698/2698/5458 2438/2438/5458 2719/2719/5458
f 2650/2650/5459 2651/2651/5459 2626/2626/5459
f 2701/2701/5460 2449/2449/5460 2730/2730/5460
f 2730/2730/5461 2449/2449/5461 2702/2702/5461
f 2115/2115/5462 2503/2503/5462 2417/2417/5462
f 2288/2288/5463 2417/2417/5463 2289/2289/5463
f 2550/2550/5464 2206/2206/5464 2323/2323/5464
f 2399/2399/5465 2638/2638/5465 2637/2637/5465
f 2337/2337/5466 2394/2394/5466 2113/2113/5466
f 2712/2712/5467 2639/2639/5467 2638/2638/5467
f 2660/2660/5468 2431/2431/5468 2717/2717/5468
f 2262/2262/5469 2266/2266/5469 2468/2468/5469
f 2183/2183/5470 2534/2534/5470 2470/2470/5470
f 2427/2427/5471 2508/2508/5471 2301/2301/5471
f 2662/2662/5472 2731/2731/5472 2663/2663/5472
f 2300/2300/5473 2303/2303/5473 2118/2118/5473
f 2159/2159/5474 2161/2161/5474 2256/2256/5474
f 2304/2304/5475 2117/2117/5475 2303/2303/5475
f 2324/2324/5476 2142/2142/5476 2325/2325/5476
f 2099/2099/5477 2024/2024/5477 2684/2684/5477
f 2024/2024/5478 2316/2316/5478 2684/2684/5478
f 2684/2684/5479 2316/2316/5479 2318/2318/5479
f 2683/2683/5480 2327/2327/5480 1772/1772/5480
f 2592/2592/5481 2357/2357/5481 2356/2356/5481
f 1772/1772/5482 2327/2327/5482 2190/2190/5482
f 2386/2386/5483 2670/2670/5483 2486/2486/5483
f 2719/2719/5484 2578/2578/5484 2579/2579/5484
f 2558/2558/5485 2618/2618/5485 2443/2443/5485
f 2499/2499/5486 2687/2687/5486 2141/2141/5486
f 2163/2163/5487 2162/2162/5487 2172/2172/5487
f 2140/2140/5488 2354/2354/5488 2553/2553/5488
f 2681/2681/5489 2680/2680/5489 2455/2455/5489
f 2681/2681/5490 2455/2455/5490 2366/2366/5490
f 2361/2361/5491 2540/2540/5491 2359/2359/5491
f 2362/2362/5492 2141/2141/5492 2686/2686/5492
f 2420/2420/5493 2350/2350/5493 2197/2197/5493
f 2687/2687/5494 2499/2499/5494 2150/2150/5494
f 2364/2364/5495 2300/2300/5495 2365/2365/5495
f 2166/2166/5496 2627/2627/5496 2632/2632/5496
f 2687/2687/5497 2150/2150/5497 2369/2369/5497
f 2539/2539/5498 2443/2443/5498 2445/2445/5498
f 2177/2177/5499 2456/2456/5499 2178/2178/5499
f 2505/2505/5500 2178/2178/5500 2456/2456/5500
f 2293/2293/5501 2705/2705/5501 2703/2703/5501
f 2665/2665/5502 2327/2327/5502 2683/2683/5502
f 2328/2328/5503 2327/2327/5503 2622/2622/5503
f 2556/2556/5504 2300/2300/5504 2364/2364/5504
f 2617/2617/5505 2274/2274/5505 2447/2447/5505
f 2463/2463/5506 2360/2360/5506 2665/2665/5506
f 2233/2233/5507 2591/2591/5507 2438/2438/5507
f 2582/2582/5508 2732/2732/5508 2580/2580/5508
f 2624/2624/5509 2556/2556/5509 2557/2557/5509
f 2318/2318/5510 2315/2315/5510 2568/2568/5510
f 2707/2707/5511 2583/2583/5511 2652/2652/5511
f 2659/2659/5512 2436/2436/5512 2653/2653/5512
f 2591/2591/5513 2654/2654/5513 2438/2438/5513
f 2405/2405/5514 2436/2436/5514 2659/2659/5514
f 2568/2568/5515 2305/2305/5515 2566/2566/5515
f 2581/2581/5516 2580/2580/5516 2733/2733/5516
f 2624/2624/5517 2557/2557/5517 2566/2566/5517
f 2654/2654/5518 2577/2577/5518 2438/2438/5518
f 2581/2581/5519 2733/2733/5519 2682/2682/5519
f 2198/2198/5520 2197/2197/5520 2351/2351/5520
f 2659/2659/5521 2699/2699/5521 2405/2405/5521
f 2157/2157/5522 2149/2149/5522 2195/2195/5522
f 2556/2556/5523 2364/2364/5523 2368/2368/5523
f 2449/2449/5524 2385/2385/5524 2387/2387/5524
f 2524/2524/5525 2690/2690/5525 2604/2604/5525
f 2511/2511/5526 2100/2100/5526 2441/2441/5526
f 2318/2318/5527 2568/2568/5527 2569/2569/5527
f 2683/2683/5528 2569/2569/5528 2665/2665/5528
f 2672/2672/5529 2523/2523/5529 2522/2522/5529
f 2677/2677/5530 2672/2672/5530 2675/2675/5530
f 2464/2464/5531 2268/2268/5531 2270/2270/5531
f 2563/2563/5532 2391/2391/5532 2396/2396/5532
f 2294/2294/5533 2292/2292/5533 2291/2291/5533
f 2635/2635/5534 2463/2463/5534 2465/2465/5534
f 2384/2384/5535 2473/2473/5535 2320/2320/5535
f 2407/2407/5536 2691/2691/5536 2510/2510/5536
f 2252/2252/4994 2211/2211/5537 2633/2633/4992
f 2155/2155/5538 2192/2192/5538 2244/2244/5538
f 2407/2407/5539 2510/2510/5539 2408/2408/5539
f 2231/2231/5540 2416/2416/5540 2415/2415/5540
f 2614/2614/5541 2615/2615/5541 2541/2541/5541
f 2093/2093/5542 2103/2103/5542 2168/2168/5542
f 2615/2615/5543 2493/2493/5543 2541/2541/5543
f 2541/2541/5544 2493/2493/5544 2542/2542/5544
f 2473/2473/5545 2351/2351/5545 2576/2576/5545
f 2419/2419/5546 2429/2429/5546 2287/2287/5546
f 2560/2560/5547 2559/2559/5547 2562/2562/5547
f 2247/2247/5548 2436/2436/5548 2497/2497/5548
f 2441/2441/5549 2274/2274/5549 2511/2511/5549
f 2547/2547/5550 2403/2403/5550 2546/2546/5550
f 2236/2236/5551 2275/2275/5551 2378/2378/5551
f 2596/2596/5552 2638/2638/5552 2640/2640/5552
f 2470/2470/5553 2674/2674/5553 2306/2306/5553
f 2409/2409/5554 2561/2561/5554 2410/2410/5554
f 2370/2370/5555 2260/2260/5555 2259/2259/5555
f 2358/2358/5556 2451/2451/5556 2455/2455/5556
f 2358/2358/5557 2455/2455/5557 2680/2680/5557
f 2425/2425/5558 2421/2421/5558 2423/2423/5558
f 2478/2478/5559 2666/2666/5559 2476/2476/5559
f 2651/2651/5560 2380/2380/5560 2127/2127/5560
f 2679/2679/5561 2332/2332/5561 2595/2595/5561
f 2636/2636/5562 2572/2572/5562 2326/2326/5562
f 2324/2324/5563 2326/2326/5563 2572/2572/5563
f 2670/2670/5564 2480/2480/5564 2486/2486/5564
f 2486/2486/5565 2387/2387/5565 2386/2386/5565
f 2418/2418/5566 2363/2363/5566 2512/2512/5566
f 2734/2734/5567 2735/2735/5567 2736/2736/5567
f 2737/2737/5568 2738/2738/5568 2739/2739/5568
f 2740/2740/5569 2741/2741/5569 2742/2742/5569
f 2743/2743/5570 2744/2744/5570 2745/2745/5570
f 2746/2746/5571 2741/2741/5571 2747/2747/5571
f 2748/2748/5572 2749/2749/5572 2750/2750/5572
f 2751/2751/5573 2752/2752/5573 2753/2753/5573
f 2754/2754/5574 2755/2755/5574 2750/2750/5574
f 2747/2747/5575 2756/2756/5575 2746/2746/5575
f 2757/2757/5576 2758/2758/5576 2759/2759/5576
f 2760/2760/5577 2761/2761/5577 2762/2762/5577
f 2763/2763/5578 2764/2764/5578 2765/2765/5578
f 2766/2766/5579 2767/2767/5579 2768/2768/5579
f 2769/2769/5580 2770/2770/5580 2771/2771/5580
f 2772/2772/5581 2719/2719/5581 2773/2773/5581
f 2774/2774/5582 2775/2775/5582 2776/2776/5582
f 2777/2777/5583 2778/2778/5583 2779/2779/5583
f 2780/2780/5584 2769/2769/5584 2771/2771/5584
f 2777/2777/5585 2779/2779/5585 2781/2781/5585
f 2782/2782/5586 2763/2763/5586 2765/2765/5586
f 2783/2783/5587 2774/2774/5588 2784/2784/5589
f 2781/2781/5590 2779/2779/5590 2785/2785/5590
f 2786/2786/5591 2787/2787/5591 2788/2788/5591
f 2789/2789/5592 2704/2704/5592 2790/2790/5592
f 2791/2791/5593 2792/2792/5593 2793/2793/5593
f 2794/2794/5594 2795/2795/5594 2786/2786/5594
f 2796/2796/5595 2797/2797/5595 2798/2798/5595
f 2792/2792/5596 2799/2799/5596 2793/2793/5596
f 2793/2793/5597 2799/2799/5597 2800/2800/5597
f 2793/2793/5598 2801/2801/5599 2802/2802/5600
f 2803/2803/5601 2804/2804/5601 2805/2805/5601
f 2806/2806/5602 2807/2807/5602 2808/2808/5602
f 2809/2809/5603 2810/2810/5603 2811/2811/5603
f 2812/2812/5604 2689/2689/5604 2346/2346/5604
f 2813/2813/5605 2792/2792/5605 2814/2814/5605
f 2793/2793/5598 2800/2800/5606 2801/2801/5599
f 2815/2815/5607 2813/2813/5607 2816/2816/5607
f 2346/2346/5608 2689/2689/5608 2709/2709/5608
f 2817/2817/5609 2818/2818/5609 2819/2819/5609
f 2820/2820/5610 2815/2815/5610 2816/2816/5610
f 2821/2821/5611 2822/2822/5611 2823/2823/5611
f 2824/2824/5612 2825/2825/5612 2826/2826/5612
f 2827/2827/5613 2828/2828/5613 2829/2829/5613
f 2827/2827/5614 2830/2830/5614 2831/2831/5614
f 2832/2832/5615 2833/2833/5615 2834/2834/5615
f 2725/2725/5616 2155/2155/5616 2625/2625/5616
f 2803/2803/5617 2806/2806/5617 2835/2835/5617
f 2836/2836/5618 2837/2837/5618 2838/2838/5618
f 2834/2834/5619 2833/2833/5619 2839/2839/5619
f 2840/2840/5620 2785/2785/5620 2841/2841/5620
f 2842/2842/5621 2843/2843/5621 2844/2844/5621
f 2845/2845/5622 2846/2846/5622 2847/2847/5622
f 2847/2847/5623 2821/2821/5623 2845/2845/5623
f 2848/2848/5624 2849/2849/5624 2850/2850/5624
f 2697/2697/5625 2518/2518/5625 2728/2728/5625
f 2851/2851/5626 2852/2852/5626 2833/2833/5626
f 2833/2833/5627 2852/2852/5627 2853/2853/5627
f 2854/2854/5628 2855/2855/5628 2856/2856/5628
f 2707/2707/5629 2652/2652/5629 2857/2857/5629
f 2857/2857/5630 2652/2652/5630 2858/2858/5630
f 2859/2859/5631 2860/2860/5631 2861/2861/5631
f 2862/2862/5632 2863/2863/5632 2733/2733/5632
f 2693/2693/5633 2182/2182/5633 2184/2184/5633
f 2864/2864/5634 2865/2865/5634 2866/2866/5634
f 2866/2866/5635 2867/2867/5635 2864/2864/5635
f 2868/2868/5636 2869/2869/5636 2870/2870/5636
f 2868/2868/5637 2870/2870/5637 2871/2871/5637
f 2868/2868/5638 2871/2871/5638 2872/2872/5638
f 2873/2873/5639 2874/2874/5639 2875/2875/5639
f 2398/2398/5640 2729/2729/5640 2607/2607/5640
f 2876/2876/5641 2877/2877/5641 2878/2878/5641
f 2878/2878/5642 2879/2879/5642 2876/2876/5642
f 2712/2712/5643 2880/2880/5643 2713/2713/5643
f 2881/2881/5644 2882/2882/5644 2855/2855/5644
f 2883/2883/5645 2884/2884/5645 2885/2885/5645
f 2886/2886/5646 2887/2887/5646 2888/2888/5646
f 2655/2655/5647 2889/2889/5647 2890/2890/5647
f 2891/2891/5648 2892/2892/5648 2757/2757/5648
f 2768/2768/5649 2760/2760/5649 2766/2766/5649
f 2669/2669/5650 2642/2642/5651 2694/2694/5652
f 2891/2891/5653 2893/2893/5653 2894/2894/5653
f 2657/2657/5654 2895/2895/5655 2896/2896/5656
f 2890/2890/5657 2895/2895/5657 2657/2657/5657
f 2405/2405/5658 2699/2699/5658 2897/2897/5658
f 2898/2898/5659 2899/2899/5659 2900/2900/5659
f 2901/2901/5660 2878/2878/5660 2770/2770/5660
f 2323/2323/5661 2715/2715/5661 2694/2694/5661
f 2902/2902/5662 2903/2903/5663 2904/2904/5664
f 2715/2715/5665 2530/2530/5665 2905/2905/5665
f 2905/2905/5666 2530/2530/5666 2695/2695/5666
f 2906/2906/5667 2907/2907/5667 2908/2908/5667
f 2909/2909/5668 2891/2891/5668 2894/2894/5668
f 2910/2910/5669 2911/2911/5669 2912/2912/5669
f 2404/2404/5670 2405/2405/5670 2897/2897/5670
f 2913/2913/5671 2781/2781/5672 2914/2914/5673
f 2915/2915/5674 2916/2916/5674 2917/2917/5674
f 2918/2918/5675 2914/2914/5675 2919/2919/5675
f 2917/2917/5676 2916/2916/5676 2920/2920/5676
f 2921/2921/5677 2922/2922/5677 2923/2923/5677
f 2918/2918/5678 2919/2919/5678 2924/2924/5678
f 2925/2925/5679 2926/2926/5680 2927/2927/5681
f 2916/2916/5682 2625/2625/5682 2928/2928/5682
f 2929/2929/5683 2930/2930/5683 2794/2794/5683
f 2922/2922/5684 2788/2788/5684 2926/2926/5684
f 2431/2431/5685 2225/2225/5685 2931/2931/5685
f 2932/2932/5686 2728/2728/5686 2933/2933/5686
f 2934/2934/5687 2935/2935/5687 2936/2936/5687
f 2922/2922/5688 2926/2926/5688 2925/2925/5688
f 2937/2937/5689 2922/2922/5689 2925/2925/5689
f 2938/2938/5690 2939/2939/5690 2940/2940/5690
f 2750/2750/5691 2749/2749/5691 2941/2941/5691
f 2938/2938/5692 2940/2940/5692 2942/2942/5692
f 2943/2943/5693 2910/2910/5693 2912/2912/5693
f 2944/2944/5694 2945/2945/5694 2946/2946/5694
f 2450/2450/5695 2551/2551/5695 2947/2947/5695
f 2948/2948/5696 2942/2942/5696 2940/2940/5696
f 2949/2949/5697 2950/2950/5697 2951/2951/5697
f 2551/2551/5698 2717/2717/5698 2947/2947/5698
f 2717/2717/5699 2431/2431/5699 2931/2931/5699
f 2952/2952/5700 2953/2953/5700 2741/2741/5700
f 2954/2954/5701 2740/2740/5701 2742/2742/5701
f 2955/2955/5702 2842/2842/5703 2956/2956/5704
f 2607/2607/5705 2957/2957/5705 2399/2399/5705
f 2924/2924/5706 2958/2958/5706 2775/2775/5706
f 2959/2959/5707 2399/2399/5707 2957/2957/5707
f 2736/2736/5708 2960/2960/5708 2734/2734/5708
f 2961/2961/5709 2962/2962/5709 2963/2963/5709
f 2676/2676/5710 2675/2675/5710 2964/2964/5710
f 2963/2963/5711 2962/2962/5711 2965/2965/5711
f 2675/2675/5712 2966/2966/5712 2964/2964/5712
f 2967/2967/5713 2968/2968/5713 2969/2969/5713
f 2970/2970/5714 2965/2965/5714 2844/2844/5714
f 2971/2971/5715 2972/2972/5715 2968/2968/5715
f 2855/2855/5716 2970/2970/5716 2843/2843/5716
f 2973/2973/5717 2974/2974/5717 2975/2975/5717
f 2976/2976/5718 2977/2977/5718 2978/2978/5718
f 2979/2979/5719 2976/2976/5719 2978/2978/5719
f 2801/2801/5720 2861/2861/5720 2980/2980/5720
f 2981/2981/5721 2982/2982/5721 2983/2983/5721
f 2984/2984/5722 2985/2985/5722 2986/2986/5722
f 2799/2799/5723 2815/2815/5723 2987/2987/5723
f 2969/2969/5724 2968/2968/5724 2972/2972/5724
f 2988/2988/5725 2986/2986/5725 2989/2989/5725
f 2716/2716/5726 2990/2990/5726 2991/2991/5726
f 2293/2293/5727 2645/2645/5727 2705/2705/5727
f 2705/2705/5728 2676/2676/5728 2964/2964/5728
f 2989/2989/5729 2992/2992/5729 2993/2993/5729
f 2696/2696/5730 2818/2818/5730 2994/2994/5730
f 2739/2739/5731 2995/2995/5731 2859/2859/5731
f 2996/2996/5732 2997/2997/5732 2998/2998/5732
f 2999/2999/5733 2994/2994/5733 3000/3000/5733
f 2824/2824/5734 2826/2826/5734 3001/3001/5734
f 2869/2869/5735 3002/3002/5735 3003/3003/5735
f 3004/3004/5736 2719/2719/5736 3005/3005/5736
f 2582/2582/5737 3006/3006/5737 2732/2732/5737
f 3007/3007/5738 3008/3008/5738 3009/3009/5738
f 3010/3010/5739 2870/2870/5739 2888/2888/5739
f 3011/3011/5740 2706/2706/5740 2707/2707/5740
f 3012/3012/5741 3013/3013/5741 2758/2758/5741
f 3014/3014/5742 2947/2947/5742 3015/3015/5742
f 3016/3016/5743 3017/3017/5743 2761/2761/5743
f 2822/2822/5744 3018/3018/5744 3019/3019/5744
f 2914/2914/5745 3020/3020/5745 2913/2913/5745
f 3021/3021/5746 2918/2918/5746 3022/3022/5746
f 2911/2911/5747 2910/2910/5747 3023/3023/5747
f 2759/2759/5748 3024/3024/5748 2893/2893/5748
f 3025/3025/5749 3026/3026/5749 3027/3027/5749
f 3028/3028/5750 3029/3029/5750 2896/2896/5750
f 3030/3030/5751 2743/2743/5751 2745/2745/5751
f 2744/2744/5752 3031/3031/5752 2745/2745/5752
f 3032/3032/5753 2873/2873/5753 3033/3033/5753
f 3033/3033/5754 2751/2751/5754 3032/3032/5754
f 3034/3034/5755 3035/3035/5755 3036/3036/5755
f 3037/3037/5756 3038/3038/5756 3039/3039/5756
f 3040/3040/5757 3039/3039/5757 3041/3041/5757
f 3042/3042/5758 2978/2978/5758 3043/3043/5758
f 2770/2770/5759 2769/2769/5759 2901/2901/5759
f 2760/2760/5760 2762/2762/5760 2766/2766/5760
f 3044/3044/5761 3043/3043/5761 2978/2978/5761
f 3045/3045/5762 3046/3046/5762 2835/2835/5762
f 3045/3045/5763 2835/2835/5764 3047/3047/5763
f 3048/3048/5765 3049/3049/5765 3050/3050/5765
f 2783/2783/5766 2784/2784/5766 3051/3051/5766
f 3052/3052/5767 3053/3053/5767 3054/3054/5767
f 3049/3049/5768 3048/3048/5768 3044/3044/5768
f 3055/3055/5769 3056/3056/5769 3057/3057/5769
f 2340/2340/5770 2688/2688/5770 2341/2341/5770
f 3058/3058/5771 3047/3047/5771 3059/3059/5771
f 2341/2341/5772 2907/2907/5772 2147/2147/5772
f 2811/2811/5773 2810/2810/5773 3060/3060/5773
f 2854/2854/5774 3061/3061/5774 3062/3062/5774
f 3056/3056/5775 3063/3063/5775 3064/3064/5775
f 3056/3056/5776 3064/3064/5776 3065/3065/5776
f 2689/2689/5777 2353/2353/5777 2709/2709/5777
f 2808/2808/5778 2807/2807/5778 3066/3066/5778
f 3067/3067/5779 3068/3068/5779 3001/3001/5779
f 3069/3069/5780 3070/3070/5780 3071/3071/5780
f 3001/3001/5781 3068/3068/5781 3072/3072/5781
f 2818/2818/5782 3073/3073/5782 2819/2819/5782
f 2804/2804/5783 2964/2964/5783 3074/3074/5783
f 2755/2755/5784 2754/2754/5784 3075/3075/5784
f 3050/3050/5785 2748/2748/5785 3076/3076/5785
f 3076/3076/5786 2748/2748/5786 2750/2750/5786
f 2805/2805/5787 2804/2804/5787 3077/3077/5787
f 2804/2804/5788 3074/3074/5788 3077/3077/5788
f 2984/2984/5789 3078/3078/5789 3079/3079/5789
f 2986/2986/5790 3078/3078/5790 2984/2984/5790
f 2835/2835/5791 3080/3080/5791 3047/3047/5791
f 2601/2601/5792 2603/2603/5792 3081/3081/5792
f 3082/3082/5793 3083/3083/5794 3084/3084/5795
f 2840/2840/5796 3085/3085/5796 3086/3086/5796
f 3087/3087/5797 3088/3088/5797 3089/3089/5797
f 2774/2774/5798 3090/3090/5798 2775/2775/5798
f 2775/2775/5799 3090/3090/5799 2924/2924/5799
f 3091/3091/5800 3092/3092/5800 3093/3093/5800
f 2841/2841/5801 3085/3085/5801 2840/2840/5801
f 3092/3092/5802 3089/3089/5802 3002/3002/5802
f 2925/2925/5803 3094/3094/5803 3095/3095/5803
f 2858/2858/5804 2682/2682/5804 2837/2837/5804
f 3096/3096/5805 3031/3031/5805 3097/3097/5805
f 2830/2830/5806 2749/2749/5806 3098/3098/5806
f 2733/2733/5807 2863/2863/5807 3099/3099/5807
f 3100/3100/5808 3101/3101/5808 3048/3048/5808
f 3102/3102/5809 3103/3103/5809 3096/3096/5809
f 2887/2887/5810 3104/3104/5810 3105/3105/5810
f 3105/3105/5811 3104/3104/5811 3106/3106/5811
f 2948/2948/5812 3107/3107/5812 3108/3108/5812
f 2987/2987/5813 2859/2859/5813 2800/2800/5813
f 3031/3031/5814 2868/2868/5814 3109/3109/5814
f 2682/2682/5815 2733/2733/5815 3099/3099/5815
f 2837/2837/5816 2682/2682/5816 3099/3099/5816
f 3110/3110/5817 3062/3062/5817 3099/3099/5817
f 3111/3111/5818 2865/2865/5818 2864/2864/5818
f 3112/3112/5819 2915/2915/5819 3113/3113/5819
f 2998/2998/5820 3114/3114/5820 2845/2845/5820
f 3113/3113/5821 2915/2915/5821 3115/3115/5821
f 3116/3116/5822 2881/2881/5822 2855/2855/5822
f 3115/3115/5823 2915/2915/5823 2917/2917/5823
f 3117/3117/5824 3101/3101/5824 3100/3100/5824
f 2882/2882/5825 3118/3118/5825 3119/3119/5825
f 3120/3120/5826 3117/3117/5826 3121/3121/5826
f 3062/3062/5827 3122/3122/5827 3116/3116/5827
f 2746/2746/5828 2742/2742/5828 2741/2741/5828
f 3123/3123/5829 2820/2820/5829 3124/3124/5829
f 2897/2897/5830 2699/2699/5132 2700/2700/5134
f 2755/2755/5831 3048/3048/5831 3125/3125/5831
f 2755/2755/5832 3076/3076/5832 2750/2750/5832
f 2619/2619/5833 2716/2716/5833 3126/3126/5833
f 3127/3127/5834 2760/2760/5834 2768/2768/5834
f 3128/3128/5835 3129/3129/5835 2753/2753/5835
f 3130/3130/5836 2834/2834/5836 3131/3131/5836
f 3132/3132/5837 3130/3130/5837 3131/3131/5837
f 3128/3128/5838 2752/2752/5838 3133/3133/5838
f 3134/3134/5839 3135/3135/5839 2909/2909/5839
f 2909/2909/5840 2894/2894/5840 3136/3136/5840
f 2791/2791/5841 2793/2793/5841 3137/3137/5841
f 2623/2623/5842 2999/2999/5842 2538/2538/5842
f 2911/2911/5843 2810/2810/5843 2912/2912/5843
f 2766/2766/5844 3138/3138/5844 3139/3139/5844
f 3140/3140/5845 2771/2771/5845 2829/2829/5845
f 3141/3141/5846 2728/2728/5846 2932/2932/5846
f 2600/2600/5847 3081/3081/5847 3087/3087/5847
f 3081/3081/5848 3142/3142/5849 3087/3087/5850
f 3140/3140/5851 3036/3036/5851 3143/3143/5851
f 3144/3144/5852 3145/3145/5852 2779/2779/5852
f 3143/3143/5853 3036/3036/5853 3146/3146/5853
f 3143/3143/5854 3146/3146/5854 3147/3147/5854
f 2886/2886/5855 3142/3142/5855 3148/3148/5855
f 3149/3149/5856 3150/3150/5856 3151/3151/5856
f 2821/2821/5857 2998/2998/5857 2845/2845/5857
f 2778/2778/5858 3151/3151/5858 3144/3144/5858
f 2847/2847/5859 3152/3152/5859 2821/2821/5859
f 3019/3019/5860 3153/3153/5860 2851/2851/5860
f 2878/2878/5861 3154/3154/5861 2770/2770/5861
f 3069/3069/5862 3155/3155/5862 3042/3042/5862
f 2839/2839/5863 2833/2833/5863 3025/3025/5863
f 2156/2156/5864 2725/2725/5864 3112/3112/5864
f 3156/3156/5865 2156/2156/5865 3112/3112/5865
f 3157/3157/5866 2901/2901/5866 3158/3158/5866
f 2934/2934/5867 3159/3159/5867 3160/3160/5867
f 3161/3161/5868 3158/3158/5868 2902/2902/5868
f 2943/2943/5869 2912/2912/5869 2809/2809/5869
f 3041/3041/5870 3039/3039/5870 3162/3162/5870
f 3163/3163/5871 2943/2943/5871 2811/2811/5871
f 3164/3164/5872 3082/3082/5872 3165/3165/5872
f 3032/3032/5873 3129/3129/5873 2959/2959/5873
f 2880/2880/5874 2959/2959/5874 3129/3129/5874
f 3166/3166/5875 3015/3015/5875 3085/3085/5875
f 3167/3167/5876 3058/3058/5876 3059/3059/5876
f 2963/2963/5877 3163/3163/5877 2961/2961/5877
f 3029/3029/5878 3168/3168/5879 2860/2860/5880
f 2859/2859/5881 3029/3029/5881 2860/2860/5881
f 2995/2995/5882 3029/3029/5882 2859/2859/5882
f 2951/2951/5883 2950/2950/5883 3169/3169/5883
f 3170/3170/5884 2962/2962/5884 3171/3171/5884
f 3063/3063/5885 3172/3172/5885 3173/3173/5885
f 2774/2774/5588 2776/2776/5886 2784/2784/5589
f 2696/2696/5887 3126/3126/5887 2818/2818/5887
f 3157/3157/5888 3161/3161/5888 3174/3174/5888
f 2999/2999/5889 3000/3000/5889 3175/3175/5889
f 2706/2706/5890 3011/3011/5890 3176/3176/5890
f 2860/2860/5891 2993/2993/5891 2992/2992/5891
f 2997/2997/5892 2820/2820/5892 3177/3177/5892
f 2744/2744/5893 3002/3002/5893 2868/2868/5893
f 3178/3178/5894 3179/3179/5894 3180/3180/5894
f 2975/2975/5895 2974/2974/5895 2700/2700/5895
f 2974/2974/5896 3145/3145/5896 2700/2700/5896
f 3181/3181/5897 3182/3182/5897 3034/3034/5897
f 3183/3183/5898 3184/3184/5898 3166/3166/5898
f 3185/3185/5899 3109/3109/5899 2968/2968/5899
f 3186/3186/5900 3147/3147/5900 3146/3146/5900
f 2871/2871/5901 3016/3016/5901 2761/2761/5901
f 2875/2875/5902 3187/3187/5902 2982/2982/5902
f 3029/3029/5903 2995/2995/5903 2738/2738/5903
f 3188/3188/5904 3189/3189/5904 3103/3103/5904
f 3190/3190/5905 3094/3094/5905 3191/3191/5905
f 2865/2865/5906 3111/3111/5906 2823/2823/5906
f 2692/2692/5907 2586/2586/5907 3156/3156/5907
f 2968/2968/5908 3109/3109/5908 3192/3192/5908
f 3109/3109/5909 2872/2872/5909 3192/3192/5909
f 3192/3192/5910 3127/3127/5910 2971/2971/5910
f 3193/3193/5911 2538/2538/5911 3194/3194/5911
f 3195/3195/5912 3196/3196/5912 3046/3046/5912
f 3197/3197/5913 3030/3030/5913 2745/2745/5913
f 3198/3198/5914 3199/3199/5914 2966/2966/5914
f 3200/3200/5915 3199/3199/5915 3201/3201/5915
f 2946/2946/5916 3202/3202/5916 2944/2944/5916
f 3203/3203/5917 3204/3204/5917 3205/3205/5917
f 2812/2812/5918 2346/2346/5918 2721/2721/5918
f 2584/2584/5919 2900/2900/5919 2526/2526/5919
f 3009/3009/5920 3206/3206/5920 3207/3207/5920
f 3202/3202/5921 3208/3208/5921 3209/3209/5921
f 2526/2526/5922 2900/2900/5922 2688/2688/5922
f 2944/2944/5923 3202/3202/5923 3209/3209/5923
f 2736/2736/5924 2735/2735/5924 3210/3210/5924
f 3211/3211/5925 2789/2789/5925 3035/3035/5925
f 2735/2735/5926 3212/3212/5926 3213/3213/5926
f 3023/3023/5927 3163/3163/5927 3119/3119/5927
f 3119/3119/5928 3163/3163/5928 2963/2963/5928
f 2913/2913/5929 2777/2777/5929 2781/2781/5929
f 2919/2919/5930 2781/2781/5930 2785/2785/5930
f 2986/2986/5931 2988/2988/5931 3214/3214/5931
f 3214/3214/5932 2988/2988/5932 2895/2895/5932
f 2806/2806/5933 2803/2803/5933 2805/2805/5933
f 3070/3070/5934 3215/3215/5934 3071/3071/5934
f 2982/2982/5935 2967/2967/5935 2983/2983/5935
f 2920/2920/5936 2928/2928/5936 2743/2743/5936
f 2790/2790/5937 2704/2704/5937 3216/3216/5937
f 3079/3079/5938 3217/3217/5938 2817/2817/5938
f 3087/3087/5939 3218/3218/5939 3088/3088/5939
f 2985/2985/5940 3079/3079/5940 2934/2934/5940
f 2807/2807/5941 2857/2857/5941 3219/3219/5941
f 3220/3220/5942 3221/3221/5942 3043/3043/5942
f 2972/2972/5943 3222/3222/5943 2969/2969/5943
f 2693/2693/5944 2667/2667/5944 2182/2182/5944
f 2863/2863/5945 3223/3223/5945 3099/3099/5945
f 3224/3224/5946 2783/2783/5946 3051/3051/5946
f 2852/2852/5947 2851/2851/5947 3153/3153/5947
f 3225/3225/5948 2693/2693/5948 2185/2185/5948
f 2958/2958/5949 2785/2785/5949 2840/2840/5949
f 3226/3226/5950 2981/2981/5950 2977/2977/5950
f 3023/3023/5951 3118/3118/5951 3223/3223/5951
f 2784/2784/5952 3086/3086/5952 3098/3098/5952
f 3227/3227/5953 3228/3228/5953 3229/3229/5953
f 3228/3228/5954 2946/2946/5954 2945/2945/5954
f 3098/3098/5955 2749/2749/5955 3051/3051/5955
f 3039/3039/5956 3038/3038/5956 3162/3162/5956
f 3225/3225/5957 2185/2185/5957 2610/2610/5957
f 3021/3021/5958 3222/3222/5958 3020/3020/5958
f 2610/2610/5959 2613/2613/5959 3230/3230/5959
f 2842/2842/5703 2844/2844/5960 2956/2956/5704
f 3231/3231/5961 3232/3232/5961 3041/3041/5961
f 2642/2642/5962 2643/2643/5962 2694/2694/5962
f 2755/2755/5963 3075/3075/5963 3233/3233/5963
f 2849/2849/5964 2848/2848/5964 2746/2746/5964
f 3028/3028/5965 2896/2896/5965 2895/2895/5965
f 3234/3234/5966 3041/3041/5966 3235/3235/5966
f 2205/2205/5967 2209/2209/5967 2695/2695/5967
f 2782/2782/5968 3049/3049/5969 2978/2978/5970
f 2897/2897/5971 2209/2209/5971 2404/2404/5971
f 3236/3236/5972 3115/3115/5972 3237/3237/5972
f 3054/3054/5973 3053/3053/5973 3238/3238/5973
f 3188/3188/5974 2873/2873/5974 3032/3032/5974
f 2999/2999/5975 2623/2623/5975 2994/2994/5975
f 3154/3154/5976 3117/3117/5976 3239/3239/5976
f 2623/2623/5977 2696/2696/5977 2994/2994/5977
f 2538/2538/5978 2999/2999/5978 3175/3175/5978
f 3129/3129/5979 2751/2751/5979 2753/2753/5979
f 3124/3124/5980 3012/3012/5980 3240/3240/5980
f 3052/3052/5981 2953/2953/5981 2952/2952/5981
f 3031/3031/5982 3109/3109/5982 3097/3097/5982
f 3044/3044/5983 2978/2978/5970 3049/3049/5969
f 2868/2868/5984 2872/2872/5984 3109/3109/5984
f 3050/3050/5985 3125/3125/5985 3048/3048/5985
f 2871/2871/5986 3241/3241/5986 2872/2872/5986
f 2437/2437/5987 2698/2698/5987 3004/3004/5987
f 3049/3049/5988 2782/2782/5988 3242/3242/5988
f 3064/3064/5989 3063/3063/5989 3173/3173/5989
f 2874/2874/5990 3188/3188/5990 3102/3102/5990
f 2730/2730/5991 3183/3183/5991 2701/2701/5991
f 3057/3057/5992 3056/3056/5992 3065/3065/5992
f 3155/3155/5993 3071/3071/5993 3215/3215/5993
f 2799/2799/5994 2792/2792/5994 2813/2813/5994
f 2974/2974/5995 2779/2779/5995 3145/3145/5995
f 2767/2767/5996 3150/3150/5996 3149/3149/5996
f 2815/2815/5997 2799/2799/5997 2813/2813/5997
f 3156/3156/5998 3112/3112/5998 3243/3243/5998
f 3143/3143/5999 2771/2771/5999 3140/3140/5999
f 2729/2729/6000 3243/3243/6001 3113/3113/6002
f 2780/2780/6003 3147/3147/6003 3244/3244/6003
f 3245/3245/6004 2866/2866/6004 2822/2822/6004
f 2991/2991/6005 3246/3246/6005 3069/3069/6005
f 3050/3050/6006 2798/2798/6006 2748/2748/6006
f 3247/3247/6007 3248/3248/6007 2818/2818/6007
f 2675/2675/6008 2718/2718/6008 3240/3240/6008
f 2959/2959/6009 2957/2957/6009 3032/3032/6009
f 2833/2833/6010 3008/3008/6010 3249/3249/6010
f 2795/2795/6011 2787/2787/6011 2786/2786/6011
f 2783/2783/6012 3224/3224/6012 3250/3250/6012
f 3251/3251/6013 3252/3252/6013 2990/2990/6013
f 2711/2711/6014 3253/3253/6014 3252/3252/6014
f 3254/3254/6015 3005/3005/6015 2827/2827/6015
f 3005/3005/6016 3181/3181/6016 2827/2827/6016
f 2719/2719/6017 2579/2579/6017 2773/2773/6017
f 3117/3117/6018 3100/3100/6018 3233/3233/6018
f 2579/2579/6019 2648/2648/6019 3211/3211/6019
f 3255/3255/6020 2715/2715/6020 3150/3150/6020
f 3150/3150/6021 2715/2715/6021 3256/3256/6021
f 3257/3257/6022 3258/3258/6022 2695/2695/6022
f 3120/3120/6023 2877/2877/6023 3259/3259/6023
f 2877/2877/6024 3120/3120/6024 3121/3121/6024
f 3073/3073/6025 3069/3069/6025 3221/3221/6025
f 2877/2877/6026 3121/3121/6026 2878/2878/6026
f 2703/2703/6027 2705/2705/6027 2803/2803/6027
f 2859/2859/6028 2737/2737/6028 2739/2739/6028
f 2945/2945/6029 3260/3260/6029 3191/3191/6029
f 2878/2878/6030 3121/3121/6030 3154/3154/6030
f 3171/3171/6031 2962/2962/6031 2742/2742/6031
f 2936/2936/6032 2935/2935/6032 3261/3261/6032
f 2735/2735/6033 3262/3262/6033 3210/3210/6033
f 3125/3125/6034 3076/3076/6034 2755/2755/6034
f 3171/3171/6035 2848/2848/6035 3170/3170/6035
f 2936/2936/6036 3261/3261/6036 3263/3263/6036
f 3201/3201/6037 3198/3198/6037 2757/2757/6037
f 3051/3051/6038 2749/2749/6038 3224/3224/6038
f 2892/2892/6039 3201/3201/6039 2757/2757/6039
f 2986/2986/6040 2936/2936/6040 2989/2989/6040
f 3210/3210/6041 3262/3262/6041 3213/3213/6041
f 3157/3157/6042 3158/3158/6042 3161/3161/6042
f 2941/2941/6043 2754/2754/6043 2750/2750/6043
f 3264/3264/6044 3075/3075/6044 3265/3265/6044
f 3266/3266/6045 2825/2825/6045 3267/3267/6045
f 2586/2586/6046 2156/2156/6046 3156/3156/6046
f 3268/3268/6047 2802/2802/6047 3266/3266/6047
f 3245/3245/6048 2822/2822/6048 3019/3019/6048
f 3186/3186/6049 3269/3269/6049 3147/3147/6049
f 2538/2538/6050 3193/3193/6051 2655/2655/6052
f 2833/2833/6053 2853/2853/6053 3025/3025/6053
f 2873/2873/6054 3188/3188/6054 2874/2874/6054
f 2951/2951/6055 3169/3169/6055 2842/2842/6055
f 3135/3135/6056 3200/3200/6056 3201/3201/6056
f 3153/3153/6057 3019/3019/6057 3018/3018/6057
f 2822/2822/6058 2821/2821/6058 3018/3018/6058
f 3270/3270/6059 3269/3269/6059 2795/2795/6059
f 2839/2839/6060 3037/3037/6060 3131/3131/6060
f 3271/3271/6061 3035/3035/6061 3182/3182/6061
f 3272/3272/6062 2752/2752/6063 3273/3273/6064
f 3272/3272/6065 3273/3273/6065 3274/3274/6065
f 2740/2740/6066 2954/2954/6066 3275/3275/6066
f 3080/3080/6067 2806/2806/6067 2808/2808/6067
f 2772/2772/6068 2773/2773/6068 3182/3182/6068
f 2721/2721/6069 3276/3276/6069 2812/2812/6069
f 2773/2773/6070 3271/3271/6070 3182/3182/6070
f 3132/3132/6071 3131/3131/6071 3040/3040/6071
f 2341/2341/6072 2908/2908/6072 2907/2907/6072
f 3162/3162/6073 3231/3231/6073 3041/3041/6073
f 2789/2789/6074 2790/2790/6074 3186/3186/6074
f 2884/2884/6075 3277/3277/6075 3238/3238/6075
f 3023/3023/6076 2943/2943/6076 3163/3163/6076
f 3212/3212/6077 2849/2849/6077 3278/3278/6077
f 3235/3235/6078 3041/3041/6078 3232/3232/6078
f 3204/3204/6079 3006/3006/6079 3205/3205/6079
f 3279/3279/6080 2768/2768/6080 3280/3280/6080
f 3067/3067/6081 3259/3259/6081 2877/2877/6081
f 3008/3008/6082 2867/2867/6082 3249/3249/6082
f 3281/3281/6083 2777/2777/6083 3282/3282/6083
f 2726/2726/6084 2697/2697/6084 3141/3141/6084
f 3013/3013/6085 3009/3009/6085 3283/3283/6085
f 2600/2600/6086 2601/2601/6086 3081/3081/6086
f 2603/2603/6087 2667/2667/6087 3081/3081/6087
f 3284/3284/6088 2981/2981/6088 3226/3226/6088
f 3148/3148/6089 2667/2667/6089 2693/2693/6089
f 3172/3172/6090 3285/3285/6090 3286/3286/6090
f 3206/3206/6091 3130/3130/6091 3207/3207/6091
f 2904/2904/6092 3161/3161/6092 2902/2902/6092
f 2986/2986/6093 2985/2985/6093 2936/2936/6093
f 3173/3173/6094 3172/3172/6094 3287/3287/6094
f 3008/3008/6095 3206/3206/6095 3009/3009/6095
f 3265/3265/6096 2827/2827/6096 2829/2829/6096
f 3193/3193/6097 3175/3175/6097 3078/3078/6097
f 2711/2711/6098 2713/2713/6098 3253/3253/6098
f 2889/2889/6099 3193/3193/6099 3078/3078/6099
f 3180/3180/6100 3179/3179/6100 3288/3288/6100
f 3225/3225/6101 2610/2610/6101 3230/3230/6101
f 2784/2784/6102 2776/2776/6102 3086/3086/6102
f 2840/2840/6103 3086/3086/6103 2776/2776/6103
f 3060/3060/6104 3136/3136/6104 2883/2883/6104
f 3107/3107/6105 2903/2903/6105 3084/3084/6105
f 2784/2784/6106 3098/3098/6106 3051/3051/6106
f 3112/3112/6107 2725/2725/6107 2916/2916/6107
f 2903/2903/6108 3165/3165/6108 3084/3084/6108
f 3288/3288/6109 3161/3161/6109 3289/3289/6109
f 2928/2928/6110 3141/3141/6110 3092/3092/6110
f 2927/2927/6111 3229/3229/6111 3191/3191/6111
f 2923/2923/6112 2922/2922/6112 3290/3290/6112
f 3115/3115/6113 2917/2917/6113 3237/3237/6113
f 3291/3291/6114 2209/2209/6114 2897/2897/6114
f 3087/3087/6115 2933/2933/6115 2599/2599/6115
f 2957/2957/6116 3236/3236/6116 3237/3237/6116
f 2780/2780/6117 3158/3158/6117 2769/2769/6117
f 2620/2620/6118 2619/2619/6118 3126/3126/6118
f 3237/3237/6119 3188/3188/6119 2957/2957/6119
f 3126/3126/6120 2696/2696/6120 2620/2620/6120
f 2866/2866/6121 3245/3245/6121 2867/2867/6121
f 3129/3129/6122 3032/3032/6122 2751/2751/6122
f 3292/3292/6123 2939/2939/6123 2938/2938/6123
f 2538/2538/6124 3175/3175/6124 3194/3194/6124
f 3133/3133/6125 3215/3215/6125 3246/3246/6125
f 3128/3128/6126 2753/2753/6126 2752/2752/6126
f 2762/2762/6127 3138/3138/6127 2766/2766/6127
f 3213/3213/6128 3278/3278/6128 2756/2756/6128
f 3293/3293/6129 2808/2808/6129 3059/3059/6129
f 2700/2700/6130 2701/2701/6130 3183/3183/6130
f 2702/2702/6131 2450/2450/6131 3014/3014/6131
f 2983/2983/6132 2967/2967/6132 2969/2969/6132
f 2767/2767/6133 3149/3149/6133 3280/3280/6133
f 2947/2947/6134 2717/2717/6134 2931/2931/6134
f 2607/2607/6135 2729/2729/6135 3113/3113/6135
f 2909/2909/6136 3060/3060/6136 3134/3134/6136
f 3149/3149/6137 3151/3151/6137 2778/2778/6137
f 2662/2662/6138 3029/3029/6138 2731/2731/6138
f 3294/3294/6139 3261/3261/6139 3259/3259/6139
f 2991/2991/6140 3069/3069/6140 3248/3248/6140
f 2663/2663/6141 2731/2731/6141 2673/2673/6141
f 3239/3239/6142 2829/2829/6142 2771/2771/6142
f 3253/3253/6143 2880/2880/6143 3128/3128/6143
f 2718/2718/6144 2673/2673/6144 3240/3240/6144
f 3252/3252/6145 3253/3253/6145 3128/3128/6145
f 2675/2675/6146 3240/3240/6146 2966/2966/6146
f 3000/3000/6147 2817/2817/6147 3217/3217/6147
f 3267/3267/6148 2825/2825/6148 3295/3295/6148
f 3143/3143/6149 3147/3147/6149 2780/2780/6149
f 3296/3296/6150 3297/3297/6150 3138/3138/6150
f 3297/3297/6151 3255/3255/6151 3150/3150/6151
f 3298/3298/6152 3297/3297/6152 3150/3150/6152
f 3195/3195/6153 3299/3299/6153 2926/2926/6153
f 2973/2973/6154 2975/2975/6154 2841/2841/6154
f 3300/3300/6155 3301/3301/6155 3302/3302/6155
f 3096/3096/6156 3097/3097/6156 3185/3185/6156
f 3166/3166/6157 3085/3085/6157 2841/2841/6157
f 2821/2821/6158 3152/3152/6158 3303/3303/6158
f 2782/2782/6159 2977/2977/6159 3304/3304/6159
f 2990/2990/6160 3246/3246/6160 2991/2991/6160
f 2705/2705/6161 2964/2964/6161 2804/2804/6161
f 3216/3216/6162 2703/2703/6162 2803/2803/6162
f 3305/3305/6163 3061/3061/6163 2950/2950/6163
f 3188/3188/6164 3103/3103/6164 3102/3102/6164
f 3306/3306/6165 3175/3175/6165 3000/3000/6165
f 3307/3307/6166 3004/3004/6166 3254/3254/6166
f 3123/3123/6167 2737/2737/6167 2987/2987/6167
f 2737/2737/6168 3123/3123/6168 3240/3240/6168
f 3228/3228/6169 2838/2838/6169 2946/2946/6169
f 2946/2946/6170 3305/3305/6170 3202/3202/6170
f 3274/3274/6171 3273/3273/6171 3226/3226/6171
f 3274/3274/6172 3226/3226/6172 2976/2976/6172
f 3215/3215/6173 3274/3274/6173 2976/2976/6173
f 3232/3232/6174 3231/3231/6174 3308/3308/6174
f 2962/2962/6175 2961/2961/6175 2742/2742/6175
f 2977/2977/6176 2782/2782/6176 2978/2978/6176
f 3169/3169/6177 2855/2855/6177 2843/2843/6177
f 2732/2732/6178 2862/2862/6178 2580/2580/6178
f 2947/2947/6179 3309/3309/6179 3015/3015/6179
f 3310/3310/6180 2892/2892/6180 2891/2891/6180
f 3311/3311/6181 3234/3234/6181 3235/3235/6181
f 3309/3309/6182 2947/2947/6182 3307/3307/6182
f 3135/3135/6183 3310/3310/6183 2909/2909/6183
f 2738/2738/6184 2995/2995/6184 2739/2739/6184
f 2823/2823/6185 2998/2998/6185 2821/2821/6185
f 3050/3050/6186 3049/3049/6186 2796/2796/6186
f 2580/2580/6187 2862/2862/6187 2733/2733/6187
f 2850/2850/6188 3170/3170/6188 2848/2848/6188
f 2911/2911/6189 3312/3312/6189 2810/2810/6189
f 3245/3245/6190 3019/3019/6190 3249/3249/6190
f 3181/3181/6191 3034/3034/6191 2828/2828/6191
f 2989/2989/6192 3263/3263/6192 2992/2992/6192
f 3313/3313/6193 2768/2768/6193 3279/3279/6193
f 2832/2832/6194 3008/3008/6194 2833/2833/6194
f 2720/2720/6195 2898/2898/6195 2584/2584/6195
f 2860/2860/6196 2992/2992/6196 3294/3294/6196
f 3031/3031/6197 2744/2744/6197 2868/2868/6197
f 3242/3242/6198 2782/2782/6198 3314/3314/6198
f 3002/3002/6199 2869/2869/6199 2868/2868/6199
f 3147/3147/6200 3269/3269/6200 3270/3270/6200
f 3140/3140/6201 3034/3034/6201 3036/3036/6201
f 3315/3315/6202 3282/3282/6202 3020/3020/6202
f 3316/3316/6203 3055/3055/6203 3057/3057/6203
f 3003/3003/6204 2870/2870/6204 2869/2869/6204
f 3282/3282/6205 2913/2913/6205 3020/3020/6205
f 2764/2764/6206 3090/3090/6206 2774/2774/6206
f 3172/3172/6207 3317/3317/6207 3287/3287/6207
f 2964/2964/6208 3200/3200/6208 3135/3135/6208
f 2790/2790/6209 3196/3196/6209 3195/3195/6209
f 3195/3195/6210 3046/3046/6210 3058/3058/6210
f 3189/3189/6211 3197/3197/6211 3103/3103/6211
f 3024/3024/6212 3318/3318/6212 3277/3277/6212
f 2893/2893/6213 3024/3024/6213 2884/2884/6213
f 3221/3221/6214 3069/3069/6215 3042/3042/6216
f 3186/3186/6217 3146/3146/6217 2789/2789/6217
f 3053/3053/6218 2884/2884/6218 3238/3238/6218
f 3319/3319/6219 2883/2883/6219 2885/2885/6219
f 3319/3319/6220 2885/2885/6220 2952/2952/6220
f 3050/3050/6221 3076/3076/6221 3125/3125/6221
f 3319/3319/6222 2952/2952/6222 3060/3060/6222
f 2803/2803/6223 2835/2835/6223 3046/3046/6223
f 2752/2752/6224 2751/2751/6224 3273/3273/6224
f 2688/2688/6225 2908/2908/6225 2341/2341/6225
f 3294/3294/6226 3259/3259/6226 3067/3067/6226
f 2751/2751/6227 3033/3033/6227 3284/3284/6227
f 2907/2907/6228 2721/2721/6228 2147/2147/6228
f 2798/2798/6229 3250/3250/6229 3224/3224/6229
f 3179/3179/6230 3161/3161/6230 3288/3288/6230
f 3224/3224/6231 2749/2749/6231 2748/2748/6231
f 2760/2760/6232 2871/2871/6232 2761/2761/6232
f 3066/3066/6233 3219/3219/6233 3227/3227/6233
f 3239/3239/6234 3117/3117/6234 3264/3264/6234
f 3082/3082/6235 3164/3164/6235 2930/2930/6235
f 3280/3280/6236 3281/3281/6236 3279/3279/6236
f 2993/2993/6237 2895/2895/6237 2988/2988/6237
f 2837/2837/6238 3099/3099/6238 2838/2838/6238
f 2838/2838/6239 3099/3099/6239 3062/3062/6239
f 3142/3142/6240 2667/2667/6240 3320/3320/6240
f 3320/3320/6241 2667/2667/6241 3148/3148/6241
f 3229/3229/6242 2927/2927/6242 3059/3059/6242
f 2919/2919/6243 2785/2785/6243 2958/2958/6243
f 3093/3093/6244 3092/3092/6244 3002/3002/6244
f 2743/2743/6245 3091/3091/6245 3093/3093/6245
f 3248/3248/6246 3069/3069/6246 3073/3073/6246
f 3089/3089/6247 3088/3088/6248 3003/3003/6249
f 2842/2842/6250 2955/2955/6250 2734/2734/6250
f 3089/3089/6247 3003/3003/6249 3002/3002/6251
f 2997/2997/6252 3177/3177/6252 3114/3114/6252
f 2890/2890/6253 3214/3214/6253 2895/2895/6253
f 2949/2949/6254 3305/3305/6254 2950/2950/6254
f 2888/2888/6255 2887/2887/6255 3010/3010/6255
f 3010/3010/6256 2887/2887/6256 3105/3105/6256
f 3251/3251/6257 2531/2531/6257 2711/2711/6257
f 3017/3017/6258 3105/3105/6258 3106/3106/6258
f 2754/2754/6259 2830/2830/6259 2827/2827/6259
f 3025/3025/6260 3027/3027/6260 2839/2839/6260
f 3230/3230/6261 2613/2613/6261 3297/3297/6261
f 3297/3297/6262 2613/2613/6262 2669/2669/6262
f 2849/2849/6263 3212/3212/6263 2735/2735/6263
f 2955/2955/6264 2956/2956/6264 2849/2849/6264
f 3092/3092/6265 3141/3141/6265 2932/2932/6265
f 3321/3321/6266 3213/3213/6266 3322/3322/6266
f 2920/2920/6267 2743/2743/6267 3030/3030/6267
f 2746/2746/6268 3278/3278/6268 2849/2849/6268
f 3210/3210/6269 3213/3213/6269 3321/3321/6269
f 3137/3137/6270 3268/3268/6270 3323/3323/6270
f 2715/2715/6271 2905/2905/6271 2695/2695/6271
f 3187/3187/6272 3102/3102/6272 2968/2968/6272
f 2825/2825/6273 2824/2824/6273 3295/3295/6273
f 2968/2968/6274 3102/3102/6274 3185/3185/6274
f 2775/2775/6275 2840/2840/6275 2776/2776/6275
f 2867/2867/6276 3245/3245/6276 3249/3249/6276
f 2982/2982/6277 3187/3187/6277 2967/2967/6277
f 2749/2749/6278 2830/2830/6278 2941/2941/6278
f 2885/2885/6279 3053/3053/6279 3052/3052/6279
f 2860/2860/6280 3294/3294/6281 2861/2861/6282
f 2758/2758/6283 3013/3013/6283 3318/3318/6283
f 2971/2971/6284 3127/3127/6284 3313/3313/6284
f 2846/2846/6285 3300/3300/6285 3302/3302/6285
f 3301/3301/6286 2816/2816/6286 2813/2813/6286
f 3192/3192/6287 2971/2971/6287 2968/2968/6287
f 3104/3104/6288 3225/3225/6288 3106/3106/6288
f 3008/3008/6289 2832/2832/6289 3206/3206/6289
f 3106/3106/6290 3296/3296/6290 3017/3017/6290
f 2832/2832/6291 3130/3130/6291 3206/3206/6291
f 2225/2225/6292 2234/2234/6292 3004/3004/6292
f 2879/2879/6293 3174/3174/6293 2876/2876/6293
f 2864/2864/6294 2867/2867/6294 3008/3008/6294
f 3139/3139/6295 2767/2767/6295 2766/2766/6295
f 2981/2981/6296 2875/2875/6296 2982/2982/6296
f 2864/2864/6297 3008/3008/6297 3007/3007/6297
f 3183/3183/6298 2730/2730/6298 2702/2702/6298
f 2864/2864/6299 3007/3007/6299 3013/3013/6299
f 2607/2607/6300 3113/3113/6300 3115/3115/6300
f 2957/2957/6301 2607/2607/6301 3115/3115/6301
f 2758/2758/6302 3318/3318/6302 2759/2759/6302
f 3252/3252/6303 3128/3128/6303 3133/3133/6303
f 2662/2662/6304 2671/2671/6304 3029/3029/6304
f 3324/3324/6305 3311/3311/6305 3235/3235/6305
f 3138/3138/6306 3297/3297/6306 3298/3298/6306
f 3306/3306/6307 3000/3000/6307 3079/3079/6307
f 3079/3079/6308 3000/3000/6308 3217/3217/6308
f 3020/3020/6309 2914/2914/6309 2918/2918/6309
f 3060/3060/6310 2909/2909/6310 3136/3136/6310
f 2903/2903/6311 2940/2940/6311 2939/2939/6311
f 3256/3256/6312 3258/3258/6312 3151/3151/6312
f 2894/2894/6313 2893/2893/6313 2884/2884/6313
f 2827/2827/6314 3181/3181/6314 2828/2828/6314
f 3090/3090/6315 3022/3022/6315 2924/2924/6315
f 2779/2779/6316 2974/2974/6316 2973/2973/6316
f 3264/3264/6317 3265/3265/6317 2829/2829/6317
f 3060/3060/6318 2952/2952/6318 2741/2741/6318
f 2811/2811/6319 2741/2741/6319 2740/2740/6319
f 2818/2818/6320 3126/3126/6320 3247/3247/6320
f 3035/3035/6321 2579/2579/6321 3211/3211/6321
f 3229/3229/6322 2945/2945/6322 3191/3191/6322
f 3164/3164/6323 3147/3147/6323 3270/3270/6323
f 3172/3172/6324 3286/3286/6324 3317/3317/6324
f 3325/3325/6325 2830/2830/6325 3098/3098/6325
f 3299/3299/6326 3058/3058/6326 2926/2926/6326
f 3195/3195/6327 2926/2926/6327 2788/2788/6327
f 3065/3065/6328 3064/3064/6328 3326/3326/6328
f 3057/3057/6329 3065/3065/6329 3326/3326/6329
f 3166/3166/6330 3184/3184/6330 3015/3015/6330
f 2856/2856/6331 3169/3169/6331 2950/2950/6331
f 2912/2912/6332 2810/2810/6332 2809/2809/6332
f 2582/2582/6333 2706/2706/6333 3006/3006/6333
f 3229/3229/6334 3228/3228/6334 2945/2945/6334
f 2943/2943/6335 2809/2809/6335 2811/2811/6335
f 3262/3262/6336 2735/2735/6336 3213/3213/6336
f 3240/3240/6337 3012/3012/6337 3198/3198/6337
f 3176/3176/6338 3011/3011/6338 2807/2807/6338
f 3278/3278/6339 2746/2746/6339 2756/2756/6339
f 3061/3061/6340 2856/2856/6341 2950/2950/6342
f 2909/2909/6343 3310/3310/6343 2891/2891/6343
f 2970/2970/6344 2844/2844/6344 2843/2843/6344
f 3294/3294/6345 2992/2992/6345 3261/3261/6345
f 3190/3190/6346 3191/3191/6346 3327/3327/6346
f 2983/2983/6347 2969/2969/6347 3328/3328/6347
f 3110/3110/6348 2881/2881/6348 3122/3122/6348
f 3110/3110/6349 3118/3118/6349 2881/2881/6349
f 3328/3328/6350 2969/2969/6350 3222/3222/6350
f 2937/2937/6351 2925/2925/6351 3095/3095/6351
f 3328/3328/6352 3222/3222/6352 3021/3021/6352
f 3292/3292/6353 2904/2904/6353 2939/2939/6353
f 2844/2844/6354 2850/2850/6354 2956/2956/6354
f 3292/3292/6355 2938/2938/6355 3329/3329/6355
f 3263/3263/6356 2989/2989/6356 2936/2936/6356
f 3185/3185/6357 3097/3097/6357 3109/3109/6357
f 3269/3269/6358 3186/3186/6358 2787/2787/6358
f 3330/3330/6359 3108/3108/6359 3084/3084/6359
f 3058/3058/6360 3046/3046/6360 3045/3045/6360
f 2981/2981/6361 2983/2983/6361 3304/3304/6361
f 2655/2655/6362 2890/2890/6362 2589/2589/6362
f 2874/2874/6363 3187/3187/6363 2875/2875/6363
f 2981/2981/6364 3304/3304/6364 2977/2977/6364
f 2870/2870/6365 3010/3010/6365 3016/3016/6365
f 3208/3208/6366 3331/3331/6366 3209/3209/6366
f 3117/3117/6367 3233/3233/6367 3075/3075/6367
f 2584/2584/6368 2898/2898/6368 2900/2900/6368
f 3332/3332/6369 3021/3021/6369 3022/3022/6369
f 3312/3312/6370 2863/2863/6370 2862/2862/6370
f 3241/3241/6371 2760/2760/6371 3127/3127/6371
f 3061/3061/6340 2854/2854/6372 2856/2856/6341
f 2764/2764/6373 3333/3333/6373 3090/3090/6373
f 2946/2946/6374 2838/2838/6374 3062/3062/6374
f 3213/3213/6375 2756/2756/6375 3322/3322/6375
f 3022/3022/6376 3090/3090/6376 3333/3333/6376
f 3227/3227/6377 3219/3219/6377 3228/3228/6377
f 3273/3273/6378 2751/2751/6378 3284/3284/6378
f 3127/3127/6379 2768/2768/6379 3313/3313/6379
f 2826/2826/6380 2801/2801/6380 3334/3334/6380
f 2856/2856/6381 2855/2855/6381 3169/3169/6381
f 2855/2855/6382 2882/2882/6382 2970/2970/6382
f 3119/3119/6383 3118/3118/6383 3023/3023/6383
f 3177/3177/6384 2816/2816/6384 3301/3301/6384
f 2625/2625/6385 2727/2727/6385 2928/2928/6385
f 3049/3049/6386 3242/3242/6386 2796/2796/6386
f 3175/3175/6387 3079/3079/6387 3078/3078/6387
f 3249/3249/6388 3019/3019/6388 2833/2833/6388
f 2889/2889/6389 3078/3078/6389 2890/2890/6389
f 2764/2764/6390 2774/2774/6390 2765/2765/6390
f 2697/2697/6391 2728/2728/6391 3141/3141/6391
f 2821/2821/6392 3303/3303/6392 3018/3018/6392
f 3314/3314/6393 2774/2774/6393 2783/2783/6393
f 2852/2852/6394 3335/3335/6394 2853/2853/6394
f 2993/2993/6395 2988/2988/6395 2989/2989/6395
f 3314/3314/6396 2783/2783/6396 3250/3250/6396
f 3168/3168/6397 2993/2993/6397 2860/2860/6397
f 3168/3168/6398 2895/2895/6398 2993/2993/6398
f 2834/2834/6399 2839/2839/6399 3131/3131/6399
f 3104/3104/6400 2693/2693/6400 3225/3225/6400
f 3207/3207/6401 3040/3040/6401 3234/3234/6401
f 2743/2743/6402 3093/3093/6402 2744/2744/6402
f 2992/2992/6403 3263/3263/6403 3261/3261/6403
f 3003/3003/6404 3088/3088/6404 3218/3218/6404
f 3218/3218/6405 3142/3142/6405 2886/2886/6405
f 2870/2870/6406 3218/3218/6406 2886/2886/6406
f 3079/3079/6407 2817/2817/6407 3159/3159/6407
f 2712/2712/6408 2959/2959/6408 2880/2880/6408
f 3054/3054/6409 3238/3238/6409 3277/3277/6409
f 3294/3294/6410 3067/3067/6410 3334/3334/6410
f 2713/2713/6411 2880/2880/6411 3253/3253/6411
f 3296/3296/6412 3225/3225/6412 3230/3230/6412
f 2814/2814/6413 2792/2792/6413 2791/2791/6413
f 3232/3232/6414 3308/3308/6414 3336/3336/6414
f 2878/2878/6415 2901/2901/6415 2879/2879/6415
f 2917/2917/6416 2920/2920/6416 3237/3237/6416
f 2754/2754/6417 2827/2827/6417 3265/3265/6417
f 3264/3264/6418 3117/3117/6418 3075/3075/6418
f 2879/2879/6419 2901/2901/6419 3157/3157/6419
f 3337/3337/6420 3055/3055/6420 3316/3316/6420
f 3237/3237/6421 2920/2920/6421 3189/3189/6421
f 2833/2833/6422 3019/3019/6422 2851/2851/6422
f 3115/3115/6423 3236/3236/6423 2957/2957/6423
f 2695/2695/6424 2209/2209/6424 3257/3257/6424
f 2775/2775/6425 2958/2958/6425 2840/2840/6425
f 2531/2531/6426 3251/3251/6426 2716/2716/6426
f 2880/2880/6427 3129/3129/6427 3128/3128/6427
f 3193/3193/6428 3194/3194/6428 3175/3175/6428
f 2786/2786/6429 2788/2788/6429 2922/2922/6429
f 3246/3246/6430 3215/3215/6430 3070/3070/6430
f 2225/2225/6431 3004/3004/6431 2931/2931/6431
f 2234/2234/6432 2437/2437/6432 3004/3004/6432
f 2761/2761/6433 3017/3017/6433 2762/2762/6433
f 3040/3040/6434 3131/3131/6434 3039/3039/6434
f 3004/3004/6435 2698/2698/6435 2719/2719/6435
f 3167/3167/6436 3059/3059/6436 2927/2927/6436
f 2903/2903/6437 3107/3107/6437 2940/2940/6437
f 2980/2980/6438 3294/3294/6438 3334/3334/6438
f 3123/3123/6439 2987/2987/6439 2815/2815/6439
f 2820/2820/6440 3123/3123/6440 2815/2815/6440
f 2450/2450/6441 2947/2947/6441 3014/3014/6441
f 2811/2811/6442 3060/3060/6442 2741/2741/6442
f 3151/3151/6443 3258/3258/6443 3257/3257/6443
f 3289/3289/6444 2904/2904/6445 3292/3292/6446
f 2778/2778/6447 3144/3144/6447 2779/2779/6447
f 2866/2866/6448 2823/2823/6448 2822/2822/6448
f 2885/2885/6449 3052/3052/6449 2952/2952/6449
f 2997/2997/6450 3114/3114/6450 2998/2998/6450
f 3280/3280/6451 3149/3149/6451 3281/3281/6451
f 3290/3290/6452 2922/2922/6452 2937/2937/6452
f 3290/3290/6453 2929/2929/6453 2923/2923/6453
f 3029/3029/6454 2671/2671/6454 2896/2896/6454
f 3305/3305/6455 2949/2949/6455 3202/3202/6455
f 3281/3281/6456 3149/3149/6456 2778/2778/6456
f 3000/3000/6457 2994/2994/6457 2818/2818/6457
f 3338/3338/6458 3190/3190/6458 3327/3327/6458
f 3069/3069/6459 3246/3246/6459 3070/3070/6459
f 3067/3067/6460 2877/2877/6460 3068/3068/6460
f 3012/3012/6461 2864/2864/6461 3013/3013/6461
f 2876/2876/6462 3174/3174/6462 3068/3068/6462
f 2735/2735/6463 2955/2955/6463 2849/2849/6463
f 2984/2984/6464 3079/3079/6464 2985/2985/6464
f 3199/3199/6465 3200/3200/6465 2966/2966/6465
f 3068/3068/6466 3174/3174/6466 3178/3178/6466
f 3012/3012/6467 2758/2758/6467 3198/3198/6467
f 3178/3178/6468 3174/3174/6468 3179/3179/6468
f 3174/3174/6469 3161/3161/6469 3179/3179/6469
f 2966/2966/6470 3200/3200/6470 2964/2964/6470
f 2891/2891/6471 2757/2757/6471 2759/2759/6471
f 2893/2893/6472 2891/2891/6472 2759/2759/6472
f 2967/2967/6473 3187/3187/6473 2968/2968/6473
f 3009/3009/6474 3207/3207/6474 3283/3283/6474
f 2904/2904/5664 2903/2903/5663 2939/2939/6475
f 2673/2673/6476 2738/2738/6476 2737/2737/6476
f 3207/3207/6477 3130/3130/6477 3132/3132/6477
f 3015/3015/6478 3309/3309/6478 3086/3086/6478
f 3207/3207/6479 3132/3132/6479 3040/3040/6479
f 2770/2770/6480 3239/3239/6480 2771/2771/6480
f 2789/2789/6481 3211/3211/6481 2648/2648/6481
f 3198/3198/6482 2966/2966/6482 3240/3240/6482
f 2648/2648/6483 2704/2704/6483 2789/2789/6483
f 3339/3339/6484 2736/2736/6484 3210/3210/6484
f 2830/2830/6485 3325/3325/6485 2831/2831/6485
f 2972/2972/6486 3313/3313/6486 3315/3315/6486
f 2704/2704/6487 2703/2703/6487 3216/3216/6487
f 3136/3136/6488 2884/2884/6488 2883/2883/6488
f 2976/2976/6489 3226/3226/6489 2977/2977/6489
f 2964/2964/6490 3135/3135/6490 3205/3205/6490
f 3244/3244/6491 3147/3147/6491 3164/3164/6491
f 3074/3074/6492 2964/2964/6492 3205/3205/6492
f 2883/2883/6493 3319/3319/6493 3060/3060/6493
f 3164/3164/6494 3270/3270/6494 2794/2794/6494
f 2940/2940/6495 3107/3107/6495 2948/2948/6495
f 2892/2892/6496 3310/3310/6496 3201/3201/6496
f 3077/3077/6497 2706/2706/6497 3176/3176/6497
f 2805/2805/6498 3077/3077/6498 3176/3176/6498
f 3340/3340/6499 2824/2824/6499 3001/3001/6499
f 2805/2805/6500 3176/3176/6500 2806/2806/6500
f 3182/3182/6501 3035/3035/6501 3034/3034/6501
f 3047/3047/6502 3293/3293/6502 3059/3059/6502
f 3204/3204/6503 2732/2732/6503 3006/3006/6503
f 3134/3134/6504 3060/3060/6504 2810/2810/6504
f 2780/2780/6505 3244/3244/6505 3158/3158/6505
f 3158/3158/6506 3244/3244/6507 2902/2902/6508
f 3035/3035/6509 2789/2789/6509 3146/3146/6509
f 3164/3164/6510 2902/2902/6508 3244/3244/6507
f 3011/3011/6511 2707/2707/6511 2807/2807/6511
f 3208/3208/6512 2951/2951/6512 2734/2734/6512
f 3164/3164/6513 2794/2794/6513 2930/2930/6513
f 2786/2786/6514 2921/2921/6514 2929/2929/6514
f 3229/3229/6515 3066/3066/6515 3227/3227/6515
f 2794/2794/6516 2786/2786/6516 2929/2929/6516
f 3058/3058/6517 3167/3167/6517 2926/2926/6517
f 3020/3020/6518 2918/2918/6518 3021/3021/6518
f 3059/3059/6519 2808/2808/6519 3066/3066/6519
f 2862/2862/6520 3341/3341/6520 3312/3312/6520
f 3038/3038/6521 3037/3037/6521 3342/3342/6521
f 2954/2954/6522 2811/2811/6522 3275/3275/6522
f 3038/3038/6523 3343/3343/6523 3162/3162/6523
f 2790/2790/6524 3195/3195/6524 2787/2787/6524
f 3155/3155/6525 2979/2979/6525 2978/2978/6525
f 3042/3042/6526 3155/3155/6526 2978/2978/6526
f 3332/3332/6527 2983/2983/6527 3328/3328/6527
f 2881/2881/6528 3118/3118/6528 2882/2882/6528
f 3231/3231/6529 3344/3344/6529 3308/3308/6529
f 3328/3328/6530 3021/3021/6530 3332/3332/6530
f 3221/3221/6214 3042/3042/6216 3043/3043/6531
f 2983/2983/6532 3333/3333/6532 3304/3304/6532
f 3341/3341/6533 3134/3134/6533 3312/3312/6533
f 2763/2763/6534 2782/2782/6534 3304/3304/6534
f 3304/3304/6535 3333/3333/6535 2764/2764/6535
f 3119/3119/6536 2970/2970/6536 2882/2882/6536
f 3023/3023/6537 2910/2910/6537 2943/2943/6537
f 2671/2671/6538 2657/2657/5654 2896/2896/5656
f 3332/3332/6539 3022/3022/6539 3333/3333/6539
f 2946/2946/6540 3062/3062/6540 3061/3061/6540
f 2956/2956/6541 2850/2850/6541 2849/2849/6541
f 2890/2890/6542 3078/3078/6542 3214/3214/6542
f 3345/3345/6543 2688/2688/6543 2900/2900/6543
f 3102/3102/6544 3096/3096/6544 3185/3185/6544
f 2928/2928/6545 3092/3092/6545 3091/3091/6545
f 3197/3197/6546 2745/2745/6546 3096/3096/6546
f 3345/3345/6547 2906/2906/6547 2688/2688/6547
f 2935/2935/6548 3160/3160/6548 3346/3346/6548
f 2782/2782/6549 2765/2765/6549 3314/3314/6549
f 2796/2796/6550 3242/3242/6550 3314/3314/6550
f 2874/2874/6551 3102/3102/6551 3187/3187/6551
f 3033/3033/6552 2875/2875/6552 3284/3284/6552
f 2797/2797/6553 3314/3314/6553 3250/3250/6553
f 3215/3215/6554 3272/3272/6554 3274/3274/6554
f 3284/3284/6555 2875/2875/6555 2981/2981/6555
f 3259/3259/6556 3261/3261/6556 3120/3120/6556
f 3241/3241/6557 2871/2871/6557 2760/2760/6557
f 3148/3148/6558 3104/3104/6559 2887/2887/6560
f 3215/3215/6561 2976/2976/6561 2979/2979/6561
f 3314/3314/6562 2765/2765/6562 2774/2774/6562
f 3180/3180/6563 3347/3347/6563 3178/3178/6563
f 3121/3121/6564 3117/3117/6564 3154/3154/6564
f 2667/2667/6565 3142/3142/5849 3081/3081/5848
f 2929/2929/6566 3290/3290/6566 2930/2930/6566
f 3003/3003/6567 3218/3218/6567 2870/2870/6567
f 2870/2870/6568 2886/2886/6568 2888/2888/6568
f 3279/3279/6569 3281/3281/6569 3282/3282/6569
f 3315/3315/6570 3313/3313/6570 3279/3279/6570
f 3114/3114/6571 3300/3300/6572 2845/2845/6573
f 3233/3233/6574 3100/3100/6574 2755/2755/6574
f 3282/3282/6575 2777/2777/6575 2913/2913/6575
f 3315/3315/6576 3279/3279/6576 3282/3282/6576
f 2802/2802/6577 2826/2826/6577 2825/2825/6577
f 2802/2802/6578 2825/2825/6578 3266/3266/6578
f 3133/3133/6579 2990/2990/6579 3252/3252/6579
f 2793/2793/6580 2802/2802/6580 3268/3268/6580
f 3189/3189/6581 2920/2920/6581 3030/3030/6581
f 2826/2826/6582 3334/3334/6582 3001/3001/6582
f 2938/2938/6583 3348/3348/6583 3329/3329/6583
f 3138/3138/6584 3298/3298/6584 3139/3139/6584
f 3073/3073/6585 3221/3221/6585 2819/2819/6585
f 2817/2817/6586 2819/2819/6586 3220/3220/6586
f 3298/3298/6587 3150/3150/6587 2767/2767/6587
f 2948/2948/6588 3108/3108/6588 3330/3330/6588
f 3300/3300/6589 3177/3177/6589 3301/3301/6589
f 2817/2817/6590 3220/3220/6590 3159/3159/6590
f 3079/3079/6591 3159/3159/6591 2934/2934/6591
f 3144/3144/6592 2897/2897/6592 3145/3145/6592
f 3327/3327/6593 3191/3191/6593 3260/3260/6593
f 3133/3133/6594 2752/2752/6063 3272/3272/6062
f 2801/2801/6595 2826/2826/6595 2802/2802/6595
f 3260/3260/6596 2945/2945/6596 2944/2944/6596
f 2853/2853/6597 3026/3026/6597 3025/3025/6597
f 3159/3159/6598 3220/3220/6598 3043/3043/6598
f 3159/3159/6599 3043/3043/6599 3044/3044/6599
f 2754/2754/6600 2941/2941/6600 2830/2830/6600
f 3257/3257/6601 2897/2897/6601 3144/3144/6601
f 2820/2820/6602 2816/2816/6602 3177/3177/6602
f 2715/2715/6603 2695/2695/6603 3256/3256/6603
f 3037/3037/6604 3039/3039/6604 3131/3131/6604
f 2935/2935/6605 2934/2934/6605 3160/3160/6605
f 2741/2741/6606 3349/3349/6606 2747/2747/6606
f 3257/3257/6607 2209/2209/6607 3291/3291/6607
f 2716/2716/6608 3251/3251/6608 2990/2990/6608
f 3254/3254/6609 3004/3004/6609 3005/3005/6609
f 2975/2975/6610 3183/3183/6610 2841/2841/6610
f 3323/3323/6611 3268/3268/6611 3350/3350/6611
f 2818/2818/6612 3248/3248/6612 3073/3073/6612
f 2975/2975/6613 2700/2700/6613 3183/3183/6613
f 2861/2861/6282 3294/3294/6281 2980/2980/6614
f 3028/3028/6615 3168/3168/5879 3029/3029/5878
f 3207/3207/6616 3234/3234/6616 3283/3283/6616
f 2702/2702/6617 3014/3014/6617 3015/3015/6617
f 3318/3318/6618 3013/3013/6618 3283/3283/6618
f 3254/3254/6619 2827/2827/6619 2831/2831/6619
f 2987/2987/6620 2800/2800/6620 2799/2799/6620
f 2673/2673/6621 2737/2737/6621 3240/3240/6621
f 2884/2884/6622 3024/3024/6622 3277/3277/6622
f 2785/2785/6623 2779/2779/6623 2973/2973/6623
f 2877/2877/6624 2876/2876/6624 3068/3068/6624
f 2785/2785/6625 2973/2973/6625 2841/2841/6625
f 2866/2866/6626 2865/2865/6626 2823/2823/6626
f 3201/3201/6627 3199/3199/6627 3198/3198/6627
f 3085/3085/6628 3015/3015/6628 3086/3086/6628
f 2731/2731/6629 2738/2738/6629 2673/2673/6629
f 3098/3098/6630 3309/3309/6630 3325/3325/6630
f 3231/3231/6631 3162/3162/6631 3344/3344/6631
f 3177/3177/6632 3300/3300/6632 3114/3114/6632
f 3009/3009/6633 3013/3013/6633 3007/3007/6633
f 3203/3203/6634 3135/3135/6634 3134/3134/6634
f 2732/2732/6635 3203/3203/6635 3134/3134/6635
f 3174/3174/6636 2879/2879/6636 3157/3157/6636
f 2737/2737/6637 2859/2859/6637 2987/2987/6637
f 3334/3334/6638 2801/2801/6638 2980/2980/6638
f 3084/3084/5795 3165/3165/6639 3082/3082/5793
f 3035/3035/6640 3146/3146/6640 3036/3036/6640
f 3198/3198/6641 2758/2758/6641 2757/2757/6641
f 2929/2929/6642 2921/2921/6642 2923/2923/6642
f 2579/2579/6643 3035/3035/6643 3271/3271/6643
f 2998/2998/6644 2823/2823/6644 3111/3111/6644
f 3216/3216/6645 2803/2803/6645 3046/3046/6645
f 3094/3094/6646 2927/2927/6646 3191/3191/6646
f 3123/3123/6647 3124/3124/6647 3240/3240/6647
f 2894/2894/6648 2884/2884/6648 3136/3136/6648
f 2925/2925/6649 2927/2927/6649 3094/3094/6649
f 3235/3235/6650 3232/3232/6650 3336/3336/6650
f 2786/2786/6651 2922/2922/6651 2921/2921/6651
f 3047/3047/6652 3080/3080/6652 3293/3293/6652
f 3107/3107/6653 3084/3084/6653 3108/3108/6653
f 2732/2732/6654 3134/3134/6654 3341/3341/6654
f 2927/2927/5681 2926/2926/5680 3167/3167/6655
f 3264/3264/6656 2829/2829/6656 3239/3239/6656
f 2803/2803/6657 2705/2705/6657 2804/2804/6657
f 2832/2832/6658 2834/2834/6658 3130/3130/6658
f 2836/2836/6659 2857/2857/6659 2858/2858/6659
f 2780/2780/6660 2771/2771/6660 3143/3143/6660
f 3223/3223/6661 2863/2863/6661 3023/3023/6661
f 2829/2829/6662 2828/2828/6662 3034/3034/6662
f 3275/3275/6663 2811/2811/6663 2740/2740/6663
f 2829/2829/6664 3034/3034/6664 3140/3140/6664
f 3195/3195/6665 2788/2788/6665 2787/2787/6665
f 2951/2951/6666 3208/3208/6666 2949/2949/6666
f 2734/2734/6667 2951/2951/6667 2842/2842/6667
f 3062/3062/6668 3116/3116/6668 2854/2854/6668
f 3058/3058/6669 3045/3045/5763 3047/3047/5763
f 3351/3351/6670 3057/3057/6670 3326/3326/6670
f 3186/3186/6671 2790/2790/6671 2787/2787/6671
f 2759/2759/6672 3318/3318/6672 3024/3024/6672
f 3195/3195/6673 3058/3058/6673 3299/3299/6673
f 3175/3175/6674 3306/3306/6674 3079/3079/6674
f 3270/3270/6675 2795/2795/6675 2794/2794/6675
f 3163/3163/6676 2811/2811/6676 2954/2954/6676
f 3223/3223/6677 3118/3118/6677 3110/3110/6677
f 3347/3347/6678 3072/3072/6678 3178/3178/6678
f 2884/2884/6679 3053/3053/6679 2885/2885/6679
f 2955/2955/6680 2735/2735/6680 2734/2734/6680
f 3168/3168/6681 3028/3028/6681 2895/2895/6681
f 3112/3112/6682 2916/2916/6682 2915/2915/6682
f 3228/3228/6683 3219/3219/6683 2836/2836/6683
f 3154/3154/6684 3239/3239/6684 2770/2770/6684
f 3213/3213/6685 3212/3212/6685 3278/3278/6685
f 2928/2928/6686 3091/3091/6686 2743/2743/6686
f 2983/2983/6687 3332/3332/6687 3333/3333/6687
f 3163/3163/6688 2954/2954/6688 2961/2961/6688
f 2961/2961/6689 2954/2954/6689 2742/2742/6689
f 2932/2932/6690 2933/2933/6690 3087/3087/6690
f 2901/2901/6691 2769/2769/6691 3158/3158/6691
f 3094/3094/6692 3190/3190/6692 3352/3352/6692
f 3304/3304/6693 2764/2764/6693 2763/2763/6693
f 3218/3218/6694 3087/3087/6694 3142/3142/6694
f 2692/2692/6695 3156/3156/6695 3243/3243/6695
f 2692/2692/6696 3243/3243/6001 2729/2729/6000
f 2903/2903/6697 2902/2902/6697 3164/3164/6697
f 2903/2903/6698 3164/3164/6698 3165/3165/6698
f 2889/2889/6699 2655/2655/6052 3193/3193/6051
f 3313/3313/6700 2972/2972/6700 2971/2971/6700
f 3348/3348/6701 2938/2938/6701 2942/2942/6701
f 2898/2898/6702 2720/2720/6702 2899/2899/6702
f 2900/2900/6703 2899/2899/6703 3345/3345/6703
f 3229/3229/6704 3059/3059/6704 3066/3066/6704
f 3243/3243/6705 3112/3112/6705 3113/3113/6705
f 3331/3331/6706 3208/3208/6706 2960/2960/6706
f 2796/2796/6707 3314/3314/6707 2797/2797/6707
f 2842/2842/6708 3169/3169/6708 2843/2843/6708
f 2688/2688/6709 2906/2906/6709 2908/2908/6709
f 2745/2745/6710 3031/3031/6710 3096/3096/6710
f 3032/3032/6711 2957/2957/6711 3188/3188/6711
f 3197/3197/6712 3096/3096/6712 3103/3103/6712
f 3315/3315/6713 3222/3222/6713 2972/2972/6713
f 3222/3222/6714 3315/3315/6714 3020/3020/6714
f 2870/2870/6715 3016/3016/6715 2871/2871/6715
f 2990/2990/6716 3133/3133/6716 3246/3246/6716
f 2747/2747/6717 3353/3353/6717 2756/2756/6717
f 3093/3093/6718 3002/3002/6718 2744/2744/6718
f 3050/3050/6719 2796/2796/6719 2798/2798/6719
f 3033/3033/6720 2873/2873/6720 2875/2875/6720
f 2928/2928/6721 2726/2726/6721 3141/3141/6721
f 2798/2798/6722 2797/2797/6722 3250/3250/6722
f 2727/2727/6723 2726/2726/6723 2928/2928/6723
f 2742/2742/6724 2746/2746/6724 3171/3171/6724
f 3138/3138/6725 2762/2762/6725 3296/3296/6725
f 3171/3171/6726 2746/2746/6726 2848/2848/6726
f 2845/2845/6573 3300/3300/6572 2846/2846/6727
f 3139/3139/6728 3298/3298/6728 2767/2767/6728
f 2793/2793/6729 3268/3268/6729 3137/3137/6729
f 2933/2933/6730 2710/2710/6730 2599/2599/6730
f 3016/3016/6731 3105/3105/6731 3017/3017/6731
f 2846/2846/6732 3302/3302/6732 3354/3354/6732
f 3142/3142/6733 3320/3320/6733 3148/3148/6733
f 3127/3127/6734 2872/2872/6734 3241/3241/6734
f 3126/3126/6735 2991/2991/6736 3248/3248/6737
f 3126/3126/6735 3248/3248/6737 3247/3247/6738
f 3026/3026/6739 2853/2853/6739 3335/3335/6739
f 3027/3027/6740 3026/3026/6740 3355/3355/6740
f 3192/3192/6741 2872/2872/6741 3127/3127/6741
f 3027/3027/6742 3355/3355/6742 3037/3037/6742
f 3215/3215/6743 3133/3133/6743 3272/3272/6743
f 2919/2919/6744 2914/2914/5673 2781/2781/5672
f 3284/3284/6745 3226/3226/6745 3273/3273/6745
f 3027/3027/6746 3037/3037/6746 2839/2839/6746
f 2924/2924/6747 2919/2919/6747 2958/2958/6747
f 3155/3155/6748 3215/3215/6748 2979/2979/6748
f 3071/3071/6749 3155/3155/6749 3069/3069/6749
f 3041/3041/6750 3234/3234/6750 3040/3040/6750
f 2819/2819/6751 3221/3221/6751 3220/3220/6751
f 2767/2767/6752 3280/3280/6752 2768/2768/6752
f 3311/3311/6753 3283/3283/6753 3234/3234/6753
f 2748/2748/6754 2798/2798/6754 3224/3224/6754
f 3283/3283/6755 3311/3311/6755 3318/3318/6755
f 3255/3255/6756 3297/3297/6756 2669/2669/6756
f 2669/2669/5650 2694/2694/5652 3255/3255/6757
f 3318/3318/6758 3311/3311/6758 3277/3277/6758
f 2985/2985/6759 2934/2934/6759 2936/2936/6759
f 3160/3160/6760 3044/3044/6760 3346/3346/6760
f 3145/3145/6761 2897/2897/6761 2700/2700/6761
f 2777/2777/6762 3281/3281/6762 2778/2778/6762
f 3055/3055/6763 3285/3285/6763 3056/3056/6763
f 3291/3291/6764 2897/2897/6764 3257/3257/6764
f 3285/3285/6765 3172/3172/6765 3056/3056/6765
f 2991/2991/6766 3126/3126/6766 2716/2716/6766
f 2754/2754/6767 3265/3265/6767 3075/3075/6767
f 3203/3203/6768 3205/3205/6768 3135/3135/6768
f 3056/3056/6769 3172/3172/6769 3063/3063/6769
f 3048/3048/6770 2755/2755/6770 3100/3100/6770
f 3346/3346/6771 3044/3044/6771 3048/3048/6771
f 3346/3346/6772 3048/3048/6772 3101/3101/6772
f 3022/3022/6773 2918/2918/6773 2924/2924/6773
f 3310/3310/6774 3135/3135/6774 3201/3201/6774
f 3334/3334/6775 3067/3067/6775 3001/3001/6775
f 2772/2772/6776 3182/3182/6776 3181/3181/6776
f 2935/2935/6777 3346/3346/6777 3120/3120/6777
f 3072/3072/6778 3068/3068/6778 3178/3178/6778
f 3346/3346/6779 3101/3101/6779 3120/3120/6779
f 3261/3261/6780 2935/2935/6780 3120/3120/6780
f 3101/3101/6781 3117/3117/6781 3120/3120/6781
f 3173/3173/6782 3287/3287/6782 3356/3356/6782
f 3196/3196/6783 3216/3216/6783 3046/3046/6783
f 3098/3098/6784 3086/3086/6784 3309/3309/6784
f 3161/3161/6785 2904/2904/6445 3289/3289/6444
f 3159/3159/6786 3044/3044/6786 3160/3160/6786
f 3196/3196/6787 2790/2790/6787 3216/3216/6787
f 3072/3072/6788 3347/3347/6788 3001/3001/6788
f 2800/2800/6789 2861/2861/6789 2801/2801/6789
f 2800/2800/6790 2859/2859/6790 2861/2861/6790
f 2808/2808/6791 3293/3293/6791 3080/3080/6791
f 2738/2738/6792 2731/2731/6792 3029/3029/6792
f 3219/3219/6793 3066/3066/6793 2807/2807/6793
f 2836/2836/6794 3219/3219/6794 2857/2857/6794
f 2863/2863/6795 3312/3312/6795 2911/2911/6795
f 2863/2863/6796 2911/2911/6796 3023/3023/6796
f 2858/2858/6797 2837/2837/6797 2836/2836/6797
f 3271/3271/6798 2773/2773/6798 2579/2579/6798
f 2772/2772/6799 3005/3005/6799 2719/2719/6799
f 3119/3119/6800 2963/2963/6800 2970/2970/6800
f 2854/2854/6801 3116/3116/6801 2855/2855/6801
f 3214/3214/6802 3078/3078/6802 2986/2986/6802
f 3006/3006/6803 2706/2706/6803 3077/3077/6803
f 3092/3092/6804 2932/2932/6804 3089/3089/6804
f 3202/3202/6805 2949/2949/6805 3208/3208/6805
f 3089/3089/6806 2932/2932/6806 3087/3087/6806
f 2806/2806/6807 3080/3080/6807 2835/2835/6807
f 2806/2806/6808 3176/3176/6808 2807/2807/6808
f 2960/2960/6809 3208/3208/6809 2734/2734/6809
f 2732/2732/6810 3204/3204/6810 3203/3203/6810
f 3341/3341/6811 2862/2862/6811 2732/2732/6811
f 2857/2857/6812 2807/2807/6812 2707/2707/6812
f 2887/2887/6813 2886/2886/6813 3148/3148/6813
f 2858/2858/6814 2652/2652/6814 2682/2682/6814
f 3110/3110/6815 3122/3122/6815 3062/3062/6815
f 2920/2920/6816 2916/2916/6816 2928/2928/6816
f 2787/2787/6817 2795/2795/6817 3269/3269/6817
f 3122/3122/6818 2881/2881/6818 3116/3116/6818
f 3134/3134/6819 2810/2810/6819 3312/3312/6819
f 2946/2946/6820 3061/3061/6820 3305/3305/6820
f 2657/2657/6821 2589/2589/6821 2890/2890/6821
f 2762/2762/6822 3017/3017/6822 3296/3296/6822
f 2838/2838/6823 3228/3228/6823 2836/2836/6823
f 3150/3150/6824 3256/3256/6824 3151/3151/6824
f 2963/2963/6825 2965/2965/6825 2970/2970/6825
f 3257/3257/6826 3144/3144/6826 3151/3151/6826
f 2907/2907/6827 2906/2906/6827 3276/3276/6827
f 3276/3276/6828 2721/2721/6828 2907/2907/6828
f 3170/3170/6829 2965/2965/6829 2962/2962/6829
f 2850/2850/6830 2844/2844/6830 2965/2965/6830
f 2818/2818/6831 2817/2817/6831 3000/3000/6831
f 3170/3170/6832 2850/2850/6832 2965/2965/6832
f 2916/2916/6833 2725/2725/6833 2625/2625/6833
f 2772/2772/6834 3181/3181/6834 3005/3005/6834
f 2728/2728/6835 2710/2710/6835 2933/2933/6835
f 3183/3183/6836 3166/3166/6836 2841/2841/6836
f 2599/2599/6837 2600/2600/6837 3087/3087/6837
f 3307/3307/6838 3325/3325/6838 3309/3309/6838
f 3325/3325/6839 3307/3307/6839 2831/2831/6839
f 2831/2831/6840 3307/3307/6840 3254/3254/6840
f 3148/3148/6558 2693/2693/6841 3104/3104/6559
f 3016/3016/6842 3010/3010/6842 3105/3105/6842
f 3197/3197/6843 3189/3189/6843 3030/3030/6843
f 3296/3296/6844 3106/3106/6844 3225/3225/6844
f 3237/3237/6845 3189/3189/6845 3188/3188/6845
f 2712/2712/6846 2399/2399/6846 2959/2959/6846
f 3252/3252/6847 3251/3251/6847 2711/2711/6847
f 3297/3297/6848 3296/3296/6848 3230/3230/6848
f 2715/2715/6849 3255/3255/6849 2694/2694/6849
f 3256/3256/6850 2695/2695/6850 3258/3258/6850
f 3004/3004/6851 3307/3307/6851 2931/2931/6851
f 2702/2702/6852 3184/3184/6852 3183/3183/6852
f 3015/3015/6853 3184/3184/6853 2702/2702/6853
f 2947/2947/6854 2931/2931/6854 3307/3307/6854
f 2996/2996/6855 2998/2998/6855 3111/3111/6855
f 2820/2820/6856 2996/2996/6856 3124/3124/6856
f 2820/2820/6857 2997/2997/6857 2996/2996/6857
f 3006/3006/6858 3077/3077/6858 3074/3074/6858
f 3285/3285/6859 3055/3055/6860 3286/3286/6861
f 3111/3111/6862 2864/2864/6862 3012/3012/6862
f 3223/3223/6863 3110/3110/6863 3099/3099/6863
f 2996/2996/6864 3111/3111/6864 3124/3124/6864
f 3012/3012/6865 3124/3124/6865 3111/3111/6865
f 3074/3074/6866 3205/3205/6866 3006/3006/6866
f 3286/3286/6861 3055/3055/6860 3337/3337/6867
f 3357/3357/6868 3358/3358/6868 3359/3359/6868
f 3360/3360/6869 3361/3361/6869 3362/3362/6869
f 3363/3363/6870 3364/3364/6870 3365/3365/6870
f 3366/3366/6871 3357/3357/6871 3359/3359/6871
f 3367/3367/6872 3368/3368/6872 3369/3369/6872
f 3370/3370/6873 3371/3371/6873 3372/3372/6873
f 3373/3373/6874 3366/3366/6874 3374/3374/6874
f 3371/3371/6875 3375/3375/6875 3376/3376/6875
f 3377/3377/6876 3378/3378/6876 3379/3379/6876
f 3380/3380/6877 3381/3381/6877 3382/3382/6877
f 3380/3380/6878 3383/3383/6878 3384/3384/6878
f 3385/3385/6879 3384/3384/6879 3386/3386/6879
f 3387/3387/6880 3388/3388/6880 3389/3389/6880
f 3390/3390/6881 3342/3342/6881 3391/3391/6881
f 3392/3392/6882 3393/3393/6882 3394/3394/6882
f 2852/2852/6883 3395/3395/6883 3396/3396/6883
f 3397/3397/6884 3398/3398/6884 3399/3399/6884
f 3400/3400/6885 3390/3390/6885 3401/3401/6885
f 3402/3402/6886 3403/3403/6886 3365/3365/6886
f 3404/3404/6887 3405/3405/6887 3406/3406/6887
f 3407/3407/6888 3408/3408/6888 3409/3409/6888
f 3410/3410/6889 3411/3411/6889 3412/3412/6889
f 3413/3413/6890 3414/3414/6890 3415/3415/6890
f 3414/3414/6891 3416/3416/6891 3415/3415/6891
f 3417/3417/6892 3418/3418/6892 3419/3419/6892
f 3415/3415/6893 3416/3416/6893 3420/3420/6893
f 3419/3419/6894 3418/3418/6894 3421/3421/6894
f 3420/3420/6895 3422/3422/6895 3423/3423/6895
f 3324/3324/6896 3235/3235/6896 3424/3424/6896
f 3425/3425/6897 3426/3426/6897 3427/3427/6897
f 3428/3428/6898 3429/3429/6898 3430/3430/6898
f 3431/3431/6899 3428/3428/6899 3430/3430/6899
f 3377/3377/6900 3432/3432/6900 3433/3433/6900
f 3356/3356/6901 3434/3434/6902 3435/3435/6902
f 3052/3052/6903 3054/3054/6904 3436/3436/6904
f 3437/3437/6905 3438/3438/6905 3413/3413/6905
f 3308/3308/6906 3439/3439/6906 3336/3336/6906
f 3440/3440/6907 3441/3441/6907 3442/3442/6907
f 3443/3443/6908 3444/3444/6908 3401/3401/6908
f 3445/3445/6909 3446/3446/6909 3447/3447/6909
f 3448/3448/6910 3437/3437/6910 3415/3415/6910
f 3449/3449/6911 3450/3450/6911 3395/3395/6911
f 3451/3451/6912 3452/3452/6912 3453/3453/6912
f 3401/3401/6913 3391/3391/6913 3443/3443/6913
f 3443/3443/6914 3391/3391/6914 3450/3450/6914
f 3454/3454/6915 3455/3455/6915 3456/3456/6915
f 3378/3378/6916 3457/3457/6916 3379/3379/6916
f 3458/3458/6917 3459/3459/6917 3460/3460/6917
f 3461/3461/6918 3462/3462/6918 3463/3463/6918
f 3464/3464/6919 3465/3465/6919 3466/3466/6919
f 3467/3467/6920 3468/3468/6920 3469/3469/6920
f 3470/3470/6921 3292/3292/6921 3471/3471/6921
f 3381/3381/6922 3362/3362/6922 3382/3382/6922
f 3472/3472/6923 3473/3473/6923 3474/3474/6923
f 3423/3423/6924 3475/3475/6924 3469/3469/6924
f 3476/3476/6925 3477/3477/6925 3478/3478/6925
f 3479/3479/6926 2948/2948/6926 3330/3330/6926
f 3467/3467/6927 3480/3480/6927 3481/3481/6927
f 3469/3469/6928 3468/3468/6928 3482/3482/6928
f 3483/3483/6929 3484/3484/6929 3485/3485/6929
f 3398/3398/6930 3486/3486/6930 3417/3417/6930
f 3435/3435/6931 3434/3434/6932 3487/3487/6931
f 3435/3435/6931 3487/3487/6931 3488/3488/6933
f 3489/3489/6934 3408/3408/6934 3490/3490/6934
f 3490/3490/6935 3491/3491/6935 3492/3492/6935
f 3427/3427/6936 3428/3428/6936 3493/3493/6936
f 3457/3457/6937 3365/3365/6937 3494/3494/6937
f 3495/3495/6938 3496/3496/6939 3497/3497/6940
f 3498/3498/6941 3499/3499/6941 3500/3500/6941
f 3501/3501/6942 3502/3502/6942 3503/3503/6942
f 3495/3495/6943 3497/3497/6943 3504/3504/6943
f 3505/3505/6944 3506/3506/6944 3507/3507/6944
f 3497/3497/6945 3508/3508/6945 3504/3504/6945
f 3082/3082/6946 2930/2930/6946 3509/3509/6946
f 3510/3510/6947 2953/2953/6948 3511/3511/6949
f 3512/3512/6950 3507/3507/6950 3513/3513/6950
f 3508/3508/6951 3497/3497/6951 3514/3514/6951
f 3514/3514/6952 3515/3515/6952 3508/3508/6952
f 3509/3509/6953 2930/2930/6953 3290/3290/6953
f 3485/3485/6954 3496/3496/6954 3483/3483/6954
f 3516/3516/6955 3517/3517/6955 3518/3518/6955
f 3428/3428/6956 3449/3449/6956 3493/3493/6956
f 3519/3519/6957 3445/3445/6957 3520/3520/6957
f 3095/3095/6958 3094/3094/6958 3352/3352/6958
f 3521/3521/6959 3522/3522/6960 3523/3523/6961
f 3521/3521/6962 3523/3523/6962 3524/3524/6962
f 3525/3525/6963 3372/3372/6963 3526/3526/6963
f 3527/3527/6964 3528/3528/6964 3529/3529/6964
f 3530/3530/6965 3531/3531/6965 3532/3532/6965
f 3483/3483/6966 3533/3533/6966 3534/3534/6966
f 3530/3530/6967 3532/3532/6967 3470/3470/6967
f 3535/3535/6968 3536/3536/6968 3537/3537/6968
f 3538/3538/6969 3539/3539/6969 3540/3540/6969
f 3410/3410/6970 3456/3456/6970 3541/3541/6970
f 3542/3542/6971 3479/3479/6971 3543/3543/6971
f 3544/3544/6972 3545/3545/6972 3546/3546/6972
f 3456/3456/6973 3412/3412/6973 3458/3458/6973
f 3544/3544/6974 3546/3546/6974 3547/3547/6974
f 3548/3548/6975 3495/3495/6975 3549/3549/6975
f 3467/3467/6976 3481/3481/6976 3550/3550/6976
f 3551/3551/6977 3446/3446/6977 3504/3504/6977
f 3552/3552/6978 3530/3530/6978 3458/3458/6978
f 2960/2960/6979 2736/2736/6979 3339/3339/6979
f 3553/3553/6980 3550/3550/6980 3481/3481/6980
f 3554/3554/6981 3373/3373/6981 3374/3374/6981
f 3555/3555/6982 3303/3303/6982 3556/3556/6982
f 3368/3368/6983 3557/3557/6983 3558/3558/6983
f 3559/3559/6984 3560/3560/6984 3561/3561/6984
f 3392/3392/6985 3562/3562/6986 3407/3407/6987
f 3038/3038/6988 3400/3400/6988 3343/3343/6988
f 3210/3210/6989 3321/3321/6989 3563/3563/6989
f 3343/3343/6990 3400/3400/6990 3564/3564/6990
f 3564/3564/6991 3400/3400/6991 3565/3565/6991
f 3560/3560/6992 3566/3566/6992 3542/3542/6992
f 3560/3560/6993 3542/3542/6993 3543/3543/6993
f 3425/3425/6994 3499/3499/6994 3567/3567/6994
f 3568/3568/6995 3569/3569/6995 3419/3419/6995
f 3295/3295/6996 2824/2824/6996 3340/3340/6996
f 3570/3570/6997 3571/3571/6997 3572/3572/6997
f 3573/3573/6998 3574/3574/6998 3539/3539/6998
f 3575/3575/6999 3576/3576/6999 3577/3577/6999
f 3324/3324/7000 3424/3424/7000 3578/3578/7000
f 3579/3579/7001 3421/3421/7001 3580/3580/7001
f 3573/3573/7002 3539/3539/7002 3538/3538/7002
f 2814/2814/7003 2791/2791/7003 3581/3581/7003
f 3582/3582/7004 3577/3577/7004 3576/3576/7004
f 2814/2814/7005 3581/3581/7005 2813/2813/7005
f 3431/3431/7006 3583/3583/7006 3584/3584/7006
f 3585/3585/7007 3393/3393/7007 3586/3586/7007
f 3368/3368/7008 3558/3558/7008 3369/3369/7008
f 3587/3587/7009 3588/3588/7009 3589/3589/7009
f 3413/3413/7010 3440/3440/7010 3590/3590/7010
f 3371/3371/7011 3591/3591/7011 3592/3592/7011
f 3593/3593/7012 3594/3594/7012 3595/3595/7012
f 3368/3368/7013 3593/3593/7013 3595/3595/7013
f 3596/3596/7014 3597/3597/7014 3598/3598/7014
f 3371/3371/7015 3592/3592/7015 3455/3455/7015
f 3597/3597/7016 3599/3599/7016 3397/3397/7016
f 2846/2846/7017 3354/3354/7017 2847/2847/7017
f 3397/3397/7018 3359/3359/7018 3597/3597/7018
f 3455/3455/7019 3592/3592/7019 3452/3452/7019
f 3426/3426/7020 3498/3498/7020 3600/3600/7020
f 3430/3430/7021 3601/3601/7021 3441/3441/7021
f 3344/3344/7022 3564/3564/7022 3308/3308/7022
f 3344/3344/7023 3162/3162/7023 3343/3343/7023
f 3308/3308/7024 3564/3564/7024 3565/3565/7024
f 3602/3602/7025 3603/3603/7025 3402/3402/7025
f 3408/3408/7026 3562/3562/7026 3604/3604/7026
f 3491/3491/7027 3408/3408/7027 3604/3604/7027
f 3433/3433/7028 3605/3605/7028 3363/3363/7028
f 3235/3235/7029 3336/3336/7029 3424/3424/7029
f 3606/3606/7030 3498/3498/7030 3607/3607/7030
f 3569/3569/7031 3417/3417/7031 3419/3419/7031
f 3452/3452/7032 3608/3608/7032 3609/3609/7032
f 3399/3399/7033 3417/3417/7033 3610/3610/7033
f 3367/3367/7034 3501/3501/7034 3368/3368/7034
f 3277/3277/7035 3311/3311/7035 3578/3578/7035
f 3607/3607/7036 3498/3498/7036 3519/3519/7036
f 3611/3611/7037 3481/3481/7037 3612/3612/7037
f 3613/3613/7038 3288/3288/7038 3614/3614/7038
f 3371/3371/7039 3376/3376/7039 3372/3372/7039
f 3614/3614/7040 3289/3289/7040 3615/3615/7040
f 3438/3438/7041 3430/3430/7041 3441/3441/7041
f 3484/3484/7042 3352/3352/7042 3485/3485/7042
f 3616/3616/7043 3605/3605/7043 3433/3433/7043
f 2852/2852/7044 3449/3449/7044 3395/3395/7044
f 3617/3617/7045 3464/3464/7045 3618/3618/7045
f 3619/3619/7046 3389/3389/7046 3620/3620/7046
f 3415/3415/7047 3437/3437/7047 3413/3413/7047
f 3555/3555/7048 3556/3556/7048 3616/3616/7048
f 3439/3439/7049 3621/3621/7049 3622/3622/7049
f 3404/3404/7050 3541/3541/7050 3405/3405/7050
f 3623/3623/7051 3503/3503/7051 3624/3624/7051
f 3461/3461/7052 3463/3463/7052 3482/3482/7052
f 3410/3410/7053 3541/3541/7053 3404/3404/7053
f 3625/3625/7054 3617/3617/7054 3618/3618/7054
f 3476/3476/7055 3589/3589/7055 3477/3477/7055
f 3470/3470/7056 3626/3626/7056 3627/3627/7056
f 3513/3513/7057 3507/3507/7057 3628/3628/7057
f 3287/3287/7058 3476/3476/7058 3478/3478/7058
f 3608/3608/7059 3001/3001/7059 3347/3347/7059
f 3356/3356/7060 3287/3287/7060 3478/3478/7060
f 3356/3356/7061 3478/3478/7061 3434/3434/7061
f 3629/3629/7062 3627/3627/7062 3626/3626/7062
f 3517/3517/7063 3516/3516/7063 3630/3630/7063
f 3631/3631/7064 3509/3509/7064 3479/3479/7064
f 3330/3330/7065 3631/3631/7065 3479/3479/7065
f 3509/3509/7066 2937/2937/7066 3479/3479/7066
f 3632/3632/7067 3455/3455/7067 3454/3454/7067
f 3467/3467/7068 3512/3512/7068 3480/3480/7068
f 3633/3633/7069 3634/3634/7069 3573/3573/7069
f 3460/3460/7070 3454/3454/7070 3456/3456/7070
f 3454/3454/7071 3459/3459/7071 3635/3635/7071
f 3636/3636/7072 3637/3637/7072 3638/3638/7072
f 3539/3539/7073 3639/3639/7073 3638/3638/7073
f 3489/3489/7074 3490/3490/7074 3640/3640/7074
f 3641/3641/7075 3642/3642/7075 3358/3358/7075
f 3640/3640/7076 3490/3490/7076 3643/3643/7076
f 3349/3349/7077 3644/3644/7077 3575/3575/7077
f 3444/3444/7078 3443/3443/7078 3645/3645/7078
f 3379/3379/7079 3457/3457/7079 3646/3646/7079
f 3353/3353/7080 3349/3349/7080 3575/3575/7080
f 3338/3338/7081 3327/3327/7081 3382/3382/7081
f 3498/3498/7082 3445/3445/7082 3519/3519/7082
f 3384/3384/7083 3647/3647/7083 3386/3386/7083
f 3648/3648/7084 3649/3649/7084 3650/3650/7084
f 3451/3451/7085 3614/3614/7085 3474/3474/7085
f 3489/3489/7086 3409/3409/7086 3408/3408/7086
f 3554/3554/7087 3374/3374/7087 3651/3651/7087
f 3652/3652/7088 3419/3419/7088 3653/3653/7088
f 3083/3083/7089 3082/3082/7089 3509/3509/7089
f 3651/3651/7090 3374/3374/7091 3610/3610/7092
f 3472/3472/7093 3531/3531/7093 3406/3406/7093
f 3654/3654/7094 3594/3594/7094 3655/3655/7094
f 3655/3655/7095 3594/3594/7095 3656/3656/7095
f 3657/3657/7096 2944/2944/7096 3209/3209/7096
f 3351/3351/7097 3488/3488/7097 3658/3658/7097
f 3350/3350/7098 3602/3602/7098 3323/3323/7098
f 3581/3581/7099 3323/3323/7099 3364/3364/7099
f 3568/3568/7100 3419/3419/7100 3659/3659/7100
f 3419/3419/7101 3652/3652/7101 3659/3659/7101
f 3585/3585/7102 3660/3660/7102 3561/3561/7102
f 3449/3449/7103 3153/3153/7103 3661/3661/7103
f 3153/3153/7104 3555/3555/7104 3661/3661/7104
f 3153/3153/7105 3449/3449/7105 2852/2852/7105
f 3662/3662/7106 3653/3653/7106 3579/3579/7106
f 3396/3396/7107 3335/3335/7107 2852/2852/7107
f 3513/3513/7108 3663/3663/7108 3664/3664/7108
f 3528/3528/7109 3583/3583/7109 3438/3438/7109
f 3526/3526/7110 3372/3372/7110 3376/3376/7110
f 2756/2756/7111 3353/3353/7111 3665/3665/7111
f 3322/3322/7112 2756/2756/7112 3665/3665/7112
f 3355/3355/7113 3396/3396/7113 3666/3666/7113
f 3393/3393/7114 3392/3392/7114 3586/3586/7114
f 3524/3524/7115 3667/3667/7115 3655/3655/7115
f 3499/3499/7116 3379/3379/7116 3668/3668/7116
f 3529/3529/7117 3528/3528/7117 3669/3669/7117
f 3522/3522/7118 3670/3670/7118 3671/3671/7118
f 3515/3515/7119 3514/3514/7119 3672/3672/7119
f 3620/3620/7120 3525/3525/7120 3402/3402/7120
f 3516/3516/7121 3673/3673/7121 3630/3630/7121
f 3266/3266/7122 3267/3267/7122 3674/3674/7122
f 3267/3267/7123 3603/3603/7123 3674/3674/7123
f 3268/3268/7124 3266/3266/7124 3602/3602/7124
f 3038/3038/7125 3390/3390/7125 3400/3400/7125
f 3675/3675/7126 3676/3676/7126 3454/3454/7126
f 2813/2813/7127 3581/3581/7127 3677/3677/7127
f 3301/3301/7128 2813/2813/7128 3677/3677/7128
f 3384/3384/7129 3657/3657/7129 3647/3647/7129
f 3483/3483/7130 3678/3678/7130 3533/3533/7130
f 3403/3403/7131 3538/3538/7131 3679/3679/7131
f 3494/3494/7132 3403/3403/7132 3679/3679/7132
f 3680/3680/7133 3424/3424/7133 3336/3336/7133
f 3681/3681/7134 3458/3458/7134 3530/3530/7134
f 3440/3440/7135 3442/3442/7135 3682/3682/7135
f 3683/3683/7136 3348/3348/7136 3542/3542/7136
f 3684/3684/7137 3548/3548/7137 3685/3685/7137
f 3668/3668/7138 3684/3684/7138 3685/3685/7138
f 3544/3544/7139 3686/3686/7139 3494/3494/7139
f 3588/3588/7140 3578/3578/7140 3589/3589/7140
f 3687/3687/7141 3686/3686/7141 3544/3544/7141
f 3549/3549/7142 3504/3504/7142 3446/3446/7142
f 3508/3508/7143 3447/3447/7143 3551/3551/7143
f 3508/3508/7144 3515/3515/7144 3447/3447/7144
f 3515/3515/7145 3672/3672/7145 3362/3362/7145
f 3209/3209/7146 3688/3688/7146 3689/3689/7146
f 3643/3643/7147 3492/3492/7147 3561/3561/7147
f 3440/3440/7148 3682/3682/7148 3590/3590/7148
f 3688/3688/7149 3690/3690/7149 3595/3595/7149
f 3691/3691/7150 3692/3692/7150 3693/3693/7150
f 3413/3413/7151 3590/3590/7151 3414/3414/7151
f 3694/3694/7152 3627/3627/7152 3695/3695/7152
f 3511/3511/7153 3057/3057/7153 3351/3351/7153
f 3690/3690/7154 3557/3557/7154 3368/3368/7154
f 3572/3572/7155 3696/3696/7155 3570/3570/7155
f 3409/3409/7156 3697/3697/7156 3407/3407/7156
f 3578/3578/7157 3311/3311/7157 3324/3324/7157
f 3356/3356/6901 3435/3435/6902 3064/3064/6901
f 3698/3698/7158 3566/3566/7158 3560/3560/7158
f 3604/3604/7159 3699/3699/7159 3700/3700/7159
f 3362/3362/7160 3701/3701/7160 3382/3382/7160
f 3616/3616/7161 3493/3493/7161 3449/3449/7161
f 2953/2953/7162 3052/3052/7162 3436/3436/7162
f 3702/3702/7163 3584/3584/7163 3703/3703/7163
f 3702/3702/7164 3703/3703/7164 3704/3704/7164
f 3369/3369/7165 3582/3582/7165 3576/3576/7165
f 3453/3453/7166 3609/3609/7166 3613/3613/7166
f 3705/3705/7167 3445/3445/7167 3498/3498/7167
f 3561/3561/7168 3699/3699/7168 3585/3585/7168
f 3559/3559/7169 3561/3561/7169 3706/3706/7169
f 3689/3689/7170 3595/3595/7170 3707/3707/7170
f 3704/3704/7171 3703/3703/7171 3529/3529/7171
f 3708/3708/7172 3709/3709/7172 3710/3710/7172
f 2953/2953/7173 3436/3436/7173 3711/3711/7173
f 3371/3371/7174 3370/3370/7174 3591/3591/7174
f 3361/3361/7175 3360/3360/7176 3712/3712/7177
f 3368/3368/7178 3501/3501/7178 3593/3593/7178
f 3650/3650/7179 3649/3649/7179 3713/3713/7179
f 3714/3714/7180 3704/3704/7180 3536/3536/7180
f 3650/3650/7181 3713/3713/7181 3468/3468/7181
f 3455/3455/7182 3452/3452/7183 3451/3451/7184
f 3384/3384/7185 3385/3385/7185 3380/3380/7185
f 3715/3715/7186 3673/3673/7186 3628/3628/7186
f 3576/3576/7187 3716/3716/7187 3717/3717/7187
f 3352/3352/7188 3643/3643/7188 3095/3095/7188
f 3064/3064/7189 3173/3173/7189 3356/3356/7189
f 3477/3477/7190 3550/3550/7190 3718/3718/7190
f 3718/3718/7191 3550/3550/7191 3553/3553/7191
f 3576/3576/7192 3717/3717/7192 3367/3367/7192
f 3611/3611/7193 3553/3553/7193 3481/3481/7193
f 3338/3338/7194 3382/3382/7194 3701/3701/7194
f 3465/3465/7195 3524/3524/7195 3719/3719/7195
f 3720/3720/7196 3340/3340/7196 3001/3001/7196
f 3720/3720/7197 3001/3001/7197 3608/3608/7197
f 3364/3364/7198 3402/3402/7198 3365/3365/7198
f 3636/3636/7199 3721/3721/7199 3637/3637/7199
f 3658/3658/7200 3487/3487/7200 3691/3691/7200
f 3658/3658/7201 3691/3691/7201 3696/3696/7201
f 3566/3566/7202 3471/3471/7202 3683/3683/7202
f 3722/3722/7203 3471/3471/7203 3566/3566/7203
f 3482/3482/7204 3463/3463/7204 3469/3469/7204
f 3641/3641/7205 3358/3358/7205 3357/3357/7205
f 3471/3471/7206 3723/3723/7206 3683/3683/7206
f 3363/3363/7207 3365/3365/7207 3378/3378/7207
f 3724/3724/7208 3670/3670/7208 3725/3725/7208
f 3363/3363/7209 3378/3378/7209 3377/3377/7209
f 3726/3726/7210 2948/2948/7210 3479/3479/7210
f 3546/3546/7211 3545/3545/7211 3727/3727/7211
f 3543/3543/7212 3479/3479/7212 2937/2937/7212
f 3623/3623/7213 3624/3624/7213 3725/3725/7213
f 3546/3546/7214 3728/3728/7214 3729/3729/7214
f 3547/3547/7215 3546/3546/7215 3729/3729/7215
f 3467/3467/7216 3505/3505/7216 3512/3512/7216
f 3331/3331/7217 3730/3730/7217 3688/3688/7217
f 3612/3612/7218 3731/3731/7218 3611/3611/7218
f 3425/3425/7219 3567/3567/7219 3426/3426/7219
f 3567/3567/7220 3499/3499/7220 3426/3426/7220
f 3426/3426/7221 3499/3499/7221 3498/3498/7221
f 3666/3666/7222 3395/3395/7222 3391/3391/7222
f 3730/3730/7223 3563/3563/7223 3690/3690/7223
f 3412/3412/7224 3411/3411/7224 3552/3552/7224
f 3471/3471/7225 3329/3329/7225 3723/3723/7225
f 3729/3729/7226 3728/3728/7226 3732/3732/7226
f 3733/3733/7227 3734/3734/7227 3735/3735/7227
f 3735/3735/7228 3734/3734/7228 3574/3574/7228
f 3736/3736/7229 3737/3737/7229 3735/3735/7229
f 3676/3676/7230 3632/3632/7230 3454/3454/7230
f 3705/3705/7231 3500/3500/7231 3685/3685/7231
f 3634/3634/7232 3736/3736/7232 3573/3573/7232
f 3633/3633/7233 3573/3573/7233 3526/3526/7233
f 3520/3520/7234 3361/3361/7234 3712/3712/7234
f 3738/3738/7235 3586/3586/7235 3392/3392/7235
f 2741/2741/7236 2953/2953/7236 3644/3644/7236
f 3739/3739/7237 3740/3740/7237 3741/3741/7237
f 3460/3460/7238 3459/3459/7238 3454/3454/7238
f 3739/3739/7239 3741/3741/7239 3558/3558/7239
f 3339/3339/7240 3210/3210/7240 3563/3563/7240
f 3382/3382/7241 3383/3383/7241 3380/3380/7241
f 3599/3599/7242 3486/3486/7242 3398/3398/7242
f 3742/3742/7243 3480/3480/7243 3743/3743/7243
f 3302/3302/7244 3677/3677/7244 3605/3605/7244
f 3664/3664/7245 3743/3743/7245 3513/3513/7245
f 3605/3605/7246 3677/3677/7246 3363/3363/7246
f 3645/3645/7247 3744/3744/7247 3444/3444/7247
f 3744/3744/7248 3714/3714/7248 3745/3745/7248
f 3322/3322/7249 3665/3665/7249 3740/3740/7249
f 3746/3746/7250 3600/3600/7250 3498/3498/7250
f 3677/3677/7251 3581/3581/7251 3363/3363/7251
f 3502/3502/7252 3717/3717/7252 3747/3747/7252
f 3441/3441/7253 3601/3601/7253 3442/3442/7253
f 3695/3695/7254 3559/3559/7254 3748/3748/7254
f 3501/3501/7255 3503/3503/7255 3623/3623/7255
f 3749/3749/7256 3623/3623/7256 3725/3725/7256
f 3492/3492/7257 3699/3699/7257 3561/3561/7257
f 3731/3731/7258 3612/3612/7258 3571/3571/7258
f 3612/3612/7259 3572/3572/7259 3571/3571/7259
f 3434/3434/7260 3478/3478/7261 3487/3487/7262
f 3574/3574/7263 3734/3734/7263 3539/3539/7263
f 3018/3018/7264 3303/3303/7264 3555/3555/7264
f 3712/3712/7265 3750/3750/7265 3520/3520/7265
f 3666/3666/7266 3037/3037/7266 3355/3355/7266
f 3572/3572/7267 3351/3351/7268 3658/3658/7269
f 3751/3751/7270 3590/3590/7270 3682/3682/7270
f 3494/3494/7271 3545/3545/7271 3544/3544/7271
f 3152/3152/7272 2847/2847/7272 3556/3556/7272
f 3534/3534/7273 3484/3484/7273 3483/3483/7273
f 3687/3687/7274 3544/3544/7274 3547/3547/7274
f 3666/3666/7275 3342/3342/7275 3037/3037/7275
f 3536/3536/7276 3461/3461/7276 3537/3537/7276
f 3358/3358/7277 3598/3598/7277 3597/3597/7277
f 3537/3537/7278 3482/3482/7278 3713/3713/7278
f 3359/3359/7279 3397/3397/7279 3399/3399/7279
f 3308/3308/7280 3565/3565/7280 3439/3439/7280
f 3483/3483/7281 3752/3752/7281 3678/3678/7281
f 3408/3408/7282 3407/3407/6987 3562/3562/6986
f 3277/3277/7283 3588/3588/7283 3054/3054/7283
f 3277/3277/7284 3578/3578/7284 3588/3588/7284
f 3382/3382/7285 3260/3260/7285 3383/3383/7285
f 3486/3486/7286 3681/3681/7286 3530/3530/7286
f 3491/3491/7287 3604/3604/7287 3700/3700/7287
f 3394/3394/7288 3699/3699/7288 3604/3604/7288
f 3610/3610/7289 3417/3417/7290 3569/3569/7291
f 3470/3470/7292 3694/3694/7292 3753/3753/7292
f 3754/3754/7293 3718/3718/7293 3692/3692/7293
f 3720/3720/7294 3608/3608/7294 3452/3452/7294
f 3643/3643/7295 3490/3490/7295 3492/3492/7295
f 3452/3452/7296 3609/3609/7296 3453/3453/7296
f 3361/3361/7297 3515/3515/7297 3362/3362/7297
f 3694/3694/7298 3695/3695/7298 3755/3755/7298
f 3522/3522/6960 3756/3756/7299 3523/3523/6961
f 3440/3440/7300 3438/3438/7300 3441/3441/7300
f 3756/3756/7301 3671/3671/7301 3757/3757/7301
f 3756/3756/7302 3522/3522/7302 3671/3671/7302
f 3693/3693/7303 3570/3570/7303 3696/3696/7303
f 3438/3438/7304 3440/3440/7304 3413/3413/7304
f 3524/3524/7305 3523/3523/7305 3719/3719/7305
f 3472/3472/7306 3615/3615/7306 3532/3532/7306
f 3463/3463/7307 3462/3462/7307 3448/3448/7307
f 3703/3703/7308 3584/3584/7308 3583/3583/7308
f 3500/3500/7309 3705/3705/7309 3498/3498/7309
f 3545/3545/7310 3679/3679/7310 3727/3727/7310
f 3640/3640/7311 3643/3643/7311 3352/3352/7311
f 3463/3463/7312 3448/3448/7313 3469/3469/7314
f 3448/3448/7313 3423/3423/7315 3469/3469/7314
f 3536/3536/7316 3704/3704/7316 3529/3529/7316
f 3707/3707/7317 3758/3758/7317 3617/3617/7317
f 3648/3648/7318 3468/3468/7318 3467/3467/7318
f 3532/3532/7319 3292/3292/7319 3470/3470/7319
f 3509/3509/7320 3290/3290/7320 2937/2937/7320
f 3759/3759/7321 3470/3470/7321 3471/3471/7321
f 3467/3467/7322 3475/3475/7322 3506/3506/7322
f 3501/3501/7323 3367/3367/7323 3717/3717/7323
f 3467/3467/7324 3506/3506/7324 3505/3505/7324
f 3386/3386/7325 3647/3647/7325 3708/3708/7325
f 3738/3738/7326 3392/3392/7326 3407/3407/7326
f 3612/3612/7327 3510/3510/7327 3572/3572/7327
f 3651/3651/7328 3610/3610/7328 3568/3568/7328
f 3754/3754/7329 3477/3477/7329 3718/3718/7329
f 3348/3348/7330 3726/3726/7330 3479/3479/7330
f 3429/3429/7331 3428/3428/7331 3427/3427/7331
f 3481/3481/7332 3480/3480/7332 3742/3742/7332
f 3612/3612/7333 3481/3481/7333 3742/3742/7333
f 3706/3706/7334 3561/3561/7334 3660/3660/7334
f 3758/3758/7335 3654/3654/7335 3655/3655/7335
f 3403/3403/7336 3494/3494/7336 3365/3365/7336
f 3760/3760/7337 3414/3414/7337 3590/3590/7337
f 3414/3414/7338 3760/3760/7338 3416/3416/7338
f 3531/3531/7339 3404/3404/7339 3406/3406/7339
f 3723/3723/7340 3329/3329/7340 3348/3348/7340
f 3503/3503/7341 3502/3502/7341 3516/3516/7341
f 2942/2942/7342 2948/2948/7342 3726/3726/7342
f 3370/3370/7343 3372/3372/7343 3525/3525/7343
f 3503/3503/7344 3516/3516/7344 3624/3624/7344
f 3690/3690/7345 3563/3563/7345 3557/3557/7345
f 3084/3084/7346 3631/3631/7346 3330/3330/7346
f 3084/3084/7347 3083/3083/7347 3631/3631/7347
f 3470/3470/7348 3759/3759/7348 3626/3626/7348
f 3422/3422/7349 3761/3761/7349 3762/3762/7349
f 3763/3763/7350 3611/3611/7350 3731/3731/7350
f 3686/3686/7351 3687/3687/7351 3678/3678/7351
f 3426/3426/7352 3600/3600/7352 3764/3764/7352
f 3765/3765/7353 3362/3362/7353 3381/3381/7353
f 3766/3766/7354 3575/3575/7354 3577/3577/7354
f 3260/3260/7355 2944/2944/7355 3657/3657/7355
f 3740/3740/7356 3577/3577/7356 3582/3582/7356
f 2960/2960/7357 3339/3339/7357 3331/3331/7357
f 3767/3767/7358 3739/3739/7358 3557/3557/7358
f 3682/3682/7359 3442/3442/7359 3768/3768/7359
f 3331/3331/7360 3339/3339/7360 3563/3563/7360
f 3746/3746/7361 3498/3498/7361 3606/3606/7361
f 3735/3735/7362 3574/3574/7362 3736/3736/7362
f 2741/2741/7363 3644/3644/7363 3349/3349/7363
f 3390/3390/7364 3391/3391/7364 3401/3401/7364
f 3685/3685/7365 3446/3446/7365 3705/3705/7365
f 3552/3552/7366 3411/3411/7366 3530/3530/7366
f 3767/3767/7367 3322/3322/7367 3739/3739/7367
f 3353/3353/7368 3766/3766/7368 3665/3665/7368
f 3663/3663/7369 3513/3513/7369 3628/3628/7369
f 3769/3769/7370 3387/3387/7370 3619/3619/7370
f 3769/3769/7371 3770/3770/7371 3387/3387/7371
f 3592/3592/7372 3591/3591/7372 3770/3770/7372
f 3724/3724/7373 3771/3771/7373 3757/3757/7373
f 3724/3724/7374 3757/3757/7374 3671/3671/7374
f 3560/3560/7375 3629/3629/7375 3698/3698/7375
f 3524/3524/7376 3655/3655/7376 3521/3521/7376
f 3295/3295/7377 3619/3619/7377 3772/3772/7377
f 3267/3267/7378 3295/3295/7378 3773/3773/7378
f 3444/3444/7379 3621/3621/7379 3400/3400/7379
f 3266/3266/7380 3674/3674/7380 3602/3602/7380
f 3734/3734/7381 3774/3774/7381 3539/3539/7381
f 3350/3350/7382 3268/3268/7382 3602/3602/7382
f 3323/3323/7383 3602/3602/7383 3364/3364/7383
f 3465/3465/7384 3719/3719/7384 3466/3466/7384
f 3581/3581/7385 3364/3364/7385 3363/3363/7385
f 3712/3712/7177 3360/3360/7176 3775/3775/7386
f 2791/2791/7387 3137/3137/7387 3581/3581/7387
f 3717/3717/7388 3612/3612/7388 3742/3742/7388
f 3742/3742/7389 3747/3747/7389 3717/3717/7389
f 3679/3679/7390 3545/3545/7390 3494/3494/7390
f 3776/3776/7391 3381/3381/7391 3380/3380/7391
f 3776/3776/7392 3380/3380/7392 3385/3385/7392
f 3026/3026/7393 3335/3335/7393 3396/3396/7393
f 3354/3354/7394 3302/3302/7394 3605/3605/7394
f 3656/3656/7395 3749/3749/7395 3670/3670/7395
f 3385/3385/7396 3386/3386/7396 3710/3710/7396
f 3385/3385/7397 3710/3710/7397 3777/3777/7397
f 3492/3492/7398 3491/3491/7398 3700/3700/7398
f 3556/3556/7399 2847/2847/7399 3354/3354/7399
f 3303/3303/7400 3152/3152/7400 3556/3556/7400
f 3488/3488/7401 3351/3351/7401 3435/3435/7401
f 3778/3778/7402 3762/3762/7402 3761/3761/7402
f 3358/3358/7403 3597/3597/7403 3359/3359/7403
f 3778/3778/7404 3779/3779/7404 3762/3762/7404
f 3780/3780/7405 3781/3781/7405 3755/3755/7405
f 3755/3755/7406 3695/3695/7406 3780/3780/7406
f 3366/3366/7407 3399/3399/7408 3374/3374/7091
f 3507/3507/7409 3715/3715/7409 3628/3628/7409
f 3344/3344/7410 3343/3343/7410 3564/3564/7410
f 3715/3715/7411 3630/3630/7411 3673/3673/7411
f 3376/3376/7412 3634/3634/7412 3633/3633/7412
f 3526/3526/7413 3376/3376/7413 3633/3633/7413
f 3336/3336/7414 3622/3622/7414 3680/3680/7414
f 3757/3757/7415 3771/3771/7415 3756/3756/7415
f 3782/3782/7416 3646/3646/7416 3752/3752/7416
f 3478/3478/7261 3754/3754/7417 3487/3487/7262
f 3473/3473/7418 3451/3451/7418 3474/3474/7418
f 3528/3528/7419 3438/3438/7419 3437/3437/7419
f 3587/3587/7420 3589/3589/7420 3476/3476/7420
f 3054/3054/6904 3587/3587/7421 3436/3436/6904
f 3638/3638/7422 3637/3637/7423 3539/3539/7424
f 3559/3559/7425 3706/3706/7425 3748/3748/7425
f 3783/3783/7426 3419/3419/7426 3421/3421/7426
f 3421/3421/7427 3780/3780/7427 3748/3748/7427
f 3686/3686/7428 3646/3646/7428 3494/3494/7428
f 3713/3713/7429 3482/3482/7429 3468/3468/7429
f 3641/3641/7430 3357/3357/7430 3366/3366/7430
f 3379/3379/7431 3646/3646/7431 3782/3782/7431
f 3351/3351/7432 3326/3326/7432 3435/3435/7432
f 3554/3554/7433 3651/3651/7433 3784/3784/7433
f 3684/3684/7434 3782/3782/7434 3495/3495/7434
f 3533/3533/7435 3409/3409/7435 3534/3534/7435
f 3417/3417/7436 3470/3470/7436 3753/3753/7436
f 3785/3785/7437 3653/3653/7437 3786/3786/7437
f 3752/3752/7438 3496/3496/6939 3495/3495/6938
f 3787/3787/7439 3373/3373/7439 3554/3554/7439
f 3530/3530/7440 3470/3470/7440 3486/3486/7440
f 3763/3763/7441 3553/3553/7441 3611/3611/7441
f 3614/3614/7442 3615/3615/7442 3474/3474/7442
f 3718/3718/7443 3553/3553/7443 3763/3763/7443
f 3506/3506/7444 3475/3475/7444 3762/3762/7444
f 3753/3753/7445 3694/3694/7445 3755/3755/7445
f 3446/3446/7446 3551/3551/7446 3447/3447/7446
f 3472/3472/7447 3532/3532/7447 3531/3531/7447
f 3515/3515/7448 3361/3361/7448 3447/3447/7448
f 3662/3662/7449 3579/3579/7449 3580/3580/7449
f 3352/3352/7450 3484/3484/7450 3640/3640/7450
f 3530/3530/7451 3411/3411/7451 3531/3531/7451
f 3586/3586/7452 3738/3738/7452 2724/2724/7452
f 3496/3496/7453 3485/3485/7453 3788/3788/7453
f 3585/3585/7454 3586/3586/7454 3789/3789/7454
f 3484/3484/7455 3489/3489/7455 3640/3640/7455
f 3788/3788/7456 3790/3790/7456 3514/3514/7456
f 3420/3420/7457 3416/3416/7457 3791/3791/7457
f 3489/3489/7458 3484/3484/7458 3409/3409/7458
f 3420/3420/7459 3791/3791/7459 3792/3792/7459
f 3703/3703/7460 3583/3583/7460 3527/3527/7460
f 3422/3422/7461 3792/3792/7461 3761/3761/7461
f 3560/3560/7462 3543/3543/7462 3561/3561/7462
f 3617/3617/7463 3667/3667/7463 3465/3465/7463
f 3788/3788/7464 3352/3352/7464 3190/3190/7464
f 3790/3790/7465 3190/3190/7465 3338/3338/7465
f 3471/3471/7466 3292/3292/7466 3329/3329/7466
f 3520/3520/7467 3445/3445/7467 3447/3447/7467
f 3447/3447/7468 3361/3361/7468 3520/3520/7468
f 3793/3793/7469 3709/3709/7469 3794/3794/7469
f 3595/3595/7470 3690/3690/7470 3368/3368/7470
f 3759/3759/7471 3722/3722/7471 3566/3566/7471
f 3348/3348/7472 2942/2942/7472 3726/3726/7472
f 3595/3595/7473 3654/3654/7473 3707/3707/7473
f 3743/3743/7474 3480/3480/7474 3512/3512/7474
f 3510/3510/6947 3511/3511/6949 3572/3572/7475
f 3519/3519/7476 3520/3520/7476 3750/3750/7476
f 3716/3716/7477 3644/3644/7477 3510/3510/7477
f 3717/3717/7478 3502/3502/7478 3501/3501/7478
f 3575/3575/7479 3716/3716/7479 3576/3576/7479
f 3771/3771/7480 3516/3516/7480 3518/3518/7480
f 3516/3516/7481 3771/3771/7481 3724/3724/7481
f 3572/3572/7482 3511/3511/7482 3351/3351/7482
f 3572/3572/7267 3658/3658/7269 3696/3696/7483
f 3209/3209/7484 3331/3331/7484 3688/3688/7484
f 3464/3464/7485 3466/3466/7485 3795/3795/7485
f 3331/3331/7486 3563/3563/7486 3730/3730/7486
f 2747/2747/7487 3349/3349/7487 3353/3353/7487
f 3370/3370/7488 3525/3525/7488 3388/3388/7488
f 3454/3454/7489 3598/3598/7489 3358/3358/7489
f 3321/3321/7490 3322/3322/7490 3767/3767/7490
f 3521/3521/7491 3670/3670/7491 3522/3522/7491
f 3402/3402/7492 3772/3772/7493 3620/3620/7494
f 3375/3375/7495 3371/3371/7495 3455/3455/7495
f 3766/3766/7496 3353/3353/7496 3575/3575/7496
f 3502/3502/7497 3663/3663/7497 3628/3628/7497
f 3739/3739/7498 3322/3322/7498 3740/3740/7498
f 3591/3591/7499 3370/3370/7499 3387/3387/7499
f 3388/3388/7500 3387/3387/7500 3370/3370/7500
f 3765/3765/7501 3381/3381/7501 3796/3796/7501
f 3665/3665/7502 3766/3766/7502 3740/3740/7502
f 3796/3796/7503 3381/3381/7504 3776/3776/7505
f 3533/3533/7506 3678/3678/7506 3687/3687/7506
f 3541/3541/7507 3797/3797/7507 3405/3405/7507
f 3741/3741/7508 3740/3740/7508 3582/3582/7508
f 3557/3557/7509 3739/3739/7509 3558/3558/7509
f 3715/3715/7510 3762/3762/7510 3779/3779/7510
f 3506/3506/7511 3762/3762/7511 3715/3715/7511
f 3366/3366/7512 3359/3359/7512 3399/3399/7512
f 3302/3302/7513 3301/3301/7513 3677/3677/7513
f 3507/3507/7514 3506/3506/7514 3715/3715/7514
f 3374/3374/7091 3399/3399/7408 3610/3610/7092
f 3137/3137/7515 3323/3323/7515 3581/3581/7515
f 3592/3592/7516 3720/3720/7516 3452/3452/7516
f 3697/3697/7517 3798/3798/7517 3407/3407/7517
f 3526/3526/7518 3573/3573/7518 3403/3403/7518
f 3295/3295/7519 3772/3772/7519 3773/3773/7519
f 3454/3454/7520 3635/3635/7520 3799/3799/7520
f 3626/3626/7521 3759/3759/7521 3698/3698/7521
f 3604/3604/7522 3562/3562/7522 3394/3394/7522
f 3794/3794/7523 3689/3689/7523 3707/3707/7523
f 3637/3637/7524 3721/3721/7524 3800/3800/7524
f 3425/3425/7525 3432/3432/7525 3377/3377/7525
f 3539/3539/7526 3801/3801/7526 3540/3540/7526
f 3449/3449/7527 3661/3661/7527 3616/3616/7527
f 3342/3342/7528 3390/3390/7528 3038/3038/7528
f 3666/3666/7529 3396/3396/7529 3395/3395/7529
f 3538/3538/7530 3540/3540/7531 3802/3802/7532
f 3679/3679/7533 3538/3538/7533 3802/3802/7533
f 3666/3666/7534 3391/3391/7534 3342/3342/7534
f 3363/3363/7535 3377/3377/7535 3433/3433/7535
f 3679/3679/7536 3802/3802/7536 3803/3803/7536
f 3450/3450/7537 3449/3449/7537 3584/3584/7537
f 3502/3502/7538 3747/3747/7538 3664/3664/7538
f 3783/3783/7539 3421/3421/7539 3579/3579/7539
f 3599/3599/7540 3597/3597/7540 3596/3596/7540
f 3443/3443/7541 3450/3450/7541 3645/3645/7541
f 3799/3799/7542 3599/3599/7542 3596/3596/7542
f 3641/3641/7543 3366/3366/7543 3373/3373/7543
f 3645/3645/7544 3702/3702/7544 3744/3744/7544
f 3398/3398/7545 3417/3417/7545 3399/3399/7545
f 3661/3661/7546 3555/3555/7546 3616/3616/7546
f 3651/3651/7547 3568/3568/7547 3784/3784/7547
f 3652/3652/7548 3653/3653/7548 3785/3785/7548
f 3439/3439/7549 3565/3565/7549 3621/3621/7549
f 3400/3400/7550 3401/3401/7550 3444/3444/7550
f 3054/3054/7551 3588/3588/7551 3587/3587/7551
f 3448/3448/7552 3415/3415/7552 3420/3420/7552
f 3448/3448/7553 3420/3420/7553 3423/3423/7553
f 3490/3490/7554 3408/3408/7554 3491/3491/7554
f 3621/3621/7555 3444/3444/7555 3622/3622/7555
f 3699/3699/7556 3492/3492/7556 3700/3700/7556
f 3622/3622/7557 3745/3745/7557 3680/3680/7557
f 3753/3753/7558 3418/3418/7558 3417/3417/7558
f 3589/3589/7559 3648/3648/7559 3550/3550/7559
f 3424/3424/7560 3680/3680/7560 3649/3649/7560
f 3729/3729/7561 3804/3804/7561 3798/3798/7561
f 3436/3436/7562 3587/3587/7562 3286/3286/7562
f 3589/3589/7563 3578/3578/7563 3648/3648/7563
f 3780/3780/7564 3418/3418/7564 3781/3781/7564
f 3525/3525/7565 3526/3526/7565 3402/3402/7565
f 3748/3748/7566 3706/3706/7566 3662/3662/7566
f 3421/3421/7567 3748/3748/7567 3580/3580/7567
f 3449/3449/7568 3428/3428/7568 3431/3431/7568
f 3455/3455/7569 3541/3541/7569 3456/3456/7569
f 3792/3792/7570 3791/3791/7570 3805/3805/7570
f 3422/3422/7571 3420/3420/7571 3792/3792/7571
f 3378/3378/7572 3365/3365/7572 3457/3457/7572
f 3528/3528/7573 3437/3437/7573 3669/3669/7573
f 3646/3646/7574 3686/3686/7574 3752/3752/7574
f 3427/3427/7575 3426/3426/7575 3764/3764/7575
f 3458/3458/7576 3681/3681/7576 3459/3459/7576
f 3459/3459/7577 3681/3681/7577 3635/3635/7577
f 3360/3360/7578 3362/3362/7578 3765/3765/7578
f 3442/3442/7579 3601/3601/7579 3806/3806/7579
f 3681/3681/7580 3486/3486/7580 3599/3599/7580
f 3536/3536/7581 3462/3462/7582 3461/3461/7583
f 3417/3417/7584 3486/3486/7584 3470/3470/7584
f 3472/3472/7585 3474/3474/7585 3615/3615/7585
f 3752/3752/7586 3483/3483/7586 3496/3496/7586
f 3615/3615/7587 3289/3289/7587 3292/3292/7587
f 3797/3797/7588 3472/3472/7588 3406/3406/7588
f 3685/3685/7589 3548/3548/7589 3549/3549/7589
f 3685/3685/7590 3549/3549/7590 3446/3446/7590
f 3807/3807/7591 3718/3718/7591 3763/3763/7591
f 3692/3692/7592 3718/3718/7592 3807/3807/7592
f 3514/3514/7593 3496/3496/7593 3788/3788/7593
f 3782/3782/7594 3752/3752/7594 3495/3495/7594
f 3379/3379/7595 3782/3782/7595 3684/3684/7595
f 3539/3539/7596 3774/3774/7596 3639/3639/7596
f 3514/3514/7597 3790/3790/7597 3672/3672/7597
f 3808/3808/7598 3466/3466/7598 3719/3719/7598
f 3639/3639/7599 3676/3676/7599 3638/3638/7599
f 3638/3638/7600 3676/3676/7600 3675/3675/7600
f 3763/3763/7601 3731/3731/7602 3571/3571/7603
f 3561/3561/7604 3543/3543/7604 3643/3643/7604
f 3703/3703/7605 3527/3527/7605 3529/3529/7605
f 3551/3551/7606 3504/3504/7606 3508/3508/7606
f 3631/3631/7607 3083/3083/7607 3509/3509/7607
f 3693/3693/7608 3807/3807/7608 3570/3570/7608
f 3260/3260/7609 3657/3657/7609 3383/3383/7609
f 3807/3807/7610 3571/3571/7610 3570/3570/7610
f 3535/3535/7611 3714/3714/7611 3536/3536/7611
f 3260/3260/7612 3382/3382/7612 3327/3327/7612
f 3716/3716/7613 3612/3612/7613 3717/3717/7613
f 3550/3550/7614 3648/3648/7614 3467/3467/7614
f 3723/3723/7615 3348/3348/7615 3683/3683/7615
f 3533/3533/7616 3687/3687/7616 3547/3547/7616
f 3697/3697/7617 3533/3533/7617 3547/3547/7617
f 3623/3623/7618 3593/3593/7618 3501/3501/7618
f 3594/3594/7619 3593/3593/7619 3749/3749/7619
f 3543/3543/7620 2937/2937/7620 3643/3643/7620
f 3547/3547/7621 3729/3729/7621 3697/3697/7621
f 3729/3729/7622 3798/3798/7622 3697/3697/7622
f 3809/3809/7623 3517/3517/7623 3630/3630/7623
f 3563/3563/7624 3321/3321/7624 3767/3767/7624
f 3340/3340/7625 3770/3770/7625 3769/3769/7625
f 3340/3340/7626 3769/3769/7626 3619/3619/7626
f 3653/3653/7627 3419/3419/7627 3783/3783/7627
f 3525/3525/7628 3389/3389/7628 3388/3388/7628
f 3340/3340/7629 3619/3619/7629 3295/3295/7629
f 3794/3794/7630 3707/3707/7630 3617/3617/7630
f 3637/3637/7423 3801/3801/7631 3539/3539/7424
f 3389/3389/7632 3525/3525/7632 3620/3620/7632
f 3727/3727/7633 3679/3679/7633 3803/3803/7633
f 3728/3728/7634 3546/3546/7634 3810/3810/7634
f 3555/3555/7635 3153/3153/7635 3018/3018/7635
f 3664/3664/7636 3747/3747/7636 3743/3743/7636
f 3412/3412/7637 3456/3456/7637 3410/3410/7637
f 3784/3784/7638 3787/3787/7638 3554/3554/7638
f 3475/3475/7639 3423/3423/7639 3422/3422/7639
f 3576/3576/7640 3367/3367/7640 3369/3369/7640
f 3667/3667/7641 3758/3758/7641 3655/3655/7641
f 3445/3445/7642 3705/3705/7642 3446/3446/7642
f 3673/3673/7643 3502/3502/7643 3628/3628/7643
f 3758/3758/7644 3707/3707/7644 3654/3654/7644
f 3629/3629/7645 3560/3560/7645 3559/3559/7645
f 3619/3619/7646 3387/3387/7646 3389/3389/7646
f 3627/3627/7647 3629/3629/7647 3695/3695/7647
f 3336/3336/7648 3439/3439/7648 3622/3622/7648
f 3772/3772/7649 3619/3619/7649 3620/3620/7649
f 3786/3786/7650 3653/3653/7650 3662/3662/7650
f 3455/3455/7182 3451/3451/7184 3797/3797/7651
f 3662/3662/7652 3580/3580/7652 3748/3748/7652
f 3797/3797/7653 3451/3451/7653 3473/3473/7653
f 3586/3586/7654 2724/2724/7654 3789/3789/7654
f 3647/3647/7655 3689/3689/7655 3708/3708/7655
f 3354/3354/7656 3605/3605/7656 3616/3616/7656
f 3354/3354/7657 3616/3616/7657 3556/3556/7657
f 3416/3416/7658 3760/3760/7658 3811/3811/7658
f 3598/3598/7659 3454/3454/7659 3799/3799/7659
f 3473/3473/7660 3472/3472/7660 3797/3797/7660
f 3410/3410/7661 3404/3404/7661 3531/3531/7661
f 3410/3410/7662 3531/3531/7662 3411/3411/7662
f 3565/3565/7663 3400/3400/7663 3621/3621/7663
f 3764/3764/7664 3600/3600/7664 3746/3746/7664
f 3744/3744/7665 3702/3702/7665 3714/3714/7665
f 2953/2953/7666 3711/3711/7666 3511/3511/7666
f 3670/3670/7667 3749/3749/7667 3725/3725/7667
f 3670/3670/7668 3521/3521/7668 3656/3656/7668
f 3578/3578/7669 3424/3424/7669 3649/3649/7669
f 3710/3710/7670 3386/3386/7670 3708/3708/7670
f 3655/3655/7671 3656/3656/7671 3521/3521/7671
f 3598/3598/7672 3799/3799/7672 3596/3596/7672
f 3793/3793/7673 3794/3794/7673 3625/3625/7673
f 3599/3599/7674 3398/3398/7674 3397/3397/7674
f 3626/3626/7675 3698/3698/7675 3629/3629/7675
f 3317/3317/7676 3286/3286/7676 3476/3476/7676
f 3743/3743/7677 3512/3512/7677 3513/3513/7677
f 3607/3607/7678 3519/3519/7678 3750/3750/7678
f 3477/3477/7679 3754/3754/7679 3478/3478/7679
f 3658/3658/7680 3488/3488/7680 3487/3487/7680
f 3465/3465/7681 3667/3667/7681 3524/3524/7681
f 3326/3326/7682 3064/3064/7682 3435/3435/7682
f 3636/3636/7683 3675/3675/7683 3721/3721/7683
f 3675/3675/7684 3636/3636/7684 3638/3638/7684
f 3721/3721/7685 3675/3675/7685 3454/3454/7685
f 3642/3642/7686 3454/3454/7686 3358/3358/7686
f 3180/3180/7687 3613/3613/7687 3609/3609/7687
f 3347/3347/7688 3180/3180/7688 3609/3609/7688
f 3622/3622/7689 3744/3744/7689 3745/3745/7689
f 3180/3180/7690 3288/3288/7690 3613/3613/7690
f 3451/3451/7691 3453/3453/7691 3613/3613/7691
f 3614/3614/7692 3451/3451/7692 3613/3613/7692
f 3648/3648/7693 3578/3578/7693 3649/3649/7693
f 3752/3752/7694 3686/3686/7694 3678/3678/7694
f 3615/3615/7695 3292/3292/7695 3532/3532/7695
f 3477/3477/7696 3589/3589/7696 3550/3550/7696
f 3360/3360/7697 3765/3765/7697 3812/3812/7697
f 3462/3462/7582 3536/3536/7581 3669/3669/7698
f 3788/3788/7699 3190/3190/7699 3790/3790/7699
f 3672/3672/7700 3790/3790/7700 3338/3338/7700
f 3497/3497/7701 3496/3496/7701 3514/3514/7701
f 3603/3603/7702 3773/3773/7702 3772/3772/7702
f 3610/3610/7289 3569/3569/7291 3568/3568/7703
f 3771/3771/7704 3518/3518/7704 3813/3813/7704
f 3653/3653/7705 3783/3783/7705 3579/3579/7705
f 3432/3432/7706 3425/3425/7706 3493/3493/7706
f 3756/3756/7707 3814/3814/7707 3523/3523/7707
f 3672/3672/7708 3338/3338/7708 3701/3701/7708
f 3699/3699/7709 3393/3393/7709 3585/3585/7709
f 3637/3637/7710 3800/3800/7710 3801/3801/7710
f 3797/3797/7711 3406/3406/7711 3405/3405/7711
f 3807/3807/7712 3763/3763/7601 3571/3571/7603
f 3692/3692/7713 3807/3807/7713 3693/3693/7713
f 3810/3810/7714 3732/3732/7714 3728/3728/7714
f 3422/3422/7715 3762/3762/7715 3475/3475/7715
f 3479/3479/7716 3542/3542/7716 3348/3348/7716
f 3379/3379/7717 3684/3684/7717 3668/3668/7717
f 3495/3495/7718 3548/3548/7718 3684/3684/7718
f 3593/3593/7719 3623/3623/7719 3749/3749/7719
f 3656/3656/7720 3594/3594/7720 3749/3749/7720
f 3688/3688/7721 3730/3730/7721 3690/3690/7721
f 3770/3770/7722 3340/3340/7722 3592/3592/7722
f 3592/3592/7723 3340/3340/7723 3720/3720/7723
f 3362/3362/7724 3672/3672/7724 3701/3701/7724
f 3737/3737/7725 3375/3375/7725 3735/3735/7725
f 3735/3735/7726 3375/3375/7726 3455/3455/7726
f 3784/3784/7727 3568/3568/7727 3659/3659/7727
f 3575/3575/7728 3644/3644/7728 3716/3716/7728
f 3487/3487/7729 3754/3754/7729 3692/3692/7729
f 3487/3487/7730 3692/3692/7730 3691/3691/7730
f 3542/3542/7731 3566/3566/7731 3683/3683/7731
f 3455/3455/7732 3797/3797/7732 3541/3541/7732
f 3689/3689/7733 3709/3709/7733 3708/3708/7733
f 3741/3741/7734 3369/3369/7734 3558/3558/7734
f 3369/3369/7735 3741/3741/7735 3582/3582/7735
f 3716/3716/7736 3510/3510/7736 3612/3612/7736
f 3412/3412/7737 3552/3552/7737 3458/3458/7737
f 3689/3689/7738 3688/3688/7738 3595/3595/7738
f 3747/3747/7739 3742/3742/7739 3743/3743/7739
f 3724/3724/7740 3725/3725/7740 3624/3624/7740
f 3470/3470/7741 3627/3627/7741 3694/3694/7741
f 3602/3602/7742 3674/3674/7742 3603/3603/7742
f 3516/3516/7743 3502/3502/7743 3673/3673/7743
f 3425/3425/7744 3377/3377/7745 3499/3499/7746
f 3433/3433/7747 3432/3432/7748 3616/3616/7749
f 3746/3746/7750 3606/3606/7750 3815/3815/7750
f 3533/3533/7751 3697/3697/7751 3409/3409/7751
f 3733/3733/7752 3632/3632/7752 3774/3774/7752
f 3734/3734/7753 3733/3733/7753 3774/3774/7753
f 3442/3442/7754 3806/3806/7754 3768/3768/7754
f 3774/3774/7755 3632/3632/7755 3639/3639/7755
f 3449/3449/7756 3431/3431/7756 3584/3584/7756
f 3573/3573/7757 3736/3736/7757 3574/3574/7757
f 3476/3476/7758 3287/3287/7758 3317/3317/7758
f 3702/3702/7759 3645/3645/7759 3450/3450/7759
f 3450/3450/7760 3584/3584/7760 3702/3702/7760
f 3476/3476/7761 3286/3286/7761 3587/3587/7761
f 3714/3714/7762 3702/3702/7762 3704/3704/7762
f 3751/3751/7763 3682/3682/7763 3816/3816/7763
f 3316/3316/7764 3511/3511/7764 3711/3711/7764
f 3316/3316/7765 3057/3057/7765 3511/3511/7765
f 3590/3590/7766 3751/3751/7766 3817/3817/7766
f 3416/3416/7767 3811/3811/7767 3791/3791/7767
f 3649/3649/7768 3745/3745/7768 3535/3535/7768
f 3664/3664/7769 3663/3663/7769 3502/3502/7769
f 3818/3818/7770 3778/3778/7770 3761/3761/7770
f 3648/3648/7771 3650/3650/7771 3468/3468/7771
f 3608/3608/7772 3347/3347/7772 3609/3609/7772
f 3812/3812/7773 3775/3775/7773 3360/3360/7773
f 3562/3562/7774 3392/3392/7774 3394/3394/7774
f 3819/3819/7775 3812/3812/7775 3765/3765/7775
f 3634/3634/7776 3737/3737/7777 3736/3736/7778
f 3614/3614/7779 3288/3288/7779 3289/3289/7779
f 3793/3793/7780 3625/3625/7780 3618/3618/7780
f 3403/3403/7781 3402/3402/7781 3526/3526/7781
f 3788/3788/7782 3485/3485/7782 3352/3352/7782
f 3748/3748/7783 3780/3780/7783 3695/3695/7783
f 3699/3699/7784 3394/3394/7784 3393/3393/7784
f 3421/3421/7785 3418/3418/7785 3780/3780/7785
f 3709/3709/7786 3793/3793/7786 3820/3820/7786
f 3603/3603/7787 3267/3267/7787 3773/3773/7787
f 3733/3733/7788 3735/3735/7788 3632/3632/7788
f 3632/3632/7789 3735/3735/7789 3455/3455/7789
f 3499/3499/7746 3377/3377/7745 3379/3379/7790
f 3715/3715/7791 3779/3779/7791 3630/3630/7791
f 3431/3431/7792 3430/3430/7792 3438/3438/7792
f 3460/3460/7793 3456/3456/7793 3458/3458/7793
f 3756/3756/7794 3771/3771/7794 3814/3814/7794
f 3448/3448/7795 3462/3462/7795 3669/3669/7795
f 3395/3395/7796 3450/3450/7796 3391/3391/7796
f 3448/3448/7797 3669/3669/7797 3437/3437/7797
f 3759/3759/7798 3471/3471/7798 3722/3722/7798
f 3821/3821/7799 3721/3721/7799 3642/3642/7799
f 3799/3799/7800 3681/3681/7800 3599/3599/7800
f 3799/3799/7801 3635/3635/7801 3681/3681/7801
f 3537/3537/7802 3461/3461/7802 3482/3482/7802
f 3622/3622/7803 3444/3444/7803 3744/3744/7803
f 3745/3745/7804 3649/3649/7804 3680/3680/7804
f 3822/3822/7805 3810/3810/7805 3546/3546/7805
f 3643/3643/7806 2937/2937/7806 3095/3095/7806
f 3467/3467/7807 3469/3469/7807 3475/3475/7807
f 3373/3373/7808 3787/3787/7808 3641/3641/7808
f 3418/3418/7809 3753/3753/7809 3781/3781/7809
f 3755/3755/7810 3781/3781/7810 3753/3753/7810
f 2953/2953/7811 3510/3510/7811 3644/3644/7811
f 3617/3617/7812 3465/3465/7812 3464/3464/7812
f 3402/3402/7492 3603/3603/7813 3772/3772/7493
f 3528/3528/7814 3527/3527/7814 3583/3583/7814
f 3431/3431/7815 3438/3438/7815 3583/3583/7815
f 3383/3383/7816 3657/3657/7816 3384/3384/7816
f 3738/3738/7817 3407/3407/7817 2722/2722/7817
f 3766/3766/7818 3577/3577/7818 3740/3740/7818
f 3646/3646/7819 3457/3457/7819 3494/3494/7819
f 3493/3493/7820 3425/3425/7820 3427/3427/7820
f 3563/3563/7821 3767/3767/7821 3557/3557/7821
f 3759/3759/7822 3566/3566/7822 3698/3698/7822
f 3535/3535/7823 3537/3537/7823 3713/3713/7823
f 3536/3536/7824 3529/3529/7824 3669/3669/7824
f 3512/3512/7825 3505/3505/7825 3507/3507/7825
f 3376/3376/7826 3375/3375/7826 3634/3634/7826
f 3375/3375/7827 3737/3737/7777 3634/3634/7776
f 3647/3647/7828 3657/3657/7828 3209/3209/7828
f 3617/3617/7829 3758/3758/7829 3667/3667/7829
f 3355/3355/7830 3026/3026/7830 3396/3396/7830
f 3409/3409/7831 3484/3484/7831 3534/3534/7831
f 3625/3625/7832 3794/3794/7832 3617/3617/7832
f 3794/3794/7833 3709/3709/7833 3689/3689/7833
f 3454/3454/7834 3642/3642/7834 3721/3721/7834
f 3549/3549/7835 3495/3495/7835 3504/3504/7835
f 3691/3691/7836 3693/3693/7836 3696/3696/7836
f 3209/3209/7837 3689/3689/7837 3647/3647/7837
f 3760/3760/7838 3590/3590/7838 3817/3817/7838
f 3516/3516/7839 3724/3724/7839 3624/3624/7839
f 3670/3670/7840 3724/3724/7840 3671/3671/7840
f 3387/3387/7841 3770/3770/7841 3591/3591/7841
f 3761/3761/7842 3805/3805/7842 3818/3818/7842
f 3632/3632/7843 3676/3676/7843 3639/3639/7843
f 3818/3818/7844 3823/3823/7844 3778/3778/7844
f 3778/3778/7845 3823/3823/7845 3779/3779/7845
f 3538/3538/7846 3403/3403/7846 3573/3573/7846
f 3559/3559/7847 3695/3695/7847 3629/3629/7847
f 3364/3364/7848 3602/3602/7848 3402/3402/7848
f 3616/3616/7749 3432/3432/7748 3493/3493/7849
f 3795/3795/7850 3466/3466/7850 3808/3808/7850
f 3594/3594/7851 3654/3654/7851 3595/3595/7851
f 3535/3535/7852 3745/3745/7852 3714/3714/7852
f 3713/3713/7853 3649/3649/7853 3535/3535/7853
f 3630/3630/7854 3779/3779/7854 3809/3809/7854
f 3517/3517/7855 3809/3809/7855 3518/3518/7855
f 3500/3500/7856 3668/3668/7856 3685/3685/7856
f 3286/3286/7857 3337/3337/7857 3436/3436/7857
f 3711/3711/7858 3436/3436/7858 3316/3316/7858
f 3316/3316/7859 3436/3436/7859 3337/3337/7859
f 3500/3500/7860 3499/3499/7860 3668/3668/7860
f 3824/3824/7861 3825/3825/7861 3826/3826/7861
f 3800/3800/7862 3721/3721/7862 3821/3821/7862
f 3827/3827/7863 3828/3828/7863 3829/3829/7863
f 3812/3812/7864 3830/3830/7864 3831/3831/7864
f 3832/3832/7865 3833/3833/7865 3834/3834/7865
f 3835/3835/7866 3836/3836/7866 3837/3837/7866
f 3834/3834/7867 3833/3833/7867 3838/3838/7867
f 3839/3839/7868 3840/3840/7868 3841/3841/7868
f 3834/3834/7869 3838/3838/7869 3842/3842/7869
f 3843/3843/7870 3844/3844/7870 3845/3845/7870
f 3846/3846/7871 3847/3847/7871 3848/3848/7871
f 3849/3849/7872 3850/3850/7872 3840/3840/7872
f 3851/3851/7873 3846/3846/7873 3852/3852/7873
f 3727/3727/7874 3853/3853/7874 3546/3546/7874
f 3854/3854/7875 3855/3855/7875 3856/3856/7875
f 3857/3857/7876 3858/3858/7876 3859/3859/7876
f 3779/3779/7877 3823/3823/7877 3809/3809/7877
f 3860/3860/7878 3861/3861/7878 3862/3862/7878
f 3859/3859/7879 3863/3863/7879 3864/3864/7879
f 3863/3863/7880 3865/3865/7880 3864/3864/7880
f 3864/3864/7881 3865/3865/7881 3866/3866/7881
f 3867/3867/7882 3868/3868/7882 3869/3869/7882
f 3870/3870/7883 3871/3871/7883 3872/3872/7883
f 3873/3873/7884 3874/3874/7884 3851/3851/7884
f 3875/3875/7885 3802/3802/7885 3876/3876/7885
f 3827/3827/7886 3877/3877/7887 3814/3814/7888
f 3872/3872/7889 3878/3878/7889 3879/3879/7889
f 3865/3865/7890 3880/3880/7890 3881/3881/7890
f 3882/3882/7891 3883/3883/7891 3884/3884/7891
f 3885/3885/7892 3732/3732/7892 3886/3886/7892
f 3887/3887/7893 3888/3888/7893 3889/3889/7893
f 3890/3890/7894 3886/3886/7894 3810/3810/7894
f 3891/3891/7895 3892/3892/7895 3776/3776/7895
f 3891/3891/7896 3776/3776/7896 3893/3893/7896
f 3804/3804/7897 3729/3729/7897 3732/3732/7897
f 3894/3894/7898 3895/3895/7898 3896/3896/7898
f 3642/3642/7899 3641/3641/7899 3897/3897/7899
f 3898/3898/7900 3899/3899/7901 3900/3900/7902
f 3897/3897/7903 3901/3901/7903 3902/3902/7903
f 3903/3903/7904 3831/3831/7904 3904/3904/7904
f 3905/3905/7905 3906/3906/7905 3907/3907/7905
f 3847/3847/7906 3908/3908/7906 3909/3909/7906
f 3902/3902/7907 3659/3659/7907 3836/3836/7907
f 3910/3910/7908 3911/3911/7908 3912/3912/7908
f 3913/3913/7909 3866/3866/7909 3914/3914/7909
f 3889/3889/7910 3888/3888/7910 3915/3915/7910
f 3836/3836/7911 3785/3785/7911 3837/3837/7911
f 3916/3916/7912 3847/3847/7912 3909/3909/7912
f 3880/3880/7913 3865/3865/7913 3607/3607/7913
f 3917/3917/7914 3912/3912/7914 3918/3918/7914
f 3836/3836/7915 3659/3659/7915 3652/3652/7915
f 3918/3918/7916 3912/3912/7916 3919/3919/7916
f 3920/3920/7917 3921/3921/7917 3922/3922/7917
f 3914/3914/7918 3881/3881/7918 3923/3923/7918
f 3845/3845/7919 3885/3885/7919 3886/3886/7919
f 3924/3924/7920 3925/3925/7920 3926/3926/7920
f 3848/3848/7921 3847/3847/7921 3916/3916/7921
f 3804/3804/7922 3824/3824/7922 3927/3927/7922
f 3922/3922/7923 3928/3928/7923 3929/3929/7923
f 3855/3855/7924 3854/3854/7924 3862/3862/7924
f 3804/3804/7925 3732/3732/7925 3930/3930/7925
f 3931/3931/7926 3920/3920/7926 3932/3932/7926
f 3601/3601/7927 3430/3430/7927 3933/3933/7927
f 3912/3912/7928 3934/3934/7928 3935/3935/7928
f 3407/3407/7929 3798/3798/7929 2722/2722/7929
f 3860/3860/7930 3862/3862/7930 3936/3936/7930
f 3937/3937/7931 2723/2723/7931 3660/3660/7931
f 3934/3934/7932 3938/3938/7932 3939/3939/7932
f 3844/3844/7933 3926/3926/7933 3940/3940/7933
f 3935/3935/7934 3934/3934/7934 3939/3939/7934
f 3941/3941/7935 3662/3662/7935 3660/3660/7935
f 3660/3660/7936 3662/3662/7936 3706/3706/7936
f 3942/3942/7937 3855/3855/7937 3943/3943/7937
f 3746/3746/7938 3870/3870/7938 3944/3944/7938
f 3925/3925/7939 3940/3940/7939 3926/3926/7939
f 3930/3930/7940 3940/3940/7940 3925/3925/7940
f 3811/3811/7941 3760/3760/7941 3920/3920/7941
f 3930/3930/7942 3925/3925/7942 3824/3824/7942
f 3430/3430/7943 3429/3429/7943 3933/3933/7943
f 3849/3849/7944 3945/3945/7944 3946/3946/7944
f 3947/3947/7945 3883/3883/7946 3882/3882/7947
f 3795/3795/7948 3948/3948/7949 3949/3949/7950
f 3879/3879/7951 3878/3878/7952 3950/3950/7953
f 3884/3884/7954 3914/3914/7954 3882/3882/7954
f 3828/3828/7955 3928/3928/7955 3951/3951/7955
f 3899/3899/7956 3952/3952/7956 3953/3953/7956
f 3682/3682/7957 3768/3768/7957 3816/3816/7957
f 3954/3954/7958 3816/3816/7958 3955/3955/7958
f 3908/3908/7959 3950/3950/7959 3956/3956/7959
f 3952/3952/7960 3944/3944/7960 3957/3957/7960
f 3805/3805/7961 3791/3791/7961 3958/3958/7961
f 3831/3831/7962 3959/3959/7962 3960/3960/7962
f 3792/3792/7963 3805/3805/7963 3761/3761/7963
f 3887/3887/7964 3889/3889/7964 3820/3820/7964
f 3961/3961/7965 3962/3962/7965 3839/3839/7965
f 3858/3858/7966 3857/3857/7966 3963/3963/7966
f 3964/3964/7967 3965/3965/7967 3874/3874/7967
f 3961/3961/7968 3839/3839/7968 3841/3841/7968
f 3776/3776/7969 3777/3777/7969 3893/3893/7969
f 3862/3862/7970 3854/3854/7970 3966/3966/7970
f 3876/3876/7971 3967/3967/7971 3843/3843/7971
f 3954/3954/7972 3955/3955/7972 3968/3968/7972
f 3618/3618/7973 3464/3464/7973 3795/3795/7973
f 3948/3948/7974 3848/3848/7974 3888/3888/7974
f 3969/3969/7975 3904/3904/7975 3849/3849/7975
f 3970/3970/7976 3932/3932/7976 3827/3827/7976
f 3932/3932/7977 3971/3971/7977 3827/3827/7977
f 3818/3818/7978 3958/3958/7978 3972/3972/7978
f 3907/3907/7979 3945/3945/7979 3905/3905/7979
f 3882/3882/7980 3914/3914/7980 3973/3973/7980
f 3973/3973/7981 3914/3914/7981 3974/3974/7981
f 3891/3891/7982 3943/3943/7982 3855/3855/7982
f 3891/3891/7983 3855/3855/7983 3861/3861/7983
f 3975/3975/7984 3891/3891/7984 3861/3861/7984
f 3928/3928/7985 3968/3968/7985 3976/3976/7985
f 3977/3977/7986 3896/3896/7986 3915/3915/7986
f 3968/3968/7987 3978/3978/7987 3976/3976/7987
f 3893/3893/7988 3979/3979/7988 3977/3977/7988
f 3895/3895/7989 3889/3889/7989 3896/3896/7989
f 3908/3908/7990 3980/3980/7990 3909/3909/7990
f 3893/3893/7991 3981/3981/7991 3979/3979/7991
f 3979/3979/7992 3981/3981/7992 3982/3982/7992
f 3900/3900/7993 3899/3899/7993 3983/3983/7993
f 3883/3883/7994 3984/3984/7994 3913/3913/7994
f 2723/2723/7995 2722/2722/7995 3838/3838/7995
f 3775/3775/7996 3812/3812/7996 3831/3831/7996
f 3911/3911/7997 3985/3985/7997 3938/3938/7997
f 3873/3873/7998 3900/3900/7998 3964/3964/7998
f 3986/3986/7999 3832/3832/7999 3834/3834/7999
f 3938/3938/8000 3985/3985/8000 3835/3835/8000
f 3987/3987/8001 3918/3918/8001 3919/3919/8001
f 3813/3813/8002 3814/3814/8002 3771/3771/8002
f 3719/3719/8003 3523/3523/8003 3814/3814/8003
f 3862/3862/8004 3966/3966/8004 3936/3936/8004
f 3988/3988/8005 3871/3871/8005 3947/3947/8005
f 3944/3944/8006 3870/3870/8006 3957/3957/8006
f 3872/3872/8007 3871/3871/8007 3988/3988/8007
f 3963/3963/8008 3815/3815/8008 3989/3989/8008
f 3803/3803/8009 3802/3802/8009 3822/3822/8009
f 3989/3989/8010 3815/3815/8010 3863/3863/8010
f 3939/3939/8011 3837/3837/8011 3990/3990/8011
f 3809/3809/8012 3823/3823/8012 3970/3970/8012
f 3809/3809/8013 3970/3970/8013 3518/3518/8013
f 3970/3970/8014 3813/3813/8014 3518/3518/8014
f 3875/3875/8015 3876/3876/8015 3890/3890/8015
f 3827/3827/8016 3829/3829/8016 3877/3877/8016
f 3856/3856/8017 3942/3942/8017 3991/3991/8017
f 3974/3974/8018 3962/3962/8018 3973/3973/8018
f 3985/3985/8019 3642/3642/8019 3897/3897/8019
f 3992/3992/8020 3917/3917/8020 3801/3801/8020
f 3822/3822/8021 3802/3802/8021 3875/3875/8021
f 3822/3822/8022 3875/3875/8022 3810/3810/8022
f 3908/3908/8023 3956/3956/8023 3980/3980/8023
f 3909/3909/8024 3867/3867/8024 3916/3916/8024
f 3899/3899/8025 3953/3953/8025 3993/3993/8025
f 3652/3652/8026 3785/3785/8026 3836/3836/8026
f 3897/3897/8027 3784/3784/8027 3901/3901/8027
f 3906/3906/8028 3905/3905/8028 3904/3904/8028
f 3929/3929/8029 3971/3971/8029 3932/3932/8029
f 3899/3899/8030 3993/3993/8030 3983/3983/8030
f 3833/3833/8031 3935/3935/8031 3994/3994/8031
f 3978/3978/8032 3846/3846/8032 3948/3948/8032
f 3833/3833/8033 3994/3994/8033 3838/3838/8033
f 3900/3900/8034 3983/3983/8034 3964/3964/8034
f 3876/3876/8035 3886/3886/8035 3890/3890/8035
f 3796/3796/8036 3892/3892/8036 3946/3946/8036
f 3826/3826/8037 3825/3825/8037 3986/3986/8037
f 3825/3825/8038 3832/3832/8038 3986/3986/8038
f 3927/3927/8039 3824/3824/8039 3826/3826/8039
f 3585/3585/8040 3937/3937/8040 3660/3660/8040
f 3585/3585/8041 3789/3789/8041 3937/3937/8041
f 3848/3848/8042 3916/3916/8042 3869/3869/8042
f 3786/3786/8043 3662/3662/8043 3995/3995/8043
f 3933/3933/8044 3429/3429/8044 3952/3952/8044
f 3995/3995/8045 3785/3785/8045 3786/3786/8045
f 3933/3933/8046 3952/3952/8046 3899/3899/8046
f 3746/3746/8047 3815/3815/8047 3963/3963/8047
f 3903/3903/8048 3840/3840/8048 3996/3996/8048
f 3937/3937/8049 2724/2724/8049 2723/2723/8049
f 3601/3601/8050 3933/3933/8050 3997/3997/8050
f 3870/3870/8051 3746/3746/8052 3871/3871/8053
f 3871/3871/8053 3746/3746/8052 3857/3857/8054
f 3846/3846/8055 3851/3851/8055 3874/3874/8055
f 3984/3984/8056 3859/3859/8056 3864/3864/8056
f 3984/3984/8057 3864/3864/8057 3866/3866/8057
f 3949/3949/8058 3948/3948/8058 3888/3888/8058
f 3917/3917/8059 3998/3998/8059 3910/3910/8059
f 3840/3840/8060 3850/3850/8060 3999/3999/8060
f 3998/3998/8061 3985/3985/8061 3910/3910/8061
f 3860/3860/8062 3946/3946/8062 3975/3975/8062
f 3966/3966/8063 3854/3854/8063 4000/4000/8063
f 3870/3870/8064 3872/3872/8064 3957/3957/8064
f 3867/3867/8065 3854/3854/8065 3868/3868/8065
f 3906/3906/8066 3960/3960/8066 3907/3907/8066
f 3831/3831/8067 3906/3906/8067 3904/3904/8067
f 3947/3947/8068 3871/3871/8068 3857/3857/8068
f 4001/4001/8069 3796/3796/8069 3945/3945/8069
f 4002/4002/8070 3811/3811/8070 3931/3931/8070
f 3982/3982/8071 3896/3896/8071 3979/3979/8071
f 3811/3811/8072 4002/4002/8072 3791/3791/8072
f 3791/3791/8073 4002/4002/8073 3958/3958/8073
f 3939/3939/8074 3835/3835/8074 3837/3837/8074
f 3965/3965/8075 3847/3847/8075 3874/3874/8075
f 3958/3958/8076 4002/4002/8076 3931/3931/8076
f 3914/3914/8077 3923/3923/8077 3974/3974/8077
f 3878/3878/8078 4003/4003/8078 3950/3950/8078
f 3817/3817/8079 3816/3816/8079 3954/3954/8079
f 3845/3845/8080 3940/3940/8080 3930/3930/8080
f 4004/4004/8081 3931/3931/8081 3932/3932/8081
f 3954/3954/8082 3968/3968/8082 4005/4005/8082
f 3909/3909/8083 3980/3980/8083 3867/3867/8083
f 3924/3924/8084 3987/3987/8084 3925/3925/8084
f 3962/3962/8085 3923/3923/8085 3839/3839/8085
f 3994/3994/8086 3941/3941/8086 3660/3660/8086
f 3838/3838/8087 3994/3994/8087 3660/3660/8087
f 3808/3808/8088 4006/4006/8088 3795/3795/8088
f 3939/3939/8089 3938/3938/8089 3835/3835/8089
f 3903/3903/8090 3969/3969/8091 3840/3840/8092
f 3927/3927/8093 3834/3834/8093 3842/3842/8093
f 3840/3840/8094 3969/3969/8094 3849/3849/8094
f 3840/3840/8095 3999/3999/8095 3841/3841/8095
f 3898/3898/7900 3933/3933/8096 3899/3899/7901
f 3823/3823/8097 3972/3972/8097 3970/3970/8097
f 3868/3868/8098 3856/3856/8098 3991/3991/8098
f 3970/3970/8099 3827/3827/8099 3813/3813/8099
f 3832/3832/8100 3919/3919/8100 3833/3833/8100
f 3830/3830/8101 3812/3812/8101 3819/3819/8101
f 3849/3849/8102 3946/3946/8102 3850/3850/8102
f 3887/3887/8103 3618/3618/8103 3949/3949/8103
f 4001/4001/8104 3819/3819/8104 3765/3765/8104
f 3765/3765/8105 3796/3796/8105 4001/4001/8105
f 3618/3618/8106 3887/3887/8106 3793/3793/8106
f 3951/3951/8107 3976/3976/8107 4006/4006/8107
f 3868/3868/8108 3991/3991/8108 4007/4007/8108
f 3935/3935/8109 3939/3939/8109 3990/3990/8109
f 3976/3976/8110 3795/3795/8110 4006/4006/8110
f 3878/3878/8111 3872/3872/8111 3988/3988/8111
f 3925/3925/8112 3987/3987/8112 3825/3825/8112
f 3709/3709/8113 3820/3820/8113 3894/3894/8113
f 3709/3709/8114 3894/3894/8114 3710/3710/8114
f 3776/3776/8115 3385/3385/8115 3777/3777/8115
f 3947/3947/7945 3857/3857/8116 3883/3883/7946
f 3825/3825/8117 3919/3919/8117 3832/3832/8117
f 3866/3866/8118 3865/3865/8118 3881/3881/8118
f 3880/3880/8119 3750/3750/8119 3996/3996/8119
f 3831/3831/8120 3830/3830/8120 3819/3819/8120
f 3888/3888/8121 3848/3848/8121 3869/3869/8121
f 3831/3831/8122 3819/3819/8122 3959/3959/8122
f 3819/3819/8123 4001/4001/8123 3959/3959/8123
f 3964/3964/8124 3983/3983/8124 3965/3965/8124
f 3793/3793/8125 3887/3887/8125 3820/3820/8125
f 2722/2722/8126 3927/3927/8126 3842/3842/8126
f 3973/3973/8127 3962/3962/8127 3961/3961/8127
f 3932/3932/8128 3920/3920/8128 3929/3929/8128
f 3994/3994/8129 3935/3935/8129 3990/3990/8129
f 3710/3710/8130 3894/3894/8130 3982/3982/8130
f 3801/3801/8131 3821/3821/8131 3992/3992/8131
f 3800/3800/8132 3821/3821/8132 3801/3801/8132
f 3980/3980/8133 4000/4000/8133 3854/3854/8133
f 3915/3915/8134 3991/3991/8134 3977/3977/8134
f 3977/3977/8135 3943/3943/8135 3893/3893/8135
f 3893/3893/8136 3943/3943/8136 3891/3891/8136
f 3980/3980/8137 3854/3854/8137 3867/3867/8137
f 3917/3917/8138 3992/3992/8138 3998/3998/8138
f 3998/3998/8139 3642/3642/8139 3985/3985/8139
f 3850/3850/8140 3860/3860/8140 3999/3999/8140
f 3892/3892/8141 3891/3891/8141 3975/3975/8141
f 3822/3822/8142 3546/3546/8142 3853/3853/8142
f 3727/3727/8143 3803/3803/8143 3853/3853/8143
f 3746/3746/8144 3963/3963/8144 3857/3857/8144
f 3802/3802/7532 3540/3540/7531 3924/3924/8145
f 3996/3996/8146 3712/3712/8146 3775/3775/8146
f 3858/3858/8147 3863/3863/8147 3859/3859/8147
f 3810/3810/8148 3875/3875/8148 3890/3890/8148
f 3641/3641/8149 3787/3787/8149 3897/3897/8149
f 3998/3998/8150 3821/3821/8150 3642/3642/8150
f 3975/3975/8151 3861/3861/8151 3860/3860/8151
f 3897/3897/8152 3787/3787/8152 3784/3784/8152
f 3784/3784/8153 4008/4008/8153 3901/3901/8153
f 3950/3950/8154 4003/4003/8154 3956/3956/8154
f 4008/4008/8155 3784/3784/8155 3659/3659/8155
f 3820/3820/8156 3889/3889/8156 3895/3895/8156
f 3796/3796/7503 3776/3776/7505 3892/3892/8157
f 3895/3895/8158 3894/3894/8158 3820/3820/8158
f 3894/3894/8159 3896/3896/8159 3982/3982/8159
f 3876/3876/8160 3843/3843/8160 3886/3886/8160
f 3845/3845/8161 3886/3886/8161 3843/3843/8161
f 3851/3851/8162 4009/4009/8162 3873/3873/8162
f 3732/3732/8163 3810/3810/8163 3886/3886/8163
f 3911/3911/8164 3910/3910/8164 3985/3985/8164
f 3798/3798/8165 3804/3804/8165 3927/3927/8165
f 3883/3883/8166 3913/3913/8166 3884/3884/8166
f 3884/3884/8167 3913/3913/8167 3914/3914/8167
f 3540/3540/8168 3801/3801/8168 3918/3918/8168
f 3540/3540/8169 3918/3918/8169 3987/3987/8169
f 3907/3907/8170 4001/4001/8170 3945/3945/8170
f 3732/3732/8171 3845/3845/8171 3930/3930/8171
f 3838/3838/8172 3660/3660/8172 2723/2723/8172
f 3936/3936/8173 3999/3999/8173 3860/3860/8173
f 3983/3983/8174 3879/3879/8174 3965/3965/8174
f 3896/3896/8175 3889/3889/8175 3915/3915/8175
f 3881/3881/8176 3880/3880/8176 3839/3839/8176
f 3880/3880/8177 3996/3996/8177 3839/3839/8177
f 3878/3878/8178 3988/3988/8178 4003/4003/8178
f 3789/3789/8179 2724/2724/8179 3937/3937/8179
f 3947/3947/8180 3882/3882/8180 4010/4010/8180
f 3905/3905/8181 3945/3945/8181 3849/3849/8181
f 3429/3429/8182 3427/3427/8182 3764/3764/8182
f 3806/3806/8183 3997/3997/8183 3851/3851/8183
f 3843/3843/8184 3967/3967/8184 3844/3844/8184
f 3746/3746/8185 3944/3944/8185 3764/3764/8185
f 3845/3845/8186 3844/3844/8186 3940/3940/8186
f 3601/3601/8187 3997/3997/8187 3806/3806/8187
f 3815/3815/8188 4011/4011/8188 3863/3863/8188
f 3888/3888/8189 3869/3869/8189 3915/3915/8189
f 3961/3961/8190 3841/3841/8190 3999/3999/8190
f 3852/3852/8191 3806/3806/8191 3851/3851/8191
f 3942/3942/8192 3856/3856/8192 3855/3855/8192
f 3986/3986/8193 3834/3834/8193 3927/3927/8193
f 3955/3955/8194 3852/3852/8194 3978/3978/8194
f 3978/3978/8195 3852/3852/8195 3846/3846/8195
f 3825/3825/8196 3987/3987/8196 3919/3919/8196
f 3815/3815/8197 3606/3606/8197 4011/4011/8197
f 3995/3995/8198 3941/3941/8198 3994/3994/8198
f 3760/3760/8199 3921/3921/8199 3920/3920/8199
f 3952/3952/8200 3764/3764/8200 3944/3944/8200
f 4012/4012/8201 3947/3947/8201 4010/4010/8201
f 3957/3957/8202 3872/3872/8202 3879/3879/8202
f 3922/3922/8203 4005/4005/8203 3928/3928/8203
f 3751/3751/8204 3816/3816/8204 3817/3817/8204
f 3760/3760/8205 3817/3817/8205 3921/3921/8205
f 4010/4010/8206 3882/3882/8206 3973/3973/8206
f 3963/3963/8207 3989/3989/8207 3858/3858/8207
f 3858/3858/8208 3989/3989/8208 3863/3863/8208
f 3956/3956/8209 4003/4003/8209 4013/4013/8209
f 3953/3953/8210 3957/3957/8210 3879/3879/8210
f 3955/3955/8211 3978/3978/8211 3968/3968/8211
f 3954/3954/8212 4005/4005/8212 3817/3817/8212
f 3863/3863/8213 4011/4011/8213 3865/3865/8213
f 3805/3805/8214 3958/3958/8214 3818/3818/8214
f 3827/3827/8215 3971/3971/8215 3828/3828/8215
f 3818/3818/8216 3972/3972/8216 3823/3823/8216
f 3976/3976/8217 3978/3978/8217 3948/3948/8217
f 4014/4014/8218 4000/4000/8218 3980/3980/8218
f 3951/3951/8219 3928/3928/8219 3976/3976/8219
f 3966/3966/8220 4000/4000/8220 3999/3999/8220
f 3966/3966/8221 3999/3999/8221 3936/3936/8221
f 3923/3923/8222 3962/3962/8222 3974/3974/8222
f 3920/3920/8223 3922/3922/8223 3929/3929/8223
f 3931/3931/8224 4004/4004/8224 3972/3972/8224
f 3988/3988/8225 3947/3947/8225 4012/4012/8225
f 3972/3972/8226 4004/4004/8226 3970/3970/8226
f 3997/3997/8227 3933/3933/8227 3898/3898/8227
f 3904/3904/8228 3905/3905/8228 3849/3849/8228
f 3808/3808/8229 3719/3719/8229 3877/3877/8229
f 3942/3942/8230 3977/3977/8230 3991/3991/8230
f 3956/3956/8231 4013/4013/8231 4015/4015/8231
f 3956/3956/8232 4015/4015/8232 3980/3980/8232
f 3915/3915/8233 3869/3869/8233 4007/4007/8233
f 3991/3991/8234 3915/3915/8234 4007/4007/8234
f 3826/3826/8235 3986/3986/8235 3927/3927/8235
f 3960/3960/8236 4001/4001/8236 3907/3907/8236
f 3952/3952/8237 3957/3957/8237 3953/3953/8237
f 4006/4006/8238 3808/3808/8238 3829/3829/8238
f 3808/3808/8239 3877/3877/8239 3829/3829/8239
f 3960/3960/8240 3959/3959/8240 4001/4001/8240
f 3857/3857/8241 3859/3859/8241 3883/3883/8241
f 3996/3996/8242 3750/3750/8242 3712/3712/8242
f 3988/3988/8243 4012/4012/8243 4003/4003/8243
f 3984/3984/8244 3866/3866/8244 3913/3913/8244
f 3953/3953/8245 3879/3879/8245 3993/3993/8245
f 3903/3903/8246 3775/3775/8246 3831/3831/8246
f 3910/3910/8247 3912/3912/8247 3917/3917/8247
f 3876/3876/8248 3802/3802/8248 3924/3924/8248
f 3876/3876/8249 3924/3924/8249 3967/3967/8249
f 3993/3993/8250 3879/3879/8250 3983/3983/8250
f 3813/3813/8251 3827/3827/8251 3814/3814/8251
f 3877/3877/7887 3719/3719/8252 3814/3814/7888
f 3896/3896/8253 3977/3977/8253 3979/3979/8253
f 3945/3945/8254 3796/3796/8254 3946/3946/8254
f 3801/3801/8255 3917/3917/8255 3918/3918/8255
f 4010/4010/8256 3973/3973/8257 3961/3961/8258
f 3846/3846/8259 3874/3874/8259 3847/3847/8259
f 3982/3982/8260 3981/3981/8260 3710/3710/8260
f 4010/4010/8256 3961/3961/8258 3999/3999/8261
f 3710/3710/8262 3981/3981/8262 3777/3777/8262
f 3948/3948/8263 3846/3846/8263 3848/3848/8263
f 3980/3980/8264 4016/4016/8264 4014/4014/8264
f 3822/3822/8265 3853/3853/8265 3803/3803/8265
f 3934/3934/8266 3911/3911/8266 3938/3938/8266
f 3990/3990/8267 3837/3837/8267 3995/3995/8267
f 3992/3992/8268 3821/3821/8268 3998/3998/8268
f 3835/3835/8269 3902/3902/8269 3836/3836/8269
f 3833/3833/8270 3919/3919/8270 3935/3935/8270
f 3946/3946/8271 3892/3892/8271 3975/3975/8271
f 3901/3901/8272 4008/4008/8272 3902/3902/8272
f 3902/3902/8273 4008/4008/8273 3659/3659/8273
f 3885/3885/8274 3845/3845/8274 3732/3732/8274
f 4007/4007/8275 3869/3869/8275 3868/3868/8275
f 3883/3883/8276 3859/3859/8276 3984/3984/8276
f 3850/3850/8277 3946/3946/8277 3860/3860/8277
f 3995/3995/8278 3837/3837/8278 3785/3785/8278
f 4009/4009/8279 3898/3898/8279 3900/3900/8279
f 3925/3925/8280 3825/3825/8280 3824/3824/8280
f 3429/3429/8281 3764/3764/8281 3952/3952/8281
f 3804/3804/8282 3930/3930/8282 3824/3824/8282
f 3997/3997/8283 3898/3898/8283 3851/3851/8283
f 4009/4009/8284 3900/3900/8284 3873/3873/8284
f 3874/3874/8285 3873/3873/8285 3964/3964/8285
f 3881/3881/8286 3914/3914/8286 3866/3866/8286
f 3941/3941/8287 3995/3995/8287 3662/3662/8287
f 3847/3847/8288 3965/3965/8288 3950/3950/8288
f 3980/3980/8289 4015/4015/8289 4016/4016/8289
f 3839/3839/8290 3923/3923/8290 3881/3881/8290
f 4000/4000/8291 4014/4014/8291 4016/4016/8291
f 3840/3840/8292 3839/3839/8292 3996/3996/8292
f 3851/3851/8293 3898/3898/8293 4009/4009/8293
f 4003/4003/8294 4012/4012/8294 4017/4017/8294
f 3916/3916/8295 3867/3867/8295 3869/3869/8295
f 3969/3969/8091 3903/3903/8090 3904/3904/8296
f 4011/4011/8297 3607/3607/8297 3865/3865/8297
f 3768/3768/8298 3806/3806/8298 3955/3955/8298
f 4013/4013/8299 4003/4003/8299 4017/4017/8299
f 3955/3955/8300 3816/3816/8300 3768/3768/8300
f 4012/4012/8301 4010/4010/8301 4018/4018/8301
f 3852/3852/8302 3955/3955/8302 3806/3806/8302
f 3888/3888/8303 3887/3887/8303 3949/3949/8303
f 3922/3922/8304 3921/3921/8304 4005/4005/8304
f 3977/3977/8305 3942/3942/8305 3943/3943/8305
f 3862/3862/8306 3861/3861/8306 3855/3855/8306
f 3996/3996/8307 3775/3775/8307 3903/3903/8307
f 3931/3931/8308 3811/3811/8308 3920/3920/8308
f 3854/3854/8309 3856/3856/8309 3868/3868/8309
f 3607/3607/8310 4011/4011/8310 3606/3606/8310
f 3906/3906/8311 3831/3831/8311 3960/3960/8311
f 4010/4010/8312 3999/3999/8312 4016/4016/8312
f 3880/3880/8313 3607/3607/8313 3750/3750/8313
f 3929/3929/8314 3928/3928/8314 3971/3971/8314
f 4000/4000/8315 4016/4016/8315 3999/3999/8315
f 4005/4005/8316 3921/3921/8316 3817/3817/8316
f 3981/3981/8317 3893/3893/8317 3777/3777/8317
f 4017/4017/8318 4015/4015/8318 4013/4013/8318
f 3948/3948/7949 3795/3795/7948 3976/3976/8319
f 4005/4005/8320 3968/3968/8320 3928/3928/8320
f 3879/3879/7951 3950/3950/7953 3965/3965/8321
f 3618/3618/8322 3795/3795/8322 3949/3949/8322
f 3971/3971/8323 3928/3928/8323 3828/3828/8323
f 3972/3972/8324 3958/3958/8324 3931/3931/8324
f 3912/3912/8325 3911/3911/8325 3934/3934/8325
f 3951/3951/8326 4006/4006/8326 3828/3828/8326
f 3829/3829/8327 3828/3828/8327 4006/4006/8327
f 3924/3924/8328 3926/3926/8328 3967/3967/8328
f 3950/3950/8329 3908/3908/8329 3847/3847/8329
f 4004/4004/8330 3932/3932/8330 3970/3970/8330
f 3985/3985/8331 3902/3902/8331 3835/3835/8331
f 4017/4017/8332 4012/4012/8332 4018/4018/8332
f 3919/3919/8333 3912/3912/8333 3935/3935/8333
f 4018/4018/8334 4010/4010/8334 4016/4016/8334
f 3967/3967/8335 3926/3926/8335 3844/3844/8335
f 3798/3798/8336 3927/3927/8336 2722/2722/8336
f 3994/3994/8337 3990/3990/8337 3995/3995/8337
f 3842/3842/8338 3838/3838/8338 2722/2722/8338
f 4015/4015/8339 4017/4017/8339 4018/4018/8339
f 3924/3924/8340 3540/3540/8340 3987/3987/8340
f 4015/4015/8341 4018/4018/8341 4016/4016/8341
f 3902/3902/8342 3985/3985/8342 3897/3897/8342
f 2724/2724/8343 3738/3738/8343 2722/2722/8343
f 491/491/8344 1145/1145/8344 1142/1142/8344
f 491/491/8345 1150/1150/8345 1145/1145/8345
f 593/593/8346 668/668/8346 552/552/8346
f 593/593/8347 592/592/8347 668/668/8347
f 84/84/8348 600/600/8349 643/643/8350
f 600/600/8351 596/596/8351 643/643/8351
f 125/125/8352 172/172/8353 148/148/8354
f 123/123/8355 125/125/8352 148/148/8354
f 148/148/8356 150/150/8356 123/123/8356
f 153/153/8357 229/229/8357 150/150/8357
f 229/229/8358 123/123/8358 150/150/8358
f 229/229/8359 153/153/8359 147/147/8359
f 147/147/8360 134/134/8360 229/229/8360
f 156/156/8361 229/229/8361 134/134/8361
f 156/156/8362 237/237/8363 229/229/8364
f 156/156/8362 85/85/8365 237/237/8363
f 85/85/8366 239/239/8366 237/237/8366
f 239/239/8367 85/85/8367 241/241/8367
f 84/84/8348 643/643/8350 85/85/8368
f 643/643/8369 241/241/8369 85/85/8369
f 84/84/8370 203/203/8370 600/600/8370
f 510/510/8371 600/600/8372 203/203/8373
f 439/439/8374 600/600/8372 510/510/8371
f 641/641/8375 510/510/8371 676/676/8376
f 641/641/8375 439/439/8374 510/510/8371
f 641/641/8377 676/676/8377 554/554/8377
f 686/686/8378 641/641/8378 554/554/8378
f 668/668/8379 641/641/8380 686/686/8381
f 641/641/8380 668/668/8379 592/592/8382
f 593/593/8383 552/552/8383 1142/1142/8383
f 1142/1142/8384 552/552/8384 489/489/8384
f 489/489/8385 491/491/8385 1142/1142/8385
f 134/134/8386 147/147/8386 146/146/8386
f 76/76/8387 134/134/8387 146/146/8387
f 453/453/8388 554/554/8388 676/676/8388
f 257/257/8389 668/668/8389 258/258/8389
f 257/257/8390 552/552/8390 668/668/8390
f 258/258/8391 530/530/8391 426/426/8391
f 2051/2051/8392 1977/1977/8392 2046/2046/8392
f 2046/2046/8393 1977/1977/8393 1565/1565/8393
f 1991/1991/8394 1565/1565/8394 1977/1977/8394
f 1385/1385/8395 2089/2089/8395 1498/1498/8395
f 1936/1936/8396 2036/2036/8397 1859/1859/8398
f 1859/1859/8399 2036/2036/8399 1857/1857/8399
f 1936/1936/8396 1652/1652/8400 2036/2036/8397
f 1652/1652/8401 1900/1900/8401 2036/2036/8401
f 2532/2532/8402 2223/2223/8402 2222/2222/8402
f 2525/2525/8403 2532/2532/8403 2222/2222/8403
f 2525/2525/8404 2222/2222/8405 2720/2720/8406
f 2222/2222/8405 2352/2352/8407 2720/2720/8406
f 2720/2720/8408 2812/2812/8408 2899/2899/8408
f 2720/2720/8406 2352/2352/8407 2812/2812/8409
f 2899/2899/8410 2812/2812/8410 3345/3345/8410
f 2812/2812/8411 3276/3276/8411 3345/3345/8411
f 3345/3345/8412 3276/3276/8412 2906/2906/8412
f 2138/2138/8413 2075/2075/8413 2559/2559/8413
f 2490/2490/8414 2138/2138/8414 2559/2559/8414
f 2138/2138/8415 2489/2489/8415 2525/2525/8415
f 2138/2138/8416 2490/2490/8416 2489/2489/8416
f 2612/2612/8417 2525/2525/8417 2489/2489/8417
f 2525/2525/8418 2612/2612/8418 2533/2533/8418
f 2525/2525/8419 2533/2533/8419 2532/2532/8419
f 2263/2263/8420 2223/2223/8420 2532/2532/8420
f 2532/2532/8421 2264/2264/8421 2263/2263/8421
f 1652/1652/8422 2137/2137/8422 1886/1886/8422
f 1652/1652/8423 1886/1886/8423 1900/1900/8423
f 2559/2559/8424 2708/2708/8424 2490/2490/8424
f 2708/2708/8425 2495/2495/8425 2490/2490/8425
f 2352/2352/8426 2689/2689/8426 2812/2812/8426
f 933/933/8427 1373/1373/8427 931/931/8427
f 931/931/8428 1373/1373/8428 1378/1378/8428
f 1378/1378/8429 1373/1373/8429 1436/1436/8429
f 1373/1373/8430 4019/4019/8430 1436/1436/8430
f 1436/1436/8431 4019/4019/8431 1330/1330/8431
f 1373/1373/8432 1341/1341/8432 1326/1326/8432
f 1350/1350/8433 1373/1373/8433 1326/1326/8433
f 1350/1350/8434 1325/1325/8434 1309/1309/8434
f 1325/1325/8435 1350/1350/8435 1326/1326/8435
f 1350/1350/8436 4019/4019/8436 1373/1373/8436
f 1350/1350/8437 1330/1330/8437 4019/4019/8437
f 1330/1330/8438 1385/1385/8439 1436/1436/8440
f 1498/1498/8441 1436/1436/8440 1385/1385/8439
f 1385/1385/8442 1977/1977/8442 2089/2089/8442
f 1385/1385/8443 1991/1991/8443 1977/1977/8443
f 1991/1991/8444 1719/1719/8445 1565/1565/8446
f 1719/1719/8445 1991/1991/8444 1692/1692/8447
f 1692/1692/8448 1569/1569/8448 1719/1719/8448
f 1720/1720/8449 1719/1719/8449 1569/1569/8449
f 1913/1913/8450 1720/1720/8450 1569/1569/8450
f 1913/1913/8451 1887/1887/8405 1720/1720/8452
f 1887/1887/8405 1886/1886/8453 1720/1720/8452
f 1720/1720/8452 1886/1886/8453 2137/2137/8454
f 2137/2137/8455 1652/1652/8455 1651/1651/8455
f 1651/1651/8456 2107/2107/8456 2137/2137/8456
f 2137/2137/8457 2075/2075/8458 2138/2138/8459
f 2137/2137/8457 2107/2107/8460 2075/2075/8458
