# Blender v3.4.1 OBJ File: 'FluidSim.blend'
# www.blender.org
mtllib Kuromi.mtl
o Cube
v 1.000000 1.000000 -1.000000
v 1.000000 -1.000000 -1.000000
v 1.000000 1.000000 1.000000
v 1.000000 -1.000000 1.000000
v -1.000000 1.000000 -1.000000
v -1.000000 -1.000000 -1.000000
v -1.000000 1.000000 1.000000
v -1.000000 -1.000000 1.000000
vn -0.0000 1.0000 -0.0000
vn -0.0000 -0.0000 1.0000
vn -1.0000 -0.0000 -0.0000
vn -0.0000 -1.0000 -0.0000
vn 1.0000 -0.0000 -0.0000
vn -0.0000 -0.0000 -1.0000
vt 0.625000 0.500000
vt 0.875000 0.500000
vt 0.875000 0.750000
vt 0.625000 0.750000
vt 0.375000 0.750000
vt 0.625000 1.000000
vt 0.375000 1.000000
vt 0.375000 0.000000
vt 0.625000 0.000000
vt 0.625000 0.250000
vt 0.375000 0.250000
vt 0.125000 0.500000
vt 0.375000 0.500000
vt 0.125000 0.750000
s 0
f 1/1/1 5/2/1 7/3/1 3/4/1
f 4/5/2 3/4/2 7/6/2 8/7/2
f 8/8/3 7/9/3 5/10/3 6/11/3
f 6/12/4 2/13/4 4/5/4 8/14/4
f 2/13/5 1/1/5 3/4/5 4/5/5
f 6/11/6 5/10/6 1/1/6 2/13/6
o Kuromi
v -0.465667 1.103481 0.086740
v -0.458388 1.182425 0.015725
v -0.465705 1.076801 0.020387
v -0.452251 1.096872 -0.090273
v -0.454318 1.049230 0.201849
v -0.456033 1.176148 0.129894
v -0.456758 1.029087 -0.072448
v -0.465784 1.006526 0.050765
v -0.453227 0.983938 0.191210
v -0.447097 0.963527 -0.099253
v -0.458506 0.955361 0.085828
v -0.451836 0.935860 -0.015951
v -0.438937 1.284262 0.021992
v -0.439889 1.254985 -0.030440
v -0.442699 1.242728 0.147207
v -0.451708 1.232855 0.071437
v -0.450901 1.170709 -0.053048
v -0.442902 1.107636 0.243247
v -0.426288 1.179690 -0.155548
v -0.442324 1.036859 -0.150980
v -0.439819 0.929156 0.210116
v -0.430340 0.910695 -0.122216
v -0.440673 0.889135 0.028023
v -0.441249 0.896758 0.125383
v -0.410375 1.329523 -0.061035
v -0.427163 1.325723 0.071766
v -0.411133 1.278418 -0.121873
v -0.423514 1.152252 0.294474
v -0.411087 1.297868 0.214397
v -0.423812 1.082738 -0.210893
v -0.428007 1.057946 0.317054
v -0.426650 0.994043 -0.203577
v -0.432897 0.977956 0.287747
v -0.409673 0.920451 0.323737
v -0.416427 0.870545 0.225447
v -0.403240 0.836047 -0.094471
v -0.420931 0.846060 0.106399
v -0.405026 1.374203 0.014182
v -0.406299 1.357066 0.141977
v -0.385382 1.252445 -0.216443
v -0.402082 1.241960 0.294312
v -0.407705 1.024221 -0.260282
v -0.410838 0.995672 0.362250
v -0.403399 0.941061 -0.243432
v -0.408665 0.883160 -0.166948
v -0.407692 0.822541 -0.004638
v -0.395083 0.814235 0.181324
v -0.397881 0.807903 0.117117
v -0.373988 1.403666 -0.061408
v -0.384119 1.416418 0.085603
v -0.369961 1.386870 0.217635
v -0.370542 1.339591 -0.167991
v -0.379585 1.261767 0.337003
v -0.389089 1.168165 -0.264694
v -0.398767 1.145082 0.367785
v -0.384083 1.100556 -0.301274
v -0.382197 1.061202 0.426829
v -0.372205 0.983246 -0.322878
v -0.376586 0.936477 0.409040
v -0.373517 0.891279 -0.266317
v -0.384608 0.842596 0.288515
v -0.374982 0.849935 -0.212804
v -0.361651 1.443755 -0.008729
v -0.346378 1.451263 0.165851
v -0.350815 1.375655 0.283305
v -0.361721 1.181269 0.425302
v -0.366465 1.036888 -0.340895
v -0.365345 1.007361 0.452595
v -0.368184 0.864409 0.361829
v -0.344243 0.792182 -0.175174
v -0.372437 0.796141 -0.100071
v -0.370051 0.774802 0.006352
v -0.337004 1.305874 0.382301
v -0.329261 1.317044 -0.272655
v -0.356320 1.214243 -0.302516
v -0.350297 1.119524 -0.353268
v -0.351929 0.937176 -0.334420
v -0.328462 0.843606 0.404797
v -0.350829 0.811762 0.316956
v -0.355606 0.763106 0.122739
v -0.334153 1.488040 0.056027
v -0.315235 1.463013 -0.115100
v -0.336180 1.391675 -0.181043
v -0.344308 1.122071 0.473221
v -0.334030 0.924371 0.465627
v -0.333789 0.878486 -0.318323
v -0.332598 0.834363 -0.273814
v -0.344445 0.779425 0.249112
v -0.337882 0.757338 -0.068212
v -0.323987 1.489601 -0.023168
v -0.304410 1.519190 0.099275
v -0.290994 1.474595 0.259789
v -0.280128 1.452098 -0.202209
v -0.314683 1.380237 0.346574
v -0.281982 1.400217 -0.264270
v -0.304729 1.227361 0.479007
v -0.314449 1.162395 -0.383675
v -0.321934 1.041971 0.512631
v -0.306795 0.999966 -0.411476
v -0.300888 0.917656 -0.384319
v -0.294665 0.805247 -0.285973
v -0.320251 0.746455 0.180246
v -0.317441 0.733578 0.052941
v -0.267340 1.422704 0.373465
v -0.285538 1.291810 -0.350567
v -0.301718 1.117676 0.525131
v -0.305795 1.070256 -0.415267
v -0.295776 0.996787 0.534747
v -0.293060 0.914640 0.503625
v -0.261240 0.845595 0.478498
v -0.280764 0.853475 -0.355160
v -0.297993 0.759715 0.293499
v -0.288881 1.535619 0.025517
v -0.288000 1.520767 0.158313
v -0.279635 1.341113 0.434645
v -0.279328 0.776780 0.366755
v -0.289399 0.754677 -0.180989
v -0.291900 0.731065 -0.045468
v -0.258750 1.529057 -0.102358
v -0.232943 1.394221 -0.330143
v -0.251350 1.294930 0.496274
v -0.248915 1.265015 -0.402804
v -0.248915 1.139708 -0.452646
v -0.252545 0.928644 -0.432780
v -0.265011 0.967772 0.552006
v -0.276841 0.810527 0.424288
v -0.252751 0.774472 -0.281692
v -0.281858 0.725842 0.136924
v -0.224368 1.554458 0.225241
v -0.241690 1.087166 0.580890
v -0.236055 1.152503 0.570977
v -0.250325 0.992742 -0.456689
v -0.252189 0.727961 0.241970
v -0.270319 0.719715 0.044250
v -0.240286 1.563412 0.156792
v -0.202269 1.496272 0.366068
v -0.223685 1.241637 0.547400
v -0.239882 1.060338 -0.469815
v -0.236231 1.034497 0.585021
v -0.229872 0.847022 -0.393647
v -0.207136 0.856397 0.529598
v -0.215519 0.722688 -0.182346
v -0.224969 0.730810 0.315931
v -0.201845 1.598808 0.000880
v -0.203508 1.573459 -0.103091
v -0.206804 1.598481 0.072797
v -0.205970 1.523002 -0.205205
v -0.185834 1.479322 -0.291803
v -0.204169 0.909509 0.567146
v -0.207900 0.794045 -0.351340
v -0.203763 0.806935 0.484080
v -0.217320 0.761570 0.405406
v -0.208672 0.741570 -0.256403
v -0.208374 0.715299 -0.070486
v -0.214695 0.715762 0.191996
v -0.186674 1.602973 0.141706
v -0.190386 1.398058 0.480161
v -0.187938 1.367952 -0.391275
v -0.183053 1.334131 0.529983
v -0.188296 1.270610 -0.447125
v -0.187372 0.969281 0.601041
v -0.204254 0.980187 -0.482268
v -0.182113 1.461987 0.427607
v -0.188481 1.113069 -0.494852
v -0.172011 1.071604 0.620765
v -0.189941 0.873197 -0.438554
v -0.145900 0.702177 -0.154216
v -0.185580 0.717128 0.068815
v -0.169291 0.709105 0.294954
v -0.162575 1.560441 0.308862
v -0.171805 1.053920 -0.507158
v -0.174000 1.008472 0.615099
v -0.167029 0.938902 -0.485010
v -0.156561 0.752933 -0.319956
v -0.168266 0.726740 0.367702
v -0.130770 1.551395 -0.248046
v -0.157888 1.198944 0.604389
v -0.151026 1.213860 -0.490352
v -0.130821 0.802809 -0.403102
v -0.148197 0.774685 0.474312
v -0.155541 0.715640 -0.232969
v -0.161682 0.714848 -0.005869
v -0.127611 1.606704 -0.134515
v -0.127546 1.629892 -0.044717
v -0.136904 1.609643 0.224074
v -0.131038 1.437321 -0.379654
v -0.126262 1.295996 0.584066
v -0.128737 0.862379 -0.453975
v -0.132498 0.818509 0.529649
v -0.137997 0.777983 -0.368690
v -0.145748 0.712803 0.143191
v -0.127178 1.637195 0.053098
v -0.124107 1.634528 0.129612
v -0.120623 1.528267 0.403046
v -0.103195 1.388437 -0.433380
v -0.105130 1.397471 0.539458
v -0.114207 1.143355 -0.522356
v -0.114393 1.143498 0.635249
v -0.133044 1.018393 -0.518170
v -0.129617 0.954881 0.617183
v -0.124918 0.878131 0.578501
v -0.068540 0.703614 0.189528
v -0.127903 0.700964 0.260060
v -0.116652 0.706471 0.333321
v -0.102424 1.589410 0.315765
v -0.092833 1.498249 -0.345797
v -0.093504 1.492236 0.465088
v -0.097891 1.291119 -0.486408
v -0.107309 1.019013 0.638317
v -0.105006 0.952915 -0.508859
v -0.120043 0.718380 -0.260466
v -0.092952 0.724665 0.401085
v -0.086225 0.704578 -0.082531
v -0.073966 1.588678 -0.227522
v -0.079374 1.270149 0.615129
v -0.075434 1.128574 -0.535868
v -0.079485 0.700982 -0.196483
v -0.091515 0.698998 -0.018788
v -0.075020 0.687973 0.071884
v -0.073373 1.645120 0.168322
v -0.071535 1.621351 0.263991
v -0.067395 1.228694 -0.518304
v -0.071262 1.097972 0.650819
v -0.071928 1.035957 -0.534192
v -0.062901 0.901382 -0.488541
v -0.103817 0.777121 0.489724
v -0.052875 0.752437 -0.345959
v -0.079436 0.731857 -0.304317
v -0.065647 1.653597 -0.000311
v -0.046318 1.659169 0.092035
v -0.075777 1.618214 -0.155857
v -0.048655 1.643119 -0.092639
v -0.048304 1.557858 0.405609
v -0.063665 1.364989 0.576392
v -0.048071 1.218586 0.639408
v -0.048932 0.981488 0.637860
v -0.033342 0.932070 0.619233
v -0.040979 0.868540 0.580864
v -0.050867 0.804775 0.525283
v -0.055746 0.712921 -0.253489
v -0.072071 0.701487 0.298954
v -0.042826 1.549815 -0.305942
v -0.035130 1.431193 -0.430876
v -0.036391 1.488725 0.495020
v -0.037783 1.341743 -0.484460
v -0.036881 1.111340 -0.542937
v -0.017774 1.042173 0.652925
v -0.028028 0.829140 -0.435723
v -0.020027 0.785673 -0.390831
v -0.057679 0.732152 0.419571
v -0.026076 0.752079 0.458371
v -0.041126 0.710733 0.353867
v -0.019161 1.663294 0.041771
v -0.014871 1.641530 0.232864
v -0.019607 1.589015 0.365072
v -0.031385 1.498897 -0.372056
v -0.015916 0.985946 -0.527755
v -0.037014 0.704689 -0.101000
v 0.006527 0.710512 0.249527
v -0.020236 0.682246 0.008986
v 0.002389 1.624934 -0.177951
v 0.003554 1.402080 0.572774
v -0.000721 1.161828 0.655975
v -0.017532 1.086190 0.656659
v 0.006601 0.878446 -0.472210
v 0.001876 0.733440 -0.302861
v -0.018422 0.703634 0.211995
v -0.008141 0.679951 0.095119
v -0.008121 1.659274 -0.026835
v 0.011367 1.658245 0.158940
v 0.004116 1.612113 0.321103
v -0.002027 1.576803 -0.276856
v -0.000765 1.355111 0.597839
v 0.009055 1.293649 0.626059
v 0.006537 1.297396 -0.511253
v 0.001127 1.224153 -0.532866
v 0.010293 0.847170 0.562002
v 0.013109 0.730735 0.405876
v 0.019831 1.531156 -0.346839
v 0.023022 1.471463 -0.409835
v 0.025733 1.463925 0.529998
v 0.042143 1.074329 -0.542481
v 0.036465 0.786678 0.497190
v 0.046415 0.717011 -0.216972
v 0.047914 0.717210 0.331173
v 0.039151 1.648088 -0.100430
v 0.045997 1.537629 0.453996
v 0.033611 1.389721 -0.469815
v 0.040146 1.243284 0.643613
v 0.038831 1.159950 -0.543809
v 0.034256 0.980066 0.635228
v 0.038093 0.977685 -0.520932
v 0.053181 0.937910 -0.502099
v 0.118629 0.727541 -0.236024
v 0.039892 0.684579 0.139057
v 0.073315 1.662100 -0.002174
v 0.078275 1.663393 0.081751
v 0.052006 1.640168 0.243355
v 0.071606 1.106518 0.656030
v 0.068895 0.849168 -0.441060
v 0.071229 0.779618 -0.367110
v 0.103205 0.719208 0.325292
v 0.020939 0.710370 -0.132349
v 0.047093 0.681843 -0.013488
v 0.081590 1.653629 -0.061496
v 0.092957 1.607436 0.327780
v 0.057704 1.588811 -0.259453
v 0.057619 1.580186 0.387547
v 0.064409 1.262341 -0.525508
v 0.085413 1.207147 0.649171
v 0.090938 0.925926 0.601701
v 0.069797 0.850345 0.554729
v 0.089142 0.705001 0.219524
v 0.076178 0.680023 0.055253
v 0.104517 1.546908 -0.321847
v 0.078532 1.477355 0.517749
v 0.079689 1.417196 -0.453017
v 0.084844 1.330547 0.613562
v 0.084105 1.343612 -0.494073
v 0.114212 1.032278 -0.524986
v 0.101117 1.006036 0.633534
v 0.087580 0.902713 -0.474985
v 0.100071 0.761278 0.439370
v 0.105224 0.741767 -0.283991
v 0.090195 1.654471 0.159484
v 0.091381 1.627401 -0.160841
v 0.112097 1.482851 -0.396099
v 0.102808 1.410075 0.569263
v 0.086946 1.162667 -0.541048
v 0.110337 0.703627 -0.093330
v 0.091293 0.685567 -0.012757
v 0.100528 0.686528 0.125919
v 0.116632 1.540175 0.441454
v 0.122349 1.261165 -0.519713
v 0.142438 1.073895 0.639938
v 0.120825 0.818740 0.507654
v 0.104324 0.778272 -0.350788
v 0.124664 0.739712 0.378594
v 0.119055 0.716241 -0.182864
v 0.130298 1.629830 0.247156
v 0.128481 1.588022 -0.242506
v 0.135796 1.256245 0.631556
v 0.140015 1.109585 -0.531220
v 0.124643 0.971743 -0.501374
v 0.149261 1.461105 0.520007
v 0.144680 1.433956 0.544249
v 0.136111 1.409433 -0.451204
v 0.145590 1.347687 0.596624
v 0.147401 1.318558 -0.495703
v 0.160554 1.146193 0.640287
v 0.160066 0.901542 0.563333
v 0.145467 0.832728 -0.397956
v 0.155280 0.709912 0.204398
v 0.156761 1.635573 -0.088011
v 0.182317 1.643317 0.020177
v 0.172527 1.643660 0.123280
v 0.157380 1.606630 -0.183532
v 0.171836 1.584369 0.340519
v 0.176624 1.505342 -0.349314
v 0.156682 1.209785 -0.522386
v 0.155426 0.908133 -0.457055
v 0.165631 0.734487 0.325980
v 0.168373 0.697066 0.015343
v 0.152410 0.694509 0.106728
v 0.186956 1.628610 0.192475
v 0.193515 0.981089 0.596226
v 0.173461 0.778937 -0.309966
v 0.188025 0.820495 0.472271
v 0.176647 0.772331 0.407031
v 0.180710 0.723930 -0.140421
v 0.189368 1.533046 0.418365
v 0.205187 1.346014 -0.464486
v 0.183338 1.286985 0.608992
v 0.197896 0.980415 -0.480380
v 0.213510 0.876812 0.517282
v 0.215671 1.607175 0.238496
v 0.206696 1.589369 -0.189099
v 0.222775 1.539315 -0.273905
v 0.214238 1.491790 0.457173
v 0.198847 1.434841 -0.408940
v 0.215503 1.371505 0.559607
v 0.222121 1.259986 -0.489138
v 0.188893 1.208317 0.625512
v 0.204536 1.189180 -0.508792
v 0.215209 1.130074 -0.505776
v 0.199012 1.049158 -0.502850
v 0.215212 0.757465 -0.216871
v 0.215990 0.722643 0.181337
v 0.224941 1.067914 0.608060
v 0.222189 0.879908 -0.401173
v 0.231004 0.832191 -0.340989
v 0.215443 0.711587 0.065648
v 0.235906 1.614284 -0.061748
v 0.222385 1.570894 0.327509
v 0.236323 1.451013 0.486609
v 0.238644 1.250610 0.596003
v 0.249741 1.086894 -0.485003
v 0.247784 0.955951 -0.442329
v 0.237552 0.938930 0.550242
v 0.233558 0.806929 0.414553
v 0.265388 0.818821 -0.288629
v 0.233528 0.733113 -0.091254
v 0.250141 1.611012 0.152568
v 0.269622 1.365878 -0.418850
v 0.257326 1.326831 0.559151
v 0.253475 1.284948 -0.464384
v 0.245451 1.182490 0.603395
v 0.275158 0.812097 0.379559
v 0.300364 0.779366 0.259564
v 0.264402 0.748884 0.215587
v 0.265907 1.610931 0.069672
v 0.280418 1.542266 -0.211234
v 0.268047 1.522253 0.373407
v 0.259108 1.476765 -0.330085
v 0.274850 1.422930 -0.372115
v 0.265001 1.185248 -0.478583
v 0.264904 1.027799 -0.462682
v 0.255676 1.011367 0.575864
v 0.272578 0.735469 0.022834
v 0.283466 0.745133 0.135593
v 0.276791 1.577406 -0.126455
v 0.276807 1.565382 0.275278
v 0.289177 1.377957 0.509380
v 0.276856 1.087701 0.581628
v 0.282313 0.930240 -0.400218
v 0.282713 0.867261 0.451847
v 0.292058 1.595557 0.014673
v 0.305027 1.571779 0.203163
v 0.317813 1.473459 0.393085
v 0.315487 1.415132 0.458729
v 0.306477 1.246013 -0.440337
v 0.302634 1.247880 0.555927
v 0.286877 1.177682 0.577979
v 0.302303 0.995506 0.536982
v 0.304649 0.926361 0.491125
v 0.307086 0.886972 -0.337801
v 0.295043 0.769114 -0.119253
v 0.321089 1.571574 -0.040924
v 0.331350 1.536668 -0.143394
v 0.324005 1.479277 -0.263540
v 0.311261 1.146542 -0.448297
v 0.309517 0.987249 -0.413000
v 0.322353 0.814741 -0.199667
v 0.312498 0.810642 0.319724
v 0.328445 1.574065 0.081773
v 0.331596 1.524833 0.284652
v 0.329916 1.442610 -0.302556
v 0.332229 1.329583 0.503453
v 0.333356 1.305866 -0.399930
v 0.326523 1.097587 0.546284
v 0.316166 1.044549 -0.431123
v 0.326993 0.770935 -0.019763
v 0.334369 1.375582 -0.360239
v 0.340211 0.856686 -0.252114
v 0.339346 0.882206 0.404746
v 0.339751 0.794683 -0.106799
v 0.348853 0.781216 0.077060
v 0.362451 1.545740 0.119854
v 0.373098 1.493096 -0.163765
v 0.373021 1.482261 0.297604
v 0.369793 1.392803 0.420029
v 0.359993 1.243570 -0.396311
v 0.349571 1.181174 0.528269
v 0.359926 1.074433 -0.399102
v 0.362583 1.041505 0.499336
v 0.355828 0.959753 -0.349056
v 0.367604 0.845897 0.298976
v 0.366586 0.808676 0.190320
v 0.375831 1.520464 0.190993
v 0.380952 1.521154 -0.056132
v 0.392968 1.380167 -0.286742
v 0.386870 1.266281 0.476803
v 0.376744 1.151378 -0.391016
v 0.397595 1.033107 -0.343587
v 0.370518 0.962697 0.447280
v 0.380931 0.920512 -0.279427
v 0.387829 0.812743 0.023150
v 0.396827 1.520018 0.046121
v 0.405506 1.417446 -0.227626
v 0.396760 1.415513 0.356912
v 0.385735 0.861986 -0.181479
v 0.394132 1.304756 -0.338533
v 0.415979 1.317317 0.415530
v 0.403707 1.202293 0.471081
v 0.410385 1.129798 0.468051
v 0.412394 0.916781 0.334070
v 0.405612 0.840547 -0.064869
v 0.423735 1.448107 -0.137365
v 0.437050 1.341007 -0.251091
v 0.416496 1.197701 -0.343987
v 0.427473 1.104320 -0.328895
v 0.419318 1.055251 0.438705
v 0.426099 1.003127 -0.284755
v 0.417596 0.976092 0.389964
v 0.422675 0.868272 0.209828
v 0.415773 0.841722 0.115971
v 0.434887 1.472484 0.129304
v 0.441475 1.452426 -0.062550
v 0.427273 1.451528 0.230695
v 0.444638 1.413501 0.260857
v 0.441134 1.263013 -0.292302
v 0.437347 0.940658 -0.202630
v 0.447447 0.917389 0.255305
v 0.440834 1.469250 0.022905
v 0.469570 1.418604 0.156164
v 0.447369 1.363369 0.323609
v 0.444453 1.236501 0.407616
v 0.459153 1.131307 0.395975
v 0.443208 1.070006 -0.294715
v 0.447433 0.912125 -0.130027
v 0.464923 1.002904 0.327683
v 0.465059 0.998592 -0.208634
v 0.458933 0.903597 -0.058058
v 0.455508 0.886082 0.018676
v 0.467638 0.902546 0.104250
v 0.478946 1.409153 -0.014509
v 0.462919 1.371604 -0.162369
v 0.476637 1.389251 -0.087359
v 0.484453 1.291034 0.305338
v 0.479928 1.281450 -0.207142
v 0.474087 1.242953 0.352947
v 0.476887 1.162476 -0.251925
v 0.475911 1.082647 0.355053
v 0.481437 1.075010 -0.227976
v 0.477545 0.935759 0.184938
v 0.491868 1.395008 0.043657
v 0.497934 1.349054 0.196642
v 0.493533 1.308198 -0.152483
v 0.490010 1.213219 -0.215578
v 0.494882 0.999930 0.243136
v 0.497980 0.991685 -0.108773
v 0.486186 0.956901 -0.083368
v 0.510996 1.332048 -0.050829
v 0.496422 1.160183 0.323166
v 0.500268 1.055498 0.285010
v 0.499228 1.040556 -0.161909
v 0.501098 0.954782 0.038816
v 0.514894 1.341177 0.096965
v 0.511293 1.284634 0.228596
v 0.513853 1.224424 -0.147778
v 0.514395 1.200158 0.268637
v 0.512580 1.151546 -0.169735
v 0.519110 1.110163 0.256844
v 0.516251 1.110340 -0.153085
v 0.520511 1.038212 0.190033
v 0.516409 0.993138 0.007835
v 0.520994 0.999939 0.092061
v 0.536870 1.280918 0.048542
v 0.532426 1.282473 0.127656
v 0.520887 1.277759 -0.083424
v 0.527630 1.070870 -0.082287
v 0.538985 1.253278 -0.012277
v 0.537099 1.227946 0.165573
v 0.543490 1.201290 -0.035507
v 0.531056 1.177975 0.213606
v 0.538699 1.160242 -0.067731
v 0.542270 1.084703 0.114874
v 0.543589 1.073059 0.035236
v 0.550680 1.200299 0.063237
v 0.548304 1.152223 0.123364
v 0.550363 1.128182 0.027881
v -0.341464 0.528883 -0.068026
v -0.343276 0.566509 -0.046673
v -0.357710 0.525145 -0.089180
v -0.333694 0.574469 -0.024869
v -0.332730 0.554817 -0.043085
v -0.321095 0.570808 -0.016963
v -0.333302 0.511959 -0.084681
v -0.332612 0.503721 -0.090651
v -0.329746 0.511132 -0.089205
v -0.332614 0.503719 0.203701
v -0.333327 0.511966 0.197761
v -0.329741 0.511131 0.202254
v -0.270316 0.585575 -0.137658
v -0.303335 0.544113 -0.135386
v -0.291020 0.573280 -0.140740
v -0.301366 0.553020 0.250674
v -0.270593 0.587080 0.252800
v -0.290162 0.574928 0.253971
v -0.254775 0.569050 0.437803
v -0.249575 0.567596 0.469398
v -0.249131 0.587661 0.409468
v -0.199509 0.635371 0.213058
v -0.217429 0.641093 0.174909
v -0.173359 0.663069 0.206342
v -0.190393 0.538367 0.488860
v -0.220749 0.518147 0.505588
v -0.227940 0.509461 0.502235
v -0.175181 0.753540 0.040840
v -0.134389 0.766341 -0.043677
v -0.172281 0.773210 -0.002971
v -0.133492 0.757602 0.157643
v -0.108088 0.774644 0.217160
v -0.143383 0.739234 0.200500
v -0.109762 0.805125 -0.166221
v -0.089803 0.789042 -0.159281
v -0.111925 0.777956 -0.174501
v -0.073046 0.608503 -0.308482
v -0.093051 0.595272 -0.306402
v -0.102819 0.597560 -0.326724
v -0.090268 0.598853 0.428137
v -0.035773 0.619236 0.390699
v -0.070450 0.614643 0.419645
v -0.052538 0.678361 0.277138
v -0.045195 0.667478 0.268467
v -0.086845 0.669433 0.250671
v -0.037255 0.627891 -0.284550
v 0.016760 0.628901 -0.258479
v -0.038585 0.615923 -0.275283
v 0.165428 0.774854 -0.095594
v 0.185491 0.766411 -0.048734
v 0.188401 0.795253 -0.092921
v 0.189262 0.765207 0.155147
v 0.165443 0.779960 0.213716
v 0.190152 0.793338 0.198759
v 0.202382 0.698443 -0.120246
v 0.195679 0.695311 -0.130023
v 0.208096 0.676653 -0.107070
v 0.209372 0.769236 0.283964
v 0.188231 0.791150 0.285951
v 0.182145 0.773362 0.289861
v 0.208986 0.754881 0.107907
v 0.206185 0.784093 0.162134
v 0.207455 0.754660 0.000926
v 0.236592 0.749300 0.055913
v 0.232949 0.767224 0.014689
v 0.233168 0.744748 0.057503
v 0.234982 0.764007 0.089424
v 0.222404 0.778542 0.135829
v 0.227620 0.761666 0.214038
v 0.238194 0.766270 0.113767
v 0.309412 0.657130 0.184424
v 0.284566 0.675797 0.201858
v 0.288492 0.651806 0.247822
v 0.297244 0.602347 0.343566
v 0.296110 0.587119 0.402466
v 0.299360 0.574909 0.405148
v 0.306161 0.553188 0.443868
v 0.307776 0.572152 0.445581
v 0.314042 0.554281 -0.349403
v 0.306288 0.567069 -0.315346
v 0.314487 0.534055 -0.362276
v 0.349770 0.564911 -0.135070
v 0.325413 0.585465 -0.134694
v 0.336657 0.592155 -0.139516
v 0.362866 0.543095 0.251007
v 0.379263 0.494720 0.241371
v 0.379557 0.528059 0.250024
v 0.374254 0.550779 -0.058071
v 0.391589 0.511423 -0.083377
v 0.386472 0.559255 -0.034078
v 0.383846 0.493702 0.249154
v 0.384937 0.501409 0.248902
v 0.382592 0.566928 0.135988
v 0.379450 0.598065 0.107604
v 0.393218 0.585801 0.143629
v -0.346075 0.561346 0.187299
v -0.346920 0.556493 0.173610
v -0.358086 0.525180 0.201088
v -0.343861 0.566848 -0.072568
v -0.351245 0.531381 -0.113856
v -0.353979 0.531673 -0.104509
v -0.352758 0.517255 0.195707
v -0.359178 0.525680 -0.103411
v -0.358644 0.525136 0.216460
v -0.354151 0.531763 0.217535
v -0.359950 0.516921 -0.085536
v -0.352929 0.517110 -0.082277
v -0.359950 0.516921 0.198587
v -0.335289 0.554174 0.155955
v -0.351753 0.531405 0.227030
v -0.343131 0.524225 -0.133139
v -0.351394 0.521166 -0.134852
v -0.352054 0.527129 -0.122260
v -0.351530 0.521764 0.248321
v -0.342842 0.525322 0.246597
v -0.338955 0.508213 -0.082559
v -0.354329 0.507866 -0.081650
v -0.339910 0.508427 0.196078
v -0.354329 0.507866 0.194701
v -0.328651 0.600315 0.129881
v -0.336493 0.581591 0.143045
v -0.320812 0.599713 0.185555
v -0.329475 0.598425 -0.016031
v -0.329893 0.565048 0.140226
v -0.312341 0.579458 -0.125317
v -0.338982 0.516564 -0.135856
v -0.345138 0.515343 -0.138871
v -0.338332 0.517056 0.248927
v -0.345138 0.515343 0.251922
v -0.327522 0.590194 -0.003338
v -0.324980 0.588581 0.114249
v -0.328242 0.565454 0.139890
v -0.308864 0.578697 0.242865
v -0.315386 0.556770 -0.134817
v -0.321842 0.549314 0.168413
v -0.329388 0.501045 0.249183
v -0.340981 0.497308 0.254012
v -0.338101 0.498996 -0.144091
v -0.330064 0.500862 -0.135879
v -0.320048 0.606827 -0.050976
v -0.309372 0.620734 0.038546
v -0.306694 0.610743 0.041473
v -0.306497 0.610956 0.071146
v -0.312087 0.618197 0.081953
v -0.304028 0.602049 -0.105713
v -0.318263 0.565097 0.138438
v -0.320546 0.539007 -0.072378
v -0.317016 0.534028 -0.137107
v -0.327009 0.508712 0.208990
v -0.327120 0.508743 -0.095952
v -0.327845 0.499972 -0.103665
v -0.330088 0.500962 -0.096869
v -0.327978 0.500127 0.216832
v -0.330084 0.500967 0.209924
v -0.324898 0.495113 0.232001
v -0.329175 0.492287 -0.136965
v -0.324650 0.494780 -0.127678
v -0.326880 0.492043 0.216040
v -0.324521 0.494724 0.240767
v -0.329173 0.492297 0.250022
v -0.304395 0.631671 0.000803
v -0.308974 0.626750 0.118629
v -0.311141 0.587307 0.108056
v -0.270603 0.616353 0.251253
v -0.317543 0.559811 -0.040970
v -0.286178 0.563387 -0.118198
v -0.324962 0.495348 -0.119008
v -0.327094 0.492095 -0.103054
v -0.323328 0.485137 -0.117956
v -0.323680 0.484975 -0.126373
v -0.323677 0.484981 0.239428
v -0.323312 0.485162 0.231026
v -0.296139 0.608319 0.066667
v -0.302313 0.605373 0.036091
v -0.296433 0.593307 0.111015
v -0.295710 0.547548 0.234729
v -0.291223 0.625833 -0.078212
v -0.292216 0.625562 0.189657
v -0.305220 0.611427 0.056460
v -0.262874 0.611343 -0.154898
v -0.293448 0.596062 0.003133
v -0.279948 0.593744 0.170659
v -0.275665 0.576716 0.229769
v -0.284289 0.612893 0.053611
v -0.278341 0.596576 -0.141417
v -0.283374 0.588476 -0.063982
v -0.277216 0.594496 0.255430
v -0.263395 0.662506 0.002053
v -0.257797 0.653673 -0.062559
v -0.261046 0.665134 0.108256
v -0.255079 0.639160 -0.118662
v -0.236887 0.689172 0.013504
v -0.261647 0.626203 0.032374
v -0.228182 0.647234 -0.019510
v -0.259153 0.599435 0.270912
v -0.257227 0.644973 0.210591
v -0.231791 0.654542 0.037757
v -0.254396 0.600528 -0.161018
v -0.249861 0.599092 -0.118543
v -0.246080 0.599582 0.239590
v -0.249928 0.617054 -0.180910
v -0.226515 0.646255 0.141641
v -0.229562 0.635439 -0.053053
v -0.250199 0.610976 0.299500
v -0.253363 0.591883 0.377110
v -0.242980 0.610577 0.355406
v -0.245867 0.612740 -0.216352
v -0.253802 0.586954 -0.270228
v -0.247314 0.595927 -0.194509
v -0.247922 0.599235 0.293362
v -0.248791 0.592751 0.324946
v -0.254150 0.570833 -0.326183
v -0.254382 0.552261 -0.341503
v -0.247875 0.569270 -0.290270
v -0.260538 0.557596 0.482991
v -0.258646 0.555955 0.458794
v -0.265740 0.549974 -0.371427
v -0.266662 0.551014 0.484006
v -0.267654 0.542637 -0.367759
v -0.264829 0.542384 -0.363559
v -0.252494 0.545356 0.458366
v -0.264829 0.542384 0.476611
v -0.267654 0.542637 0.480810
v -0.259469 0.537358 -0.367939
v -0.259469 0.537358 0.480990
v -0.220393 0.662620 0.097292
v -0.216262 0.637280 0.318484
v -0.240599 0.623044 0.308030
v -0.249692 0.596750 -0.268745
v -0.237799 0.601150 -0.148253
v -0.260655 0.557823 -0.369842
v -0.248326 0.567015 0.410546
v -0.251667 0.561042 -0.386769
v -0.258974 0.561362 -0.387409
v -0.258974 0.561362 0.500460
v -0.251564 0.561319 0.499739
v -0.251690 0.526591 -0.364436
v -0.251247 0.526402 0.476715
v -0.258517 0.525000 -0.364187
v -0.258517 0.525000 0.477238
v -0.224888 0.706473 0.058193
v -0.234006 0.690168 0.112994
v -0.226411 0.624250 -0.085517
v -0.246142 0.564372 -0.368887
v -0.241313 0.592477 -0.190543
v -0.232019 0.599498 0.279841
v -0.238365 0.583828 0.329166
v -0.251818 0.561220 -0.395199
v -0.239243 0.557575 -0.316198
v -0.244548 0.519186 -0.370696
v -0.252671 0.518028 -0.366734
v -0.244436 0.519489 0.483887
v -0.252671 0.518028 0.479785
v -0.212186 0.686351 -0.096963
v -0.210170 0.687358 0.213086
v -0.214964 0.670391 -0.142468
v -0.235341 0.615132 -0.238153
v -0.215115 0.616496 0.234786
v -0.225497 0.584405 0.454482
v -0.236206 0.555497 -0.394078
v -0.235315 0.558016 0.426274
v -0.215519 0.564645 0.488736
v -0.235773 0.556923 0.507258
v -0.251290 0.562522 0.508068
v -0.220216 0.554997 0.438239
v -0.236471 0.509730 -0.380259
v -0.244502 0.508669 -0.374411
v -0.236380 0.509682 0.493201
v -0.244502 0.508669 0.487463
v -0.207970 0.723924 0.111999
v -0.218724 0.669542 0.248260
v -0.212218 0.639651 -0.205851
v -0.220216 0.589271 -0.332939
v -0.214678 0.597746 -0.186442
v -0.218141 0.575903 -0.245618
v -0.218268 0.575514 0.359741
v -0.226963 0.547420 -0.399257
v -0.235758 0.555276 -0.402146
v -0.227255 0.548154 0.512550
v -0.235758 0.555276 0.515197
v -0.214387 0.557480 -0.322088
v -0.228086 0.509574 -0.389357
v -0.235745 0.503422 -0.386079
v -0.235746 0.503422 0.499130
v -0.200431 0.732803 -0.012271
v -0.201177 0.689367 0.044243
v -0.201765 0.623852 -0.118693
v -0.190331 0.585132 -0.353303
v -0.210619 0.560892 -0.379290
v -0.224001 0.530365 -0.402304
v -0.221964 0.540807 -0.399472
v -0.220501 0.518074 -0.392471
v -0.224890 0.518337 -0.400755
v -0.206091 0.527059 -0.373807
v -0.224088 0.532986 0.514516
v -0.227325 0.518663 0.512944
v -0.209866 0.524312 -0.384709
v -0.228086 0.509574 -0.389357
v -0.226692 0.510392 -0.394775
v -0.190235 0.690269 -0.140970
v -0.186505 0.693557 0.254605
v -0.184769 0.675582 0.294234
v -0.181132 0.658509 -0.088660
v -0.189678 0.554947 0.491641
v -0.190505 0.537778 -0.376276
v -0.172806 0.557775 -0.341445
v -0.227161 0.510841 0.507580
v -0.184996 0.764438 0.007132
v -0.196219 0.747130 0.061135
v -0.195922 0.728956 0.161342
v -0.190429 0.721541 -0.090344
v -0.184346 0.699118 -0.016785
v -0.185633 0.694692 0.137934
v -0.189399 0.673058 -0.057584
v -0.175893 0.631414 -0.259294
v -0.161824 0.616221 -0.306317
v -0.169670 0.616331 0.411950
v -0.189235 0.553379 -0.378755
v -0.222592 0.540910 0.512004
v -0.175361 0.727692 0.240917
v -0.177373 0.723209 0.074221
v -0.166270 0.690662 0.192415
v -0.182112 0.672950 -0.188377
v -0.153204 0.607186 0.443257
v -0.170378 0.558098 0.456888
v -0.185708 0.751273 0.057422
v -0.180819 0.764408 0.027330
v -0.184218 0.764920 0.113619
v -0.179210 0.720758 -0.125088
v -0.170826 0.640198 -0.118503
v -0.139891 0.632477 0.405742
v -0.158623 0.624396 -0.158428
v -0.167694 0.573526 -0.365957
v -0.143430 0.594828 -0.266299
v -0.179760 0.764385 0.021595
v -0.179925 0.762592 0.082746
v -0.173057 0.761017 -0.098884
v -0.180722 0.761878 0.031710
v -0.171859 0.761197 0.217300
v -0.157625 0.729645 -0.153160
v -0.177787 0.729618 0.052395
v -0.170393 0.690033 -0.163151
v -0.169111 0.703442 -0.148824
v -0.173572 0.690119 0.272378
v -0.163070 0.708340 0.262285
v -0.136761 0.633861 0.267009
v -0.135131 0.625728 0.287749
v -0.144342 0.594405 0.379611
v -0.159769 0.578878 0.474360
v -0.170522 0.570847 0.480688
v -0.157595 0.783697 -0.058457
v -0.170750 0.776052 -0.017498
v -0.171721 0.774177 -0.007573
v -0.171423 0.773704 0.115677
v -0.164090 0.780370 0.153590
v -0.174120 0.746085 0.067213
v -0.163363 0.752359 -0.148499
v -0.162009 0.743156 0.030054
v -0.159573 0.726363 0.264597
v -0.156218 0.731715 -0.042789
v -0.161435 0.701370 -0.080072
v -0.142606 0.668981 -0.235973
v -0.168967 0.558457 0.477377
v -0.163835 0.560406 -0.357029
v -0.149732 0.782882 0.160868
v -0.146748 0.792744 0.190003
v -0.157104 0.768085 -0.161794
v -0.160182 0.748138 0.086525
v -0.164274 0.749953 0.029907
v -0.157880 0.767575 0.272663
v -0.146185 0.751725 -0.013447
v -0.166584 0.738001 0.030265
v -0.155037 0.745180 0.105018
v -0.158161 0.727234 0.159863
v -0.132730 0.684629 -0.209875
v -0.156200 0.658709 -0.110503
v -0.139554 0.672240 0.346743
v -0.115358 0.586571 0.425098
v -0.139230 0.573085 -0.332099
v -0.145217 0.792504 -0.090971
v -0.151291 0.768649 -0.173001
v -0.151509 0.757796 0.116685
v -0.148622 0.763376 0.285202
v -0.147676 0.772864 0.286657
v -0.153169 0.698020 -0.145106
v -0.152729 0.701675 0.254565
v -0.148512 0.688621 -0.155473
v -0.151005 0.690569 0.269197
v -0.150103 0.680232 0.221844
v -0.145214 0.654565 0.231925
v -0.128556 0.605219 -0.336517
v -0.158074 0.571137 0.473286
v -0.144851 0.577634 -0.353095
v -0.144669 0.573026 0.462543
v -0.147964 0.791204 -0.072132
v -0.149182 0.788856 -0.063230
v -0.123968 0.807288 -0.135500
v -0.121622 0.808132 -0.154310
v -0.125782 0.805939 0.248597
v -0.147392 0.776367 0.287515
v -0.146728 0.733035 0.268926
v -0.138299 0.737445 -0.155306
v -0.141288 0.740697 -0.092148
v -0.148167 0.710626 -0.139317
v -0.140538 0.727090 -0.118906
v -0.141860 0.726884 0.227994
v -0.146759 0.689523 0.237112
v -0.130176 0.688077 -0.181582
v -0.150918 0.689964 -0.109150
v -0.123928 0.630126 -0.306923
v -0.131337 0.798672 -0.102355
v -0.135849 0.793569 -0.083551
v -0.134633 0.795324 0.202765
v -0.139122 0.782788 -0.173818
v -0.128320 0.771994 -0.058603
v -0.142880 0.778753 -0.174889
v -0.128817 0.756020 -0.173247
v -0.135397 0.755124 -0.040697
v -0.133685 0.757351 0.286430
v -0.133380 0.739656 0.259622
v -0.134571 0.680339 -0.135076
v -0.132277 0.667710 -0.121258
v -0.141173 0.687083 0.265083
v -0.119581 0.682977 0.337665
v -0.130294 0.672630 0.236376
v -0.126870 0.630874 -0.162543
v -0.116117 0.654442 0.243881
v -0.113206 0.622332 0.432932
v -0.143010 0.579414 0.464417
v -0.123350 0.593094 0.454158
v -0.123448 0.582085 0.448972
v -0.129552 0.767126 0.163030
v -0.129231 0.760877 -0.055180
v -0.115600 0.757658 -0.166401
v -0.119130 0.650120 -0.134251
v -0.105225 0.609685 -0.242771
v -0.099341 0.625382 0.308205
v -0.111861 0.615136 0.336234
v -0.115197 0.604904 0.447179
v -0.116784 0.583492 -0.322637
v -0.124668 0.806230 -0.130729
v -0.122305 0.802339 0.232025
v -0.110850 0.809642 0.277282
v -0.107651 0.773555 0.286348
v -0.133212 0.760662 -0.042781
v -0.112010 0.763201 0.285339
v -0.111248 0.773727 -0.094048
v -0.091901 0.687263 0.317150
v -0.113148 0.676403 -0.239658
v -0.108745 0.620167 -0.208991
v -0.102491 0.609373 0.357208
v -0.114479 0.603271 -0.334627
v -0.111129 0.810493 -0.147157
v -0.112507 0.775673 0.205292
v -0.126840 0.767647 -0.058055
v -0.120234 0.769238 0.190240
v -0.120840 0.769344 0.188412
v -0.090329 0.685282 -0.194254
v -0.084418 0.675179 -0.143541
v -0.102845 0.659043 0.386327
v -0.098580 0.625360 -0.182041
v -0.105164 0.788211 -0.120179
v -0.111888 0.763411 -0.172165
v -0.111935 0.763337 -0.172150
v -0.089336 0.785874 -0.152994
v -0.105336 0.776387 -0.117139
v -0.108424 0.775247 0.218389
v -0.089610 0.785625 0.269481
v -0.111125 0.762680 0.285439
v -0.083624 0.676000 0.259159
v -0.080364 0.663641 -0.271610
v -0.083618 0.630301 0.275542
v -0.090019 0.793790 -0.152750
v -0.110323 0.811265 -0.158830
v -0.090478 0.794598 0.267015
v -0.100841 0.784254 0.236323
v -0.103383 0.784200 0.230197
v -0.097218 0.789046 0.279480
v -0.060939 0.664395 -0.146527
v -0.080045 0.652743 -0.139532
v -0.070901 0.632751 -0.158692
v -0.048525 0.610493 0.378699
v -0.103974 0.782838 -0.119567
v -0.100608 0.784143 0.238563
v -0.075100 0.688059 -0.214418
v -0.074339 0.685269 0.342216
v -0.061038 0.672566 0.374747
v -0.061040 0.655310 0.258250
v -0.075781 0.638804 -0.298826
v -0.065696 0.640386 -0.150391
v -0.087240 0.620918 -0.315174
v -0.084854 0.619935 0.427602
v -0.066985 0.604641 -0.279711
v -0.089607 0.786050 -0.152899
v -0.062895 0.641969 0.262531
v -0.043031 0.633533 -0.174082
v -0.033639 0.615244 -0.256609
v -0.049564 0.679779 -0.167834
v -0.052220 0.656363 0.392417
v -0.072071 0.616831 0.360630
v -0.018931 0.695539 0.324217
v -0.023813 0.691181 -0.248994
v -0.016681 0.655101 -0.213808
v -0.032404 0.647094 -0.201234
v -0.018258 0.653795 0.330993
v -0.043697 0.633592 0.284489
v -0.058195 0.619411 -0.248506
v -0.012000 0.696390 -0.204928
v -0.040117 0.662230 -0.274694
v -0.018955 0.652560 0.320342
v -0.034367 0.632312 0.396775
v -0.040149 0.645959 0.396095
v -0.021915 0.691279 0.362875
v -0.027218 0.644546 -0.161848
v -0.020009 0.647074 -0.231127
v -0.027625 0.641558 -0.280738
v -0.019008 0.646502 0.344846
v -0.033795 0.617406 0.364536
v -0.000820 0.671234 -0.174775
v -0.017922 0.637696 0.302694
v -0.003529 0.692539 0.304877
v -0.002742 0.692533 -0.228448
v 0.005164 0.651383 0.288865
v 0.002719 0.625419 -0.241177
v -0.003271 0.622123 0.365753
v 0.000253 0.691510 -0.192058
v -0.000099 0.692454 0.334363
v 0.030488 0.687586 -0.254426
v -0.001950 0.671518 0.287036
v -0.009574 0.634642 -0.188001
v 0.027567 0.638800 0.304870
v -0.001991 0.634195 0.302380
v 0.006247 0.626735 0.351617
v 0.019653 0.632357 0.374603
v 0.011859 0.672767 0.378857
v 0.010370 0.633388 0.320450
v 0.009518 0.649741 0.384215
v -0.007558 0.634871 0.302093
v 0.027032 0.674541 -0.193800
v 0.021269 0.680792 0.308119
v 0.027448 0.645066 -0.187924
v 0.013388 0.632098 -0.211549
v 0.021899 0.640746 -0.267021
v 0.026765 0.691598 -0.244915
v 0.025596 0.691108 0.359142
v 0.034851 0.660778 -0.269744
v 0.027990 0.637508 -0.192822
v 0.027993 0.681404 -0.205292
v 0.027868 0.645212 0.300945
v 0.033775 0.626336 0.357105
v 0.042544 0.632040 0.322620
v 0.043874 0.625360 -0.248109
v 0.043304 0.632406 -0.207594
v 0.032480 0.680079 0.309058
v 0.075984 0.692687 0.363617
v 0.051403 0.667365 0.381818
v 0.044055 0.644929 0.384549
v 0.057561 0.695475 -0.241246
v 0.060138 0.687624 -0.184928
v 0.058709 0.686984 0.297805
v 0.057746 0.673827 0.287900
v 0.059400 0.663479 -0.170544
v 0.063390 0.633941 0.298734
v 0.056500 0.629544 -0.269092
v 0.049156 0.626129 -0.238620
v 0.062727 0.620033 0.369883
v 0.060661 0.694400 -0.197848
v 0.060368 0.696091 0.349140
v 0.059365 0.694568 0.313025
v 0.060312 0.635153 -0.190970
v 0.046119 0.629278 0.342936
v 0.080602 0.636988 -0.170575
v 0.070464 0.635429 -0.181370
v 0.068882 0.640809 -0.236476
v 0.071080 0.654645 -0.212387
v 0.074262 0.648397 0.344197
v 0.061835 0.621598 0.357543
v 0.076380 0.628112 0.393054
v 0.086544 0.692369 -0.249676
v 0.093786 0.647728 0.268688
v 0.090892 0.644775 0.399020
v 0.116047 0.649619 -0.145861
v 0.077448 0.643367 -0.281671
v 0.072239 0.653245 0.321942
v 0.072807 0.654207 0.329977
v 0.088148 0.696677 -0.218383
v 0.093941 0.659315 -0.278798
v 0.070802 0.620561 0.358664
v 0.086228 0.616950 -0.276869
v 0.079624 0.617597 -0.249402
v 0.126443 0.700713 -0.215674
v 0.097389 0.693849 0.317906
v 0.101623 0.677765 0.277150
v 0.104294 0.671788 -0.156508
v 0.115710 0.658701 0.395233
v 0.081354 0.648054 -0.226627
v 0.100770 0.633880 0.280169
v 0.099689 0.636110 0.295746
v 0.096914 0.619457 0.362034
v 0.098151 0.612734 0.370469
v 0.103990 0.631573 -0.239670
v 0.106578 0.641005 -0.198112
v 0.132541 0.615958 0.360026
v 0.101055 0.609992 0.386324
v 0.139356 0.699885 0.331813
v 0.114726 0.679119 -0.165830
v 0.117706 0.622496 -0.303464
v 0.132978 0.608326 -0.310584
v 0.123360 0.605294 0.409815
v 0.158989 0.593913 -0.296659
v 0.138697 0.675188 0.376087
v 0.128422 0.664279 -0.141515
v 0.129869 0.664385 0.254178
v 0.140333 0.625777 -0.311403
v 0.163194 0.619696 -0.211038
v 0.125633 0.614379 0.421308
v 0.129539 0.610107 -0.256285
v 0.134666 0.601716 -0.303772
v 0.135253 0.691302 -0.242305
v 0.147552 0.699255 0.315143
v 0.165176 0.696092 0.334839
v 0.142260 0.682587 0.286355
v 0.130890 0.638328 -0.150286
v 0.133104 0.649124 0.254295
v 0.150469 0.626454 0.291139
v 0.162915 0.633671 -0.308595
v 0.150241 0.626198 -0.176244
v 0.164758 0.619780 0.324198
v 0.164762 0.700517 -0.209099
v 0.142156 0.682252 -0.172571
v 0.151104 0.676817 -0.140633
v 0.150502 0.677042 0.254811
v 0.172890 0.633219 0.270463
v 0.155258 0.618888 0.433566
v 0.147446 0.596153 0.408847
v 0.186139 0.701677 0.314484
v 0.160549 0.602027 -0.331158
v 0.193092 0.603635 0.354773
v 0.150220 0.595698 0.432811
v 0.145913 0.793859 0.265475
v 0.144975 0.786231 0.265858
v 0.151258 0.792925 0.278019
v 0.159304 0.699216 -0.189370
v 0.170274 0.703072 0.299670
v 0.179009 0.627189 0.426146
v 0.182519 0.649758 -0.133111
v 0.167727 0.609722 -0.239282
v 0.166072 0.809062 0.276137
v 0.156398 0.784462 -0.122593
v 0.172993 0.801386 -0.122234
v 0.144814 0.794315 -0.157978
v 0.174272 0.803476 0.238241
v 0.145887 0.786084 -0.153883
v 0.145022 0.786038 0.265348
v 0.167362 0.763117 -0.172252
v 0.157338 0.783839 -0.122141
v 0.159984 0.775531 -0.122819
v 0.167327 0.771304 0.212694
v 0.166690 0.762117 -0.172351
v 0.167755 0.760443 0.278702
v 0.178368 0.664535 -0.124705
v 0.176438 0.649972 0.247033
v 0.179678 0.591173 0.457858
v 0.196475 0.596637 -0.262374
v 0.181004 0.579118 -0.338419
v 0.165447 0.808654 -0.163897
v 0.170903 0.778884 -0.175095
v 0.167454 0.763087 0.285202
v 0.187456 0.694550 -0.211505
v 0.178535 0.629821 -0.165441
v 0.186552 0.579434 0.433783
v 0.177424 0.809222 -0.141686
v 0.175302 0.810002 0.260919
v 0.182934 0.756507 -0.173668
v 0.189064 0.757182 -0.045489
v 0.180073 0.768652 -0.065005
v 0.198152 0.739277 0.202756
v 0.167503 0.763010 0.285192
v 0.183161 0.756444 0.286688
v 0.198795 0.732211 0.265242
v 0.203861 0.711343 0.271854
v 0.192629 0.638142 -0.288468
v 0.189780 0.624229 -0.313155
v 0.192861 0.664613 0.231374
v 0.194456 0.596288 0.459558
v 0.194890 0.572278 0.451603
v 0.195943 0.576756 0.466326
v 0.203013 0.776365 -0.174369
v 0.180207 0.768635 -0.064441
v 0.189680 0.756704 0.155525
v 0.188451 0.743322 -0.123284
v 0.204010 0.711303 -0.158762
v 0.198596 0.698274 0.243761
v 0.190617 0.597218 -0.345734
v 0.194268 0.584228 -0.352779
v 0.188695 0.799975 0.236029
v 0.195225 0.736636 -0.154711
v 0.190827 0.734884 0.248396
v 0.210249 0.708270 -0.165340
v 0.195141 0.707238 0.290220
v 0.215546 0.625600 0.408872
v 0.205171 0.639172 0.247200
v 0.207238 0.620224 0.289963
v 0.217350 0.582315 0.404306
v 0.199510 0.792686 -0.098033
v 0.202833 0.791368 0.197001
v 0.208329 0.777390 -0.031239
v 0.207421 0.742008 0.131809
v 0.199590 0.715807 0.230041
v 0.200686 0.713440 -0.139145
v 0.202800 0.720832 0.265745
v 0.214405 0.659954 -0.107462
v 0.228614 0.649255 0.352251
v 0.199914 0.626521 -0.164483
v 0.211570 0.563853 -0.352819
v 0.221815 0.559196 -0.346410
v 0.207971 0.786715 -0.059854
v 0.211712 0.768304 -0.163055
v 0.204155 0.761910 -0.172004
v 0.214894 0.743288 0.021567
v 0.211626 0.726789 -0.059921
v 0.203911 0.722236 -0.151629
v 0.220818 0.691314 -0.079122
v 0.220646 0.680945 0.200905
v 0.212332 0.708497 0.275696
v 0.209391 0.684974 0.216419
v 0.257049 0.584082 0.466499
v 0.250688 0.590849 -0.345581
v 0.223756 0.564145 -0.366540
v 0.220848 0.560528 0.475456
v 0.202642 0.773573 -0.173201
v 0.207333 0.767646 -0.171824
v 0.203938 0.762336 -0.171939
v 0.207333 0.767646 -0.171824
v 0.207333 0.767646 -0.171824
v 0.216029 0.743363 0.087820
v 0.217349 0.726700 0.262312
v 0.218492 0.726024 -0.148316
v 0.235461 0.700344 -0.030737
v 0.218805 0.713370 0.172231
v 0.204120 0.721680 0.264350
v 0.204208 0.720261 -0.153462
v 0.245469 0.654803 0.320378
v 0.233623 0.664874 -0.084725
v 0.233249 0.660329 0.203542
v 0.230137 0.640287 -0.254150
v 0.249777 0.631980 0.223024
v 0.229580 0.571315 0.479708
v 0.220576 0.779512 -0.039382
v 0.227489 0.761520 -0.100139
v 0.234105 0.726876 0.063800
v 0.249417 0.687858 0.123767
v 0.228687 0.701935 -0.155722
v 0.248704 0.638182 -0.102387
v 0.274394 0.607185 0.396628
v 0.236843 0.568869 -0.369124
v 0.270639 0.558236 -0.318322
v 0.232276 0.726912 0.235682
v 0.232334 0.724707 -0.125143
v 0.235923 0.715969 0.030950
v 0.248949 0.671991 0.163567
v 0.234367 0.696318 0.267477
v 0.243675 0.669124 -0.182180
v 0.243450 0.670255 0.293658
v 0.276725 0.597052 -0.183985
v 0.277256 0.598903 0.290675
v 0.241297 0.548418 0.464107
v 0.239351 0.546230 -0.372284
v 0.240647 0.762163 -0.015386
v 0.235836 0.761709 0.082526
v 0.242984 0.727021 -0.092094
v 0.250655 0.619339 -0.136476
v 0.251488 0.636486 -0.237798
v 0.276901 0.593812 -0.322685
v 0.276080 0.561062 0.419608
v 0.244944 0.757632 0.023060
v 0.247346 0.750016 0.054170
v 0.244004 0.758520 0.080658
v 0.261827 0.729750 0.094955
v 0.246162 0.723139 0.203156
v 0.267418 0.674930 0.068793
v 0.271290 0.680859 -0.108641
v 0.254920 0.660447 -0.060581
v 0.277510 0.651287 -0.024998
v 0.275494 0.621552 0.215407
v 0.278478 0.587052 0.451782
v 0.256027 0.583121 0.353948
v 0.255408 0.583391 -0.240499
v 0.252436 0.546304 -0.385667
v 0.255970 0.554485 0.497087
v 0.255098 0.528221 0.487763
v 0.248999 0.540119 0.495522
v 0.254413 0.529118 -0.379857
v 0.274248 0.518711 0.505328
v 0.279679 0.705573 0.026675
v 0.286709 0.650775 0.012605
v 0.287737 0.644707 0.130636
v 0.285883 0.627803 -0.069738
v 0.285116 0.612306 -0.111766
v 0.281536 0.546885 -0.399243
v 0.286556 0.547944 0.447113
v 0.292045 0.512489 -0.380106
v 0.288037 0.613494 -0.237566
v 0.292454 0.622270 0.318222
v 0.282146 0.548122 0.512817
v 0.285772 0.542375 -0.342562
v 0.275380 0.518788 -0.392674
v 0.282773 0.512339 -0.388589
v 0.290844 0.691551 0.094038
v 0.296187 0.668407 -0.067891
v 0.290479 0.603642 0.250056
v 0.301017 0.562642 0.487147
v 0.295296 0.566194 -0.370856
v 0.276973 0.541043 -0.399779
v 0.277232 0.541123 0.512588
v 0.292580 0.512475 0.492975
v 0.294194 0.650390 -0.127152
v 0.299418 0.599609 -0.144668
v 0.290778 0.562927 -0.302357
v 0.291558 0.555398 0.507303
v 0.279535 0.533291 -0.401487
v 0.280228 0.518040 -0.401057
v 0.307062 0.525862 0.475602
v 0.280114 0.518032 0.514174
v 0.279532 0.533291 0.514538
v 0.281717 0.510972 -0.395278
v 0.282381 0.511678 0.501257
v 0.281714 0.510973 0.508328
v 0.322110 0.588016 0.223604
v 0.297705 0.585465 -0.287422
v 0.304079 0.576814 -0.323024
v 0.294215 0.592061 0.330278
v 0.293000 0.567867 0.404186
v 0.290727 0.588788 -0.223071
v 0.290917 0.554985 -0.402527
v 0.291288 0.556265 -0.394630
v 0.306612 0.560498 -0.387103
v 0.290917 0.554985 0.515579
v 0.291097 0.503678 -0.386373
v 0.291095 0.503679 0.499425
v 0.318736 0.663400 0.105352
v 0.325802 0.620322 0.033140
v 0.299880 0.598439 -0.184602
v 0.303690 0.599517 0.266933
v 0.298099 0.576248 -0.282827
v 0.307100 0.561172 -0.395382
v 0.307156 0.526659 -0.364615
v 0.314685 0.533999 0.473038
v 0.299544 0.518365 -0.369842
v 0.299543 0.518364 0.482894
v 0.299735 0.509317 -0.374181
v 0.299735 0.509318 0.487232
v 0.309055 0.674716 0.033019
v 0.357366 0.610138 0.212421
v 0.312583 0.620700 0.265555
v 0.309114 0.621932 -0.155704
v 0.333401 0.595151 -0.059089
v 0.307472 0.608840 -0.170603
v 0.299080 0.597283 -0.229363
v 0.310521 0.601309 -0.153967
v 0.315058 0.557296 -0.369798
v 0.297567 0.589861 0.355231
v 0.314728 0.556493 0.483056
v 0.306600 0.560672 0.500191
v 0.306720 0.561460 0.508095
v 0.307564 0.517715 -0.366730
v 0.307563 0.517715 0.479781
v 0.334495 0.613671 -0.129791
v 0.332738 0.613669 0.086681
v 0.335046 0.595612 0.164598
v 0.325026 0.584895 -0.110736
v 0.308918 0.606012 0.274713
v 0.313960 0.561179 0.500342
v 0.313903 0.560931 -0.387292
v 0.319447 0.543528 0.478309
v 0.314427 0.525276 -0.363689
v 0.314427 0.525276 0.476741
v 0.357795 0.618020 -0.079394
v 0.332545 0.605860 0.251437
v 0.328888 0.584041 0.249152
v 0.321008 0.550472 -0.370101
v 0.320974 0.550490 0.483177
v 0.320355 0.542656 -0.364030
v 0.321375 0.533848 -0.364097
v 0.321375 0.533848 0.477149
v 0.361174 0.585018 0.112998
v 0.341536 0.586088 0.250587
v 0.342553 0.564795 -0.122453
v 0.352255 0.637642 0.058457
v 0.363021 0.623547 0.147939
v 0.364885 0.624016 -0.021253
v 0.351221 0.606811 0.036861
v 0.367186 0.574849 -0.013453
v 0.350414 0.609547 0.069627
v 0.377524 0.548551 0.168553
v 0.345492 0.562353 0.243253
v 0.351146 0.555913 -0.103441
v 0.351353 0.554571 0.218083
v 0.356971 0.574227 0.249811
v 0.372235 0.564411 0.142521
v 0.374852 0.556863 -0.135779
v 0.364617 0.538462 -0.137604
v 0.374711 0.614931 0.107580
v 0.359008 0.613456 0.051775
v 0.361597 0.610539 0.075015
v 0.386179 0.510953 0.202253
v 0.379911 0.494774 -0.128173
v 0.381512 0.499679 -0.103411
v 0.374340 0.614663 0.005471
v 0.363901 0.612516 0.037390
v 0.361315 0.623104 0.067433
v 0.359240 0.613330 0.061163
v 0.386126 0.564847 -0.116384
v 0.376482 0.557351 0.247722
v 0.388357 0.502523 -0.091510
v 0.382164 0.508614 0.209095
v 0.380316 0.494832 0.232197
v 0.385111 0.501239 -0.135374
v 0.394121 0.580211 -0.057378
v 0.379861 0.594602 0.003294
v 0.384432 0.592702 0.173137
v 0.386227 0.565409 0.228626
v 0.400471 0.515409 -0.136138
v 0.391728 0.511568 0.196513
v 0.382796 0.500170 0.216805
v 0.383844 0.493702 -0.136111
v 0.378989 0.494533 -0.119174
v 0.382078 0.492217 -0.102999
v 0.379447 0.485100 -0.126949
v 0.378613 0.485225 -0.117988
v 0.378612 0.485226 0.231040
v 0.379448 0.485100 0.239998
v 0.390300 0.590506 -0.024443
v 0.399829 0.516742 0.250554
v 0.385097 0.501123 0.209740
v 0.382083 0.492276 0.216075
v 0.407858 0.544857 -0.087742
v 0.395643 0.555223 -0.046599
v 0.394007 0.558892 0.155160
v 0.410880 0.532629 0.217210
v 0.407090 0.531752 -0.115690
v 0.407263 0.526914 0.236624
v 0.407474 0.518889 0.192065
v 0.392781 0.509136 -0.138620
v 0.392501 0.500985 -0.142161
v 0.392816 0.501258 -0.086507
v 0.392781 0.509136 0.251663
v 0.392501 0.500985 0.255212
v 0.400546 0.563211 -0.052221
v 0.401690 0.563554 0.169376
v 0.406362 0.531374 0.226795
v 0.404968 0.538588 0.181866
v 0.409579 0.508282 -0.084665
v 0.400221 0.508955 -0.142898
v 0.409562 0.508142 0.196301
v 0.400221 0.508955 0.255949
v 0.408264 0.518260 -0.080953
v 0.407409 0.526557 -0.124802
v 0.408100 0.515008 -0.141556
v 0.408100 0.515008 0.254607
v 0.409117 0.531859 -0.104103
v 0.414438 0.523967 -0.087136
v 0.414711 0.526311 -0.103354
v 0.413875 0.523971 0.201023
v 0.414711 0.526311 0.216405
v 0.415412 0.516661 -0.084628
v 0.415412 0.516661 0.197679
v -0.396712 0.488922 -0.079674
v -0.374313 0.494417 -0.070886
v -0.381002 0.519373 -0.091625
v -0.399637 0.489617 0.260971
v -0.376004 0.511566 0.264642
v -0.390967 0.514340 0.253029
v -0.366930 0.516711 0.198987
v -0.358455 0.525221 0.200680
v -0.359950 0.516921 0.198587
v -0.368673 0.439486 -0.135259
v -0.360432 0.459644 -0.156349
v -0.346643 0.440865 -0.124671
v -0.267654 0.542637 -0.367759
v -0.266455 0.534815 -0.364984
v -0.264829 0.542384 -0.363559
v -0.266822 0.534708 0.477831
v -0.267557 0.542627 0.481036
v -0.264829 0.542384 0.476611
v 0.344433 0.497800 0.552214
v 0.356877 0.490723 0.516852
v 0.366622 0.505119 0.523182
v 0.387153 0.456758 -0.129341
v 0.393433 0.470892 -0.150398
v 0.420731 0.439338 -0.136915
v 0.384627 0.472188 -0.089664
v 0.391242 0.450975 -0.102020
v 0.421004 0.447463 -0.084404
v 0.444124 0.441400 -0.104684
v 0.454515 0.471167 -0.082743
v 0.435923 0.462040 -0.075123
v -0.413300 0.488337 -0.107738
v -0.413699 0.487738 -0.129430
v -0.407580 0.465238 -0.096371
v -0.408498 0.462022 -0.127773
v -0.401617 0.513021 -0.110088
v -0.415281 0.483107 0.222829
v -0.414821 0.484365 0.241469
v -0.401975 0.512663 0.223933
v -0.391034 0.471242 0.267892
v -0.391098 0.455977 -0.146801
v -0.397038 0.489472 0.192874
v -0.401436 0.467450 0.201276
v -0.399941 0.449847 0.216285
v -0.395996 0.452510 0.250321
v -0.381429 0.527154 -0.119853
v -0.390179 0.514870 -0.140056
v -0.389510 0.491354 -0.156367
v -0.386129 0.520601 0.210327
v -0.374932 0.465919 0.184629
v -0.382790 0.437976 -0.119899
v -0.381382 0.441290 -0.095817
v -0.381465 0.454921 -0.080119
v -0.383769 0.438107 0.231336
v -0.377461 0.527746 0.235215
v -0.367917 0.493223 0.182718
v -0.373446 0.469417 -0.160680
v -0.372127 0.469888 -0.070257
v -0.359456 0.527362 0.216786
v -0.370028 0.521138 -0.140951
v -0.368846 0.480929 0.275418
v -0.368218 0.458623 0.268912
v -0.369610 0.439953 0.208266
v -0.364177 0.440055 0.250280
v -0.359421 0.525708 -0.103238
v -0.358450 0.525019 -0.087786
v -0.357680 0.492901 -0.159982
v -0.348849 0.492550 0.271140
v -0.355561 0.459338 0.191105
v -0.354270 0.440730 -0.099394
v -0.352737 0.527701 0.235986
v -0.359609 0.526291 0.200498
v -0.359950 0.516921 -0.085536
v -0.354298 0.507864 0.194325
v -0.353803 0.461412 -0.077917
v -0.348467 0.470020 0.269658
v -0.348668 0.439567 0.222638
v -0.351394 0.521166 -0.134852
v -0.353307 0.533997 -0.115364
v -0.353979 0.531673 -0.104509
v -0.351560 0.531607 0.227297
v -0.353979 0.531673 0.217560
v -0.351395 0.521166 0.247903
v -0.345147 0.515328 -0.138840
v -0.345128 0.515371 0.252006
v -0.354329 0.507866 -0.081650
v -0.352908 0.517058 -0.082250
v -0.352908 0.517058 0.195301
v -0.353618 0.488424 -0.071452
v -0.346020 0.483897 0.188118
v -0.343009 0.524858 -0.133527
v -0.343009 0.524858 0.246578
v -0.337618 0.499252 -0.145013
v -0.332574 0.503227 -0.090709
v -0.338628 0.508398 -0.082327
v -0.331905 0.509659 0.195036
v -0.332419 0.502818 0.203590
v -0.340488 0.475437 -0.152879
v -0.329490 0.471995 -0.090105
v -0.329247 0.458514 0.242409
v -0.337857 0.517892 -0.138564
v -0.338100 0.498999 0.257144
v -0.337858 0.517893 0.251617
v -0.329364 0.470490 0.204410
v -0.327664 0.459375 0.232695
v -0.333178 0.511888 -0.084579
v -0.329778 0.500849 -0.136264
v -0.327863 0.492360 -0.138028
v -0.327992 0.492058 0.251357
v -0.329756 0.500890 0.249340
v -0.327537 0.461102 -0.125496
v -0.327189 0.508793 -0.095977
v -0.329801 0.511170 -0.089249
v -0.330088 0.500962 -0.096869
v -0.329800 0.511172 0.202301
v -0.327172 0.508817 0.209045
v -0.330087 0.500965 0.209924
v -0.328034 0.500044 -0.103716
v -0.326953 0.492123 -0.103009
v -0.327978 0.500127 0.216832
v -0.326985 0.491996 0.216089
v -0.324194 0.494644 -0.127669
v -0.323680 0.484975 -0.126373
v -0.322620 0.495020 -0.118870
v -0.322119 0.485072 0.230827
v -0.323677 0.484981 0.239428
v -0.324154 0.494708 0.240765
v -0.320607 0.484905 -0.117754
v -0.306236 0.550197 -0.405202
v -0.313723 0.525573 -0.418830
v -0.312592 0.522387 -0.393786
v -0.311859 0.520785 0.536761
v -0.300718 0.541165 0.552627
v -0.311346 0.542247 0.520260
v -0.309494 0.530906 0.499063
v -0.313655 0.510610 0.517695
v -0.305802 0.495215 -0.411310
v -0.323961 0.495007 0.232019
v -0.293887 0.558484 -0.429774
v -0.296259 0.544849 -0.441994
v -0.301336 0.550949 0.502271
v -0.300183 0.546579 -0.383773
v -0.301731 0.515933 -0.374833
v -0.290923 0.501883 -0.441686
v -0.298692 0.498091 0.498310
v -0.292706 0.500749 0.551786
v -0.288209 0.483024 -0.398567
v -0.297160 0.488424 0.524379
v -0.292958 0.557123 0.547673
v -0.288383 0.522385 0.478246
v -0.270748 0.491452 -0.374512
v -0.275352 0.569513 -0.413859
v -0.279237 0.562779 -0.389585
v -0.280303 0.566387 0.511758
v -0.281884 0.520957 -0.363031
v -0.266820 0.550507 -0.371130
v -0.266949 0.551202 0.483916
v -0.280534 0.516817 -0.452285
v -0.274354 0.525252 0.567539
v -0.270552 0.480239 -0.423945
v -0.271943 0.488155 0.550322
v -0.269467 0.541396 -0.450313
v -0.268755 0.490063 0.489382
v -0.271875 0.477922 0.519780
v -0.258369 0.559282 -0.437395
v -0.263302 0.561994 0.549375
v -0.257713 0.505055 0.478607
v -0.251275 0.564785 -0.394274
v -0.260525 0.569487 0.517773
v -0.258994 0.561876 0.500342
v -0.259403 0.562606 -0.387175
v -0.266965 0.535025 -0.366154
v -0.248217 0.517904 -0.450134
v -0.253270 0.496601 -0.441814
v -0.245534 0.484590 -0.398303
v -0.260611 0.557475 -0.369958
v -0.260438 0.557152 0.483172
v -0.259347 0.534136 -0.361231
v -0.258516 0.524968 -0.363776
v -0.259348 0.534136 0.474282
v -0.258517 0.525000 0.477238
v -0.252688 0.517788 0.478825
v -0.252253 0.517739 -0.365562
v -0.247747 0.516709 0.562631
v -0.241744 0.558366 -0.423733
v -0.251613 0.561206 -0.386730
v -0.251220 0.562814 0.508056
v -0.251613 0.561206 0.499780
v -0.242848 0.560431 0.534749
v -0.243499 0.542759 -0.441813
v -0.242994 0.539067 0.556153
v -0.251260 0.526278 -0.363401
v -0.251260 0.526278 0.476452
v -0.243736 0.507769 -0.373439
v -0.248607 0.493773 0.548986
v -0.243455 0.487019 0.511043
v -0.235728 0.557048 -0.394442
v -0.244232 0.518921 -0.370221
v -0.244232 0.518921 0.483272
v -0.244502 0.508669 0.487463
v -0.230403 0.502756 -0.423307
v -0.235419 0.502931 -0.385842
v -0.228762 0.503425 0.534415
v -0.235245 0.555952 -0.402267
v -0.235758 0.555276 0.515197
v -0.235773 0.556923 0.507258
v -0.236380 0.509681 -0.380150
v -0.236380 0.509682 0.493201
v -0.235746 0.503422 0.499130
v -0.224402 0.541903 0.511425
v -0.225182 0.524970 -0.424329
v -0.222908 0.534255 -0.401866
v -0.227203 0.528728 0.540683
v -0.226486 0.510291 -0.394858
v -0.228086 0.509574 -0.389357
v -0.228074 0.509573 0.502410
v -0.224422 0.540964 -0.398466
v -0.224356 0.531060 0.515183
v -0.226441 0.519098 -0.401095
v -0.224889 0.518338 0.513806
v -0.220867 0.518146 -0.392537
v -0.226678 0.510386 0.507832
v -0.220868 0.518155 0.505587
v 0.281308 0.524550 0.540935
v 0.296742 0.552071 0.545461
v 0.279169 0.541500 0.511778
v 0.279893 0.542250 -0.398417
v 0.294385 0.550263 -0.432235
v 0.280703 0.520465 -0.425673
v 0.279794 0.533041 -0.401475
v 0.279950 0.533021 0.514463
v 0.280091 0.518016 -0.401125
v 0.280133 0.518030 0.514194
v 0.281435 0.510772 -0.395419
v 0.275384 0.518788 -0.392674
v 0.281731 0.510959 0.508326
v 0.275438 0.518787 0.505753
v 0.287906 0.498017 0.534012
v 0.286934 0.501150 -0.422489
v 0.290506 0.502917 -0.385987
v 0.282379 0.511678 -0.388207
v 0.282381 0.511678 0.501257
v 0.291095 0.503679 0.499425
v 0.302613 0.564852 -0.414282
v 0.290917 0.554985 -0.402527
v 0.300553 0.563058 0.527896
v 0.290917 0.554985 0.515579
v 0.297281 0.522957 -0.446805
v 0.306644 0.497689 0.555335
v 0.298637 0.487912 -0.397034
v 0.298442 0.487664 0.509726
v 0.291288 0.556265 -0.394630
v 0.306630 0.561832 -0.395198
v 0.290761 0.557481 0.507973
v 0.303467 0.529275 0.563038
v 0.291311 0.511319 -0.378664
v 0.299735 0.509317 -0.374181
v 0.291311 0.511319 0.491715
v 0.299735 0.509318 0.487232
v 0.321545 0.493132 0.484830
v 0.310719 0.495004 -0.440553
v 0.308940 0.484489 -0.423361
v 0.306454 0.563113 0.507942
v 0.315608 0.550057 0.559388
v 0.299544 0.518365 -0.369842
v 0.307577 0.517487 -0.365961
v 0.307313 0.517454 0.478918
v 0.299543 0.518364 0.482894
v 0.320695 0.519162 -0.454361
v 0.321370 0.490755 -0.374925
v 0.314238 0.554466 -0.442026
v 0.323896 0.569499 -0.404478
v 0.314061 0.561564 -0.387166
v 0.306600 0.560672 -0.387139
v 0.319572 0.569998 0.524580
v 0.313939 0.561041 0.500397
v 0.306600 0.560672 0.500191
v 0.314407 0.525293 -0.363729
v 0.307137 0.526076 -0.363161
v 0.307136 0.526075 0.476214
v 0.314427 0.525276 0.476741
v 0.332618 0.518094 0.475950
v 0.326360 0.509315 0.564357
v 0.330594 0.482297 0.541215
v 0.329266 0.478167 -0.405225
v 0.328731 0.478184 0.518559
v 0.335791 0.564493 -0.429023
v 0.337840 0.563068 0.505561
v 0.340739 0.563600 0.540845
v 0.315071 0.557150 -0.369825
v 0.319095 0.547797 -0.371213
v 0.320632 0.549960 0.483535
v 0.315071 0.557150 0.482877
v 0.344401 0.541237 -0.447762
v 0.321357 0.533867 -0.364186
v 0.314699 0.533979 -0.360753
v 0.314699 0.533979 0.473804
v 0.321424 0.533849 0.476916
v 0.336881 0.519924 -0.362774
v 0.336042 0.504773 -0.447692
v 0.349496 0.560384 -0.397315
v 0.319883 0.543236 0.478923
v 0.342792 0.541064 0.561262
v 0.342750 0.485172 -0.424661
v 0.339114 0.486964 0.501065
v 0.347321 0.541962 -0.373831
v 0.352908 0.541988 0.489175
v 0.354077 0.512049 -0.374250
v 0.355697 0.522704 0.553815
v 0.352242 0.512087 0.486509
v 0.353886 0.492256 -0.394501
v 0.354919 0.506875 -0.435916
v 0.359511 0.544038 -0.432385
v 0.365148 0.546282 0.520597
v 0.358468 0.547160 0.542581
v 0.363225 0.537597 -0.386591
v 0.366108 0.522703 0.500576
v 0.366787 0.521976 0.537805
v 0.367479 0.506291 -0.406617
v 0.370741 0.525649 -0.412875
v 0.382128 0.492216 -0.103032
v 0.378989 0.494533 -0.119174
v 0.377040 0.485103 -0.117718
v 0.378990 0.494531 0.232218
v 0.382226 0.492180 0.216112
v 0.377770 0.485212 0.230951
v 0.379448 0.485100 0.239998
v 0.383455 0.469277 0.248170
v 0.379241 0.485086 -0.127057
v 0.381571 0.462839 0.224296
v 0.387786 0.502234 -0.090787
v 0.382797 0.500168 -0.103754
v 0.385290 0.501098 0.209837
v 0.382645 0.508787 0.209289
v 0.385862 0.471980 0.201429
v 0.382796 0.500170 0.216805
v 0.379527 0.494682 -0.128199
v 0.383895 0.493709 -0.136053
v 0.379531 0.494678 0.241242
v 0.383846 0.493702 0.249154
v 0.401517 0.441478 0.239081
v 0.392501 0.500985 -0.142161
v 0.397297 0.486900 -0.154244
v 0.384935 0.501409 -0.135869
v 0.392720 0.501244 -0.086274
v 0.384937 0.501409 0.248902
v 0.403444 0.485628 0.272294
v 0.392501 0.500985 0.255212
v 0.403843 0.465018 0.267553
v 0.407721 0.437674 -0.111843
v 0.402934 0.440381 0.222177
v 0.392781 0.509136 -0.138620
v 0.400221 0.508955 -0.142898
v 0.409360 0.506960 0.195643
v 0.389758 0.511958 0.200723
v 0.392781 0.509136 0.251663
v 0.400221 0.508955 0.255949
v 0.407532 0.479288 -0.071805
v 0.418976 0.446154 0.198638
v 0.399947 0.516694 -0.137667
v 0.407849 0.515531 -0.142266
v 0.412918 0.493182 -0.160500
v 0.399947 0.516694 0.250718
v 0.418291 0.500079 0.271421
v 0.408100 0.515008 0.254607
v 0.409351 0.507940 -0.080433
v 0.393001 0.510398 -0.085538
v 0.423675 0.493321 0.182523
v 0.420082 0.473033 0.182474
v 0.407616 0.531898 -0.115359
v 0.427273 0.516205 -0.145894
v 0.414852 0.526981 -0.103480
v 0.409117 0.531859 -0.104103
v 0.414995 0.526718 0.216327
v 0.409117 0.531859 0.217155
v 0.407362 0.531845 0.228093
v 0.431621 0.517774 0.257265
v 0.417245 0.507710 -0.080410
v 0.415412 0.516661 -0.084628
v 0.407886 0.518228 -0.080537
v 0.407886 0.518228 -0.080537
v 0.408049 0.517869 0.193996
v 0.429126 0.491221 -0.069597
v 0.427631 0.465428 -0.159640
v 0.428286 0.465683 0.272770
v 0.431736 0.446017 0.258077
v 0.436038 0.528340 -0.113553
v 0.435856 0.526377 0.237875
v 0.415464 0.516769 0.197506
v 0.414315 0.523816 0.200230
v 0.414463 0.523561 -0.087286
v 0.433648 0.436388 0.229520
v 0.440793 0.522714 0.213372
v 0.437796 0.493388 -0.158511
v 0.435973 0.492598 0.272628
v 0.438220 0.462274 0.189701
v 0.445363 0.449605 -0.140359
v 0.446246 0.514459 -0.140072
v 0.447221 0.503794 -0.083341
v 0.450816 0.492552 0.191843
v 0.449445 0.448500 0.210860
v 0.458243 0.512298 -0.114810
v 0.453273 0.504023 0.255503
v 0.454550 0.474913 0.261937
v 0.455351 0.482761 -0.149177
v 0.460572 0.457299 0.241771
v 0.460229 0.509503 0.228878
v 0.465662 0.465819 0.215354
v 0.464537 0.460731 -0.115334
v 0.464167 0.488298 -0.095335
v 0.471164 0.482460 -0.125756
v 0.470507 0.485277 0.223286
v 0.468620 0.484741 0.242706
v -0.009419 1.391295 -0.285590
v -0.010675 1.416883 -0.253201
v -0.011284 1.385411 -0.300092
v -0.010649 1.363444 0.435756
v -0.005671 1.345295 0.458321
v -0.010971 1.337665 0.472082
v -0.007275 1.333687 -0.506668
v 0.015833 1.348219 -0.602201
v 0.010997 1.321533 -0.523468
v 0.008432 1.861570 -0.518509
v 0.016434 1.837242 -0.453121
v 0.021392 1.876654 -0.534422
v 0.006139 1.815106 0.826028
v 0.029796 1.752687 0.830504
v 0.031228 1.831204 0.846556
v 0.003565 1.748400 0.408764
v 0.020218 1.777566 0.443039
v 0.016902 1.738461 0.360869
v -0.001746 1.722996 -0.254924
v 0.019487 1.709180 -0.197405
v 0.021527 1.749352 -0.265646
v -0.004788 1.451289 0.324234
v 0.030351 1.455099 0.326379
v 0.050342 1.435839 0.337749
v 0.049031 1.876656 0.658709
v 0.047396 1.908767 0.724732
v 0.060667 1.873663 0.689060
v 0.041570 1.716796 -0.200354
v 0.041277 1.691949 -0.185481
v 0.064413 1.684393 -0.213330
v 0.039623 1.695846 0.298631
v 0.044045 1.719491 0.320206
v 0.061191 1.689618 0.321925
v 0.061820 1.558261 -0.191834
v 0.064849 1.510521 -0.201809
v 0.066509 1.576241 -0.200999
v 0.064077 1.474332 -0.205381
v 0.063558 1.431371 -0.233695
v 0.065597 1.482698 -0.203734
v 0.064892 1.359408 0.441734
v 0.066633 1.383586 0.414706
v 0.066267 1.351040 0.458343
v 0.064838 1.326723 0.486384
v 0.066422 1.318928 0.504318
v -0.001773 1.931504 -0.702722
v 0.003427 1.917975 -0.736788
v -0.012020 1.874452 -0.677783
v -0.007604 1.906238 -0.667700
v -0.002206 1.936242 0.823665
v -0.005813 1.906632 0.773823
v -0.008331 1.893205 0.816713
v -0.002220 1.850695 -0.709324
v -0.011742 1.870700 0.773993
v -0.007804 1.866360 -0.600367
v 0.000162 1.895445 -0.613123
v 0.005064 1.887456 0.696928
v -0.011054 1.828761 0.675229
v -0.006727 1.843568 -0.535699
v -0.005979 1.833150 0.620271
v -0.004347 1.775512 -0.687205
v -0.010675 1.804293 -0.498045
v -0.002855 1.818838 -0.464093
v -0.007688 1.787180 0.791379
v -0.011091 1.646291 -0.639970
v -0.008182 1.756960 -0.376823
v 0.006513 1.782403 -0.362820
v -0.007499 1.752262 0.475518
v -0.010919 1.721817 -0.343902
v 0.005628 1.748828 -0.292195
v -0.005745 1.718461 0.376317
v -0.010758 1.680888 0.361493
v -0.010896 1.693178 -0.256196
v -0.003772 1.684690 -0.209935
v -0.004132 1.683032 0.323533
v -0.008040 1.534222 0.756734
v -0.001219 1.693290 0.796685
v -0.010917 1.576699 0.323262
v -0.005952 1.526396 -0.647912
v -0.011136 1.571527 -0.209958
v -0.011205 1.385543 0.413151
v 0.002598 1.523595 -0.664355
v -0.011175 1.372068 -0.559858
v -0.011130 1.346503 0.613571
v 0.006177 1.578177 0.791881
v 0.005627 1.565467 -0.192449
v -0.008314 1.520421 -0.201444
v 0.004111 1.565218 0.305844
v -0.008305 1.521052 0.314440
v -0.011283 1.449042 0.348428
v -0.010721 1.397424 0.717635
v -0.010151 1.477578 0.318724
v -0.008230 1.399196 -0.614117
v -0.008654 1.462265 -0.207591
v 0.007390 1.372560 -0.637307
v 0.003189 1.427903 -0.232756
v -0.005715 1.446369 -0.218222
v -0.010195 1.420592 0.361434
v 0.012548 1.397336 0.766037
v -0.010768 1.391490 0.397671
v -0.005423 1.366386 -0.591743
v -0.010395 1.305274 -0.445064
v -0.011201 1.326661 -0.372549
v -0.008584 1.369066 -0.317319
v 0.005090 1.385307 -0.289726
v -0.010095 1.385848 -0.299987
v -0.008841 1.391180 0.410311
v 0.004400 1.386608 0.400762
v -0.009081 1.357259 0.439523
v -0.006265 1.366026 0.702464
v -0.009099 1.342261 -0.354277
v -0.005572 1.332481 0.623173
v 0.005127 1.336619 0.666048
v -0.009594 1.328718 -0.367774
v -0.009482 1.326911 0.486273
v -0.009935 1.305588 0.560583
v -0.004350 1.309724 -0.473438
v -0.000916 1.304323 -0.404993
v 0.001675 1.300082 0.526520
v -0.007382 1.305689 0.532039
v 0.000979 1.302501 0.574565
v 0.006957 1.927977 -0.663471
v 0.025412 1.944555 -0.673432
v -0.000656 1.952682 -0.697098
v 0.006376 1.957965 0.805547
v 0.025175 1.943891 0.785722
v 0.007334 1.928530 0.776998
v -0.009279 1.960304 0.813735
v 0.013781 1.892748 -0.577626
v 0.020215 1.897455 0.695179
v 0.008255 1.892135 0.850059
v 0.001128 1.925555 0.855347
v 0.021528 1.919842 0.868668
v 0.017644 1.846516 -0.732759
v 0.014971 1.841553 0.575729
v 0.014923 1.808201 -0.399366
v 0.004951 1.798038 0.510397
v 0.015321 1.781521 -0.716135
v 0.007227 1.688232 -0.694180
v 0.013640 1.689474 0.813864
v 0.015594 1.706658 0.310453
v 0.014978 1.678989 -0.187905
v 0.015773 1.678407 0.300379
v 0.015227 1.568780 -0.685108
v 0.001707 1.468188 0.317442
v 0.011580 1.477521 0.779417
v -0.010037 1.486955 -0.202807
v -0.009432 1.486512 0.317946
v 0.016410 1.396093 -0.653906
v -0.009465 1.392248 -0.285971
v -0.011001 1.414479 0.368172
v 0.009891 1.373280 0.748652
v -0.005658 1.345265 0.458295
v 0.017593 1.348555 0.717946
v -0.009193 1.338016 0.472560
v 0.005787 1.318957 0.493775
v 0.001320 1.299029 -0.445972
v -0.009222 1.306528 -0.454564
v -0.009593 1.305252 0.551777
v 0.027068 1.919413 -0.758920
v 0.020169 1.680118 -0.702031
v 0.019474 1.590844 0.802829
v 0.028851 1.594644 0.301244
v 0.016435 1.492766 -0.671609
v 0.063451 1.462573 0.319050
v 0.065323 1.390395 0.395856
v 0.049109 1.399725 -0.269146
v 0.010051 1.373104 -0.635777
v 0.010057 1.373103 0.748839
v 0.065291 1.323697 -0.373743
v 0.045246 1.302494 0.589868
v 0.026753 1.305557 -0.411911
v 0.026969 1.305232 0.526135
v 0.053566 1.300269 0.527297
v 0.033775 1.905193 -0.594130
v 0.034658 1.903428 0.703672
v 0.036996 1.816559 -0.728541
v 0.040811 1.845947 -0.467590
v 0.034773 1.833005 0.551241
v 0.037564 1.921659 0.871991
v 0.042900 1.801273 -0.378423
v 0.036349 1.765302 0.407828
v 0.043663 1.765486 -0.297127
v 0.033821 1.668196 -0.700951
v 0.034404 1.682387 0.816183
v 0.049021 1.595391 -0.188971
v 0.035499 1.536164 0.794079
v 0.033943 1.502714 -0.675133
v 0.060760 1.542521 0.307274
v 0.052280 1.471725 -0.202714
v -0.006746 1.461744 -0.207706
v 0.052018 1.440765 -0.219374
v 0.033083 1.382430 0.762814
v 0.032952 1.381038 -0.648014
v 0.037533 1.352464 -0.611008
v 0.033888 1.343730 0.706889
v 0.046980 1.302148 -0.472049
v 0.046841 1.941874 0.790100
v 0.047365 1.943204 -0.678132
v 0.048017 1.886651 -0.565497
v 0.046959 1.922202 -0.755067
v 0.048784 1.833189 -0.726735
v 0.048265 1.833445 0.563711
v 0.055425 1.918200 0.860065
v 0.047158 1.789757 0.830324
v 0.049900 1.767360 0.426778
v 0.046201 1.704262 -0.700317
v 0.046548 1.658995 0.805495
v 0.051668 1.614453 0.305282
v 0.047548 1.569687 -0.679204
v 0.047836 1.566635 0.791147
v 0.063340 1.574273 0.304265
v 0.045869 1.479225 -0.663721
v 0.063550 1.574483 -0.190102
v 0.048206 1.456392 0.770535
v 0.048631 1.396578 -0.642797
v 0.063135 1.434395 0.343596
v 0.046068 1.375676 0.745891
v 0.065063 1.358519 0.441691
v 0.064910 1.358985 -0.328856
v 0.064987 1.326276 0.485872
v 0.049445 1.328530 0.646541
v 0.059599 1.359292 0.682113
v 0.051282 1.330503 -0.536786
v 0.053830 1.300424 -0.412940
v 0.062324 1.937527 -0.705844
v 0.058558 1.967431 -0.698325
v 0.052572 1.965192 0.805394
v 0.067684 1.951184 0.825422
v 0.063138 1.936279 0.820087
v 0.063448 1.905291 -0.647461
v 0.065158 1.905403 0.768704
v 0.063230 1.909963 -0.730731
v 0.061064 1.862334 -0.553769
v 0.064175 1.827348 -0.484793
v 0.065865 1.824028 0.598328
v 0.063238 1.892213 0.838291
v 0.060026 1.800962 -0.699731
v 0.062253 1.790533 -0.396622
v 0.062093 1.800584 0.528777
v 0.059512 1.780608 0.808883
v 0.068754 1.881528 0.805139
v 0.060930 1.766349 0.455354
v 0.066286 1.736974 -0.321786
v 0.061946 1.733111 -0.273316
v 0.066270 1.738910 0.434405
v 0.062848 1.728593 0.381037
v 0.058619 1.691336 -0.675661
v 0.066141 1.691433 0.358326
v 0.058415 1.613598 0.779023
v 0.066500 1.581853 0.315009
v 0.060632 1.528189 -0.647646
v 0.063393 1.576375 -0.191440
v 0.062726 1.489340 0.744928
v 0.065088 1.520220 0.312915
v 0.061442 1.393439 -0.609684
v 0.066252 1.413640 -0.256373
v 0.066307 1.413310 0.369669
v 0.062196 1.401888 0.724592
v 0.064862 1.391480 -0.285430
v 0.066109 1.382409 -0.302138
v 0.066043 1.382620 0.415378
v 0.061735 1.343856 -0.527771
v 0.066024 1.347700 0.461533
v 0.061170 1.334212 0.628048
v 0.066227 1.350273 0.612924
v 0.066117 1.347539 -0.348114
v 0.065527 1.305806 -0.465688
v 0.064812 1.306146 -0.408044
v 0.065074 1.319173 -0.391564
v 0.065074 1.319173 0.504615
v 0.064008 1.308291 0.520275
v 0.065180 1.306060 0.579616
v 0.070570 1.866140 -0.667152
v 0.066639 1.819240 -0.541512
v 0.068273 1.844877 0.710097
v 0.066815 1.679523 0.660414
v 0.066434 1.769403 0.519851
v 0.066481 1.708087 -0.637696
v 0.066627 1.671660 -0.528540
v 0.066340 1.722129 0.758289
v 0.066524 1.430416 -0.585685
v 0.066514 1.427817 0.699813
v 0.062763 1.544240 0.304538
v 0.066131 1.522269 0.313309
v 0.066546 1.420089 -0.248836
v 0.066591 1.383891 -0.301341
v 0.064176 1.462072 0.320266
v 0.066520 1.416217 0.366903
v 0.063298 1.438577 0.338167
v 0.066218 1.391898 -0.284191
v 0.066573 1.351159 -0.345077
v 0.064861 1.391480 0.398481
v 0.066509 1.319322 -0.390708
v 0.066045 1.359598 -0.327983
v 0.066042 1.326877 -0.372603
v 0.064814 1.305340 -0.426601
v 0.063980 1.309432 -0.405503
v 0.065104 1.305301 0.539509
v 0.063980 1.309432 0.518554
v 0.000120 1.928105 -0.744518
v -0.048479 2.049742 -0.758126
v -0.038930 2.043787 -0.804559
v -0.051309 2.013153 -0.797847
v -0.057981 1.999707 -0.754916
v -0.045245 2.019862 -0.719483
v -0.047037 2.051332 0.888855
v -0.029856 2.055691 0.832128
v -0.056035 2.021501 0.864354
v -0.054362 2.010313 0.900976
v -0.041139 1.973493 -0.801068
v -0.054816 1.986484 0.868603
v -0.042345 1.977851 0.914187
v -0.024616 2.060582 -0.718208
v -0.041451 2.008043 0.825050
v -0.028874 2.037486 0.936162
v -0.039254 1.981396 -0.718769
v -0.037188 1.954467 -0.752143
v -0.038682 1.956939 0.860273
v -0.024472 1.944319 -0.780976
v -0.023697 1.944385 0.895129
v -0.013132 2.085846 -0.757586
v -0.013984 2.068420 -0.808861
v -0.009839 2.083019 0.850977
v -0.012179 2.085285 0.884781
v -0.010944 2.076227 0.912884
v -0.001437 2.032979 -0.841408
v -0.020284 2.008206 -0.833977
v -0.004711 2.041456 -0.690892
v 0.002426 2.057641 0.809614
v -0.013506 2.004586 0.801110
v -0.017803 2.001768 -0.692111
v -0.013417 2.014695 0.952071
v -0.007602 1.973177 -0.831886
v -0.011325 1.964307 0.938642
v 0.015252 2.090895 -0.788553
v -0.000000 1.943099 -0.808863
v 0.014150 1.932794 0.911950
v 0.029586 2.084442 -0.720263
v 0.025371 2.072191 -0.823078
v 0.019183 2.064813 -0.698928
v 0.026846 2.071402 0.937213
v 0.030804 2.030708 0.960387
v 0.026007 2.017816 0.790077
v 0.015542 2.005129 -0.678628
v 0.018191 2.003014 -0.847907
v 0.021277 1.979834 0.956757
v 0.042241 2.094746 -0.768929
v 0.025044 2.094980 0.889091
v 0.036987 2.087422 0.841923
v 0.042807 2.041455 -0.684805
v 0.040000 2.059816 0.808137
v 0.034332 1.972453 -0.840344
v 0.031724 1.964359 -0.689689
v 0.026453 1.936758 -0.809620
v 0.042919 1.941458 0.927278
v 0.059889 2.040213 -0.838188
v 0.060969 1.998811 -0.684623
v 0.052393 1.979444 0.953236
v 0.054411 2.008143 -0.845111
v 0.067562 2.075419 -0.800799
v 0.059014 2.087915 -0.749827
v 0.057761 2.089555 0.879604
v 0.067701 2.077778 0.910266
v 0.069848 2.021180 -0.690049
v 0.072118 2.003309 0.802472
v 0.071673 1.954328 -0.811550
v 0.061920 1.969116 -0.692755
v 0.057729 1.935239 -0.793010
v 0.076691 2.060395 -0.715323
v 0.077775 2.075580 0.854057
v 0.075049 2.055074 0.822146
v 0.073941 2.041281 0.941510
v 0.074126 2.002465 0.947191
v 0.086798 1.974930 -0.816881
v 0.064762 1.933777 -0.741436
v 0.066517 1.934928 0.861730
v 0.088412 1.948237 0.881033
v 0.090423 2.068530 -0.758802
v 0.097513 2.043165 -0.800121
v 0.090334 2.012157 -0.821117
v 0.078435 1.961318 0.925139
v 0.093868 1.989600 -0.712226
v 0.097399 1.966372 -0.741247
v 0.092309 1.955306 -0.778663
v 0.092758 1.967826 0.841383
v 0.103890 2.049614 0.870889
v 0.094883 2.042708 0.917090
v 0.103333 2.032511 -0.730376
v 0.097924 2.017125 0.827676
v 0.106571 2.013490 0.911011
v 0.100222 1.975674 0.907125
v 0.109429 2.034406 -0.764655
v 0.111522 2.018738 0.863205
v 0.110483 1.995804 -0.781399
v 0.111799 2.004128 -0.750035
v 0.110745 1.989345 0.868740
v 0.023452 0.431776 -0.324237
v 0.018709 0.455913 -0.310427
v 0.048050 0.448410 -0.322505
v 0.045819 0.480134 -0.207706
v 0.079722 0.499714 -0.216982
v 0.064882 0.503263 -0.196400
v 0.070566 0.476782 -0.270272
v 0.071873 0.504797 -0.294231
v 0.088940 0.509762 -0.269724
v 0.048049 0.448410 0.435556
v 0.018709 0.455913 0.423478
v 0.023452 0.431776 0.437288
v 0.064881 0.503263 0.309452
v 0.079722 0.499714 0.330034
v 0.045818 0.480134 0.320757
v 0.088940 0.509762 0.382775
v 0.071873 0.504797 0.407282
v 0.070566 0.476782 0.383323
v -0.042796 0.574596 -0.212616
v -0.044825 0.581431 -0.243270
v -0.048303 0.545955 -0.243660
v -0.036411 0.520810 -0.216152
v -0.028761 0.621841 -0.224382
v -0.033578 0.590801 -0.270806
v -0.037524 0.559388 -0.278803
v -0.031392 0.541986 -0.194990
v -0.029750 0.493684 -0.267964
v -0.037356 0.505143 -0.245398
v -0.010710 0.630703 -0.260603
v -0.023365 0.597900 -0.189021
v -0.012607 0.485835 -0.292802
v -0.006593 0.509446 -0.188834
v -0.021273 0.469785 -0.248592
v -0.004679 0.652629 -0.224729
v -0.000307 0.611217 -0.291037
v -0.007336 0.581080 -0.303637
v -0.006620 0.545701 -0.309352
v -0.005819 0.469786 -0.235869
v -0.009636 0.442068 -0.278605
v 0.004336 0.644275 -0.188406
v -0.010253 0.561114 -0.172905
v -0.014681 0.435665 -0.260672
v -0.005645 0.450243 -0.246557
v 0.004150 0.633775 -0.183372
v 0.016820 0.477275 -0.209028
v 0.013444 0.594324 -0.167089
v 0.018194 0.533211 -0.168990
v 0.012594 0.455566 -0.295914
v 0.008199 0.441702 -0.306664
v 0.012866 0.659550 -0.234614
v 0.012258 0.637440 -0.269860
v 0.022894 0.600604 -0.304851
v 0.026496 0.568588 -0.317479
v 0.028814 0.545865 -0.319865
v 0.019931 0.506008 -0.312545
v 0.017368 0.459986 -0.296415
v 0.028252 0.632798 -0.176523
v 0.029500 0.579727 -0.163296
v 0.032528 0.513546 -0.177196
v 0.024425 0.459937 -0.297609
v 0.017645 0.460156 -0.296047
v 0.024487 0.459260 -0.297999
v 0.036062 0.447306 -0.248822
v 0.018849 0.430576 -0.246956
v 0.038555 0.660666 -0.238263
v 0.057713 0.652083 -0.211360
v 0.042119 0.625227 -0.285216
v 0.051059 0.644052 -0.189183
v 0.031252 0.463408 -0.300122
v 0.051992 0.585639 -0.307696
v 0.046122 0.549899 -0.167158
v 0.046550 0.511693 -0.311820
v 0.043411 0.467237 -0.296834
v 0.058922 0.590747 -0.171990
v 0.057469 0.480074 -0.295373
v 0.052441 0.460308 -0.246713
v 0.056079 0.450157 -0.249260
v 0.066448 0.637264 -0.251181
v 0.064852 0.546588 -0.309909
v 0.070145 0.536447 -0.180619
v 0.075348 0.595320 -0.288576
v 0.061673 0.467635 -0.294553
v 0.066491 0.468840 -0.252824
v 0.075249 0.621232 -0.201247
v 0.081894 0.584010 -0.188607
v 0.072737 0.463617 -0.276393
v 0.072512 0.452265 -0.255703
v 0.087145 0.615782 -0.227824
v 0.088862 0.605582 -0.257179
v 0.090438 0.569745 -0.284216
v 0.089023 0.534996 -0.286424
v 0.087554 0.498980 -0.247860
v 0.067168 0.464219 -0.256144
v 0.097812 0.578057 -0.213626
v 0.091316 0.537315 -0.203916
v 0.100203 0.533201 -0.228197
v 0.103316 0.564360 -0.253268
v 0.103131 0.542786 -0.246885
v -0.042796 0.574596 0.325667
v -0.048303 0.545955 0.356711
v -0.044825 0.581432 0.356322
v -0.036411 0.520810 0.329203
v -0.028761 0.621841 0.337432
v -0.033578 0.590801 0.383858
v -0.037524 0.559388 0.391855
v -0.031392 0.541986 0.308042
v -0.029750 0.493684 0.381015
v -0.037356 0.505143 0.358448
v -0.010711 0.630703 0.373654
v -0.023365 0.597900 0.302072
v -0.012607 0.485835 0.405853
v -0.006593 0.509446 0.301885
v -0.021273 0.469785 0.361643
v -0.004679 0.652629 0.337780
v -0.000307 0.611217 0.404088
v -0.007336 0.581080 0.416688
v -0.006620 0.545701 0.422403
v -0.005819 0.469786 0.348920
v -0.009636 0.442068 0.391656
v 0.004336 0.644275 0.301458
v -0.010253 0.561114 0.285957
v -0.014681 0.435665 0.373723
v -0.005645 0.450243 0.359608
v 0.004150 0.633775 0.296424
v 0.016820 0.477275 0.322079
v 0.013444 0.594324 0.280141
v 0.018194 0.533211 0.282042
v 0.012594 0.455566 0.408965
v 0.008198 0.441702 0.419715
v 0.012866 0.659550 0.347666
v 0.012258 0.637440 0.382911
v 0.022894 0.600604 0.417902
v 0.026496 0.568588 0.430531
v 0.028814 0.545865 0.432916
v 0.019931 0.506008 0.425596
v 0.017367 0.459986 0.409466
v 0.028252 0.632798 0.289574
v 0.029500 0.579727 0.276347
v 0.032528 0.513546 0.290248
v 0.024425 0.459937 0.410660
v 0.024487 0.459260 0.411051
v 0.017644 0.460156 0.409099
v 0.036062 0.447306 0.361873
v 0.018849 0.430575 0.360006
v 0.038555 0.660666 0.351314
v 0.057712 0.652083 0.324412
v 0.042118 0.625227 0.398267
v 0.051059 0.644052 0.302234
v 0.031252 0.463408 0.413173
v 0.051992 0.585639 0.420747
v 0.046122 0.549899 0.280209
v 0.046550 0.511693 0.424871
v 0.043410 0.467237 0.409885
v 0.058922 0.590746 0.285041
v 0.057468 0.480074 0.408424
v 0.052440 0.460308 0.359764
v 0.056079 0.450157 0.362311
v 0.066448 0.637264 0.364232
v 0.064852 0.546588 0.422960
v 0.070144 0.536447 0.293671
v 0.075348 0.595320 0.401627
v 0.061672 0.467635 0.407604
v 0.066491 0.468840 0.365875
v 0.075249 0.621232 0.314299
v 0.081894 0.584010 0.301657
v 0.072737 0.463617 0.389444
v 0.072512 0.452265 0.368754
v 0.087145 0.615782 0.340875
v 0.088862 0.605582 0.370230
v 0.090437 0.569745 0.397268
v 0.089022 0.534996 0.399476
v 0.087554 0.498980 0.360912
v 0.067168 0.464219 0.369195
v 0.097811 0.578057 0.326677
v 0.091316 0.537315 0.316967
v 0.100203 0.533201 0.341249
v 0.103316 0.564360 0.366319
v 0.103131 0.542786 0.359937
v 0.050715 0.364530 -0.231301
v 0.043313 0.348323 -0.258879
v 0.073633 0.348381 -0.244215
v 0.073633 0.348381 0.357267
v 0.043313 0.348324 0.371931
v 0.050715 0.364530 0.344352
v 0.001655 0.411613 -0.294477
v 0.006277 0.382432 -0.269720
v 0.006587 0.410156 -0.246671
v 0.020136 0.370894 -0.245744
v 0.037448 0.392921 -0.324232
v 0.026647 0.375236 -0.304251
v 0.021664 0.359848 -0.272701
v 0.026078 0.385657 -0.232907
v 0.039704 0.408545 -0.229760
v 0.051284 0.386519 -0.225637
v 0.046930 0.353340 -0.296804
v 0.074475 0.405907 -0.333345
v 0.073263 0.382798 -0.328853
v 0.076031 0.344959 -0.292242
v 0.090549 0.429972 -0.240918
v 0.099809 0.384475 -0.221120
v 0.080383 0.354659 -0.309376
v 0.097092 0.415281 -0.318068
v 0.094889 0.366334 -0.226762
v 0.091356 0.344724 -0.261829
v 0.121573 0.416206 -0.286980
v 0.108487 0.406610 -0.226565
v 0.102696 0.389290 -0.319054
v 0.106044 0.358622 -0.298437
v 0.128252 0.418537 -0.265591
v 0.116444 0.423918 -0.244585
v 0.112916 0.359206 -0.241965
v 0.124780 0.387981 -0.294666
v 0.121687 0.383212 -0.226737
v 0.123340 0.361534 -0.259408
v 0.134274 0.398270 -0.243808
v 0.135913 0.388256 -0.268557
v 0.131495 0.378827 -0.240431
v 0.001654 0.411614 0.407528
v 0.006277 0.382432 0.382772
v 0.006586 0.410156 0.359723
v 0.020136 0.370894 0.358795
v 0.037448 0.392921 0.437284
v 0.026647 0.375236 0.417303
v 0.021664 0.359848 0.385753
v 0.026078 0.385657 0.345958
v 0.039704 0.408545 0.342811
v 0.051284 0.386519 0.338688
v 0.046930 0.353340 0.409856
v 0.074475 0.405907 0.446396
v 0.073263 0.382798 0.441904
v 0.076031 0.344959 0.405293
v 0.090549 0.429972 0.353969
v 0.099809 0.384475 0.334171
v 0.080383 0.354659 0.422428
v 0.097092 0.415281 0.431120
v 0.094889 0.366334 0.339813
v 0.091356 0.344724 0.374880
v 0.121573 0.416206 0.400031
v 0.108487 0.406610 0.339617
v 0.102696 0.389290 0.432106
v 0.106044 0.358622 0.411488
v 0.128252 0.418537 0.378642
v 0.116444 0.423918 0.357636
v 0.112916 0.359206 0.355016
v 0.124780 0.387981 0.407717
v 0.121687 0.383212 0.339789
v 0.123340 0.361534 0.372459
v 0.134274 0.398270 0.356859
v 0.135913 0.388256 0.381608
v 0.131495 0.378827 0.353482
v 0.020746 0.283485 0.083733
v 0.021515 0.269038 0.066805
v -0.000212 0.238840 0.079604
v -0.082898 0.377132 0.244701
v -0.086993 0.377359 0.192774
v -0.083711 0.218109 0.226918
v -0.086759 0.377490 -0.076421
v -0.086551 0.377117 -0.100330
v -0.084459 0.210657 -0.129209
v -0.081134 0.210316 -0.076468
v -0.081831 0.238732 0.189030
v -0.090062 0.197514 0.214069
v -0.094779 0.193066 -0.102761
v -0.070381 0.209491 0.161381
v -0.070554 0.187878 0.148209
v -0.065861 0.379255 -0.166708
v -0.081962 0.376706 -0.132108
v -0.085151 0.376953 -0.097286
v -0.074901 0.379107 -0.047793
v -0.082531 0.376706 -0.065340
v -0.066104 0.379291 0.279538
v -0.082781 0.378104 0.177957
v -0.085118 0.376815 0.210292
v -0.082335 0.378230 0.245836
v -0.068492 0.377034 0.143906
v -0.072519 0.298843 0.150537
v -0.061364 0.377735 -0.175933
v -0.043071 0.320908 -0.195747
v -0.074571 0.300295 -0.152127
v -0.082551 0.377156 -0.132977
v -0.069367 0.377934 0.275501
v -0.069586 0.320042 0.274251
v -0.069122 0.377249 -0.031350
v -0.076098 0.261677 -0.052117
v -0.063461 0.291629 -0.023025
v -0.059335 0.195513 -0.029934
v -0.076242 0.208602 0.277049
v -0.064377 0.258595 0.298807
v -0.063045 0.208636 -0.189782
v -0.074186 0.186494 -0.204184
v -0.073564 0.378825 0.158281
v -0.055361 0.377565 0.292643
v -0.048811 0.378226 -0.005762
v -0.048569 0.378240 0.118559
v -0.049045 0.286584 0.119131
v -0.056888 0.260572 -0.195271
v -0.039124 0.195609 0.118594
v -0.038770 0.212201 0.326817
v -0.058864 0.198707 0.317015
v -0.067077 0.378968 -0.027535
v -0.066186 0.379024 0.139527
v -0.055444 0.377923 -0.179625
v -0.027633 0.366028 -0.203193
v -0.020149 0.330161 0.324585
v -0.014918 0.365866 0.322999
v -0.027232 0.232633 0.009239
v -0.031962 0.256832 -0.221755
v -0.032253 0.261244 0.333975
v -0.037582 0.204813 -0.214536
v -0.022488 0.185149 0.008808
v -0.019479 0.377251 0.015068
v -0.025506 0.377332 0.101514
v -0.013931 0.261475 0.095596
v 0.024011 0.379054 -0.200871
v 0.007806 0.377698 0.093525
v 0.009845 0.364395 0.087534
v 0.012022 0.326672 -0.223333
v -0.008260 0.260288 -0.234098
v -0.006247 0.251302 0.020983
v -0.007979 0.261285 0.346997
v -0.004956 0.201661 -0.227828
v 0.006675 0.208115 0.343378
v 0.008837 0.185557 0.086786
v -0.021262 0.172185 0.100553
v 0.009664 0.372430 -0.214805
v 0.121521 0.379019 -0.026597
v 0.119338 0.379063 0.284123
v 0.022967 0.371977 0.329742
v 0.017540 0.299671 0.025587
v 0.009451 0.223566 0.042516
v 0.009855 0.245429 0.056362
v 0.009868 0.223574 0.070870
v 0.013650 0.182217 0.025856
v -0.026478 0.160818 0.016988
v 0.013943 0.156414 0.087048
v 0.084732 0.379178 0.009891
v -0.028769 0.379076 0.010338
v 0.028823 0.377696 0.019620
v -0.004957 0.377175 0.017576
v -0.029223 0.379059 0.103098
v 0.028797 0.377674 0.093434
v -0.005363 0.377458 0.095474
v 0.080685 0.377500 0.312422
v 0.006782 0.377836 0.019825
v 0.044164 0.364591 0.025878
v 0.025906 0.321234 0.337095
v 0.031874 0.288361 0.086655
v 0.033072 0.255424 -0.235958
v 0.020713 0.284070 0.028813
v 0.036095 0.254325 0.348218
v 0.021515 0.269038 0.046246
v 0.037740 0.192785 -0.227033
v 0.008324 0.223492 0.069500
v 0.008324 0.223492 0.043551
v 0.022482 0.212610 0.042019
v 0.022482 0.212610 0.071033
v 0.022482 0.212610 0.042019
v 0.022501 0.212617 0.071046
v 0.034755 0.172269 0.023763
v 0.084211 0.379216 0.102713
v 0.049327 0.369129 -0.215756
v 0.021701 0.265573 0.054182
v 0.034462 0.269269 0.055864
v 0.043267 0.227379 0.048416
v 0.035029 0.221543 0.067058
v 0.022482 0.212610 0.071033
v 0.022482 0.212610 0.042019
v 0.040740 0.169840 0.091694
v -0.024489 0.188360 0.348683
v 0.045464 0.190778 0.337911
v 0.060837 0.377478 0.017573
v 0.060480 0.377245 0.095477
v 0.053750 0.370184 0.326359
v 0.074978 0.377363 0.014969
v 0.073450 0.377362 0.097352
v 0.068275 0.325449 -0.212309
v 0.057074 0.262628 0.022803
v 0.050352 0.260085 0.081707
v 0.034501 0.269542 0.067665
v 0.042020 0.249837 0.056920
v 0.043865 0.227008 0.069316
v 0.035029 0.221543 0.067058
v 0.043865 0.227008 0.069316
v 0.051840 0.214303 0.084947
v 0.050861 0.215327 0.029754
v 0.081294 0.377301 -0.199158
v 0.128709 0.379076 -0.150247
v 0.130215 0.379088 0.160798
v 0.094892 0.377496 -0.197024
v 0.072975 0.247551 0.097808
v 0.072933 0.248449 -0.220825
v 0.073444 0.247833 0.333545
v 0.075910 0.185823 -0.210446
v 0.090136 0.172059 -0.005744
v 0.071493 0.163779 0.106657
v 0.062627 0.160597 0.013243
v 0.119772 0.379095 -0.170594
v 0.128213 0.379068 0.264120
v 0.096865 0.377582 0.308577
v 0.104937 0.317697 0.297970
v 0.091522 0.268368 0.004640
v 0.099539 0.194979 0.307028
v 0.094845 0.377217 -0.194869
v 0.122208 0.378677 0.140596
v 0.094845 0.377217 0.307920
v 0.102100 0.312237 -0.186733
v 0.104758 0.378234 -0.006332
v 0.103712 0.378228 0.118388
v 0.105249 0.263450 0.120253
v 0.102123 0.236199 -0.195554
v 0.102419 0.237045 0.308269
v 0.100585 0.168165 0.130945
v 0.109427 0.182339 -0.180133
v 0.122816 0.263160 -0.028509
v 0.138127 0.378103 -0.064888
v 0.129287 0.377705 -0.046727
v 0.123794 0.377859 -0.164628
v 0.124470 0.377533 0.276871
v 0.137162 0.377120 -0.137772
v 0.121932 0.242501 -0.162592
v 0.124516 0.377124 -0.031454
v 0.123415 0.376911 0.142907
v 0.129305 0.263070 0.154024
v 0.125393 0.237716 0.267821
v 0.120150 0.171087 -0.047459
v 0.129079 0.184168 -0.136994
v 0.122660 0.168084 0.166999
v 0.128872 0.179972 0.252470
v 0.095731 0.173174 0.316327
v 0.140465 0.376814 -0.097256
v 0.137677 0.378235 -0.132750
v 0.140498 0.376951 0.210352
v 0.137878 0.376711 0.178371
v 0.137303 0.376713 0.245137
v 0.141841 0.377333 -0.078896
v 0.136800 0.248519 -0.065871
v 0.133768 0.378280 0.164457
v 0.141121 0.377200 0.193071
v 0.141056 0.260630 0.203302
v 0.138150 0.274954 0.236191
v 0.139031 0.377254 0.242489
v 0.141513 0.280195 -0.105877
v 0.134974 0.225327 0.181319
v 0.132172 0.173072 -0.119089
v 0.130722 0.170010 -0.085160
v 0.132862 0.171057 0.209652
v 0.141344 0.133148 0.279036
v -0.118441 0.076340 0.185365
v -0.087695 0.068547 0.156673
v -0.100383 0.049700 0.224698
v -0.092574 0.050893 -0.092461
v -0.133146 0.068829 -0.131757
v -0.087735 0.043416 -0.135420
v 0.094606 0.118340 0.003622
v 0.122656 0.122280 -0.030856
v -0.133826 0.135659 -0.095911
v -0.119228 0.152382 -0.189249
v -0.141575 0.110063 -0.168813
v -0.131773 0.117801 0.311548
v -0.113801 0.156371 0.308121
v -0.131187 0.148402 0.233860
v -0.123528 0.102107 -0.220755
v -0.143662 0.100626 -0.142124
v -0.130618 0.104510 -0.073940
v -0.128251 0.135730 0.183371
v -0.134493 0.103922 0.200825
v -0.143327 0.103256 0.256402
v -0.136435 0.086853 0.301716
v -0.120345 0.089993 0.338170
v -0.133003 0.068808 -0.181344
v -0.108605 0.072620 -0.059401
v -0.139226 0.076144 0.262257
v -0.127350 0.064193 0.244512
v -0.122322 0.059524 0.293482
v -0.120266 0.162409 -0.117176
v -0.123391 0.144263 -0.064227
v -0.113337 0.157557 0.173374
v -0.088397 0.188773 0.276869
v -0.104677 0.143066 -0.223488
v -0.102112 0.101031 -0.021583
v -0.111583 0.105913 0.145612
v -0.084693 0.144710 0.355035
v -0.110695 0.072693 -0.222468
v -0.089803 0.142990 -0.009851
v -0.102957 0.134157 0.136687
v -0.085762 0.103969 -0.253740
v -0.087915 0.119133 -0.003408
v -0.092358 0.106106 0.362642
v -0.075365 0.087073 0.122953
v -0.097049 0.074132 0.345572
v -0.093173 0.049349 -0.187609
v -0.090862 0.054580 0.317684
v -0.065730 0.160774 -0.242993
v -0.071361 0.142892 0.107528
v -0.073261 0.120329 0.105862
v -0.074818 0.052552 0.184245
v -0.073422 0.042129 0.271251
v -0.045263 0.126374 -0.266198
v -0.035214 0.118640 0.381963
v -0.056472 0.107691 0.012750
v -0.055507 0.076488 -0.247230
v -0.064467 0.073543 -0.021326
v -0.036576 0.052473 -0.214492
v -0.051058 0.069360 0.353068
v -0.027290 0.134250 0.027630
v -0.025772 0.150347 0.376866
v -0.039900 0.108114 0.094635
v -0.031645 0.092365 0.375142
v -0.016731 0.051112 -0.047046
v -0.032800 0.040044 0.208651
v -0.023951 0.132429 0.085411
v -0.001084 0.078011 0.002646
v 0.000946 0.051838 0.153242
v 0.010723 0.045305 0.310410
v -0.001996 0.038673 -0.162317
v 0.008661 0.037047 -0.094021
v -0.008488 0.145348 -0.266232
v 0.003918 0.105021 -0.268413
v 0.018443 0.075384 0.111090
v 0.001534 0.036441 0.244874
v 0.026766 0.116628 0.031762
v 0.020502 0.084629 -0.257000
v 0.024709 0.065265 -0.237252
v 0.024274 0.065836 0.350945
v 0.021550 0.152480 0.371900
v 0.022513 0.154456 -0.257475
v 0.029905 0.117912 0.081848
v 0.019912 0.119588 0.380026
v 0.022003 0.090330 0.373420
v 0.038296 0.039700 0.199168
v 0.042508 0.077925 0.001958
v 0.060924 0.059911 -0.031223
v 0.058468 0.048773 -0.191028
v 0.049010 0.110512 -0.260450
v 0.070412 0.109076 0.365484
v 0.057433 0.108383 0.021107
v 0.056800 0.093782 0.100394
v 0.054429 0.041649 -0.085966
v 0.075673 0.041772 0.247006
v 0.065904 0.068515 0.131469
v 0.067023 0.040636 -0.138737
v 0.093053 0.051849 0.290421
v 0.083192 0.072102 0.335310
v 0.091757 0.137340 -0.235134
v 0.084465 0.138461 0.351793
v 0.069159 0.120012 0.095092
v 0.085845 0.099975 -0.240587
v 0.091755 0.069103 -0.211254
v 0.085452 0.054351 0.181653
v 0.103932 0.087127 -0.026386
v 0.104720 0.054208 -0.098678
v 0.121203 0.130802 0.323178
v 0.114424 0.121336 0.130736
v 0.100539 0.088292 0.134716
v 0.104642 0.054470 -0.165307
v 0.106794 0.052840 0.239396
v 0.125068 0.098210 -0.204307
v 0.128527 0.087603 0.305892
v 0.127793 0.083579 0.186259
v 0.138849 0.130398 -0.179964
v 0.141690 0.117495 -0.072010
v 0.138567 0.091876 -0.178411
v 0.138748 0.086470 -0.103635
v 0.141074 0.082066 -0.137262
v 0.142469 0.083634 0.250780
v 0.145020 0.121356 0.197158
v 0.150819 0.122384 0.253682
v 0.140318 0.102961 0.291558
v 0.151476 0.118391 -0.132200
v -0.148705 0.702769 -0.121811
v -0.154687 0.751338 -0.063028
v -0.107191 0.765749 -0.101320
v 0.248150 0.474132 0.274921
v 0.245280 0.567951 0.264796
v 0.196368 0.517285 0.315491
v 0.208523 0.745377 0.188939
v 0.216820 0.664365 0.249649
v 0.248887 0.674011 0.201229
v -0.259961 0.560605 0.141212
v -0.275308 0.542759 0.083840
v -0.270773 0.471010 0.131941
v -0.276818 0.531209 0.028887
v -0.266688 0.514916 -0.026545
v -0.261148 0.466863 -0.050502
v -0.274914 0.431093 0.026130
v -0.274542 0.428916 0.085940
v -0.253611 0.412685 -0.049248
v -0.253222 0.391373 0.144450
v -0.256351 0.367526 0.078241
v -0.240172 0.641115 -0.020486
v -0.251683 0.568112 -0.050641
v -0.250551 0.638579 0.046595
v -0.242521 0.640149 0.125654
v -0.232793 0.589211 0.193778
v -0.240940 0.514796 0.205581
v -0.243576 0.433474 0.197495
v -0.218483 0.369018 -0.089282
v -0.250134 0.370606 -0.010517
v -0.213185 0.350198 0.193953
v -0.215876 0.713907 0.069037
v -0.217020 0.696556 -0.008563
v -0.200426 0.668755 -0.082835
v -0.204492 0.586144 -0.129078
v -0.202601 0.660469 0.200221
v -0.231408 0.516868 -0.107773
v -0.188103 0.568184 0.267807
v -0.224316 0.430844 -0.115935
v -0.196978 0.316605 -0.059199
v -0.229460 0.325639 0.019627
v -0.216863 0.315775 0.111490
v -0.194796 0.712029 0.158878
v -0.162578 0.648653 -0.144574
v -0.192253 0.484525 -0.163088
v -0.193125 0.473902 0.274792
v -0.189216 0.394516 0.260336
v -0.172520 0.765496 0.106626
v -0.171676 0.771611 0.036230
v -0.169226 0.760287 -0.018910
v -0.164705 0.629076 0.265840
v -0.172624 0.401035 -0.165967
v -0.151960 0.345968 -0.151658
v -0.182601 0.282496 0.030346
v -0.164362 0.287558 0.164621
v -0.158532 0.763313 0.149115
v -0.140812 0.714198 0.235228
v -0.151856 0.519315 -0.195104
v -0.142370 0.314300 0.241976
v -0.138290 0.313491 -0.130489
v -0.154550 0.270596 0.120804
v -0.126022 0.808202 0.007093
v -0.130248 0.810600 0.065846
v -0.111662 0.764629 0.212242
v -0.128173 0.595326 -0.194272
v -0.122950 0.602196 0.308552
v -0.119815 0.488863 0.331630
v -0.119113 0.452785 -0.216339
v -0.139607 0.433524 0.314091
v -0.114736 0.367889 0.306889
v -0.121771 0.268584 -0.063518
v -0.137523 0.257875 0.016972
v -0.117440 0.805465 0.135456
v -0.099937 0.807243 -0.044514
v -0.106427 0.690974 -0.165320
v -0.090278 0.689223 0.288830
v -0.109966 0.405254 -0.211547
v -0.096846 0.332785 0.292088
v -0.097746 0.244833 0.107164
v -0.084599 0.839461 0.059613
v -0.071354 0.813994 0.175847
v -0.072409 0.612457 -0.216848
v -0.100736 0.516033 -0.225121
v -0.087712 0.559877 0.337647
v -0.065464 0.430687 0.350785
v -0.087004 0.342323 -0.191623
v -0.074192 0.286977 -0.140190
v -0.089798 0.259754 0.185129
v -0.069825 0.235032 0.022238
v -0.052202 0.849055 0.009017
v -0.065625 0.839593 0.117570
v -0.051507 0.377895 -0.225126
v -0.054092 0.290547 0.267124
v -0.041640 0.809282 -0.091165
v -0.046500 0.775812 0.241081
v -0.032965 0.758607 -0.148974
v -0.035718 0.695099 -0.192691
v -0.043745 0.640681 0.328589
v -0.035913 0.704150 0.300538
v -0.047815 0.527927 -0.243721
v -0.046583 0.517426 0.357720
v -0.036603 0.431623 -0.244942
v -0.045396 0.361117 0.331584
v -0.036786 0.245680 -0.067259
v -0.033692 0.253836 0.205610
v -0.012013 0.860352 0.094838
v -0.014292 0.840887 0.158693
v -0.009889 0.841315 -0.045744
v 0.000110 0.817460 0.206126
v -0.009634 0.563976 0.358131
v 0.000479 0.338089 -0.214560
v 0.002126 0.305849 0.300328
v 0.001272 0.285674 -0.162281
v 0.000287 0.259843 -0.116849
v -0.031339 0.232388 0.120922
v -0.007175 0.225372 0.091071
v 0.004328 0.615009 -0.233723
v -0.006495 0.402132 0.355544
v 0.021244 0.265989 0.244031
v 0.008095 0.861460 0.013985
v 0.016018 0.766513 0.265496
v 0.023182 0.806857 -0.109420
v 0.030914 0.719287 -0.187254
v 0.023516 0.663807 0.329462
v 0.041583 0.555756 -0.249170
v 0.012611 0.465726 -0.255435
v 0.022998 0.471106 0.368822
v 0.020035 0.400718 -0.244014
v 0.042971 0.367648 0.344526
v 0.026244 0.333363 0.324099
v 0.017288 0.241887 0.184141
v 0.022349 0.225309 0.019360
v 0.045071 0.404710 0.358299
v 0.064457 0.241265 -0.065881
v 0.044795 0.865121 0.053365
v 0.066961 0.848900 -0.028488
v 0.045893 0.851571 0.139248
v 0.056266 0.586171 0.353461
v 0.061301 0.519845 0.364844
v 0.060125 0.473388 -0.253819
v 0.097321 0.852943 0.098394
v 0.088753 0.812987 -0.088388
v 0.089524 0.824878 0.183224
v 0.069632 0.776804 -0.136799
v 0.063525 0.766554 0.261165
v 0.093066 0.697256 0.303909
v 0.078540 0.637005 -0.221496
v 0.092508 0.637559 0.331807
v 0.093242 0.428359 -0.244452
v 0.092653 0.351132 -0.216567
v 0.107153 0.293367 -0.160114
v 0.087034 0.266837 -0.122186
v 0.119985 0.286077 0.257028
v 0.088980 0.248601 0.192808
v 0.103690 0.234917 -0.009745
v 0.113870 0.231200 0.055646
v 0.103134 0.233402 0.113622
v 0.101684 0.851404 0.014948
v 0.105437 0.770235 0.245709
v 0.108231 0.710867 -0.178727
v 0.122603 0.472504 0.354191
v 0.108780 0.327734 0.307101
v 0.122596 0.771520 -0.122359
v 0.132466 0.590955 -0.221621
v 0.133253 0.558133 0.342544
v 0.133891 0.519090 -0.235103
v 0.128001 0.403786 0.340909
v 0.152969 0.373347 0.318902
v 0.141607 0.810155 -0.055778
v 0.144442 0.834340 0.018439
v 0.134048 0.667943 -0.191120
v 0.152973 0.330841 -0.176998
v 0.171219 0.268774 0.185524
v 0.154182 0.263821 -0.074492
v 0.150588 0.830209 0.096374
v 0.150003 0.809953 0.158276
v 0.150908 0.771786 0.216049
v 0.161859 0.709978 0.264421
v 0.175573 0.622458 0.303773
v 0.152706 0.429408 -0.223861
v 0.177223 0.386641 -0.198232
v 0.185821 0.798020 -0.015779
v 0.183408 0.756035 -0.092114
v 0.177151 0.716633 -0.134936
v 0.181840 0.654807 -0.170885
v 0.186059 0.445472 0.321352
v 0.188477 0.318959 0.254872
v 0.191943 0.302108 -0.115134
v 0.189347 0.254864 0.032264
v 0.185609 0.258446 0.116873
v 0.195448 0.802402 0.045902
v 0.213131 0.779478 0.116340
v 0.208173 0.585750 -0.179912
v 0.197650 0.492790 -0.204778
v 0.210662 0.273904 -0.022882
v 0.224966 0.746829 -0.043229
v 0.227098 0.683214 -0.112989
v 0.228879 0.422847 -0.173001
v 0.221977 0.401523 0.284039
v 0.228854 0.347035 0.245309
v 0.220866 0.349771 -0.141105
v 0.235771 0.761037 0.024262
v 0.245326 0.512456 -0.162703
v 0.256149 0.339208 -0.087280
v 0.241408 0.302154 -0.045881
v 0.243692 0.305887 0.163159
v 0.248183 0.287674 0.065436
v 0.272500 0.706919 0.088770
v 0.268358 0.661273 -0.067321
v 0.272335 0.678728 0.151678
v 0.262320 0.596083 -0.119784
v 0.261910 0.388228 -0.122284
v 0.274941 0.699640 0.006769
v 0.282410 0.601155 0.199001
v 0.282641 0.520459 -0.115198
v 0.279517 0.453600 -0.120171
v 0.278205 0.422986 0.229371
v 0.278840 0.361565 0.185201
v 0.288072 0.330587 0.017809
v 0.282315 0.328152 0.112414
v 0.302135 0.587103 -0.051820
v 0.287678 0.518714 0.220143
v 0.305183 0.410348 -0.059637
v 0.310637 0.430524 0.171615
v 0.304262 0.367982 -0.010413
v 0.299853 0.652355 0.021540
v 0.308068 0.614629 0.120395
v 0.311788 0.507933 -0.062450
v 0.316272 0.518304 0.161451
v 0.313183 0.386713 0.122301
v 0.322167 0.393617 0.037669
v 0.325109 0.572763 0.037085
v 0.326797 0.555792 0.090853
v 0.329839 0.487482 -0.009036
v 0.326035 0.413292 0.086121
v 0.334177 0.474790 0.086859
v 0.334602 0.475728 0.029627
v -0.433923 1.055806 -0.220621
v -0.414366 1.060797 -0.262875
v -0.404248 1.045957 -0.222304
v -0.417339 1.056483 0.364070
v -0.430781 1.058206 0.348339
v -0.434551 1.054145 0.334701
v -0.436382 1.007519 0.347822
v -0.437720 0.995252 0.329922
v -0.424047 1.010451 0.377217
v -0.422617 0.995803 -0.192564
v -0.446648 0.993871 -0.205996
v -0.405405 0.991325 -0.185536
v -0.446792 0.993356 0.318967
v -0.422616 0.995803 0.305615
v -0.403738 0.991345 0.297861
v -0.399484 1.090515 -0.304196
v -0.411624 1.070136 -0.279487
v -0.407415 1.083836 -0.285539
v -0.383272 1.127311 0.440886
v -0.386913 1.114174 0.423816
v -0.381988 1.131318 0.464145
v -0.380635 1.131916 -0.351444
v -0.387952 1.107646 -0.327397
v -0.387186 1.114400 -0.310929
v -0.386150 1.042337 -0.206109
v -0.389857 1.038244 -0.222586
v -0.389399 1.023256 -0.220196
v -0.389857 1.038244 -0.222586
v -0.406409 1.019100 -0.222387
v -0.389399 1.023256 -0.220196
v -0.389581 1.020992 0.333582
v -0.406376 1.019198 0.335440
v -0.389946 1.038291 0.335694
v -0.389581 1.020992 0.333582
v -0.389946 1.038291 0.335694
v -0.386129 1.042396 0.319123
v -0.380145 1.004957 0.375857
v -0.399396 1.007304 0.389469
v -0.382865 0.991753 0.332190
v -0.381811 1.084285 0.466627
v -0.386704 1.070727 0.458798
v -0.371959 1.085150 0.471836
v -0.375378 1.038548 -0.274650
v -0.375861 1.037314 -0.263798
v -0.371661 1.056326 -0.265001
v -0.375861 1.037314 -0.263798
v -0.384384 1.055819 -0.260922
v -0.371661 1.056326 -0.265001
v -0.371662 1.056325 0.378053
v -0.384385 1.055817 0.373974
v -0.375886 1.037327 0.376828
v -0.371662 1.056325 0.378053
v -0.375886 1.037327 0.376828
v -0.375378 1.038546 0.387702
v -0.387167 1.050365 -0.231416
v -0.378618 1.044259 -0.218511
v -0.389399 1.023256 -0.220196
v -0.391831 1.021026 0.346152
v -0.389581 1.020992 0.333582
v -0.389946 1.038291 0.335694
v -0.389581 1.020992 0.333582
v -0.378673 1.044142 0.331434
v -0.389946 1.038291 0.335694
v -0.379371 1.004165 0.335702
v -0.387118 1.005460 0.319327
v -0.371661 1.056326 -0.265001
v -0.353150 1.076347 -0.282003
v -0.360655 1.060765 -0.250048
v -0.360655 1.060764 0.363099
v -0.353063 1.076347 0.395070
v -0.371662 1.056325 0.378053
v -0.371091 1.050520 -0.247471
v -0.369522 1.054183 0.341606
v -0.371093 1.050516 0.360523
v -0.368005 1.069869 -0.231375
v -0.352269 1.083975 -0.264550
v -0.352349 1.083796 0.377719
v -0.368379 1.069771 0.343575
v -0.337779 1.088468 -0.312335
v -0.332916 1.081992 -0.326697
v -0.341183 1.084690 -0.324999
v -0.341183 1.084692 0.438051
v -0.332916 1.081992 0.439748
v -0.337779 1.088468 0.425386
v -0.340730 1.087395 -0.300310
v -0.341036 1.070049 -0.311742
v -0.337779 1.088468 -0.312335
v -0.341036 1.070050 0.424793
v -0.340730 1.087395 0.413361
v -0.334615 1.082315 0.439101
v -0.355249 1.038414 0.410600
v -0.335446 1.051475 0.436102
v -0.343793 1.045909 -0.313254
v -0.339217 1.058766 -0.327166
v -0.343456 1.051860 -0.299684
v -0.325227 1.118625 -0.328061
v -0.324457 1.132836 -0.335739
v -0.321447 1.129987 -0.331041
v -0.324417 1.132808 0.448718
v -0.326732 1.116236 0.439837
v -0.321446 1.129982 0.444081
v -0.444264 1.006362 -0.202779
v -0.437692 0.995291 -0.216858
v -0.446467 0.997971 -0.206159
v -0.446467 0.997971 0.319210
v -0.444262 1.006363 0.315829
v -0.428984 1.063254 -0.205049
v -0.432060 1.066635 -0.214471
v -0.429672 1.055214 -0.208619
v -0.427841 1.063537 0.318425
v -0.429672 1.055214 0.321671
v -0.431061 1.056617 0.339547
v -0.429619 1.069461 0.345012
v -0.439960 1.011465 -0.202261
v -0.431730 1.018782 -0.237275
v -0.435367 1.007112 -0.241282
v -0.448230 1.006174 -0.204093
v -0.439957 1.011456 0.315311
v -0.448230 1.006175 0.317144
v -0.435363 1.007114 0.354347
v -0.431730 1.018803 0.350365
v -0.436385 1.007518 -0.234770
v -0.425055 1.008867 -0.265785
v -0.436939 1.009687 -0.195134
v -0.448230 1.006174 -0.204093
v -0.446269 0.997722 -0.206677
v -0.448230 1.006175 0.317144
v -0.438904 1.010386 0.312343
v -0.446761 0.997356 0.318284
v -0.410973 1.082628 -0.280197
v -0.413138 1.069306 -0.278614
v -0.410936 1.066351 -0.199238
v -0.428984 1.063254 -0.205049
v -0.429647 1.065505 0.316497
v -0.432043 1.066592 0.327340
v -0.409007 1.083137 0.371620
v -0.410815 1.082870 0.393664
v -0.411227 1.070181 0.392456
v -0.429337 1.062748 0.316667
v -0.411798 1.052324 0.317643
v -0.429672 1.055214 0.321671
v -0.403418 1.057886 -0.203868
v -0.429672 1.055214 -0.208619
v -0.429672 1.055214 0.321671
v -0.418768 1.029153 -0.277694
v -0.412368 1.033991 -0.296953
v -0.415264 1.023390 -0.288977
v -0.424047 1.010451 -0.264165
v -0.424326 1.021074 -0.248030
v -0.431463 1.017657 -0.235366
v -0.422935 1.020477 0.364024
v -0.424047 1.010451 0.377217
v -0.413854 1.025263 0.405924
v -0.403343 1.048930 0.421546
v -0.425738 1.009607 -0.191680
v -0.426204 1.009844 0.304958
v -0.431798 1.018605 0.348052
v -0.407991 0.994152 -0.183020
v -0.422616 0.995803 0.305615
v -0.405031 0.989929 -0.224355
v -0.401226 0.988534 0.331625
v -0.399934 1.089906 -0.272460
v -0.396042 1.103450 -0.308590
v -0.401404 1.090907 -0.304590
v -0.410585 1.083012 0.394782
v -0.397826 1.103262 0.419468
v -0.402498 1.087336 0.411794
v -0.386762 1.065274 0.313519
v -0.409450 1.063697 0.313752
v -0.429332 1.062739 -0.202719
v -0.430895 1.052814 -0.202740
v -0.385106 1.055855 -0.195176
v -0.385102 1.055391 0.309314
v -0.403266 1.049060 -0.308603
v -0.398243 1.056092 -0.324436
v -0.401083 1.044538 -0.320424
v -0.400901 1.029238 -0.264255
v -0.403787 1.050291 -0.308706
v -0.411721 1.033327 -0.296971
v -0.386232 1.042178 -0.205994
v -0.402534 1.047629 0.335863
v -0.399267 1.032041 0.384834
v -0.398306 1.055980 0.437326
v -0.401083 1.044536 0.433474
v -0.394736 1.031651 -0.312314
v -0.390997 1.021066 -0.234060
v -0.406409 1.019100 -0.222387
v -0.375271 1.022224 0.363865
v -0.407081 1.004999 -0.187906
v -0.407091 1.005727 0.300641
v -0.379748 1.002030 -0.255369
v -0.393303 1.003588 0.300790
v -0.393681 0.993943 0.302513
v -0.395518 1.114359 -0.329496
v -0.377432 1.110445 -0.299922
v -0.386699 1.113713 0.424262
v -0.353164 1.099641 0.395701
v -0.387948 1.107650 0.440452
v -0.387948 1.107650 0.440452
v -0.397129 1.103639 -0.308650
v -0.387910 1.107579 -0.328926
v -0.371509 1.090326 0.430607
v -0.387948 1.107650 0.440452
v -0.380000 1.086496 -0.353910
v -0.371565 1.086024 -0.358520
v -0.387100 1.070275 -0.343228
v -0.380000 1.086496 -0.353910
v -0.390459 1.079109 -0.340201
v -0.370586 1.091314 -0.316243
v -0.386775 1.065549 -0.200282
v -0.387747 1.083702 0.455505
v -0.381811 1.084285 0.466627
v -0.398243 1.056092 -0.324436
v -0.398243 1.056092 -0.324436
v -0.389230 1.069515 -0.330477
v -0.384384 1.055819 -0.260922
v -0.377189 1.064311 -0.203634
v -0.377199 1.064303 0.316703
v -0.383899 1.056501 0.373522
v -0.389286 1.069611 0.443507
v -0.398306 1.055980 0.437326
v -0.398306 1.055980 0.437326
v -0.402706 1.047619 -0.222665
v -0.386477 1.049853 -0.232103
v -0.389857 1.038244 -0.222586
v -0.389857 1.038244 -0.222586
v -0.384873 1.055354 -0.196345
v -0.386129 1.042396 0.319123
v -0.389946 1.038291 0.335694
v -0.388857 1.043948 0.438580
v -0.391324 1.022361 -0.234212
v -0.406409 1.019100 -0.222387
v -0.389857 1.038244 -0.222586
v -0.391831 1.021026 0.346152
v -0.406376 1.019198 0.335440
v -0.391831 1.021026 0.346152
v -0.389946 1.038291 0.335694
v -0.387085 1.005715 -0.206266
v -0.389399 1.023256 -0.220196
v -0.393392 1.003538 -0.188067
v -0.387118 1.005460 0.319327
v -0.393316 1.003573 0.301106
v -0.393392 1.003538 -0.188067
v -0.393167 0.994937 -0.185488
v -0.386218 0.992731 -0.200864
v -0.393167 0.994937 -0.185488
v -0.393156 0.994956 0.298536
v -0.386471 0.992850 0.312620
v -0.372162 1.141960 -0.343061
v -0.373426 1.141977 -0.352139
v -0.360058 1.140234 0.443635
v -0.371548 1.143543 0.464967
v -0.354821 1.095211 0.433128
v -0.380994 1.132686 0.464291
v -0.380000 1.086496 -0.353910
v -0.371308 1.090798 -0.353854
v -0.371777 1.085873 -0.358947
v -0.381642 1.089053 -0.353098
v -0.371367 1.087052 -0.342214
v -0.371308 1.090798 -0.353854
v -0.371255 1.087183 0.455355
v -0.380571 1.082193 0.466856
v -0.371307 1.090749 0.467018
v -0.371307 1.090749 0.467018
v -0.371307 1.090749 0.467018
v -0.374628 1.076593 0.465913
v -0.371777 1.085873 0.471998
v -0.377484 1.063926 -0.204048
v -0.377291 1.064725 0.316853
v -0.355769 1.066788 -0.343304
v -0.364703 1.048222 -0.294416
v -0.375480 1.055536 -0.203344
v -0.375480 1.055540 0.316398
v -0.368035 1.049393 0.408064
v -0.353298 1.067336 0.456019
v -0.374115 1.037262 -0.275195
v -0.371091 1.050520 -0.247471
v -0.384384 1.055819 -0.260922
v -0.375861 1.037314 -0.263798
v -0.377950 1.047619 -0.206387
v -0.375480 1.055536 -0.203344
v -0.375480 1.055540 0.316398
v -0.377924 1.047802 0.319413
v -0.388100 1.037742 0.335355
v -0.371093 1.050516 0.360523
v -0.384385 1.055817 0.373974
v -0.371093 1.050516 0.360523
v -0.375886 1.037327 0.376828
v -0.375666 1.041160 0.386210
v -0.375888 1.035256 -0.262801
v -0.389857 1.038244 -0.222586
v -0.389857 1.038244 -0.222586
v -0.380301 1.013543 -0.232751
v -0.391324 1.022361 -0.234212
v -0.377827 1.048703 -0.205701
v -0.386150 1.042337 -0.206109
v -0.389399 1.023256 -0.220196
v -0.390063 1.046916 0.320607
v -0.389581 1.020992 0.333582
v -0.379073 1.004406 0.335337
v -0.359656 1.028295 -0.299991
v -0.373805 1.005224 -0.231627
v -0.365765 1.011387 -0.249788
v -0.372125 1.006303 -0.236257
v -0.393392 1.003538 -0.188067
v -0.393167 0.994937 -0.185488
v -0.393316 1.003573 0.301106
v -0.391637 0.994611 0.297839
v -0.367741 1.006536 0.353701
v -0.353913 1.141786 -0.342960
v -0.373426 1.141977 -0.352139
v -0.372162 1.141960 -0.343061
v -0.353246 1.143119 -0.334395
v -0.373338 1.141986 -0.353209
v -0.345589 1.143277 -0.331820
v -0.373286 1.142001 0.464336
v -0.380938 1.132748 -0.351779
v -0.354521 1.095693 -0.319449
v -0.371308 1.090798 -0.353854
v -0.358673 1.084062 -0.351356
v -0.371308 1.090798 -0.353854
v -0.374608 1.076579 -0.352784
v -0.371777 1.085873 -0.358947
v -0.330051 1.085548 -0.340115
v -0.358673 1.084062 -0.351356
v -0.371550 1.087482 -0.342274
v -0.358673 1.084062 -0.351356
v -0.371308 1.090798 -0.353854
v -0.356786 1.083526 -0.327106
v -0.371939 1.089386 -0.318527
v -0.339092 1.097532 -0.316326
v -0.356786 1.083526 -0.327106
v -0.371937 1.089389 0.431579
v -0.356791 1.083520 0.440157
v -0.338903 1.097469 0.429225
v -0.329462 1.085531 0.453193
v -0.356791 1.083520 0.440157
v -0.358589 1.084155 0.464371
v -0.358589 1.084155 0.464371
v -0.371480 1.087553 0.455334
v -0.371307 1.090749 0.467018
v -0.358589 1.084155 0.464371
v -0.371307 1.090749 0.467018
v -0.371777 1.085873 0.471998
v -0.358883 1.072356 -0.314426
v -0.356786 1.083526 -0.327106
v -0.358883 1.072356 -0.314426
v -0.371939 1.089386 -0.318527
v -0.354556 1.081067 -0.301550
v -0.371939 1.089386 -0.318527
v -0.358883 1.072356 -0.314426
v -0.354556 1.081067 -0.301550
v -0.354555 1.081068 0.414601
v -0.371937 1.089389 0.431579
v -0.354555 1.081068 0.414601
v -0.358885 1.072353 0.427476
v -0.358885 1.072353 0.427476
v -0.358885 1.072353 0.427476
v -0.356791 1.083520 0.440157
v -0.371937 1.089389 0.431579
v -0.339042 1.057472 -0.327512
v -0.376780 1.064303 -0.203852
v -0.376701 1.064209 0.316930
v -0.375480 1.055540 0.316398
v -0.359635 1.027939 0.415022
v -0.359222 1.033099 -0.279141
v -0.359222 1.033099 -0.279141
v -0.375378 1.038548 -0.274650
v -0.371661 1.056326 -0.265001
v -0.359222 1.033099 -0.279141
v -0.371661 1.056326 -0.265001
v -0.375861 1.037314 -0.263798
v -0.375861 1.037314 -0.263798
v -0.375480 1.055540 0.316398
v -0.375886 1.037327 0.376828
v -0.375886 1.037327 0.376828
v -0.359225 1.033095 0.392195
v -0.375886 1.037327 0.376828
v -0.371662 1.056325 0.378053
v -0.359225 1.033095 0.392195
v -0.371662 1.056325 0.378053
v -0.375378 1.038546 0.387702
v -0.359225 1.033095 0.392195
v -0.361655 1.022018 0.375813
v -0.359012 1.028526 -0.298770
v -0.372141 1.006256 0.349153
v -0.361694 1.014241 0.379520
v -0.359566 1.014244 0.382915
v -0.325351 1.138034 -0.329132
v -0.337019 1.141253 0.444693
v -0.334952 1.142137 0.443387
v -0.339344 1.097428 -0.287610
v -0.339068 1.097402 -0.316589
v -0.339591 1.097239 0.400946
v -0.335945 1.097575 0.429435
v -0.341183 1.084690 -0.324999
v -0.344345 1.085471 -0.281867
v -0.344345 1.085471 0.394918
v -0.352349 1.083796 0.377719
v -0.341183 1.084692 0.438051
v -0.329807 1.081994 -0.342897
v -0.358883 1.072356 -0.314426
v -0.341036 1.070049 -0.311742
v -0.342588 1.087794 -0.291270
v -0.354556 1.081067 -0.301550
v -0.353290 1.076313 -0.282651
v -0.352349 1.083796 -0.264667
v -0.352349 1.083796 0.377719
v -0.342835 1.092443 0.413189
v -0.340730 1.087395 0.413361
v -0.341036 1.070050 0.424793
v -0.330178 1.081898 0.455804
v -0.348348 1.037109 -0.296376
v -0.341036 1.070049 -0.311742
v -0.347835 1.037743 0.408351
v -0.341036 1.070050 0.424793
v -0.339217 1.058766 0.440216
v -0.345990 1.045097 0.420429
v -0.346100 1.044213 -0.306378
v -0.359222 1.033099 -0.279141
v -0.359225 1.033095 0.392195
v -0.359576 1.028644 0.412316
v -0.359225 1.033095 0.392195
v -0.325065 1.139320 0.443839
v -0.329894 1.102825 -0.298212
v -0.324828 1.139457 -0.330429
v -0.324945 1.139058 0.444006
v -0.329919 1.102806 0.411267
v -0.331718 1.104171 -0.312262
v -0.337779 1.088468 -0.312335
v -0.341183 1.084690 -0.324999
v -0.331718 1.104171 -0.312262
v -0.332397 1.101179 -0.300980
v -0.339592 1.097240 -0.287897
v -0.344345 1.085471 -0.281867
v -0.344345 1.085471 0.394918
v -0.339591 1.097239 0.400946
v -0.332397 1.101179 0.414032
v -0.331720 1.104172 0.425314
v -0.329874 1.072867 -0.339357
v -0.332084 1.069529 -0.328189
v -0.332916 1.081992 -0.326697
v -0.332084 1.069529 0.441241
v -0.329873 1.072867 0.452407
v -0.329874 1.072867 -0.339357
v -0.332084 1.069529 -0.328189
v -0.332084 1.069529 0.441241
v -0.329873 1.072867 0.452407
v -0.348101 1.037208 -0.296466
v -0.324395 1.132825 -0.335869
v -0.325018 1.139249 -0.330649
v -0.325477 1.131176 -0.321526
v -0.324395 1.132825 -0.335869
v -0.325477 1.131176 -0.321526
v -0.321447 1.129987 -0.331041
v -0.325483 1.131183 0.434582
v -0.325065 1.139320 0.443839
v -0.324334 1.132805 0.448909
v -0.325483 1.131183 0.434582
v -0.324334 1.132805 0.448909
v -0.321446 1.129982 0.444081
v -0.321447 1.129987 -0.331041
v -0.327609 1.130913 -0.322556
v -0.325434 1.119641 -0.327824
v -0.327607 1.131515 0.435684
v -0.321446 1.129982 0.444081
v -0.330522 1.081997 -0.340330
v -0.329874 1.072867 -0.339357
v -0.330523 1.081997 0.453381
v -0.329873 1.072867 0.452407
v -0.433262 1.196781 0.172710
v -0.431086 1.147826 0.102878
v -0.415052 1.183780 0.186957
v -0.334206 1.288811 0.451953
v -0.347853 1.232583 0.454204
v -0.338800 1.208314 0.482769
v -0.345213 1.511551 0.101703
v -0.301795 1.533477 0.192549
v -0.299886 1.558445 0.095121
v -0.332717 0.877344 -0.296173
v -0.301976 0.891889 -0.336238
v -0.309191 0.869902 -0.305406
v -0.304223 1.448231 -0.228673
v -0.328412 1.487002 -0.119468
v -0.274040 1.511725 -0.182357
v -0.204811 1.553833 -0.215908
v -0.243547 1.487468 -0.265305
v -0.242673 0.736907 -0.179448
v -0.253289 0.780497 -0.251250
v -0.215368 0.758906 -0.283847
v -0.258464 0.969628 0.583165
v -0.227724 0.928767 0.590909
v -0.218936 0.991579 0.620342
v -0.174876 1.518278 -0.303576
v -0.194210 0.756367 0.453121
v -0.200649 0.720806 0.371930
v -0.180613 0.715953 0.393327
v -0.062404 1.560724 -0.327854
v -0.030209 1.589253 -0.299383
v -0.006572 1.538684 -0.373851
v -0.042373 1.579841 0.422055
v -0.053929 1.543930 0.466933
v 0.006150 1.554281 0.470157
v 0.319542 0.874507 0.474485
v 0.253315 0.877499 0.533843
v 0.254207 0.832899 0.487350
v 0.356811 1.571413 0.185361
v 0.369539 1.574940 0.091485
v 0.309746 1.609053 0.149319
v 0.391850 1.527994 0.234098
v 0.404306 1.537660 0.157350
v 0.376544 0.819802 -0.200144
v 0.421760 0.874741 -0.213948
v 0.415284 0.829067 -0.129786
v 0.449339 1.426167 -0.196057
v 0.409299 1.465962 -0.215145
v 0.450736 1.451243 -0.148525
v 0.437336 1.491292 -0.092461
v 0.485437 1.424464 -0.094830
v 0.524798 1.296437 0.271150
v 0.541257 1.203837 0.272879
v 0.546385 1.281466 0.205166
v -0.483652 1.234832 0.026507
v -0.491982 1.201743 0.028219
v -0.491070 1.200657 0.090986
v -0.486848 1.177251 0.079041
v -0.477352 1.187163 0.109076
v -0.476890 1.219658 0.150145
v -0.487010 1.199085 0.007634
v -0.486734 1.183345 0.022407
v -0.487825 1.172022 0.053711
v -0.465856 1.273054 0.145647
v -0.451248 1.330772 0.066497
v -0.478598 1.209652 -0.026057
v -0.458913 1.276222 -0.072295
v -0.457198 1.278924 0.188267
v -0.469421 1.232857 -0.061255
v -0.467120 1.227307 0.176803
v -0.453845 1.251572 0.221626
v -0.460949 1.227649 -0.072355
v -0.428188 1.200535 -0.070271
v -0.435810 1.370512 0.031180
v -0.430964 1.380621 0.091360
v -0.453435 1.258514 -0.108620
v -0.425341 1.142782 0.010889
v -0.458246 1.157215 0.050885
v -0.433719 1.299936 0.240460
v -0.444950 1.252038 -0.122929
v -0.437653 1.242422 0.234209
v -0.422500 1.162267 -0.025444
v -0.417132 1.403914 -0.002203
v -0.407057 1.416049 0.137835
v -0.428837 1.261676 0.262944
v -0.420852 1.230879 -0.126188
v -0.423212 1.133960 0.070491
v -0.403834 1.405847 -0.057236
v -0.428983 1.316405 -0.118321
v -0.394739 1.419162 0.178245
v -0.401924 1.316215 -0.191560
v -0.407463 1.277697 -0.190446
v -0.401678 1.438775 0.067891
v -0.404418 1.281668 0.312000
v -0.405999 1.228659 0.257893
v -0.414533 1.179740 -0.071128
v -0.416714 1.147105 0.133668
v -0.416075 1.151537 -0.034802
v -0.417316 1.128566 0.025046
v -0.381411 1.410248 -0.118916
v -0.373186 1.287512 -0.269304
v -0.404727 1.201329 -0.131045
v -0.404750 1.202064 0.244153
v -0.404174 1.181001 -0.164155
v -0.408191 1.173319 0.245046
v -0.408546 1.110070 0.100765
v -0.407133 1.102351 0.030664
v -0.372142 1.417849 0.246470
v -0.388927 1.321934 0.327954
v -0.368603 1.294978 0.389187
v -0.371197 1.251553 -0.217037
v -0.380376 1.251863 0.313861
v -0.368119 1.234288 -0.210095
v -0.403787 1.182009 0.276433
v -0.393465 1.094393 -0.134020
v -0.394349 1.144804 0.316755
v -0.381032 1.011957 0.188308
v -0.384313 1.018266 -0.034543
v -0.386887 1.020211 0.062913
v -0.380727 1.465785 0.011326
v -0.372102 1.456908 -0.059763
v -0.354848 1.362556 0.356291
v -0.372257 1.276801 0.382575
v -0.372007 1.274868 -0.266296
v -0.383501 1.214296 -0.181960
v -0.368433 1.220477 0.325614
v -0.380758 1.199245 -0.206271
v -0.390496 1.131813 -0.219693
v -0.386650 1.070058 0.274716
v -0.380427 1.054425 -0.219584
v -0.357796 1.481186 0.161179
v -0.356304 1.356514 -0.247855
v -0.365176 1.233665 0.331036
v -0.369696 1.185790 0.357789
v -0.369842 1.116501 -0.276687
v -0.375596 1.142882 0.360408
v -0.383755 1.112431 0.359545
v -0.383307 1.083127 0.352800
v -0.377068 1.067891 -0.278871
v -0.373631 0.996475 -0.169508
v -0.373700 1.027992 0.395450
v -0.350158 1.437249 -0.155866
v -0.358557 1.326806 -0.273961
v -0.362288 1.251637 0.361298
v -0.356408 1.211874 -0.246664
v -0.365136 1.161496 -0.271574
v -0.364221 1.095853 0.409241
v -0.361939 1.138980 0.403879
v -0.375183 1.068906 0.396055
v -0.367667 0.986238 -0.286958
v -0.365441 0.972784 0.397998
v -0.364693 0.908900 0.062400
v -0.356926 0.876432 -0.048026
v -0.347392 1.512186 0.054848
v -0.331955 1.523016 -0.009432
v -0.352387 1.324899 0.398191
v -0.334742 1.289895 -0.337773
v -0.359323 1.262545 -0.306179
v -0.355952 1.258841 0.427586
v -0.341371 1.184550 -0.288252
v -0.344937 1.187481 0.394063
v -0.355755 1.111375 -0.312156
v -0.353207 1.094719 0.433396
v -0.363106 1.082511 -0.298231
v -0.358765 0.929082 -0.272511
v -0.347718 0.982407 0.433542
v -0.348541 0.874552 -0.245020
v -0.354126 0.862440 0.163682
v -0.322013 1.482793 0.254407
v -0.325891 1.440286 0.313272
v -0.349252 1.242095 -0.335395
v -0.343163 1.228457 -0.295916
v -0.340647 1.221505 0.410305
v -0.333710 1.134381 0.434770
v -0.343008 1.046259 -0.344000
v -0.347973 0.983694 -0.320098
v -0.340886 1.033398 0.462061
v -0.360389 0.940589 0.389161
v -0.342799 0.836286 0.279300
v -0.344321 0.848409 -0.196882
v -0.348118 0.878092 0.367105
v -0.346573 0.794723 0.001561
v -0.347174 0.793812 0.091977
v -0.342996 0.805519 -0.076706
v -0.310080 1.367036 0.420723
v -0.298218 1.353339 -0.335424
v -0.340894 1.210445 -0.365209
v -0.330782 1.189708 0.430930
v -0.334019 1.148985 -0.314727
v -0.328758 1.115346 -0.333806
v -0.337590 1.016307 -0.353298
v -0.325690 0.967646 -0.359182
v -0.337722 0.925739 -0.321115
v -0.333189 0.923925 0.440881
v -0.333568 0.891065 0.420028
v -0.335177 0.855578 0.372652
v -0.332357 0.844036 -0.241051
v -0.341482 0.824522 -0.145288
v -0.323686 0.813904 -0.190232
v -0.338840 0.807668 0.227056
v -0.325973 0.778615 0.185140
v -0.297899 1.529472 -0.098030
v -0.294606 1.436595 0.370730
v -0.318480 1.159236 -0.368622
v -0.329311 1.182533 -0.321081
v -0.324325 1.176933 0.460695
v -0.330165 1.180754 0.498011
v -0.323845 1.151579 0.445624
v -0.314207 1.039799 -0.365810
v -0.319590 1.067751 0.467951
v -0.325189 0.973559 0.473984
v -0.322884 0.807499 0.288590
v -0.327070 0.792466 -0.118487
v -0.325210 0.774041 -0.052128
v -0.310091 0.745342 0.014386
v -0.299150 1.559700 0.020631
v -0.277967 1.432291 -0.285549
v -0.296747 1.265720 -0.396851
v -0.303417 1.268882 0.500963
v -0.320095 1.173505 0.521587
v -0.325293 1.180086 -0.399396
v -0.314904 1.139880 -0.420994
v -0.312572 1.128891 -0.359483
v -0.313178 1.142840 0.487782
v -0.317401 1.143462 0.527337
v -0.301107 0.921961 -0.367849
v -0.307076 0.882601 0.433186
v -0.316663 0.861272 0.405742
v -0.300781 0.825693 -0.261591
v -0.300961 0.818348 0.361248
v -0.309207 0.740631 0.060337
v -0.305356 1.106194 -0.431006
v -0.307087 1.109003 0.483626
v -0.294651 1.053666 0.501347
v -0.309034 1.017168 0.484937
v -0.298249 0.919130 0.483312
v -0.277906 0.800805 0.362024
v -0.303613 0.746015 0.130082
v -0.262752 1.575452 -0.056303
v -0.262966 1.497785 0.335680
v -0.246705 1.413088 0.454913
v -0.258959 1.333782 0.505553
v -0.301193 1.151867 -0.435971
v -0.299916 1.129956 0.555829
v -0.288925 1.060915 -0.416802
v -0.295066 1.083225 0.519155
v -0.300662 1.091463 0.553818
v -0.298994 1.070083 -0.382800
v -0.270081 0.873737 -0.368981
v -0.284362 0.872438 0.446674
v -0.293172 0.779503 -0.163655
v -0.295357 0.789452 0.299670
v -0.277333 0.739014 0.183576
v -0.262301 1.571776 0.184407
v -0.290611 1.095059 -0.457656
v -0.282417 1.022315 -0.410504
v -0.288418 1.045257 0.558925
v -0.289319 1.049577 -0.447262
v -0.285708 0.968850 -0.394105
v -0.284805 0.966978 0.507664
v -0.268321 0.925926 0.513248
v -0.257399 0.841996 0.468315
v -0.271047 0.834397 0.401375
v -0.276179 0.830302 -0.279396
v -0.282152 0.797451 -0.240819
v -0.269532 0.730694 -0.061431
v -0.250963 1.540333 0.283028
v -0.238299 1.398640 -0.363240
v -0.259208 1.166752 0.583270
v -0.255049 1.166567 -0.473423
v -0.284256 1.073979 0.577169
v -0.282908 1.051266 -0.462082
v -0.280812 1.022880 0.529952
v -0.268279 0.718432 0.066263
v -0.257095 1.594211 0.028982
v -0.251512 1.596496 0.103159
v -0.245966 1.476821 0.388681
v -0.241653 1.328393 -0.410789
v -0.248882 1.256838 0.556516
v -0.244493 1.100277 0.608812
v -0.267841 0.957432 -0.418750
v -0.266220 0.957764 0.538761
v -0.270015 0.977451 -0.447439
v -0.259579 0.957172 -0.462933
v -0.257637 0.841041 -0.353178
v -0.266934 0.835484 -0.301302
v -0.242349 0.737867 0.296797
v -0.256615 1.033270 -0.486792
v -0.256446 1.022438 0.598089
v -0.261335 0.954998 0.567720
v -0.246668 0.896687 -0.411738
v -0.247983 0.892896 0.518673
v -0.231457 0.861126 -0.399041
v -0.227991 0.851895 0.505182
v -0.235379 0.753173 0.345248
v -0.236474 0.705106 -0.084343
v -0.237354 0.706368 0.198674
v -0.217561 1.584206 -0.133900
v -0.240191 1.268633 -0.444868
v -0.232528 1.106815 -0.502748
v -0.233997 1.068712 0.618464
v -0.222980 0.826038 -0.369753
v -0.248252 0.814005 -0.324755
v -0.243912 0.795496 0.411841
v -0.252307 0.784245 0.372508
v -0.203157 1.620795 0.154927
v -0.212694 1.551563 0.321152
v -0.211995 1.463843 -0.327956
v -0.212168 1.362429 0.526948
v -0.219295 1.066509 -0.513923
v -0.238457 0.899756 0.558331
v -0.227613 0.905829 -0.464024
v -0.237804 0.897701 -0.443235
v -0.198653 1.622952 -0.042864
v -0.206936 1.234095 0.596108
v -0.225851 0.984544 -0.501439
v -0.221253 0.813889 0.470276
v -0.218362 0.706967 -0.175970
v -0.218472 0.705715 0.284895
v -0.234221 0.697778 0.065492
v -0.216021 1.622580 0.049121
v -0.196279 1.518548 0.394125
v -0.187675 1.423132 0.501460
v -0.179321 1.178678 -0.517188
v -0.193980 1.146396 0.630381
v -0.209047 0.843663 -0.429066
v -0.218513 0.791532 -0.331782
v -0.215827 0.774624 0.421883
v -0.209966 0.692489 0.226119
v -0.184154 1.602340 0.258261
v -0.178809 1.479714 0.455936
v -0.185154 1.417530 -0.395466
v -0.191535 1.250088 -0.486241
v -0.190998 0.911217 -0.492736
v -0.210825 0.859512 0.556153
v -0.197658 0.807146 0.510509
v -0.200654 0.800057 -0.381915
v -0.198022 0.758600 -0.333980
v -0.198965 0.722032 -0.265635
v -0.206700 0.691040 -0.116474
v -0.206304 0.689910 0.145779
v -0.175257 1.310502 0.582513
v -0.190951 1.334161 -0.446651
v -0.180499 1.024935 0.644629
v -0.191500 0.927404 0.613858
v -0.183389 0.969667 0.633155
v -0.185730 0.984283 -0.522973
v -0.173504 0.930652 -0.511283
v -0.174982 0.853372 -0.463972
v -0.192845 0.776153 -0.364265
v -0.184254 1.080406 0.643485
v -0.165270 1.034319 -0.538593
v -0.158985 0.851224 0.584031
v -0.173875 0.740190 -0.336106
v -0.175934 0.687027 -0.200628
v -0.190978 0.687481 -0.048406
v -0.159425 1.651779 0.058243
v -0.154935 1.571703 0.357419
v -0.150542 1.245018 0.624169
v -0.172857 0.691182 0.333749
v -0.161394 0.679923 0.303149
v -0.168400 0.678623 -0.140501
v -0.164170 0.684198 0.051727
v -0.173273 0.680564 0.232465
v -0.149370 1.651403 -0.016869
v -0.150465 1.651781 0.122335
v -0.149834 1.630764 -0.115651
v -0.154317 1.632173 0.215743
v -0.147627 1.613412 -0.168142
v -0.137209 1.334170 -0.479841
v -0.151625 1.112268 -0.542303
v -0.163028 0.798825 0.532819
v -0.147191 0.790737 -0.421813
v -0.156662 0.714963 -0.306322
v -0.141731 0.682785 0.146395
v -0.134419 1.620033 0.281853
v -0.143811 1.582009 -0.237876
v -0.137854 1.381614 0.566030
v -0.140290 1.396697 -0.441027
v -0.129838 1.229056 -0.526357
v -0.129808 1.132630 0.660414
v -0.155591 0.915811 0.623988
v -0.138943 0.710007 0.421759
v -0.126387 1.530625 0.441151
v -0.114888 1.507465 -0.363183
v -0.106825 1.186343 0.659475
v -0.134692 1.046466 0.663084
v -0.128207 0.993857 -0.544969
v -0.128396 0.866668 0.605227
v -0.138988 0.737615 0.469292
v -0.148312 0.686040 -0.236085
v -0.121615 0.680292 -0.051335
v -0.119392 1.655143 -0.068998
v -0.117570 1.653089 0.197193
v -0.102927 1.564402 -0.300462
v -0.108766 1.462589 -0.410001
v -0.107235 1.477813 0.510613
v -0.125490 0.971525 0.653524
v -0.143662 0.874994 -0.492302
v -0.123794 0.783643 0.537469
v -0.133675 0.689678 0.371371
v -0.120304 0.673807 -0.197791
v -0.110863 0.678141 0.187942
v -0.126605 0.672487 0.263975
v -0.104988 1.575615 0.394651
v -0.118071 0.939777 -0.531370
v -0.111323 0.836429 -0.474168
v -0.118059 0.672896 -0.139922
v -0.098437 1.305032 0.624103
v -0.088343 1.126537 -0.560755
v -0.105022 1.060482 -0.557893
v -0.095264 0.906086 -0.520597
v -0.115342 0.737787 -0.366459
v -0.100397 0.666509 0.026461
v -0.101569 0.674453 0.322483
v -0.083608 1.403113 -0.465821
v -0.106519 0.922210 0.639254
v -0.099437 0.831503 0.584899
v -0.110678 0.780834 -0.423595
v -0.103995 0.728937 0.469766
v -0.087231 0.707703 -0.321217
v -0.100428 0.689544 -0.272118
v -0.079717 0.660114 0.078877
v -0.076483 1.674083 -0.028730
v -0.086796 1.676150 0.034170
v -0.092563 1.671805 0.125648
v -0.085065 1.645540 -0.149776
v -0.086202 1.616627 -0.221060
v -0.089269 1.616893 0.331062
v -0.080665 1.360165 0.604675
v -0.075610 1.333166 -0.507120
v -0.083848 1.265379 -0.531347
v -0.063788 1.111093 0.680080
v -0.078341 0.986536 -0.552893
v -0.086703 1.422717 0.563934
v -0.076587 1.251142 0.651187
v -0.070991 1.197696 -0.553951
v -0.072690 0.980107 0.665291
v -0.056247 0.709123 0.440130
v -0.046507 1.669538 0.207446
v -0.067047 1.664697 -0.096289
v -0.070604 1.645930 0.272299
v -0.042282 1.037209 -0.566048
v -0.042235 1.051813 0.680912
v -0.052594 0.755790 -0.401124
v -0.066592 0.741141 0.494206
v -0.069950 0.686245 0.379524
v -0.071221 0.673716 -0.200137
v -0.069532 0.674882 -0.080336
v -0.045705 0.669770 0.181513
v -0.060842 0.674866 0.211636
v -0.060475 1.681867 0.082932
v -0.053193 1.506635 -0.394905
v -0.054628 1.106587 -0.568066
v -0.051168 0.954304 -0.545530
v -0.039092 0.917250 0.643618
v -0.040603 0.850060 -0.489881
v -0.031995 0.790572 -0.439743
v -0.040844 0.799137 0.560970
v -0.038625 0.723976 -0.355229
v -0.064744 0.674174 0.305634
v -0.045697 0.656032 0.010300
v -0.042400 1.620422 0.351041
v -0.053746 1.489860 0.523869
v -0.014515 0.862310 0.611253
v -0.035429 0.689853 -0.276667
v -0.049144 0.675557 -0.127952
v -0.020402 1.457256 -0.448875
v -0.035365 1.440305 0.570123
v -0.033527 0.682955 0.356908
v -0.024201 0.651650 0.091900
v -0.024519 1.683619 0.135329
v -0.033489 1.646112 -0.180671
v -0.032019 1.328444 0.634075
v -0.009614 1.286338 -0.542428
v -0.015193 1.211414 0.675329
v -0.032312 1.160742 0.680401
v -0.016661 0.922884 -0.533237
v -0.010008 0.769889 0.529425
v -0.024553 0.677980 0.242746
v -0.029305 1.686228 0.019240
v -0.019760 1.675944 -0.079872
v -0.018134 1.653216 0.278654
v 0.001969 1.618770 -0.255353
v -0.025258 1.373608 -0.500820
v -0.019968 1.391980 0.604512
v -0.007262 1.277810 0.658534
v -0.002936 1.162347 -0.570433
v -0.019271 0.967866 0.663645
v -0.000277 0.701058 0.413334
v 0.005482 1.219955 -0.562660
v -0.011279 0.676493 -0.111114
v 0.012469 1.690204 0.084337
v 0.014042 1.519305 -0.399133
v 0.010951 1.496924 0.533875
v -0.003211 1.117320 0.685793
v 0.032409 1.114133 -0.573424
v 0.005915 1.022736 0.677582
v 0.023251 0.986049 -0.555149
v 0.020871 0.735615 0.479470
v 0.017242 0.683898 0.272810
v 0.020274 1.636654 0.330073
v 0.014184 1.598210 0.407144
v 0.010883 1.419286 -0.480452
v 0.060456 0.691536 -0.240030
v 0.019350 0.683813 -0.158001
v 0.023870 0.659045 -0.043389
v 0.035825 1.678495 0.192821
v 0.024330 1.648369 -0.188608
v 0.025325 1.575802 -0.330070
v 0.026389 1.431104 0.587425
v 0.019541 1.356861 0.629353
v 0.010780 1.327852 -0.528305
v 0.064136 0.678335 0.235004
v 0.042773 0.660509 0.164083
v 0.038527 0.649448 0.018395
v 0.025927 0.651115 0.110025
v 0.031285 1.687793 -0.011486
v 0.020110 1.675359 -0.092743
v 0.036366 1.171471 0.683334
v 0.043555 0.910013 -0.521792
v 0.045313 0.850235 -0.483577
v 0.040682 0.765938 -0.403804
v 0.033241 0.702569 -0.294662
v 0.065919 0.695272 0.369064
v 0.051413 0.688412 0.327244
v 0.050043 1.660383 0.264583
v 0.051824 1.393173 -0.499487
v 0.059100 1.069254 -0.569031
v 0.051612 0.983477 0.664537
v 0.041572 0.919898 0.640114
v 0.055414 0.836823 0.585129
v 0.060836 0.816920 -0.453294
v 0.042772 0.731672 -0.354368
v 0.069701 0.713645 0.423348
v 0.065729 1.605987 0.393934
v 0.070006 1.101404 0.683673
v 0.074902 1.552975 0.474614
v 0.083171 1.550275 -0.364244
v 0.062981 1.486059 -0.432758
v 0.060467 1.439252 -0.469890
v 0.061162 1.295836 0.656630
v 0.070270 1.222884 0.675005
v 0.070979 0.774042 0.519688
v 0.065751 1.676433 -0.083513
v 0.063074 1.326006 -0.531926
v 0.089364 1.042178 0.673580
v 0.078400 1.688348 0.064739
v 0.090966 1.683971 0.126677
v 0.093603 1.684679 -0.007902
v 0.075837 1.649752 -0.178426
v 0.094508 1.644921 0.301047
v 0.079523 1.623421 -0.243074
v 0.079824 1.592886 -0.300920
v 0.086549 1.490487 0.541106
v 0.102761 1.391679 0.612006
v 0.097146 1.255403 -0.553073
v 0.094415 1.180574 -0.566188
v 0.099888 0.934808 0.636443
v 0.083768 0.827557 0.570233
v 0.082684 0.677841 -0.118739
v 0.071763 0.654712 -0.017003
v 0.104193 1.433726 0.585233
v 0.097739 1.044087 -0.559545
v 0.102418 0.984178 -0.543250
v 0.119529 0.793336 -0.412516
v 0.113052 0.739890 0.455131
v 0.102268 0.676243 0.220235
v 0.091330 0.655115 0.119679
v 0.123381 1.168767 0.676203
v 0.128676 0.758705 -0.364487
v 0.118640 0.714047 -0.287612
v 0.112543 1.668946 0.206737
v 0.119460 1.379450 -0.503209
v 0.126426 1.342596 0.633038
v 0.133567 1.104931 -0.561295
v 0.113080 0.891410 0.608640
v 0.128725 1.650434 -0.154557
v 0.134545 1.625410 0.333053
v 0.128318 1.453207 -0.454220
v 0.121061 1.498936 -0.415579
v 0.140487 1.030902 0.660843
v 0.114826 0.881705 -0.489458
v 0.134985 0.690648 0.305642
v 0.131173 0.658288 0.058991
v 0.132761 1.665660 -0.092768
v 0.136797 1.614451 -0.244467
v 0.129623 1.569532 0.438820
v 0.128825 1.322823 -0.527020
v 0.128987 1.290878 0.651400
v 0.134771 0.979868 0.646694
v 0.144341 0.949204 -0.518338
v 0.127195 0.799562 0.528226
v 0.136497 0.712323 0.382893
v 0.137291 0.676880 -0.089543
v 0.120050 0.659774 -0.010244
v 0.142061 1.678986 0.070413
v 0.138906 1.596427 0.390797
v 0.137224 1.502120 0.520136
v 0.143543 1.238969 0.662101
v 0.141107 1.128911 0.672971
v 0.164921 0.844348 -0.442128
v 0.133364 0.690257 -0.192815
v 0.159921 1.671004 0.138065
v 0.149728 1.564543 -0.326042
v 0.164552 1.466998 0.545530
v 0.169042 1.068181 0.660794
v 0.141990 0.663159 0.116333
v 0.169894 1.525127 0.483216
v 0.154360 0.758776 0.462986
v 0.169511 1.669941 -0.011896
v 0.152694 1.650319 0.251009
v 0.150208 1.399447 -0.486399
v 0.173312 1.241533 -0.541183
v 0.171683 1.187036 -0.550079
v 0.163264 1.038193 -0.542725
v 0.164583 0.875271 0.579604
v 0.186190 0.857926 0.556787
v 0.179634 0.746014 -0.308054
v 0.165112 0.708345 -0.232418
v 0.181334 1.384721 0.597858
v 0.176961 1.290240 -0.527354
v 0.191445 0.969298 -0.511949
v 0.190909 0.944566 0.613332
v 0.190006 1.537693 -0.344897
v 0.196594 1.463916 -0.421974
v 0.193032 1.427046 0.565699
v 0.176809 1.282935 0.642432
v 0.203757 0.912350 -0.475651
v 0.193269 0.814654 0.509893
v 0.173685 0.707325 0.329628
v 0.170554 0.669926 -0.003499
v 0.195325 0.676510 0.112947
v 0.191393 1.647160 -0.111142
v 0.195918 1.653746 0.186842
v 0.211303 1.620445 -0.177007
v 0.196486 1.548380 0.438809
v 0.202741 1.363580 -0.488684
v 0.192342 0.690773 0.218341
v 0.213648 1.659710 0.082192
v 0.219845 1.627923 0.258929
v 0.192993 1.597697 0.359434
v 0.209397 1.590799 -0.248159
v 0.209047 1.331650 0.613233
v 0.203541 1.175354 0.652861
v 0.202224 1.104688 -0.540270
v 0.225338 1.006910 0.624251
v 0.210418 0.823672 -0.396250
v 0.204668 0.740849 0.386519
v 0.200708 0.724426 -0.236689
v 0.204732 0.685642 -0.050036
v 0.212478 0.679525 0.064536
v 0.214904 1.251842 0.637707
v 0.228024 1.119032 0.643212
v 0.215323 0.788192 -0.347391
v 0.229657 0.785954 0.445651
v 0.215458 1.655131 -0.019164
v 0.225612 1.033366 -0.518327
v 0.241625 0.730926 0.309626
v 0.228752 0.702218 -0.103766
v 0.238670 0.705915 0.217576
v 0.242208 1.500754 0.472094
v 0.225085 1.278533 -0.512495
v 0.267726 0.721346 -0.118266
v 0.242930 1.632520 -0.092308
v 0.240661 1.565886 0.380917
v 0.247307 1.498966 -0.358001
v 0.238336 1.396477 0.565375
v 0.237930 1.215332 -0.520868
v 0.241525 1.152925 -0.524086
v 0.247863 1.060087 0.626585
v 0.252475 1.634498 0.174607
v 0.263615 1.594843 0.296950
v 0.254738 1.441499 0.521922
v 0.261579 1.416723 -0.425292
v 0.247901 0.949678 0.588565
v 0.263503 0.886124 -0.421622
v 0.262380 0.775288 -0.280294
v 0.260575 0.700933 -0.005560
v 0.267072 1.638077 0.054121
v 0.276706 1.630040 -0.015593
v 0.255131 1.549987 -0.281675
v 0.254009 1.363616 -0.463053
v 0.250130 1.205929 0.629878
v 0.257701 0.978843 -0.484091
v 0.288502 0.752362 -0.187125
v 0.270151 0.706545 0.132480
v 0.289631 1.565995 -0.217657
v 0.295452 1.522240 0.400260
v 0.263469 1.334872 0.584977
v 0.283264 1.318362 -0.467130
v 0.276983 1.069054 -0.499518
v 0.279891 0.826750 -0.345684
v 0.301764 0.785657 0.364668
v 0.292724 1.624426 0.099274
v 0.275764 1.599858 -0.151754
v 0.280333 1.259341 -0.488763
v 0.288434 1.268737 0.593767
v 0.281366 0.921538 -0.435950
v 0.285592 0.731026 0.233836
v 0.289720 0.712031 0.090189
v 0.298441 1.601717 0.217576
v 0.295089 1.194422 -0.491390
v 0.289728 1.126606 0.609567
v 0.299108 0.950990 0.555502
v 0.301246 0.899579 0.515874
v 0.295828 0.824682 0.439142
v 0.304304 1.603181 -0.085856
v 0.299404 1.560011 0.329130
v 0.312686 1.510932 -0.285224
v 0.304943 1.466026 0.461875
v 0.306211 1.386306 0.528609
v 0.319789 1.314725 0.556820
v 0.299566 1.202522 0.600555
v 0.310915 1.137809 -0.483034
v 0.295279 1.039678 0.594486
v 0.318501 1.435922 -0.366379
v 0.313136 0.954047 -0.432501
v 0.301381 0.724974 -0.041206
v 0.308639 1.479221 -0.330517
v 0.325554 1.417036 0.489722
v 0.318693 1.378039 -0.411897
v 0.320430 1.019049 -0.456338
v 0.320497 0.832435 -0.308972
v 0.325637 0.791873 -0.227692
v 0.344489 0.772480 0.257443
v 0.324634 0.731099 0.032378
v 0.342099 1.595597 0.033151
v 0.330579 1.566522 -0.152445
v 0.336637 1.560527 0.270355
v 0.316946 1.274519 -0.459362
v 0.331264 1.175631 0.579436
v 0.342495 1.099279 0.569448
v 0.345118 0.900677 -0.361345
v 0.335466 0.753542 -0.093180
v 0.329938 0.746221 0.184255
v 0.352264 1.515196 -0.228334
v 0.349520 1.512818 0.349732
v 0.342046 1.465707 0.424609
v 0.337330 1.027014 0.558050
v 0.348462 0.849694 0.410311
v 0.362370 1.574377 -0.037283
v 0.357787 1.316228 -0.411662
v 0.339411 1.211991 -0.455689
v 0.354886 1.098245 -0.445780
v 0.355687 0.930619 0.488177
v 0.356860 0.780305 -0.138802
v 0.354778 1.459656 -0.304183
v 0.363554 1.355531 0.498875
v 0.352251 1.244905 0.552150
v 0.350194 0.995890 -0.420349
v 0.369155 0.761296 0.091812
v 0.372821 1.552276 -0.097379
v 0.373049 1.351620 -0.378122
v 0.367580 0.971640 0.503420
v 0.365499 0.802644 0.295292
v 0.388979 1.514172 -0.164119
v 0.374212 1.410328 0.445501
v 0.390840 1.386388 -0.334351
v 0.384683 1.254224 -0.408265
v 0.386731 0.954860 -0.357933
v 0.367356 0.864241 -0.290361
v 0.375540 0.840872 0.353088
v 0.388156 0.785672 0.172981
v 0.387668 1.299656 0.503891
v 0.397270 1.170418 -0.408668
v 0.378664 1.062401 -0.416840
v 0.394025 1.016854 0.498184
v 0.388511 0.906913 0.424499
v 0.379559 0.771279 -0.001718
v 0.395757 1.498793 0.295809
v 0.398437 1.451665 0.367666
v 0.409636 1.228868 0.501406
v 0.385101 1.181635 0.532113
v 0.410803 1.138773 0.509029
v 0.399552 1.079819 0.513296
v 0.404579 1.022710 -0.375371
v 0.419241 0.916415 -0.275163
v 0.401278 0.822176 0.263529
v 0.407394 0.800950 -0.053043
v 0.409669 1.542406 0.057267
v 0.420382 1.416826 -0.263473
v 0.419980 1.387095 0.407618
v 0.408444 1.116612 -0.396479
v 0.418086 0.956423 0.429270
v 0.420981 0.879951 0.336483
v 0.424561 1.524223 -0.003580
v 0.437093 1.316488 0.434260
v 0.419512 1.287435 -0.359458
v 0.433926 1.067684 -0.357564
v 0.446128 1.424765 0.318326
v 0.419560 1.276280 0.477129
v 0.430372 1.127113 0.485788
v 0.437582 1.064839 0.464092
v 0.446656 0.995408 0.417372
v 0.439622 0.930023 0.367562
v 0.440115 0.827649 0.133537
v 0.421879 0.805061 0.038931
v 0.440539 1.460847 0.271179
v 0.449462 1.361859 -0.269198
v 0.445106 1.316874 -0.308755
v 0.435009 1.211613 -0.361358
v 0.447951 0.963631 -0.274947
v 0.450126 0.861166 0.229430
v 0.446955 1.489945 0.169323
v 0.452461 1.130493 -0.343397
v 0.452885 1.011672 -0.305072
v 0.454916 0.876842 -0.138505
v 0.445076 0.837762 -0.047308
v 0.459828 1.487837 0.078018
v 0.468668 1.352578 0.356637
v 0.453316 1.188218 0.452647
v 0.469858 1.472123 0.000452
v 0.474363 1.244466 -0.296220
v 0.463294 1.240913 0.427765
v 0.474135 0.940688 -0.198243
v 0.478799 0.948490 0.311427
v 0.484240 0.891403 -0.064998
v 0.460447 0.845923 0.045439
v 0.487985 1.367932 -0.184547
v 0.482444 1.180552 -0.295644
v 0.485415 1.111275 0.403301
v 0.467593 1.047812 0.412893
v 0.480428 0.909459 0.244683
v 0.478597 1.430577 0.218467
v 0.485196 1.445551 0.142205
v 0.489715 1.381325 0.273888
v 0.479274 1.294569 -0.264165
v 0.495214 1.291029 0.349336
v 0.492228 1.084258 -0.271359
v 0.488183 0.918362 -0.124522
v 0.485380 0.890162 0.165534
v 0.495537 0.893232 0.015567
v 0.505651 1.319474 -0.189979
v 0.496201 1.206914 0.380759
v 0.494453 1.008866 0.338682
v 0.497710 1.003106 -0.213367
v 0.492146 0.886792 0.075902
v 0.494712 1.432920 -0.017727
v 0.508646 1.417371 0.039413
v 0.509366 1.389810 0.190833
v 0.508792 1.133663 -0.248991
v 0.505174 1.054971 -0.233626
v 0.517005 1.263404 -0.202129
v 0.513962 1.244942 0.330993
v 0.506084 1.069815 0.351764
v 0.510931 0.977020 -0.150335
v 0.512957 0.953706 0.217123
v 0.517411 1.399385 0.094001
v 0.519404 1.357443 -0.099736
v 0.519074 1.182101 -0.223979
v 0.522713 0.964807 -0.078823
v 0.534015 1.354663 -0.032997
v 0.525892 1.346667 0.203081
v 0.523651 1.143719 0.329974
v 0.530977 1.135893 -0.199529
v 0.523082 1.029259 -0.171757
v 0.519250 1.012036 0.279634
v 0.533304 1.076535 0.289036
v 0.527692 0.950891 0.004980
v 0.526081 0.943446 0.086457
v 0.532617 1.361740 0.127031
v 0.539479 1.273302 -0.129035
v 0.537152 1.078297 -0.163761
v 0.541026 1.016988 0.202673
v 0.535484 1.362906 0.032259
v 0.545519 1.191249 -0.149549
v 0.546330 1.037170 -0.093805
v 0.552529 1.003381 0.028308
v 0.546737 0.993977 0.107719
v 0.550759 1.312044 0.130979
v 0.557385 1.262968 -0.062827
v 0.549171 1.135985 0.254634
v 0.554630 1.116655 -0.117079
v 0.559762 1.296204 0.037215
v 0.563802 1.260731 0.137703
v 0.558874 1.200152 0.208932
v 0.554331 1.081250 0.213123
v 0.570665 1.168405 -0.046708
v 0.568502 1.062987 0.095248
v 0.568906 1.074808 -0.003307
v 0.572987 1.239432 0.039450
v 0.574900 1.195717 -0.002985
v 0.571747 1.207089 0.135480
v 0.573268 1.142772 0.139925
v 0.575749 1.113718 0.093999
v 0.579406 1.173566 0.062132
v 0.577044 1.118524 0.031409
v -0.278877 0.971120 -0.279079
v -0.320581 0.915909 -0.263014
v -0.319354 0.936609 -0.293424
v -0.306843 1.069890 -0.303150
v -0.281728 1.080566 -0.258598
v -0.268754 1.033324 -0.272655
v -0.284427 1.076205 -0.214644
v -0.302690 1.047883 -0.169115
v -0.265190 1.044180 -0.224507
v -0.294837 1.058420 0.294714
v -0.282919 1.078903 0.335531
v -0.269854 1.043546 0.324689
v -0.283820 1.081568 0.373231
v -0.291099 1.039912 0.417351
v -0.265605 1.043025 0.371389
v -0.457182 0.999428 -0.211555
v -0.452575 1.063128 -0.223412
v -0.463221 1.016010 -0.241652
v -0.455662 1.054538 0.364530
v -0.447925 1.048584 0.311894
v -0.461498 1.002011 0.340987
v -0.460929 1.000684 0.367866
v -0.433255 1.084726 -0.268904
v -0.455185 1.033998 -0.272622
v -0.448149 1.069875 0.343599
v -0.434516 1.067805 0.313957
v -0.447883 1.031535 0.400282
v -0.429323 1.086915 0.388292
v -0.436445 1.017073 -0.177091
v -0.447898 0.989088 0.308429
v -0.439580 1.025960 -0.298605
v -0.445671 0.969395 -0.278082
v -0.437528 0.968478 0.401891
v -0.452457 0.968240 -0.242977
v -0.427803 0.978154 -0.177123
v -0.437018 0.941157 -0.225258
v -0.437629 0.944328 0.334721
v -0.442350 0.952120 0.370516
v -0.438849 1.067414 -0.202552
v -0.406319 1.077041 -0.305912
v -0.403112 1.044841 -0.158749
v -0.407662 1.047520 0.275733
v -0.418942 1.011529 0.276600
v -0.426718 1.003779 0.423499
v -0.414738 1.031709 0.431209
v -0.414295 0.969853 -0.310540
v -0.416230 0.962878 0.288720
v -0.406912 0.948501 -0.179373
v -0.404455 1.097825 -0.282432
v -0.406648 1.097863 0.394994
v -0.400152 1.080291 0.419435
v -0.405461 1.061450 -0.180780
v -0.413866 1.031751 -0.318644
v -0.397058 0.944672 -0.304522
v -0.404481 0.917693 -0.263358
v -0.407262 0.919222 -0.217693
v -0.401400 0.916752 0.324629
v -0.405508 0.918634 0.378516
v -0.382131 0.934538 0.415081
v -0.397791 1.001130 -0.154079
v -0.383126 0.977832 0.439684
v -0.387983 0.984383 0.267551
v -0.370754 1.053794 0.272307
v -0.379899 1.031668 -0.330330
v -0.380523 1.039139 0.441695
v -0.365862 1.031039 0.260552
v -0.368016 0.978307 -0.327910
v -0.365700 0.948407 -0.165321
v -0.365973 0.942757 0.281955
v -0.363218 0.920116 -0.190672
v -0.370895 0.908440 -0.266427
v -0.364773 0.904176 -0.227713
v -0.369099 0.903752 0.348465
v -0.352996 1.078325 -0.316550
v -0.349255 1.099079 -0.295231
v -0.353009 1.077477 0.430339
v -0.352580 1.099096 0.408690
v -0.345781 1.054579 -0.159775
v -0.356800 1.025359 -0.147236
v -0.356824 0.983147 -0.151531
v -0.356283 0.981874 0.264298
v -0.346678 0.940894 -0.308854
v -0.365753 0.914904 0.313254
v -0.349610 0.908669 0.379345
v -0.311158 1.096964 0.385333
v -0.312847 1.098129 -0.276676
v -0.348418 1.017054 -0.332076
v -0.334884 1.016471 0.443599
v -0.326426 1.056876 0.279303
v -0.312856 0.983589 0.430631
v -0.318734 0.952623 0.419868
v -0.324497 0.978210 0.272290
v -0.329896 0.924795 0.397643
v -0.310478 0.941463 0.301495
v -0.322501 0.912732 0.340574
v -0.311628 1.093467 0.397745
v -0.325956 1.072607 0.424794
v -0.317276 1.031225 -0.322373
v -0.318476 1.030975 0.270219
v -0.306220 0.999594 -0.162883
v -0.308559 0.986337 -0.315381
v -0.321940 0.976707 -0.161236
v -0.305580 0.944634 -0.190722
v -0.319653 0.916390 -0.221863
v -0.285712 0.941663 0.366644
v -0.287461 1.027401 -0.301455
v -0.294460 0.998732 0.286104
v -0.280998 0.948557 -0.226904
v -0.287674 0.943446 0.332684
v -0.273561 1.000151 -0.196505
v -0.273034 0.999253 0.310602
v -0.280151 0.982145 0.399289
v -0.262981 0.999376 -0.224067
v -0.261605 1.001043 0.343636
v -0.265772 0.997622 0.378987
v -0.263277 0.998214 -0.254818
v -0.489913 0.930197 0.056233
v -0.476309 0.924041 0.023119
v -0.477734 0.912654 0.021543
v -0.495817 0.910198 0.053750
v -0.478507 0.904460 0.092407
v -0.476306 0.924042 0.089984
v -0.466669 0.892557 0.019075
v -0.474460 0.883907 0.069579
v -0.447561 0.935949 0.016268
v -0.476309 0.924041 0.023119
v -0.471618 0.942676 0.056238
v -0.476306 0.924042 0.089984
v -0.447977 0.935816 0.096733
v -0.476309 0.924041 0.023119
v -0.440107 0.913684 0.004132
v -0.476306 0.924042 0.089984
v -0.449506 0.908474 0.105275
v -0.443009 0.947727 0.056233
v -0.447497 0.913775 0.106554
v -0.442495 0.884629 0.089348
v -0.430356 0.883834 0.024589
v -0.443331 0.876118 0.056242
v -0.439669 0.913806 0.006344
v -0.447168 0.913742 0.108896
v -0.433742 0.899484 0.010301
v -0.421080 0.891914 0.094436
v -0.403144 0.935941 0.052183
v -0.422990 0.929765 0.019688
v -0.405120 0.931663 0.072170
v -0.421890 0.929090 0.092958
v -0.410233 0.884538 0.057280
v -0.409482 0.923893 0.022966
v -0.409467 0.924020 0.090142
v -0.409482 0.923893 0.022966
v -0.407111 0.905363 0.020589
v -0.406910 0.905743 0.092422
v -0.409467 0.924020 0.090142
v -0.392675 0.913791 0.059883
v -0.390250 0.913791 0.059472
v -0.409482 0.923893 0.022966
v -0.409467 0.924020 0.090142
v -0.396116 0.901960 0.064534
v 0.152430 0.412102 0.017843
v 0.185232 0.468507 0.045775
v 0.168490 0.400517 -0.006158
v 0.435245 0.228417 0.281501
v 0.487641 0.209764 0.353521
v 0.465443 0.227182 0.294421
v 0.612851 0.274174 0.632894
v 0.600421 0.272203 0.612997
v 0.644892 0.273841 0.616266
v 0.621278 0.223355 0.694366
v 0.611736 0.256815 0.674431
v 0.590452 0.195447 0.433257
v 0.616260 0.218821 0.490909
v 0.614377 0.190406 0.478375
v 0.613857 0.392246 0.569679
v 0.625163 0.381926 0.552060
v 0.617592 0.381080 0.537433
v 0.616006 0.362979 0.537691
v 0.613635 0.376633 0.525640
v 0.617592 0.381080 0.537433
v 0.621411 0.316896 0.582292
v 0.635136 0.362409 0.568711
v 0.624553 0.262609 0.553335
v 0.643629 0.250203 0.555705
v 0.647562 0.253121 0.580667
v 0.652798 0.271878 0.595943
v 0.643230 0.208815 0.719006
v 0.642055 0.270304 0.647823
v 0.658208 0.239191 0.714998
v 0.653682 0.302607 0.659759
v 0.661747 0.320558 0.640340
v 0.659028 0.348477 0.658878
v 0.158442 0.433611 0.034162
v 0.156316 0.412152 0.031364
v 0.153703 0.397809 0.015247
v 0.152360 0.412090 0.017814
v 0.155719 0.411965 0.031812
v 0.170375 0.379328 -0.002532
v 0.174612 0.366823 0.014050
v 0.196997 0.364561 0.066738
v 0.182334 0.359286 0.037234
v 0.192623 0.473354 0.048883
v 0.217689 0.467843 0.064797
v 0.217366 0.416646 0.081028
v 0.201416 0.389408 -0.017532
v 0.214208 0.329855 0.071623
v 0.211451 0.326312 0.040769
v 0.224051 0.488048 0.050075
v 0.236492 0.488905 0.037029
v 0.192890 0.472542 0.048575
v 0.228937 0.425132 -0.011178
v 0.243106 0.333460 0.106734
v 0.231293 0.327081 0.026348
v 0.246967 0.288943 0.078833
v 0.239716 0.494498 0.048618
v 0.262103 0.467454 0.009206
v 0.241936 0.407491 -0.010940
v 0.243991 0.345836 0.013564
v 0.265273 0.485918 0.045577
v 0.270532 0.483639 0.032302
v 0.266885 0.436167 0.085713
v 0.256855 0.434180 -0.005590
v 0.261880 0.374073 0.111928
v 0.270944 0.276631 0.116718
v 0.289288 0.407409 0.102033
v 0.292977 0.369716 0.030424
v 0.278399 0.313343 0.043388
v 0.293771 0.330263 0.140449
v 0.275241 0.269283 0.086238
v 0.310282 0.270622 0.160976
v 0.299114 0.420866 0.036985
v 0.291648 0.251492 0.115250
v 0.309960 0.245912 0.151338
v 0.310193 0.413334 0.073999
v 0.311085 0.369227 0.125572
v 0.312582 0.293769 0.069969
v 0.325968 0.303944 0.167435
v 0.316808 0.248242 0.104357
v 0.315889 0.231365 0.142566
v 0.322322 0.383694 0.102025
v 0.324639 0.371461 0.068327
v 0.337568 0.302148 0.084367
v 0.335900 0.216892 0.145100
v 0.343231 0.343967 0.135654
v 0.351498 0.321739 0.159637
v 0.357223 0.254795 0.114772
v 0.367546 0.243103 0.216991
v 0.362487 0.216665 0.212649
v 0.356521 0.200959 0.184833
v 0.354487 0.333521 0.116357
v 0.356579 0.308140 0.105021
v 0.368434 0.292911 0.189752
v 0.389574 0.259058 0.226910
v 0.369057 0.202122 0.159264
v 0.399781 0.168126 0.236731
v 0.377210 0.306471 0.160255
v 0.389636 0.288104 0.153452
v 0.385928 0.268208 0.139198
v 0.400860 0.222512 0.159940
v 0.387751 0.177385 0.201589
v 0.402098 0.276864 0.201606
v 0.414257 0.252857 0.174956
v 0.402226 0.184093 0.187316
v 0.420304 0.168934 0.277304
v 0.430459 0.253117 0.218753
v 0.423537 0.254127 0.240287
v 0.418592 0.213093 0.277027
v 0.454592 0.180392 0.331177
v 0.422533 0.158336 0.230268
v 0.444404 0.213359 0.205764
v 0.439490 0.174826 0.214751
v 0.449544 0.143814 0.297230
v 0.457214 0.144772 0.262682
v 0.469237 0.227268 0.272757
v 0.461697 0.219518 0.234826
v 0.474265 0.185264 0.241977
v 0.486772 0.158499 0.374413
v 0.487686 0.154645 0.272092
v 0.497822 0.139287 0.368854
v 0.476486 0.136903 0.295243
v 0.494345 0.131154 0.334260
v 0.508925 0.212422 0.364034
v 0.507590 0.199374 0.300783
v 0.509052 0.197348 0.408572
v 0.528944 0.152358 0.425361
v 0.509450 0.139787 0.316985
v 0.541799 0.164620 0.337548
v 0.538874 0.187762 0.470990
v 0.532281 0.204287 0.355915
v 0.539372 0.214136 0.431771
v 0.539923 0.206777 0.466104
v 0.524384 0.134040 0.360152
v 0.539856 0.140891 0.408039
v 0.558020 0.172880 0.481212
v 0.547542 0.146093 0.365669
v 0.553236 0.208108 0.403595
v 0.571236 0.223600 0.465054
v 0.564839 0.229511 0.525207
v 0.575746 0.206663 0.534581
v 0.560822 0.145267 0.401646
v 0.578829 0.248155 0.540210
v 0.578799 0.242910 0.570219
v 0.576349 0.175586 0.398740
v 0.586019 0.167327 0.419806
v 0.578154 0.156491 0.439896
v 0.575104 0.164387 0.473219
v 0.596527 0.283735 0.601235
v 0.594872 0.227747 0.484329
v 0.599207 0.190035 0.520071
v 0.601190 0.379931 0.526414
v 0.591749 0.382914 0.523829
v 0.594929 0.378474 0.535848
v 0.601190 0.379931 0.526414
v 0.594929 0.378474 0.535848
v 0.598515 0.380575 0.550484
v 0.594929 0.378474 0.535848
v 0.591749 0.382914 0.523829
v 0.601190 0.379931 0.526414
v 0.594929 0.378474 0.535848
v 0.601190 0.379931 0.526414
v 0.599380 0.364620 0.537455
v 0.599154 0.362532 0.537948
v 0.593421 0.359327 0.561943
v 0.597720 0.380252 0.551238
v 0.594929 0.378474 0.535848
v 0.608050 0.372462 0.632002
v 0.596377 0.338217 0.599466
v 0.602329 0.323350 0.582723
v 0.599565 0.304501 0.602438
v 0.605094 0.297162 0.658676
v 0.616199 0.303763 0.588297
v 0.616199 0.303763 0.588297
v 0.604820 0.280308 0.580979
v 0.600563 0.272165 0.613164
v 0.613590 0.233997 0.579110
v 0.601573 0.173334 0.467531
v 0.617592 0.381080 0.537433
v 0.613635 0.376633 0.525640
v 0.616863 0.394682 0.636708
v 0.638164 0.401996 0.731561
v 0.601190 0.379931 0.526414
v 0.613635 0.376633 0.525640
v 0.618987 0.258098 0.713344
v 0.635073 0.298153 0.595968
v 0.622675 0.222653 0.709341
v 0.615553 0.192975 0.507714
v 0.632221 0.398302 0.604564
v 0.634534 0.412416 0.685996
v 0.647679 0.359736 0.748446
v 0.629536 0.238207 0.726516
v 0.631271 0.271181 0.631007
v 0.630686 0.255255 0.651415
v 0.631627 0.220047 0.689949
v 0.640007 0.226264 0.547385
v 0.631989 0.209740 0.709478
v 0.621944 0.221653 0.709157
v 0.631184 0.209206 0.709234
v 0.633655 0.208883 0.719316
v 0.628051 0.210667 0.510143
v 0.648926 0.417034 0.682762
v 0.651297 0.396918 0.636631
v 0.653736 0.423584 0.736989
v 0.653856 0.381283 0.632859
v 0.642175 0.314170 0.604133
v 0.647880 0.282658 0.739804
v 0.641526 0.270552 0.647687
v 0.631271 0.271181 0.631007
v 0.647743 0.257497 0.735114
v 0.648304 0.238652 0.732666
v 0.643202 0.209096 0.719299
v 0.631184 0.209206 0.709234
v 0.633655 0.208883 0.719316
v 0.633655 0.208883 0.719316
v 0.662446 0.420400 0.711481
v 0.662817 0.425652 0.752822
v 0.661137 0.400335 0.755909
v 0.673653 0.422520 0.757377
v 0.663778 0.382332 0.754908
v 0.661241 0.345838 0.748042
v 0.665439 0.321158 0.741513
v 0.657919 0.284926 0.601898
v 0.661325 0.297549 0.737445
v 0.654237 0.272382 0.595871
v 0.658876 0.283615 0.735039
v 0.674096 0.422435 0.756487
v 0.674783 0.412284 0.756948
v 0.676323 0.388860 0.715771
v 0.677708 0.395314 0.742490
v 0.668458 0.308722 0.718309
v -0.134159 0.767254 -0.043810
v -0.133828 0.760148 -0.042472
v -0.128947 0.762204 -0.055661
v -0.127481 0.768440 -0.058071
v -0.320415 0.566056 0.139247
v -0.328735 0.565558 0.140312
v -0.166331 0.738261 0.030306
v -0.164069 0.745589 0.029533
v -0.105260 0.777500 -0.117481
v -0.103756 0.784674 -0.119495
vn -0.9979 0.0417 0.0490
vn -0.9901 0.1244 -0.0644
vn -0.9980 0.0231 -0.0594
vn -0.9811 0.0747 -0.1787
vn -0.9873 0.0016 0.1588
vn -0.9856 0.1203 0.1187
vn -0.9906 -0.0356 -0.1323
vn -0.9971 -0.0763 -0.0063
vn -0.9841 -0.1113 0.1385
vn -0.9726 -0.1586 -0.1701
vn -0.9823 -0.1838 0.0371
vn -0.9708 -0.2250 -0.0831
vn -0.9591 0.2736 -0.0731
vn -0.9588 0.2314 -0.1647
vn -0.9596 0.2250 0.1692
vn -0.9813 0.1905 0.0268
vn -0.9766 0.1332 -0.1688
vn -0.9716 0.0950 0.2166
vn -0.9431 0.1836 -0.2773
vn -0.9727 -0.0047 -0.2319
vn -0.9526 -0.2535 0.1679
vn -0.9337 -0.3022 -0.1923
vn -0.9368 -0.3475 -0.0403
vn -0.9428 -0.3232 0.0819
vn -0.9061 0.3617 -0.2196
vn -0.9394 0.3403 0.0425
vn -0.9143 0.2928 -0.2799
vn -0.9426 0.1692 0.2880
vn -0.9090 0.3185 0.2690
vn -0.9446 0.0860 -0.3167
vn -0.9522 0.0343 0.3036
vn -0.9493 -0.1047 -0.2964
vn -0.9582 -0.1298 0.2548
vn -0.8997 -0.2997 0.3174
vn -0.8957 -0.4012 0.1918
vn -0.8476 -0.5007 -0.1755
vn -0.8925 -0.4478 0.0533
vn -0.8976 0.4310 -0.0926
vn -0.8990 0.4002 0.1779
vn -0.8757 0.3047 -0.3746
vn -0.9136 0.2579 0.3144
vn -0.9168 -0.0271 -0.3985
vn -0.9180 -0.0982 0.3842
vn -0.8950 -0.2450 -0.3728
vn -0.8814 -0.3866 -0.2716
vn -0.8454 -0.5297 -0.0684
vn -0.8037 -0.5750 0.1530
vn -0.7998 -0.5976 0.0561
vn -0.8378 0.4888 -0.2431
vn -0.8549 0.5143 0.0682
vn -0.8333 0.4707 0.2899
vn -0.8465 0.4035 -0.3474
vn -0.8634 0.3202 0.3900
vn -0.8898 0.2063 -0.4071
vn -0.9051 0.1688 0.3902
vn -0.8827 0.1211 -0.4541
vn -0.8731 0.0468 0.4852
vn -0.8407 -0.1548 -0.5189
vn -0.8312 -0.2836 0.4782
vn -0.8147 -0.3935 -0.4259
vn -0.8170 -0.5102 0.2687
vn -0.7913 -0.5144 -0.3305
vn -0.8198 0.5560 -0.1370
vn -0.7873 0.5763 0.2192
vn -0.8067 0.4655 0.3640
vn -0.8259 0.2494 0.5056
vn -0.8332 -0.0151 -0.5528
vn -0.8280 -0.1075 0.5503
vn -0.7895 -0.4662 0.3992
vn -0.6611 -0.6939 -0.2853
vn -0.7324 -0.6521 -0.1960
vn -0.6918 -0.7203 -0.0499
vn -0.7836 0.3951 0.4794
vn -0.7714 0.4121 -0.4849
vn -0.8119 0.2932 -0.5048
vn -0.8054 0.1604 -0.5706
vn -0.7773 -0.2891 -0.5588
vn -0.6701 -0.5551 0.4929
vn -0.6830 -0.6567 0.3198
vn -0.6371 -0.7670 0.0760
vn -0.7800 0.6257 0.0057
vn -0.7445 0.5920 -0.3085
vn -0.7820 0.4951 -0.3786
vn -0.7971 0.1564 0.5833
vn -0.7267 -0.3555 0.5878
vn -0.7059 -0.4566 -0.5415
vn -0.6856 -0.5782 -0.4423
vn -0.6456 -0.7333 0.2134
vn -0.5592 -0.8165 -0.1436
vn -0.7419 0.6456 -0.1811
vn -0.7075 0.7000 0.0974
vn -0.7006 0.6205 0.3524
vn -0.6824 0.5980 -0.4204
vn -0.7468 0.5060 0.4315
vn -0.6913 0.5242 -0.4973
vn -0.7123 0.3159 0.6267
vn -0.7191 0.2470 -0.6496
vn -0.7402 -0.0076 0.6724
vn -0.6983 -0.1385 -0.7023
vn -0.6510 -0.3739 -0.6606
vn -0.5637 -0.6892 -0.4553
vn -0.4966 -0.8572 0.1364
vn -0.4472 -0.8944 -0.0029
vn -0.6719 0.5565 0.4887
vn -0.6905 0.3982 -0.6039
vn -0.6959 0.1619 0.6997
vn -0.7046 0.0578 -0.7072
vn -0.6758 -0.1489 0.7219
vn -0.6230 -0.4108 0.6657
vn -0.5489 -0.5694 0.6120
vn -0.5762 -0.5586 -0.5966
vn -0.4998 -0.8277 0.2553
vn -0.6642 0.7439 -0.0733
vn -0.6887 0.6902 0.2220
vn -0.6827 0.4551 0.5717
vn -0.5093 -0.7713 0.3816
vn -0.4784 -0.8401 -0.2556
vn -0.3430 -0.9340 -0.1003
vn -0.6486 0.7066 -0.2829
vn -0.6169 0.5182 -0.5924
vn -0.6312 0.3959 0.6669
vn -0.6186 0.3600 -0.6983
vn -0.5941 0.2024 -0.7785
vn -0.5471 -0.3734 -0.7492
vn -0.5789 -0.2680 0.7701
vn -0.5312 -0.6848 0.4989
vn -0.4556 -0.7850 -0.4197
vn -0.2901 -0.9546 0.0673
vn -0.5870 0.7505 0.3036
vn -0.5712 0.0860 0.8163
vn -0.5616 0.2273 0.7956
vn -0.5749 -0.1608 -0.8023
vn -0.3280 -0.9358 0.1292
vn -0.1742 -0.9846 -0.0108
vn -0.6025 0.7782 0.1773
vn -0.5781 0.6663 0.4710
vn -0.5742 0.3223 0.7526
vn -0.5585 0.0123 -0.8294
vn -0.5474 -0.0708 0.8339
vn -0.4705 -0.5925 -0.6539
vn -0.4174 -0.5623 0.7139
vn -0.3194 -0.9311 -0.1762
vn -0.3602 -0.8998 0.2462
vn -0.5236 0.8454 -0.1055
vn -0.5492 0.7914 -0.2684
vn -0.5290 0.8480 0.0321
vn -0.5748 0.7073 -0.4115
vn -0.5488 0.6384 -0.5397
vn -0.4289 -0.4359 0.7912
vn -0.3945 -0.7303 -0.5577
vn -0.3914 -0.6966 0.6013
vn -0.3772 -0.8204 0.4298
vn -0.3546 -0.8676 -0.3487
vn -0.1285 -0.9914 0.0234
vn -0.1544 -0.9879 0.0125
vn -0.4923 0.8568 0.1534
vn -0.5471 0.5335 0.6450
vn -0.5423 0.4797 -0.6898
vn -0.5221 0.4309 0.7360
vn -0.5141 0.3613 -0.7779
vn -0.4142 -0.2704 0.8691
vn -0.4460 -0.2181 -0.8681
vn -0.5386 0.6074 0.5840
vn -0.4551 0.1361 -0.8800
vn -0.3951 0.0384 0.9178
vn -0.3809 -0.5271 -0.7597
vn -0.1238 -0.9916 -0.0365
vn -0.0610 -0.9981 -0.0032
vn -0.2147 -0.9683 0.1278
vn -0.5016 0.7690 0.3962
vn -0.3898 -0.0217 -0.9206
vn -0.3801 -0.1419 0.9140
vn -0.3346 -0.3711 -0.8662
vn -0.2481 -0.8514 -0.4621
vn -0.2582 -0.9073 0.3318
vn -0.4376 0.7645 -0.4734
vn -0.4339 0.2494 0.8658
vn -0.4289 0.2664 -0.8632
vn -0.1900 -0.7130 -0.6750
vn -0.2392 -0.8038 0.5447
vn -0.2104 -0.9436 -0.2555
vn -0.1337 -0.9910 -0.0006
vn -0.4082 0.8603 -0.3053
vn -0.3731 0.9147 -0.1551
vn -0.4160 0.8700 0.2647
vn -0.4437 0.5864 -0.6777
vn -0.4217 0.3787 0.8239
vn -0.1909 -0.5687 -0.8001
vn -0.1978 -0.6640 0.7211
vn -0.2026 -0.8032 -0.5601
vn -0.1375 -0.9905 0.0063
vn -0.3555 0.9347 -0.0045
vn -0.3575 0.9276 0.1086
vn -0.4224 0.7334 0.5326
vn -0.3842 0.5043 -0.7734
vn -0.3823 0.5340 0.7541
vn -0.3319 0.1459 -0.9320
vn -0.3180 0.1487 0.9364
vn -0.2780 -0.1395 -0.9504
vn -0.2315 -0.3404 0.9113
vn -0.1998 -0.5389 0.8183
vn -0.0741 -0.9950 0.0675
vn -0.0807 -0.9967 0.0008
vn -0.0971 -0.9750 0.1999
vn -0.3522 0.8415 0.4097
vn -0.3725 0.6836 -0.6276
vn -0.3769 0.6713 0.6382
vn -0.3552 0.3648 -0.8607
vn -0.2162 -0.1409 0.9661
vn -0.1756 -0.3498 -0.9202
vn -0.1257 -0.9384 -0.3218
vn -0.0886 -0.9208 0.3798
vn -0.0548 -0.9984 -0.0118
vn -0.2788 0.8562 -0.4351
vn -0.3022 0.3256 0.8959
vn -0.2198 0.0840 -0.9719
vn 0.0086 -0.9947 -0.1022
vn -0.1952 -0.9747 -0.1088
vn -0.2069 -0.9780 0.0279
vn -0.2382 0.9564 0.1692
vn -0.2503 0.9146 0.3176
vn -0.2587 0.2545 -0.9318
vn -0.1922 0.0159 0.9812
vn -0.1416 -0.1287 -0.9815
vn -0.0524 -0.5016 -0.8635
vn -0.0963 -0.7989 0.5937
vn -0.0133 -0.8529 -0.5219
vn -0.0699 -0.9065 -0.4164
vn -0.2228 0.9715 -0.0806
vn -0.1644 0.9850 0.0528
vn -0.2580 0.9119 -0.3191
vn -0.1820 0.9591 -0.2167
vn -0.2332 0.8012 0.5511
vn -0.2886 0.4705 0.8339
vn -0.2088 0.2220 0.9524
vn -0.0635 -0.2871 0.9558
vn -0.0028 -0.4440 0.8960
vn -0.0095 -0.5764 0.8171
vn -0.0068 -0.7196 0.6944
vn 0.0315 -0.9659 -0.2568
vn 0.0443 -0.9971 0.0623
vn -0.2387 0.7913 -0.5629
vn -0.2326 0.5828 -0.7786
vn -0.2188 0.6810 0.6989
vn -0.2242 0.4293 -0.8749
vn -0.0941 0.0095 -0.9955
vn -0.0206 -0.1567 0.9874
vn 0.0163 -0.6669 -0.7450
vn 0.0429 -0.7677 -0.6394
vn -0.0135 -0.9079 0.4190
vn 0.0346 -0.8505 0.5248
vn 0.0571 -0.9743 0.2179
vn -0.0850 0.9963 -0.0113
vn -0.1040 0.9593 0.2625
vn -0.1455 0.8686 0.4737
vn -0.2202 0.7013 -0.6780
vn -0.0002 -0.2926 -0.9562
vn -0.0050 -0.9955 -0.0943
vn 0.0377 -0.9953 0.0893
vn -0.0997 -0.9903 -0.0971
vn -0.0664 0.9338 -0.3517
vn -0.1317 0.5361 0.8338
vn -0.0667 0.0997 0.9928
vn -0.0513 -0.0378 0.9980
vn 0.0679 -0.5567 -0.8279
vn 0.0987 -0.9151 -0.3910
vn -0.0728 -0.9724 0.2215
vn -0.0720 -0.9944 0.0777
vn -0.0732 0.9899 -0.1213
vn -0.0386 0.9899 0.1367
vn -0.0715 0.9192 0.3873
vn -0.0988 0.8606 -0.4996
vn -0.1373 0.4364 0.8892
vn -0.1109 0.3435 0.9326
vn -0.1114 0.3550 -0.9282
vn -0.0978 0.2103 -0.9727
vn 0.0875 -0.6268 0.7742
vn 0.1115 -0.9266 0.3592
vn -0.0569 0.7796 -0.6237
vn -0.0680 0.6601 -0.7481
vn -0.0744 0.6479 0.7581
vn 0.0630 -0.1139 -0.9915
vn 0.1339 -0.7733 0.6198
vn 0.0772 -0.9869 -0.1418
vn 0.0354 -0.9971 -0.0676
vn 0.0080 0.9740 -0.2264
vn -0.0216 0.7865 0.6172
vn -0.0693 0.5078 -0.8587
vn -0.0138 0.2427 0.9700
vn 0.0043 0.0792 -0.9969
vn 0.0969 -0.3250 0.9407
vn 0.1018 -0.3175 -0.9428
vn 0.1334 -0.4445 -0.8858
vn 0.2283 -0.9335 -0.2765
vn 0.0076 -0.9865 0.1633
vn 0.0887 0.9931 -0.0769
vn 0.0891 0.9954 0.0345
vn 0.0421 0.9609 0.2737
vn 0.1025 -0.0567 0.9931
vn 0.1835 -0.6424 -0.7441
vn 0.1777 -0.7931 -0.5826
vn 0.1460 -0.9687 0.2009
vn 0.0156 -0.9914 -0.1303
vn 0.0151 -0.9909 -0.1339
vn 0.1075 0.9806 -0.1637
vn 0.1173 0.9085 0.4012
vn 0.0394 0.8867 -0.4607
vn 0.0441 0.8676 0.4953
vn 0.0366 0.2682 -0.9627
vn 0.1062 0.1423 0.9841
vn 0.1954 -0.4796 0.8555
vn 0.1884 -0.6291 0.7542
vn 0.0573 -0.9843 0.1668
vn 0.0915 -0.9958 0.0036
vn 0.1375 0.8130 -0.5658
vn 0.0633 0.6867 0.7242
vn 0.0422 0.5694 -0.8210
vn 0.0578 0.3912 0.9185
vn 0.0595 0.4177 -0.9066
vn 0.2098 -0.2305 -0.9502
vn 0.1923 -0.2837 0.9394
vn 0.2095 -0.5238 -0.8257
vn 0.2335 -0.8399 0.4899
vn 0.2288 -0.8936 -0.3863
vn 0.1194 0.9814 0.1506
vn 0.1138 0.9407 -0.3197
vn 0.1369 0.6930 -0.7078
vn 0.0899 0.5424 0.8353
vn 0.1216 0.0681 -0.9902
vn 0.1044 -0.9792 -0.1737
vn 0.1329 -0.9833 -0.1242
vn 0.1276 -0.9851 0.1152
vn 0.1703 0.7960 0.5808
vn 0.1729 0.2538 -0.9517
vn 0.2601 -0.1593 0.9524
vn 0.2825 -0.7143 0.6403
vn 0.2675 -0.7997 -0.5375
vn 0.2471 -0.9018 0.3545
vn 0.1577 -0.9735 -0.1656
vn 0.1898 0.9435 0.2717
vn 0.1966 0.8743 -0.4438
vn 0.1916 0.2361 0.9527
vn 0.2478 -0.0624 -0.9668
vn 0.2545 -0.3782 -0.8900
vn 0.2432 0.6622 0.7088
vn 0.2334 0.5838 0.7776
vn 0.2014 0.5447 -0.8141
vn 0.2252 0.4186 0.8798
vn 0.2224 0.3609 -0.9057
vn 0.2858 0.0080 0.9583
vn 0.3182 -0.5449 0.7758
vn 0.3150 -0.6817 -0.6603
vn 0.2027 -0.9656 0.1630
vn 0.2400 0.9488 -0.2054
vn 0.2831 0.9578 -0.0499
vn 0.2642 0.9603 0.0898
vn 0.2353 0.9113 -0.3379
vn 0.2652 0.8704 0.4149
vn 0.3004 0.7310 -0.6127
vn 0.2549 0.1410 -0.9566
vn 0.3163 -0.5302 -0.7867
vn 0.3301 -0.9062 0.2643
vn 0.2545 -0.9650 -0.0636
vn 0.2264 -0.9716 0.0684
vn 0.2830 0.9400 0.1908
vn 0.3588 -0.3682 0.8577
vn 0.3717 -0.8071 -0.4586
vn 0.3921 -0.7227 0.5691
vn 0.3769 -0.8226 0.4257
vn 0.2910 -0.9388 -0.1843
vn 0.3146 0.7837 0.5356
vn 0.3585 0.4193 -0.8341
vn 0.3233 0.2984 0.8980
vn 0.3659 -0.3703 -0.8538
vn 0.4237 -0.6140 0.6659
vn 0.3559 0.8945 0.2706
vn 0.3449 0.8704 -0.3513
vn 0.3755 0.7862 -0.4908
vn 0.3704 0.7068 0.6027
vn 0.3464 0.5973 -0.7233
vn 0.3763 0.4701 0.7984
vn 0.4044 0.2303 -0.8851
vn 0.3293 0.1310 0.9351
vn 0.3736 0.0904 -0.9232
vn 0.4047 -0.0293 -0.9140
vn 0.3687 -0.2105 -0.9054
vn 0.4078 -0.8588 -0.3101
vn 0.3285 -0.9339 0.1416
vn 0.4221 -0.1609 0.8922
vn 0.4302 -0.6088 -0.6666
vn 0.4475 -0.7085 -0.5457
vn 0.3443 -0.9386 0.0228
vn 0.3888 0.9057 -0.1689
vn 0.3793 0.8375 0.3934
vn 0.4226 0.6176 0.6633
vn 0.4529 0.2149 0.8653
vn 0.4967 -0.1117 -0.8607
vn 0.4707 -0.4405 -0.7644
vn 0.4612 -0.4777 0.7477
vn 0.4520 -0.7591 0.4685
vn 0.5036 -0.7463 -0.4352
vn 0.3800 -0.9107 -0.1621
vn 0.4303 0.8932 0.1307
vn 0.4909 0.4483 -0.7470
vn 0.4817 0.3497 0.8035
vn 0.4942 0.2844 -0.8215
vn 0.4626 0.0574 0.8847
vn 0.5100 -0.7629 0.3973
vn 0.5132 -0.8213 0.2492
vn 0.4339 -0.8809 0.1889
vn 0.4316 0.9017 0.0251
vn 0.4906 0.7786 -0.3911
vn 0.4650 0.7521 0.4670
vn 0.4570 0.6732 -0.5814
vn 0.4939 0.5771 -0.6504
vn 0.5236 0.0753 -0.8486
vn 0.5132 -0.2635 -0.8168
vn 0.4981 -0.3002 0.8135
vn 0.4394 -0.8971 -0.0461
vn 0.4670 -0.8789 0.0970
vn 0.4662 0.8456 -0.2601
vn 0.4723 0.8210 0.3209
vn 0.5238 0.4784 0.7048
vn 0.5450 -0.1213 0.8296
vn 0.5491 -0.5090 -0.6629
vn 0.5329 -0.6499 0.5420
vn 0.4899 0.8695 -0.0623
vn 0.5254 0.8267 0.2014
vn 0.5662 0.6565 0.4983
vn 0.5692 0.5508 0.6104
vn 0.5850 0.1819 -0.7903
vn 0.5870 0.1992 0.7847
vn 0.5695 0.0539 0.8202
vn 0.5995 -0.3361 0.7264
vn 0.5909 -0.5127 0.6230
vn 0.5855 -0.6028 -0.5420
vn 0.4846 -0.8475 -0.2165
vn 0.5558 0.8198 -0.1382
vn 0.5761 0.7667 -0.2834
vn 0.5727 0.6732 -0.4678
vn 0.6108 -0.0091 -0.7917
vn 0.6174 -0.3596 -0.6996
vn 0.5620 -0.7616 -0.3226
vn 0.5574 -0.7592 0.3359
vn 0.5570 0.8296 0.0387
vn 0.5810 0.7419 0.3346
vn 0.6030 0.5886 -0.5385
vn 0.6258 0.3536 0.6952
vn 0.6235 0.3139 -0.7160
vn 0.6388 -0.1125 0.7611
vn 0.6221 -0.2160 -0.7526
vn 0.5470 -0.8314 -0.0983
vn 0.6224 0.4589 -0.6341
vn 0.6241 -0.6641 -0.4117
vn 0.6418 -0.6103 0.4644
vn 0.5874 -0.7837 -0.2020
vn 0.5816 -0.8127 0.0361
vn 0.6338 0.7672 0.0987
vn 0.6637 0.6735 -0.3255
vn 0.6717 0.6530 0.3498
vn 0.6855 0.4833 0.5445
vn 0.6854 0.1661 -0.7090
vn 0.6652 0.0574 0.7445
vn 0.6932 -0.1627 -0.7022
vn 0.6962 -0.2492 0.6732
vn 0.6852 -0.4340 -0.5849
vn 0.6525 -0.6876 0.3184
vn 0.6206 -0.7659 0.1680
vn 0.6637 0.7202 0.2021
vn 0.6748 0.7204 -0.1603
vn 0.7184 0.4664 -0.5161
vn 0.7218 0.2240 0.6548
vn 0.7072 0.0010 -0.7070
vn 0.7445 -0.2796 -0.6063
vn 0.7052 -0.4361 0.5591
vn 0.7112 -0.5256 -0.4668
vn 0.6673 -0.7435 -0.0446
vn 0.6914 0.7223 -0.0193
vn 0.7351 0.5384 -0.4120
vn 0.7237 0.5330 0.4384
vn 0.6880 -0.6556 -0.3111
vn 0.7356 0.3006 -0.6071
vn 0.7773 0.3317 0.5346
vn 0.7665 0.0883 0.6361
vn 0.7716 -0.0476 0.6343
vn 0.7453 -0.5417 0.3886
vn 0.7010 -0.6958 -0.1563
vn 0.7630 0.5858 -0.2733
vn 0.8108 0.3740 -0.4502
vn 0.7865 0.0846 -0.6118
vn 0.8056 -0.0984 -0.5842
vn 0.7879 -0.2381 0.5679
vn 0.7931 -0.3655 -0.4873
vn 0.7743 -0.4151 0.4776
vn 0.7364 -0.6470 0.1976
vn 0.7159 -0.6944 0.0730
vn 0.7666 0.6336 0.1038
vn 0.7812 0.6007 -0.1699
vn 0.7546 0.6077 0.2478
vn 0.8051 0.5122 0.2991
vn 0.8304 0.2060 -0.5177
vn 0.7893 -0.4938 -0.3649
vn 0.7958 -0.5386 0.2768
vn 0.7840 0.6189 -0.0488
vn 0.8439 0.5180 0.1398
vn 0.8215 0.4126 0.3936
vn 0.8347 0.1476 0.5306
vn 0.8606 -0.0346 0.5081
vn 0.8393 -0.1981 -0.5063
vn 0.7934 -0.5518 -0.2569
vn 0.8433 -0.3627 0.3966
vn 0.8469 -0.3675 -0.3843
vn 0.8124 -0.5652 -0.1434
vn 0.7913 -0.6096 -0.0473
vn 0.8206 -0.5678 0.0649
vn 0.8576 0.5026 -0.1094
vn 0.8423 0.4354 -0.3178
vn 0.8579 0.4684 -0.2113
vn 0.8911 0.2698 0.3650
vn 0.8865 0.2498 -0.3896
vn 0.8829 0.1681 0.4385
vn 0.8844 0.0089 -0.4666
vn 0.8806 -0.1729 0.4412
vn 0.8867 -0.1763 -0.4273
vn 0.8562 -0.4905 0.1620
vn 0.8806 0.4737 -0.0119
vn 0.8982 0.3859 0.2103
vn 0.9034 0.3043 -0.3021
vn 0.9077 0.1182 -0.4026
vn 0.8942 -0.3720 0.2489
vn 0.8998 -0.3734 -0.2257
vn 0.8686 -0.4647 -0.1720
vn 0.9234 0.3537 -0.1490
vn 0.9179 0.0104 0.3966
vn 0.9173 -0.2274 0.3270
vn 0.9128 -0.2663 -0.3096
vn 0.8809 -0.4728 -0.0232
vn 0.9228 0.3808 0.0590
vn 0.9349 0.2438 0.2581
vn 0.9476 0.1341 -0.2899
vn 0.9450 0.0961 0.3127
vn 0.9450 0.0043 -0.3271
vn 0.9571 -0.0951 0.2737
vn 0.9501 -0.0987 -0.2959
vn 0.9459 -0.2726 0.1758
vn 0.9290 -0.3592 -0.0896
vn 0.9301 -0.3615 0.0653
vn 0.9647 0.2629 -0.0162
vn 0.9620 0.2477 0.1150
vn 0.9498 0.2291 -0.2130
vn 0.9635 -0.1961 -0.1823
vn 0.9743 0.1976 -0.1082
vn 0.9755 0.1342 0.1740
vn 0.9857 0.0792 -0.1487
vn 0.9729 0.0337 0.2287
vn 0.9808 -0.0152 -0.1946
vn 0.9807 -0.1690 0.0988
vn 0.9778 -0.2056 -0.0399
vn 0.9963 0.0845 0.0146
vn 0.9928 -0.0248 0.1175
vn 0.9966 -0.0662 -0.0489
vn -0.3306 -0.5723 0.7505
vn -0.9367 0.0050 0.3501
vn -0.8797 0.2642 0.3954
vn -0.8116 -0.2663 0.5200
vn -0.2846 -0.7205 0.6323
vn -0.0370 -0.8155 0.5775
vn 0.5734 -0.4838 0.6612
vn 0.6895 -0.3863 0.6127
vn 0.6855 -0.4837 0.5441
vn 0.6847 -0.3860 -0.6182
vn 0.5691 -0.5593 -0.6028
vn 0.6502 -0.5226 -0.5515
vn 0.4079 -0.7375 -0.5383
vn 0.4343 -0.3192 -0.8423
vn -0.1271 0.0010 -0.9919
vn 0.3035 -0.2665 0.9148
vn 0.3922 -0.7211 0.5711
vn -0.1311 -0.0225 0.9911
vn -0.9755 0.2149 -0.0479
vn -0.4420 0.8597 0.2562
vn -0.6759 0.7007 0.2285
vn 0.4917 -0.7549 -0.4340
vn 0.6217 -0.7112 -0.3281
vn 0.6131 -0.4942 -0.6164
vn 0.7202 -0.5760 0.3867
vn 0.6926 -0.4536 0.5609
vn 0.6178 -0.7061 -0.3460
vn 0.6746 0.5799 0.4568
vn 0.7634 0.4723 0.4406
vn 0.0216 0.9597 0.2803
vn 0.8653 -0.4176 -0.2771
vn 0.6350 -0.7247 0.2674
vn 0.8298 -0.5366 -0.1536
vn 0.2485 0.7039 -0.6654
vn 0.8777 0.1055 -0.4675
vn 0.2950 0.0391 -0.9547
vn 0.6225 -0.4118 -0.6656
vn 0.5537 -0.7772 -0.2990
vn 0.5897 -0.4161 -0.6922
vn 0.5633 -0.5971 0.5711
vn 0.4906 -0.6996 0.5195
vn 0.5763 -0.1558 0.8022
vn 0.1200 0.8765 -0.4661
vn 0.3921 0.4568 -0.7985
vn 0.2667 0.3445 -0.9001
vn 0.4283 -0.2355 -0.8724
vn 0.1150 -0.8721 -0.4757
vn 0.4259 -0.8086 -0.4058
vn -0.9353 -0.0299 0.3525
vn -0.8879 0.2014 0.4136
vn -0.1727 0.9254 0.3375
vn -0.8406 0.3249 -0.4334
vn -0.8852 0.2361 -0.4008
vn -0.2702 0.9110 -0.3116
vn -0.9265 -0.0273 0.3753
vn -0.7089 0.5220 0.4743
vn -0.7248 -0.0638 0.6860
vn 0.7145 0.1508 0.6832
vn 0.3473 0.5774 0.7389
vn -0.0407 0.0050 0.9992
vn -0.8511 0.2951 -0.4342
vn -0.3198 0.8899 -0.3252
vn -0.8046 0.4140 0.4256
vn -0.4755 0.8732 0.1066
vn 0.0673 0.9634 0.2594
vn -0.9585 0.2700 -0.0910
vn 0.2176 0.8767 -0.4291
vn 0.1561 0.9614 -0.2267
vn 0.8444 0.5068 0.1737
vn 0.6948 0.7182 -0.0374
vn 0.6325 0.7499 0.1936
vn 0.7139 0.6574 0.2412
vn 0.6269 0.7172 0.3043
vn 0.9659 0.2318 0.1156
vn 0.8286 0.5554 0.0702
vn 0.9546 -0.2152 -0.2058
vn 0.6591 -0.5722 -0.4880
vn 0.8568 0.5155 0.0113
vn 0.9768 0.1096 0.1841
vn 0.9323 -0.1290 0.3378
vn 0.5201 -0.3290 0.7882
vn -0.4203 -0.4061 -0.8114
vn -0.4432 -0.7838 -0.4350
vn 0.2664 0.0372 -0.9631
vn -0.3298 -0.1303 0.9350
vn -0.9530 -0.1270 0.2751
vn 0.1130 -0.0394 0.9928
vn -0.6628 -0.6304 0.4042
vn -0.2510 -0.5661 0.7852
vn 0.2348 -0.7288 0.6432
vn -0.8482 0.1345 0.5124
vn -0.7698 0.6110 0.1845
vn 0.4050 -0.7067 -0.5801
vn 0.8029 -0.2513 -0.5405
vn 0.9529 0.2389 -0.1871
vn -0.8869 0.4455 0.1224
vn -0.9612 0.1012 -0.2567
vn -0.9177 0.2266 -0.3264
vn -0.8744 0.4646 -0.1402
vn -0.7929 0.5510 -0.2603
vn -0.8732 0.4678 -0.1366
vn -0.4784 -0.1655 -0.8624
vn -0.7456 0.6576 0.1077
vn -0.7906 0.6115 -0.0319
vn -0.8786 0.4586 0.1330
vn -0.3841 0.4595 0.8008
vn -0.4539 -0.0491 0.8897
vn -0.3726 0.3562 -0.8569
vn -0.4074 -0.6139 -0.6761
vn -0.7231 0.5733 0.3853
vn -0.2834 0.5151 -0.8089
vn -0.2352 0.8736 -0.4260
vn -0.6244 0.6271 -0.4656
vn -0.2395 0.8915 0.3846
vn -0.3266 0.5549 0.7651
vn 0.1682 -0.3965 0.9025
vn 0.0576 0.0589 0.9966
vn 0.0741 -0.5126 -0.8554
vn 0.0912 0.0910 -0.9917
vn -0.9034 0.4160 -0.1041
vn -0.9596 0.1014 -0.2625
vn -0.7441 0.6232 0.2407
vn -0.9122 0.3978 0.0983
vn -0.5289 -0.6055 -0.5947
vn -0.6610 0.4988 -0.5606
vn 0.0976 0.2479 -0.9639
vn 0.3138 0.4638 -0.8285
vn 0.0677 0.1678 0.9835
vn 0.2830 0.4000 0.8717
vn -0.8555 -0.2484 0.4544
vn -0.7622 -0.3282 -0.5580
vn 0.0422 -0.7135 -0.6994
vn -0.6021 0.4341 0.6701
vn -0.3509 0.2303 -0.9076
vn 0.5816 -0.6733 -0.4566
vn 0.5748 -0.0193 0.8180
vn 0.3370 0.2162 0.9163
vn 0.6291 0.3531 -0.6925
vn 0.5924 0.0487 -0.8042
vn -0.7464 0.6447 -0.1653
vn -0.9854 0.1407 0.0961
vn -0.8254 -0.4834 0.2917
vn -0.7111 -0.6415 -0.2877
vn -0.9660 0.1919 -0.1732
vn -0.6881 0.6404 -0.3412
vn 0.2999 -0.7659 -0.5687
vn 0.7085 -0.5567 0.4337
vn 0.0429 -0.0086 -0.9990
vn 0.8220 -0.4474 -0.3523
vn 0.5961 -0.5575 0.5778
vn 0.9113 -0.2875 0.2949
vn 0.8649 -0.3699 0.3393
vn 0.9099 -0.3248 -0.2581
vn 0.8696 -0.3828 -0.3117
vn 0.9729 -0.2021 -0.1119
vn 0.8879 0.1249 -0.4428
vn 0.9543 -0.1513 -0.2579
vn 0.9781 0.1461 -0.1484
vn 0.9570 -0.1660 0.2378
vn 0.8845 0.0660 0.4619
vn -0.7123 0.7003 -0.0471
vn -0.7156 0.6963 0.0551
vn 0.0777 -0.8799 -0.4688
vn -0.6934 0.5586 0.4551
vn 0.6476 -0.6908 0.3216
vn 0.7839 -0.6159 0.0783
vn 0.9618 -0.2469 0.1180
vn 0.9861 0.0738 0.1488
vn 0.9922 0.1245 -0.0114
vn 0.9948 0.0926 -0.0433
vn 0.9922 0.1245 0.0067
vn 0.9872 0.1529 0.0462
vn -0.0360 -0.9772 -0.2093
vn -0.0038 -0.9172 0.3983
vn 0.5406 -0.8042 -0.2470
vn 0.8569 -0.5094 0.0783
vn -0.6243 0.7437 -0.2391
vn -0.6233 0.7447 0.2385
vn -0.3563 -0.9332 0.0472
vn -0.7789 0.2635 -0.5691
vn 0.5561 -0.7920 0.2519
vn 0.6608 -0.7163 -0.2241
vn 0.7218 -0.6902 -0.0513
vn 0.4747 -0.8801 0.0058
vn -0.1826 -0.4705 -0.8633
vn 0.6715 -0.7050 0.2281
vn -0.3982 0.0225 0.9170
vn -0.5920 0.7486 -0.2986
vn -0.6202 0.7628 -0.1831
vn -0.6552 0.7495 0.0949
vn -0.6532 0.7019 -0.2840
vn -0.7290 0.6787 -0.0892
vn 0.6404 -0.7499 0.1658
vn 0.6874 -0.7021 0.1857
vn -0.4928 -0.7521 0.4376
vn -0.6332 0.7345 0.2439
vn 0.7075 -0.7051 0.0490
vn -0.4901 -0.7655 -0.4169
vn 0.5533 -0.8153 0.1706
vn 0.4916 -0.8644 -0.1054
vn -0.8796 0.3960 -0.2637
vn 0.6753 -0.7029 -0.2233
vn 0.6176 -0.7379 0.2723
vn -0.9592 0.1344 0.2489
vn -0.9542 0.2963 0.0404
vn -0.6018 0.7610 0.2422
vn -0.6579 0.7390 -0.1452
vn -0.9997 -0.0179 0.0142
vn -0.8514 -0.5218 0.0533
vn -0.6268 -0.7792 -0.0070
vn -0.8404 -0.5240 -0.1381
vn -0.9219 0.3776 -0.0873
vn -0.7883 -0.4651 0.4027
vn -0.6095 -0.7475 0.2642
vn -0.6343 0.7727 -0.0236
vn -0.9449 -0.2009 -0.2583
vn -0.9003 0.3315 0.2822
vn -0.8563 0.3584 -0.3719
vn -0.7287 0.4488 0.5173
vn -0.8242 -0.2173 0.5229
vn -0.5403 -0.6317 -0.5559
vn -0.8020 -0.1486 -0.5785
vn -0.7941 0.3230 -0.5148
vn -0.6043 -0.5086 0.6134
vn -0.6185 -0.5034 -0.6034
vn 0.7299 -0.6762 -0.0996
vn -0.5305 0.7752 0.3430
vn -0.6731 0.7128 0.1968
vn -0.7172 0.6698 -0.1925
vn 0.3028 -0.9462 0.1141
vn -0.5559 0.8291 -0.0595
vn -0.6174 -0.7477 -0.2445
vn -0.4236 0.9033 0.0671
vn 0.0485 0.9732 0.2248
vn 0.0085 0.9721 -0.2346
vn 0.0363 0.9974 0.0629
vn -0.2201 -0.4984 0.8386
vn -0.1943 -0.5117 -0.8369
vn -0.0321 0.2881 0.9570
vn -0.1223 0.2797 -0.9523
vn -0.7906 0.6123 0.0036
vn -0.7282 0.6709 0.1402
vn 0.4805 -0.8040 0.3504
vn -0.2896 0.9174 -0.2730
vn -0.1918 -0.9621 0.1936
vn 0.1512 -0.9699 -0.1908
vn -0.2755 -0.9289 -0.2474
vn 0.2330 0.9629 -0.1362
vn -0.1208 -0.9252 0.3597
vn 0.2333 -0.6046 0.7616
vn 0.4529 -0.2791 0.8468
vn 0.2635 -0.6405 -0.7213
vn 0.4637 -0.3715 -0.8043
vn -0.7297 0.6451 -0.2265
vn -0.7313 0.6429 0.2277
vn -0.6283 0.7194 -0.2961
vn -0.4826 0.8337 -0.2685
vn 0.3838 -0.8642 -0.3252
vn -0.2952 0.8633 0.4093
vn 0.2916 0.8787 -0.3779
vn -0.0513 -0.9476 -0.3153
vn 0.0200 0.8071 0.5901
vn 0.5824 0.2438 -0.7755
vn 0.3294 0.9329 -0.1456
vn 0.1391 -0.8986 -0.4161
vn 0.4675 -0.5759 0.6707
vn 0.5901 -0.2666 0.7621
vn 0.6969 -0.2014 -0.6883
vn 0.5700 -0.2524 -0.7819
vn -0.8264 0.5513 0.1145
vn -0.6549 0.6991 0.2869
vn -0.5456 0.7589 -0.3554
vn -0.2993 0.8808 -0.3668
vn 0.2387 -0.9310 0.2760
vn 0.1402 -0.9498 0.2796
vn 0.1701 -0.9454 -0.2779
vn 0.3869 0.6470 -0.6570
vn 0.6795 0.7337 0.0015
vn 0.4059 0.6801 0.6104
vn 0.6767 0.7175 0.1653
vn 0.1805 -0.8971 0.4032
vn 0.5459 -0.6597 0.5166
vn 0.6413 -0.4792 0.5993
vn 0.6258 -0.5020 -0.5969
vn -0.8434 0.5200 -0.1353
vn 0.8004 -0.5980 0.0424
vn 0.4011 -0.8562 0.3257
vn -0.1034 0.8102 -0.5770
vn 0.2569 0.6165 -0.7442
vn 0.9007 -0.0871 -0.4257
vn 0.6082 0.0584 -0.7916
vn 0.7622 -0.4716 -0.4436
vn 0.8788 -0.1348 -0.4578
vn 0.4543 -0.8462 0.2787
vn 0.6620 -0.1405 0.7362
vn 0.7280 -0.2296 0.6460
vn 0.6187 -0.7850 -0.0332
vn 0.7161 -0.6864 -0.1270
vn 0.7602 -0.6422 0.0986
vn -0.6379 0.6531 -0.4081
vn -0.6425 0.6190 0.4517
vn -0.4847 0.7773 0.4010
vn 0.6242 -0.5682 0.5362
vn 0.4050 0.1654 0.8993
vn 0.7180 -0.5879 -0.3726
vn 0.4059 -0.8490 0.3384
vn 0.7734 -0.6326 0.0403
vn -0.6898 0.7228 0.0423
vn -0.7076 0.7065 0.0132
vn -0.8653 0.4744 0.1618
vn -0.8616 0.4552 -0.2248
vn 0.7864 -0.5873 0.1914
vn 0.7737 -0.5940 -0.2206
vn 0.7395 -0.5728 0.3535
vn -0.4176 0.7976 -0.4352
vn -0.3089 0.8755 -0.3716
vn -0.3236 0.8691 0.3741
vn 0.4660 0.1222 -0.8763
vn 0.5483 0.1063 0.8295
vn -0.8655 0.3302 0.3766
vn 0.8673 -0.4579 -0.1952
vn 0.8163 -0.4299 -0.3858
vn -0.4791 0.7776 -0.4071
vn -0.1789 0.8163 0.5492
vn 0.4051 -0.8789 -0.2519
vn -0.0181 0.9933 0.1141
vn -0.6483 0.7552 0.0970
vn -0.7283 0.6851 0.0180
vn -0.8438 0.3958 -0.3625
vn 0.4225 -0.7409 0.5221
vn -0.3222 0.8103 0.4895
vn 0.2733 -0.8969 0.3476
vn 0.3364 0.2879 -0.8966
vn 0.2413 -0.9269 0.2874
vn 0.1440 0.9682 0.2044
vn 0.0264 0.9421 -0.3344
vn -0.8446 0.5062 -0.1743
vn 0.5858 0.7494 0.3087
vn -0.8561 0.4878 0.1707
vn -0.4141 -0.1487 -0.8980
vn 0.9463 -0.3166 0.0648
vn -0.2196 0.8754 -0.4306
vn -0.2217 0.3083 -0.9251
vn -0.2632 0.8419 0.4710
vn 0.1215 -0.0044 0.9926
vn 0.2248 -0.8551 -0.4673
vn 0.1817 -0.9368 -0.2990
vn 0.2386 -0.9263 -0.2916
vn 0.3272 0.4101 0.8513
vn 0.3789 0.2396 0.8939
vn -0.6244 0.7810 -0.0125
vn -0.4296 0.9016 0.0512
vn -0.5065 0.8573 0.0918
vn -0.0225 0.9735 -0.2277
vn -0.4732 0.8809 -0.0004
vn 0.8674 0.2933 -0.4020
vn -0.9177 0.0836 -0.3884
vn 0.9345 -0.2053 0.2909
vn -0.5616 -0.0106 0.8274
vn 0.8030 -0.5691 0.1769
vn 0.8469 -0.3937 0.3575
vn -0.3739 0.8029 -0.4644
vn 0.6973 -0.5489 0.4609
vn 0.6976 -0.6743 -0.2424
vn 0.3467 0.8627 -0.3682
vn -0.3201 0.9401 -0.1170
vn -0.8742 0.3664 -0.3186
vn 0.8856 0.0831 -0.4570
vn 0.7279 0.5713 0.3792
vn -0.8572 0.3218 0.4021
vn 0.9151 -0.1594 0.3704
vn 0.1653 0.8877 0.4297
vn 0.9191 -0.3053 -0.2491
vn 0.8154 -0.5455 -0.1939
vn -0.1769 0.9475 -0.2665
vn 0.5320 -0.4500 0.7173
vn -0.3690 0.8114 0.4532
vn 0.3299 -0.9328 -0.1450
vn 0.4128 -0.9107 0.0124
vn -0.5345 0.8448 0.0245
vn -0.6108 0.0289 -0.7913
vn 0.8136 0.4068 -0.4155
vn -0.5337 -0.1788 0.8265
vn -0.8274 -0.0890 0.5545
vn 0.8193 0.3101 -0.4823
vn 0.8530 -0.0022 0.5220
vn 0.3244 0.9329 -0.1565
vn 0.2447 0.9521 0.1835
vn 0.7832 0.0872 -0.6156
vn 0.4763 -0.5083 -0.7174
vn 0.0705 0.6425 -0.7630
vn 0.5628 0.0232 0.8262
vn 0.6213 -0.3291 -0.7111
vn 0.6665 -0.5352 0.5191
vn -0.6190 0.7841 -0.0463
vn 0.0001 0.9365 0.3507
vn -0.7056 0.7052 -0.0697
vn -0.4403 0.8771 -0.1920
vn -0.3610 0.9326 -0.0026
vn -0.4990 0.3666 0.7852
vn 0.2564 -0.5549 0.7914
vn 0.5139 -0.7159 -0.4726
vn 0.8300 -0.5327 0.1655
vn 0.9463 -0.3168 -0.0650
vn 0.9147 -0.3887 0.1110
vn 0.9471 -0.2862 -0.1450
vn 0.9212 0.3580 -0.1526
vn 0.0363 0.9987 -0.0359
vn 0.9384 -0.0305 0.3442
vn -0.1601 0.8003 -0.5778
vn 0.1888 0.9068 0.3769
vn 0.3026 0.9007 0.3116
vn 0.3901 0.8559 -0.3396
vn -0.3627 0.4652 -0.8075
vn 0.7074 0.5490 0.4452
vn -0.0109 -0.0267 -0.9996
vn 0.0974 -0.5001 -0.8605
vn 0.8749 -0.4304 0.2223
vn 0.0175 -0.3198 0.9473
vn 0.7608 -0.6387 0.1149
vn 0.3188 0.8257 0.4655
vn 0.4932 0.1378 0.8589
vn 0.3056 0.9383 -0.1617
vn -0.1651 0.9327 0.3207
vn 0.5323 0.3688 -0.7620
vn 0.1556 -0.9042 0.3977
vn 0.2331 -0.4647 -0.8542
vn -0.0046 0.7248 0.6890
vn 0.5208 -0.1190 0.8454
vn 0.5637 -0.0588 0.8239
vn 0.5989 -0.6950 0.3979
vn 0.8291 0.3181 -0.4598
vn 0.9006 -0.3755 0.2189
vn 0.6063 -0.7427 -0.2844
vn 0.2119 -0.6593 0.7214
vn 0.2224 -0.9213 0.3190
vn 0.2068 -0.9691 -0.1342
vn 0.2485 -0.9215 -0.2983
vn 0.4243 0.3527 0.8340
vn 0.4556 -0.8855 -0.0916
vn -0.2362 0.9594 0.1539
vn 0.3367 0.8826 -0.3282
vn 0.1482 0.8744 0.4619
vn 0.4629 -0.0711 0.8836
vn 0.9526 0.0049 0.3041
vn -0.0411 -0.4255 0.9040
vn 0.9543 -0.0176 0.2982
vn -0.0215 0.9997 -0.0080
vn -0.1928 0.8850 -0.4237
vn 0.2714 -0.9289 0.2518
vn 0.2180 -0.9063 -0.3621
vn 0.3637 0.3222 -0.8740
vn 0.3157 0.9425 0.1095
vn 0.8600 0.2466 -0.4468
vn 0.9321 0.0181 0.3618
vn 0.9160 -0.0945 -0.3899
vn 0.9338 -0.1809 -0.3086
vn 0.0005 0.9933 0.1159
vn 0.2523 0.7711 0.5846
vn -0.1820 0.8153 0.5497
vn 0.1116 -0.9844 0.1359
vn 0.7443 0.4857 0.4583
vn 0.4189 -0.4987 -0.7589
vn 0.0891 -0.1555 -0.9838
vn 0.8871 -0.4421 -0.1323
vn 0.8971 -0.3777 0.2294
vn 0.8747 -0.4743 -0.0995
vn 0.9731 -0.1513 0.1737
vn 0.4794 -0.7515 0.4532
vn 0.2268 0.8620 -0.4533
vn -0.1163 0.7862 -0.6070
vn 0.0827 -0.9190 -0.3856
vn 0.8651 0.4990 0.0509
vn 0.6860 0.7015 -0.1930
vn 0.8855 0.4641 0.0208
vn 0.7300 0.5848 -0.3536
vn 0.9023 0.2249 -0.3677
vn 0.6243 0.1212 0.7717
vn 0.3674 0.3494 0.8619
vn 0.2336 -0.2468 0.9405
vn 0.1164 -0.8779 0.4645
vn 0.2556 -0.9591 -0.1215
vn 0.8761 0.2695 0.3998
vn 0.9300 -0.3095 -0.1981
vn 0.9533 -0.0936 0.2872
vn -0.1268 0.9892 -0.0739
vn -0.1279 0.9539 0.2716
vn -0.1298 0.8110 0.5705
vn 0.3787 -0.0645 -0.9233
vn 0.1738 0.6078 -0.7748
vn 0.2034 -0.6427 0.7386
vn 0.2950 0.4530 -0.8413
vn 0.3940 0.2662 0.8797
vn 0.2953 -0.9546 0.0379
vn 0.9199 0.0635 0.3869
vn 0.2428 -0.6040 -0.7591
vn 0.1806 -0.9824 0.0483
vn 0.1890 -0.9579 0.2163
vn 0.0634 0.8772 0.4760
vn 0.0729 0.6276 0.7751
vn 0.2135 -0.7764 -0.5930
vn -0.0074 0.9995 -0.0299
vn -0.0637 0.9027 -0.4256
vn -0.1709 -0.9851 -0.0185
vn 0.0739 -0.8952 -0.4395
vn -0.1322 -0.9779 -0.1619
vn 0.2129 -0.9661 -0.1462
vn 0.1863 -0.6141 0.7670
vn 0.0883 0.9911 0.0996
vn 0.0678 0.5725 -0.8171
vn -0.1175 -0.9501 0.2891
vn 0.3999 -0.0949 0.9116
vn 0.2435 0.3246 0.9140
vn -0.0772 0.8872 0.4548
vn 0.3826 -0.4876 0.7848
vn -0.0857 -0.7907 0.6061
vn 0.2234 0.1999 -0.9540
vn -0.0775 -0.7742 -0.6282
vn 0.0986 -0.8232 -0.5591
vn 0.4313 0.3335 0.8383
vn -0.1992 -0.8060 0.5574
vn 0.2553 0.8848 -0.3898
vn 0.1333 0.9910 -0.0076
vn 0.4460 -0.1208 -0.8868
vn -0.0535 -0.9589 0.2786
vn 0.2228 -0.9742 0.0372
vn 0.2936 0.8502 0.4371
vn 0.1888 0.9818 -0.0229
vn -0.0101 0.7540 -0.6568
vn 0.4012 0.3929 -0.8274
vn -0.0455 -0.9990 -0.0026
vn 0.0653 -0.8339 -0.5481
vn -0.0806 -0.9966 -0.0186
vn -0.1176 -0.9207 -0.3721
vn 0.0827 -0.7292 0.6793
vn 0.0294 0.4773 0.8782
vn -0.2200 -0.9685 -0.1163
vn 0.1702 -0.0475 0.9843
vn -0.1803 -0.7298 0.6594
vn 0.0656 0.6020 0.7958
vn 0.3636 0.7178 -0.5938
vn 0.1175 -0.2664 0.9567
vn -0.1860 -0.9701 0.1561
vn 0.0754 -0.3761 -0.9235
vn -0.0435 0.9965 -0.0715
vn -0.0179 0.9825 -0.1853
vn -0.0291 0.2243 -0.9741
vn 0.0424 -0.8540 0.5186
vn -0.0122 0.9495 0.3136
vn 0.0394 -0.2557 -0.9659
vn -0.0589 -0.9976 -0.0367
vn 0.2116 -0.9705 -0.1156
vn -0.1264 -0.9915 -0.0305
vn 0.2092 -0.9640 0.1640
vn -0.2444 0.7539 -0.6099
vn 0.0084 0.8493 0.5278
vn -0.0792 0.4264 0.9010
vn -0.1967 -0.0375 0.9797
vn -0.0918 0.9824 -0.1628
vn -0.2635 0.7408 0.6179
vn -0.2309 0.7903 -0.5675
vn -0.4095 0.3273 -0.8516
vn -0.4140 0.1470 0.8983
vn -0.0102 -0.9887 -0.1497
vn -0.3810 -0.5596 -0.7359
vn 0.0817 -0.9266 0.3671
vn -0.1861 -0.9736 0.1319
vn -0.1874 0.9437 0.2725
vn -0.0996 0.9925 0.0705
vn -0.2043 0.9441 -0.2587
vn 0.2286 -0.9619 -0.1499
vn 0.2632 -0.9047 -0.3351
vn -0.2290 -0.8330 0.5036
vn 0.0288 -0.9992 -0.0267
vn 0.2252 -0.7052 0.6723
vn 0.2074 -0.9778 -0.0285
vn 0.0886 -0.7968 -0.5977
vn 0.0574 -0.8801 -0.4714
vn -0.4055 -0.4750 0.7810
vn 0.0281 0.8463 -0.5320
vn -0.3477 -0.2380 -0.9069
vn -0.2859 0.3049 0.9085
vn -0.3478 -0.2343 0.9078
vn -0.3448 0.1420 -0.9279
vn 0.1230 -0.9559 0.2665
vn 0.1284 -0.9837 -0.1255
vn -0.0422 0.9845 0.1701
vn -0.1216 0.5431 -0.8308
vn 0.0790 -0.4634 -0.8826
vn -0.4057 -0.7864 -0.4658
vn -0.0851 -0.8418 0.5330
vn -0.0359 0.9987 0.0368
vn 0.0317 0.8716 -0.4892
vn -0.1834 0.7315 -0.6567
vn -0.2615 0.6077 0.7499
vn -0.0537 0.6480 0.7598
vn -0.1591 -0.8801 0.4474
vn -0.1675 -0.9172 -0.3616
vn -0.0694 -0.9567 0.2828
vn -0.0775 -0.7064 -0.7036
vn -0.1656 -0.9139 -0.3706
vn -0.1962 -0.7548 0.6259
vn -0.2314 -0.9585 -0.1664
vn -0.2376 -0.7472 -0.6207
vn -0.2521 -0.9636 0.0887
vn 0.0137 0.9881 0.1531
vn -0.0965 0.9070 0.4099
vn -0.4479 -0.0105 -0.8940
vn -0.5906 -0.2553 -0.7655
vn -0.4647 -0.8246 0.3225
vn -0.2624 -0.9424 0.2074
vn 0.1427 0.7868 0.6005
vn -0.3234 0.2713 0.9065
vn -0.3384 0.2644 -0.9031
vn -0.2589 0.4299 -0.8650
vn -0.2473 -0.9393 0.2378
vn -0.5076 -0.1430 0.8496
vn -0.1503 -0.8850 0.4407
vn -0.4639 -0.8531 -0.2386
vn 0.1452 0.8587 -0.4915
vn -0.1571 0.9622 -0.2225
vn 0.2227 0.8548 0.4687
vn -0.2513 0.9116 -0.3254
vn -0.1360 -0.7674 0.6266
vn -0.2255 -0.4904 -0.8418
vn -0.0985 -0.9777 -0.1853
vn 0.0497 0.7201 -0.6921
vn -0.1044 -0.9738 0.2019
vn -0.2437 -0.9379 -0.2469
vn 0.0657 0.9733 -0.2197
vn -0.2577 0.9074 0.3320
vn -0.3343 0.6993 0.6318
vn -0.3876 0.8131 -0.4344
vn -0.1204 -0.8859 -0.4479
vn -0.2596 0.4634 0.8473
vn -0.2779 -0.9540 -0.1127
vn 0.2451 0.8923 0.3791
vn -0.4799 0.1236 -0.8685
vn -0.2340 -0.9261 -0.2961
vn -0.6050 -0.5560 0.5699
vn -0.8533 0.5194 -0.0458
vn -0.8619 -0.3268 0.3877
vn -0.6342 0.2343 0.7368
vn -0.3021 0.9282 0.2170
vn -0.2662 0.9617 -0.0654
vn 0.1180 0.7712 0.6256
vn -0.2397 -0.7057 0.6668
vn -0.2206 -0.9239 0.3127
vn -0.1585 0.8907 0.4261
vn -0.5704 0.4943 0.6560
vn -0.4813 0.7866 0.3868
vn -0.8891 0.3452 -0.3005
vn -0.2603 0.9118 -0.3177
vn -0.9324 -0.3600 -0.0325
vn -0.8998 -0.4109 -0.1465
vn -0.3857 0.0781 -0.9193
vn -0.8634 0.0262 0.5039
vn -0.8324 -0.5270 0.1713
vn -0.8479 -0.4470 -0.2852
vn -0.7396 -0.5098 -0.4394
vn -0.6503 -0.7454 0.1468
vn -0.3574 -0.0624 0.9319
vn -0.1677 -0.7022 -0.6919
vn -0.4648 0.1256 0.8765
vn -0.2408 -0.9239 0.2972
vn -0.5609 -0.7350 -0.3810
vn -0.1323 0.8732 -0.4691
vn -0.2207 0.1024 -0.9699
vn -0.4747 -0.4774 0.7394
vn 0.3510 0.8233 -0.4461
vn -0.0840 -0.9123 0.4008
vn -0.3159 -0.9177 -0.2410
vn 0.1600 0.9843 0.0744
vn 0.1513 0.9880 0.0326
vn -0.0558 -0.5013 -0.8635
vn -0.8525 -0.4530 0.2607
vn -0.7941 -0.5358 0.2871
vn -0.8341 -0.5210 -0.1812
vn -0.1660 -0.2077 0.9640
vn -0.0880 -0.5129 0.8539
vn -0.4300 -0.5308 0.7303
vn -0.4250 0.8336 0.3529
vn 0.2942 0.8156 -0.4983
vn 0.1908 0.8078 -0.5577
vn -0.4881 -0.1823 -0.8535
vn -0.0972 0.5594 0.8232
vn -0.5020 -0.8623 0.0670
vn -0.5078 -0.2590 0.8216
vn 0.5467 0.4555 -0.7026
vn -0.9107 -0.3553 0.2105
vn -0.8860 -0.3775 -0.2691
vn -0.8353 -0.5448 0.0742
vn -0.5798 0.7494 -0.3197
vn -0.8441 0.3766 -0.3817
vn -0.1280 0.5862 -0.8000
vn -0.4698 -0.0494 -0.8814
vn 0.5201 0.8540 -0.0114
vn -0.6057 -0.6162 -0.5034
vn -0.8354 -0.5497 -0.0029
vn 0.3512 0.8061 -0.4763
vn 0.0187 0.9713 0.2370
vn 0.3153 0.8359 0.4493
vn -0.3202 -0.7691 -0.5532
vn -0.2412 -0.9170 -0.3176
vn -0.2479 -0.9239 -0.2913
vn 0.5577 0.8300 -0.0064
vn 0.4553 0.8887 -0.0533
vn -0.3766 0.8347 0.4017
vn -0.8179 -0.5304 -0.2229
vn -0.9570 -0.2431 -0.1580
vn -0.9759 -0.1179 -0.1834
vn -0.9650 -0.1811 0.1897
vn -0.5199 -0.4349 0.7353
vn 0.4724 0.7814 0.4078
vn -0.2485 -0.8957 0.3686
vn -0.5469 -0.7801 -0.3038
vn -0.3730 -0.8938 0.2492
vn 0.2043 0.9606 0.1886
vn 0.8837 0.3058 -0.3544
vn 0.4047 -0.3456 -0.8466
vn -0.9036 -0.1558 0.3990
vn -0.8283 -0.5160 0.2185
vn -0.5187 -0.0510 -0.8534
vn -0.8063 -0.4270 0.4094
vn -0.7997 -0.4257 -0.4234
vn 0.3523 0.7122 0.6072
vn -0.7914 -0.0494 -0.6093
vn 0.1090 0.8069 0.5805
vn 0.1586 0.8264 -0.5402
vn -0.4778 -0.0753 -0.8753
vn -0.5825 -0.5652 0.5842
vn 0.1741 -0.0901 -0.9806
vn 0.8473 0.2899 -0.4449
vn 0.8160 -0.4403 -0.3745
vn -0.9051 -0.1496 -0.3980
vn 0.5964 0.1533 0.7879
vn 0.6504 0.1169 -0.7506
vn -0.7862 -0.5747 0.2272
vn -0.8342 -0.4863 -0.2602
vn 0.0547 0.2968 0.9534
vn 0.1318 0.5983 -0.7904
vn 0.5426 0.7340 0.4084
vn -0.6445 -0.5431 0.5382
vn -0.6168 -0.5939 -0.5165
vn 0.5329 0.6068 -0.5897
vn -0.4447 -0.7289 -0.5205
vn -0.2065 0.4060 0.8902
vn 0.4465 0.8893 0.0991
vn 0.8443 0.5180 -0.1371
vn -0.9145 -0.3771 -0.1465
vn -0.7731 -0.6084 -0.1793
vn 0.6245 0.5898 -0.5120
vn -0.4853 -0.7414 0.4635
vn 0.5079 0.8142 0.2814
vn -0.1483 0.5655 -0.8113
vn -0.1792 -0.8971 0.4038
vn 0.8558 0.3658 0.3657
vn 0.8591 0.3443 -0.3787
vn -0.8311 -0.5318 0.1628
vn -0.7511 -0.5478 -0.3685
vn 0.6669 0.5775 0.4710
vn 0.5862 0.7171 -0.3770
vn 0.6229 0.6969 0.3553
vn -0.1319 -0.9649 0.2270
vn -0.1765 -0.9563 -0.2330
vn -0.3755 -0.8545 -0.3590
vn -0.7029 -0.5357 -0.4680
vn 0.7727 0.6319 -0.0603
vn -0.7982 0.5316 -0.2835
vn 0.8548 0.4737 -0.2117
vn -0.3556 -0.8713 0.3381
vn 0.4761 0.7961 -0.3737
vn 0.4170 0.8520 -0.3165
vn -0.1089 -0.9259 -0.3618
vn 0.7071 0.7023 0.0824
vn 0.4256 0.8981 0.1113
vn 0.3770 0.9104 -0.1706
vn 0.8285 0.5564 0.0634
vn 0.8350 0.5061 0.2161
vn -0.7672 -0.6399 -0.0452
vn 0.7231 0.6183 -0.3080
vn -0.6776 -0.6342 0.3724
vn -0.6941 -0.6878 0.2124
vn -0.3354 -0.6948 -0.6362
vn 0.3394 0.8646 0.3706
vn -0.2280 -0.9319 -0.2819
vn -0.2405 -0.9261 0.2907
vn -0.5747 -0.0192 -0.8181
vn -0.3615 0.4409 0.8216
vn -0.5141 -0.8501 -0.1143
vn -0.6554 -0.2538 0.7113
vn -0.6271 -0.7416 -0.2382
vn -0.7668 -0.5999 0.2284
vn 0.7889 0.6120 -0.0560
vn -0.6993 -0.7040 0.1239
vn -0.6661 -0.7216 -0.1886
vn -0.5792 -0.7548 0.3078
vn -0.4751 -0.8404 0.2607
vn -0.3553 0.7222 -0.5934
vn -0.0230 -0.8782 -0.4777
vn -0.4384 -0.6467 0.6242
vn 0.7050 0.6699 -0.2328
vn 0.6824 0.6682 0.2965
vn -0.4163 0.6400 0.6458
vn 0.0386 -0.8245 0.5646
vn -0.7291 -0.4944 -0.4733
vn -0.5920 -0.7135 0.3747
vn 0.7446 0.6637 0.0714
vn 0.6817 0.7082 -0.1838
vn -0.4161 -0.8982 -0.1420
vn 0.2581 0.9336 0.2485
vn 0.2302 0.8941 -0.3842
vn -0.5596 0.0830 -0.8246
vn -0.5988 0.1076 0.7937
vn -0.4688 -0.6020 -0.6464
vn 0.6393 0.7091 -0.2974
vn -0.2620 -0.9646 0.0303
vn 0.2961 -0.8802 0.3710
vn -0.2158 0.9102 0.3534
vn -0.6663 -0.0547 -0.7437
vn -0.8594 -0.0886 -0.5035
vn -0.0398 -0.6286 -0.7767
vn -0.8259 -0.0760 0.5586
vn -0.7288 -0.0440 0.6833
vn -0.7431 -0.6388 0.1994
vn -0.6333 -0.4229 -0.6482
vn -0.6861 -0.7147 -0.1359
vn -0.6429 -0.7545 -0.1322
vn 0.8910 0.4500 -0.0605
vn 0.7798 0.6212 -0.0774
vn 0.6773 -0.7209 -0.1467
vn 0.4221 -0.8482 -0.3198
vn 0.5216 -0.8267 0.2111
vn -0.6877 0.7181 -0.1068
vn -0.6014 0.3955 0.6942
vn -0.0961 0.9948 -0.0334
vn -0.6360 0.7716 0.0110
vn -0.6168 -0.4150 0.6688
vn -0.5477 -0.4326 -0.7161
vn 0.6561 0.7504 0.0805
vn -0.5997 -0.7956 0.0858
vn 0.4980 -0.8667 0.0296
vn -0.0334 -0.9840 0.1748
vn 0.9075 -0.3896 0.1568
vn -0.3008 0.9499 0.0852
vn 0.0045 -0.5984 0.8012
vn 0.5651 -0.3501 -0.7471
vn -0.7975 0.2867 0.5308
vn -0.8329 0.2606 -0.4883
vn -0.6559 -0.3355 0.6762
vn -0.6732 -0.3291 -0.6622
vn 0.6833 0.7289 -0.0418
vn 0.6804 0.6554 0.3279
vn 0.7621 0.4836 0.4306
vn 0.7337 0.5681 -0.3727
vn -0.6568 -0.7207 0.2216
vn 0.9483 -0.0114 -0.3173
vn 0.9948 -0.0879 -0.0511
vn 0.3849 -0.8032 -0.4547
vn 0.5816 0.8135 -0.0051
vn 0.9501 -0.2916 -0.1110
vn 0.6864 0.7178 -0.1166
vn -0.1746 0.9689 0.1756
vn -0.3642 0.9271 -0.0885
vn -0.3619 -0.2242 0.9048
vn -0.3491 -0.4392 -0.8278
vn 0.6552 0.5572 -0.5101
vn -0.5519 -0.8251 -0.1207
vn -0.6642 -0.7140 -0.2212
vn -0.6676 -0.7350 0.1188
vn 0.8489 -0.3573 0.3895
vn 0.1670 0.9846 -0.0519
vn -0.0526 0.9769 0.2073
vn 0.8631 0.1562 -0.4803
vn -0.1540 -0.1560 0.9757
vn 0.1101 -0.3911 -0.9137
vn 0.6812 0.6892 -0.2470
vn 0.6604 0.2924 0.6917
vn -0.3096 -0.6956 0.6483
vn 0.8508 0.3473 0.3943
vn 0.4630 0.4146 -0.7834
vn -0.4668 0.4213 0.7775
vn 0.2562 0.0224 0.9664
vn 0.5159 0.2026 -0.8323
vn -0.2152 -0.8645 -0.4543
vn -0.0129 -0.1452 0.9893
vn -0.7735 -0.6156 -0.1510
vn 0.7571 0.6533 -0.0007
vn 0.6870 0.7152 0.1285
vn 0.7008 0.7070 -0.0955
vn -0.0461 -0.9594 0.2783
vn -0.2422 -0.8422 0.4817
vn -0.0108 -0.9889 -0.1484
vn -0.4281 -0.7377 -0.5220
vn -0.7113 -0.4670 0.5254
vn -0.8037 -0.5421 0.2453
vn -0.8073 -0.5500 -0.2140
vn -0.0228 -0.0591 0.9980
vn -0.4236 -0.8222 -0.3801
vn 0.4052 0.2835 -0.8691
vn -0.4226 -0.2128 -0.8810
vn 0.8609 0.4928 -0.1263
vn 0.6511 -0.7481 0.1280
vn 0.7318 -0.5641 -0.3824
vn -0.6942 -0.5080 -0.5099
vn -0.9510 -0.1791 -0.2521
vn -0.9033 -0.3234 0.2817
vn 0.8501 0.5026 0.1572
vn 0.8447 -0.3192 0.4296
vn 0.9616 0.2070 -0.1801
vn 0.9867 -0.1549 -0.0488
vn 0.7388 0.5220 -0.4262
vn 0.4538 0.3158 0.8333
vn -0.7177 -0.4202 0.5553
vn -0.8093 -0.4100 -0.4206
vn -0.9655 -0.2224 -0.1358
vn -0.6014 -0.0121 -0.7989
vn 0.8572 0.5033 -0.1092
vn 0.8048 -0.2928 0.5163
vn 0.7943 0.5812 0.1769
vn 0.7288 0.5463 0.4127
vn -0.0779 0.5637 -0.8223
vn -0.2631 -0.5877 -0.7651
vn -0.9535 -0.1843 -0.2384
vn -0.8715 0.1886 -0.4528
vn -0.9209 0.3828 -0.0736
vn -0.9836 -0.0677 0.1673
vn -0.9949 0.0309 -0.0961
vn -0.9953 0.0283 -0.0931
vn -0.9971 0.0752 -0.0064
vn -0.9952 -0.0323 0.0924
vn 0.9480 0.2716 0.1658
vn -0.1146 0.5762 0.8093
vn -0.8681 -0.3686 -0.3325
vn -0.9895 0.0831 -0.1182
vn 0.9392 0.3413 -0.0367
vn 0.7082 -0.4068 0.5770
vn 0.6086 -0.5462 -0.5755
vn 0.8807 0.4687 0.0683
vn 0.7184 0.5156 -0.4669
vn 0.5541 0.5739 0.6030
vn 0.4960 -0.1554 -0.8543
vn -0.6704 0.7110 -0.2123
vn -0.6332 0.3266 -0.7017
vn -0.7520 -0.2764 0.5985
vn -0.6778 0.6114 0.4083
vn -0.5914 0.3390 0.7317
vn 0.9637 0.0597 0.2602
vn 0.9734 0.1820 -0.1395
vn 0.8303 0.4795 0.2841
vn 0.9511 -0.0284 -0.3077
vn 0.1507 -0.5679 0.8092
vn -0.3513 0.6836 -0.6397
vn -0.0573 -0.3969 -0.9161
vn -0.4227 0.5017 0.7548
vn 0.8551 0.0911 0.5103
vn -0.4758 0.7375 -0.4793
vn -0.3448 0.7661 -0.5424
vn -0.0973 0.8278 0.5526
vn 0.9068 0.4100 -0.0977
vn 0.7962 0.3805 0.4704
vn 0.6917 0.7130 0.1148
vn 0.2498 0.7907 -0.5590
vn 0.8441 0.5197 -0.1321
vn 0.4781 0.3281 0.8147
vn 0.5983 0.4339 -0.6736
vn -0.6492 0.1378 0.7480
vn -0.1625 0.2835 0.9451
vn -0.3800 0.7632 0.5226
vn -0.6724 0.1815 0.7176
vn -0.1362 0.6153 0.7764
vn -0.5347 0.6998 0.4737
vn -0.2889 0.6066 -0.7407
vn -0.0630 0.2547 -0.9650
vn -0.1538 0.3256 -0.9329
vn -0.0238 -0.8956 -0.4442
vn 0.2005 -0.5140 -0.8340
vn 0.4919 -0.8542 -0.1683
vn -0.8255 0.0720 0.5597
vn -0.2882 0.0661 -0.9553
vn -0.3773 0.2819 -0.8821
vn -0.8402 0.1347 -0.5253
vn 0.4639 -0.5502 0.6943
vn 0.6654 -0.7362 -0.1231
vn 0.9262 -0.3697 0.0736
vn -0.7782 -0.5656 -0.2729
vn -0.6088 -0.2863 -0.7398
vn -0.0604 -0.8968 -0.4384
vn -0.8073 -0.2263 0.5450
vn -0.7125 -0.6299 0.3092
vn -0.0812 -0.7225 0.6866
vn 0.4326 -0.8748 0.2182
vn 0.7051 -0.2211 0.6737
vn 0.2557 -0.4119 0.8746
vn -0.9669 0.1161 0.2274
vn -0.9265 0.1184 -0.3571
vn -0.8097 -0.4062 0.4235
vn -0.8452 -0.4668 -0.2604
vn -0.7429 0.6475 0.1699
vn -0.9756 0.0142 -0.2191
vn -0.9550 0.0010 0.2966
vn -0.7509 0.6526 -0.1011
vn -0.4644 -0.2180 0.8584
vn -0.5013 -0.5709 -0.6502
vn -0.6109 0.2373 -0.7553
vn -0.6988 -0.3659 -0.6147
vn -0.6783 -0.6817 -0.2742
vn -0.6197 -0.6476 0.4433
vn -0.2409 0.9679 -0.0718
vn -0.5056 0.6446 -0.5734
vn -0.4652 0.2286 -0.8552
vn -0.4168 0.7937 -0.4431
vn -0.1590 -0.3697 -0.9154
vn -0.3522 -0.9345 -0.0521
vn -0.2798 -0.8624 0.4219
vn -0.2764 -0.5650 0.7774
vn -0.3225 -0.9450 0.0547
vn -0.2635 0.9457 0.1904
vn -0.0424 0.2741 -0.9608
vn -0.1578 -0.2548 -0.9540
vn -0.1080 -0.2491 0.9624
vn -0.3811 0.9233 -0.0478
vn -0.0324 0.8054 -0.5919
vn -0.0927 0.0185 0.9955
vn -0.0177 -0.5791 0.8151
vn -0.0458 -0.8975 -0.4387
vn 0.1356 -0.8828 0.4497
vn -0.3682 0.9256 0.0877
vn -0.1912 0.8555 0.4812
vn 0.2198 0.2958 -0.9296
vn 0.4220 0.2695 0.8656
vn 0.3418 -0.5323 -0.7745
vn 0.3613 -0.8496 0.3842
vn -0.1618 0.9408 0.2978
vn -0.8018 0.5968 -0.0303
vn 0.3786 0.2473 0.8919
vn 0.1367 0.2930 -0.9463
vn 0.3756 -0.4852 0.7896
vn 0.4935 -0.3019 0.8157
vn 0.4503 -0.8785 -0.1595
vn 0.1382 0.7339 -0.6651
vn -0.5770 0.8162 -0.0302
vn -0.7127 0.6961 0.0862
vn -0.6936 0.7022 0.1605
vn -0.6244 0.7645 0.1603
vn 0.0823 0.7652 0.6385
vn 0.1209 0.5041 -0.8551
vn 0.1112 0.5264 0.8429
vn 0.1487 0.3309 0.9319
vn -0.4216 0.1238 0.8983
vn -0.3877 0.1303 -0.9125
vn 0.3368 0.1006 0.9362
vn 0.4438 0.0692 -0.8934
vn -0.0838 0.4995 -0.8623
vn -0.0587 0.4929 0.8681
vn 0.5022 0.3351 -0.7972
vn 0.7420 -0.1134 0.6608
vn 0.2343 -0.7580 0.6087
vn 0.0730 -0.7807 -0.6206
vn 0.7596 -0.1929 -0.6211
vn 0.6135 -0.1992 -0.7642
vn 0.8121 -0.2826 0.5105
vn 0.7544 -0.5380 0.3760
vn -0.0758 0.3268 -0.9420
vn 0.5713 0.3859 0.7244
vn -0.0433 0.2828 0.9582
vn 0.8265 -0.2968 -0.4784
vn 0.8803 -0.4707 -0.0586
vn 0.6148 -0.4547 0.6444
vn 0.6704 0.3083 -0.6749
vn 0.8116 0.0197 -0.5839
vn 0.8026 0.0260 0.5960
vn 0.6177 0.2903 0.7308
vn 0.8308 -0.5135 -0.2147
vn 0.8155 -0.3600 0.4532
vn 0.8160 -0.3670 0.4465
vn 0.9282 -0.0113 0.3720
vn 0.8345 -0.3446 -0.4300
vn 0.8225 -0.3550 -0.4444
vn 0.9221 -0.0657 -0.3813
vn 0.9439 0.1034 0.3136
vn 0.9277 0.1144 0.3554
vn 0.9515 0.1412 -0.2733
vn 0.9499 0.0969 -0.2971
vn 0.9404 0.0105 -0.3399
vn 0.9152 -0.1344 -0.3799
vn 0.9196 0.1594 0.3591
vn 0.9948 -0.0526 -0.0877
vn 0.9232 -0.1020 0.3705
vn 0.9402 -0.0007 0.3405
vn 0.9889 -0.0580 0.1370
vn -0.7889 0.6090 0.0818
vn -0.9498 0.0124 -0.3127
vn -0.9537 -0.0592 0.2950
vn -0.9198 -0.1203 0.3736
vn -0.6511 0.2721 0.7086
vn -0.8952 0.4456 0.0050
vn -0.8466 0.1391 -0.5138
vn -0.9469 -0.3192 -0.0390
vn -0.7770 -0.6235 -0.0867
vn 0.9542 0.2032 -0.2195
vn -0.5314 0.7580 -0.3783
vn -0.5700 0.3980 -0.7188
vn -0.6147 0.6598 -0.4322
vn -0.6203 0.5341 0.5744
vn -0.6793 -0.2276 0.6977
vn -0.4975 -0.5070 -0.7039
vn -0.6101 -0.6005 -0.5168
vn -0.5445 -0.4736 0.6922
vn -0.3784 -0.8956 0.2338
vn -0.5923 -0.7976 0.1139
vn -0.4768 0.7124 0.5149
vn -0.4046 -0.0225 -0.9142
vn -0.0220 -0.7262 0.6871
vn -0.1388 0.9880 -0.0684
vn -0.2685 0.8636 0.4266
vn -0.3002 0.9343 -0.1922
vn -0.2841 -0.0501 0.9575
vn -0.3969 0.6599 0.6379
vn -0.4167 0.6851 -0.5975
vn -0.2507 -0.1603 -0.9547
vn -0.1172 0.0166 0.9930
vn 0.0105 -0.9337 -0.3578
vn -0.0451 -0.7689 0.6378
vn -0.0014 0.3596 -0.9331
vn -0.0463 -0.7549 -0.6542
vn -0.0455 -0.9982 -0.0387
vn 0.1920 0.7579 -0.6235
vn 0.0955 0.7696 0.6314
vn 0.2162 -0.4202 -0.8813
vn 0.1908 0.9757 0.1074
vn 0.1416 0.9892 -0.0382
vn -0.0584 0.9243 -0.3772
vn -0.0867 0.9273 0.3642
vn -0.1500 0.2221 0.9634
vn 0.4232 -0.1147 -0.8987
vn 0.3242 -0.6515 -0.6859
vn 0.4819 -0.8583 0.1764
vn -0.7449 0.6534 0.1353
vn -0.6715 0.7150 -0.1946
vn -0.5207 -0.2932 0.8018
vn -0.0581 -0.1106 0.9922
vn -0.4267 -0.3133 -0.8484
vn -0.6732 -0.5699 -0.4712
vn 0.2077 -0.1853 -0.9605
vn 0.1456 -0.3310 0.9323
vn 0.4581 -0.1717 0.8722
vn 0.6070 0.7265 -0.3221
vn 0.1358 0.8928 0.4295
vn 0.3488 0.9236 -0.1592
vn 0.0740 0.9783 -0.1935
vn 0.5779 0.7512 0.3189
vn 0.5694 0.3954 -0.7208
vn 0.5470 0.3482 0.7613
vn 0.0160 -0.2618 0.9650
vn -0.0587 -0.2595 -0.9640
vn 0.4159 -0.5474 0.7262
vn 0.4146 -0.7101 0.5691
vn 0.5283 -0.8306 -0.1762
vn 0.4682 0.8804 -0.0751
vn 0.5211 -0.2229 0.8239
vn 0.4795 -0.3502 -0.8046
vn 0.5656 -0.2171 -0.7956
vn 0.8133 -0.4944 -0.3067
vn 0.6373 -0.6135 0.4663
vn 0.8405 -0.4754 0.2600
vn 0.7170 0.6775 -0.1640
vn 0.5981 0.7976 0.0787
vn 0.3584 0.9142 0.1889
vn 0.6685 -0.4215 0.6127
vn 0.5502 -0.5278 -0.6471
vn 0.5922 -0.6254 -0.5081
vn 0.9002 0.3798 0.2130
vn 0.9331 0.0290 -0.3584
vn 0.9468 0.2264 -0.2287
vn 0.8927 0.1255 0.4328
vn 0.8671 -0.4911 -0.0832
vn 0.6747 -0.7268 0.1284
vn 0.7374 -0.6479 -0.1910
vn 0.7576 0.4402 -0.4820
vn 0.9908 -0.0051 0.1355
vn 0.9882 -0.1207 -0.0948
vn 0.9557 -0.2461 0.1618
vn 0.7544 -0.3819 -0.5339
vn 0.8467 -0.5281 0.0650
vn 0.7867 -0.4741 0.3955
vn -0.9038 -0.0073 0.4279
vn -0.5790 0.6351 0.5113
vn -0.9179 0.3342 0.2138
vn -0.8936 0.3831 -0.2338
vn -0.6542 0.5545 -0.5144
vn -0.9199 -0.0642 -0.3869
vn -0.9985 0.0119 -0.0531
vn -0.9981 -0.0489 0.0380
vn -0.9620 -0.2294 -0.1481
vn -0.9465 -0.2732 0.1717
vn -0.8425 -0.5377 -0.0334
vn -0.7923 -0.4614 -0.3991
vn -0.8305 -0.5568 0.0152
vn -0.7766 -0.4969 0.3873
vn -0.7345 -0.6224 0.2704
vn -0.7637 -0.5683 -0.3063
vn -0.6198 -0.6446 0.4476
vn -0.7241 -0.6589 0.2037
vn -0.6650 -0.7294 -0.1606
vn -0.6083 -0.6109 -0.5066
vn -0.4368 0.8913 -0.1214
vn -0.6413 0.7537 -0.1440
vn -0.4747 0.8512 0.2237
vn -0.7709 0.6101 0.1830
vn -0.5535 -0.0413 -0.8318
vn -0.3680 -0.5953 0.7143
vn -0.5318 -0.8098 0.2479
vn -0.5185 -0.8341 -0.1883
vn -0.3424 0.9299 -0.1346
vn -0.3218 0.9301 0.1771
vn -0.5243 0.8487 0.0695
vn -0.4244 0.0726 0.9026
vn -0.4918 -0.5458 0.6784
vn -0.4386 -0.5069 0.7421
vn -0.5020 -0.5963 -0.6265
vn -0.4658 -0.4991 -0.7307
vn -0.0472 -0.6865 -0.7256
vn -0.2794 -0.6739 -0.6840
vn -0.3089 -0.8899 -0.3357
vn -0.2451 0.9483 -0.2017
vn -0.1414 0.5552 0.8196
vn -0.4397 -0.4018 0.8032
vn -0.1760 -0.3701 0.9122
vn -0.2438 -0.3622 -0.8996
vn -0.4606 -0.3975 -0.7936
vn -0.0561 -0.0700 -0.9960
vn -0.0055 -0.7167 0.6973
vn -0.1905 0.6398 -0.7445
vn 0.0409 0.9911 0.1264
vn 0.0821 0.9161 0.3924
vn -0.1171 0.9831 0.1411
vn -0.0489 0.9958 0.0771
vn 0.0868 0.9214 -0.3787
vn -0.0674 0.9440 -0.3231
vn 0.0544 -0.1778 0.9826
vn 0.0411 -0.3078 0.9506
vn -0.0959 -0.2251 -0.9696
vn 0.1049 0.2119 -0.9716
vn 0.2378 -0.1244 -0.9633
vn 0.1040 -0.3173 0.9426
vn 0.1017 -0.8883 0.4478
vn 0.1102 -0.9900 0.0886
vn 0.0440 -0.9976 -0.0539
vn 0.2735 0.8727 -0.4045
vn 0.3482 0.8701 -0.3488
vn 0.3381 0.8574 0.3879
vn 0.9120 0.4086 0.0365
vn 0.4478 0.6233 0.6411
vn 0.4008 0.6992 -0.5920
vn 0.7798 0.6217 -0.0733
vn 0.4238 0.3082 -0.8517
vn 0.2740 0.1937 0.9420
vn 0.4323 -0.3052 0.8485
vn 0.3715 -0.3255 -0.8695
vn 0.2211 0.1248 -0.9672
vn 0.2822 -0.0784 0.9562
vn 0.2843 -0.4253 -0.8593
vn 0.5518 0.7975 0.2440
vn 0.3070 0.3918 -0.8673
vn 0.3690 0.3006 0.8795
vn 0.4097 -0.8429 -0.3489
vn 0.3815 -0.8017 -0.4602
vn 0.4415 0.4654 0.7672
vn 0.5965 0.4417 -0.6701
vn 0.6529 -0.2994 0.6957
vn 0.6854 -0.0766 0.7241
vn 0.6130 -0.3131 -0.7254
vn 0.5933 -0.7432 0.3093
vn 0.7169 -0.3392 -0.6090
vn 0.8053 0.3849 -0.4509
vn 0.8708 0.4902 -0.0386
vn 0.7781 0.4617 0.4259
vn 0.8594 0.3131 0.4041
vn 0.9227 -0.0307 -0.3843
vn 0.9425 -0.0881 0.3224
vn 0.9163 -0.3963 0.0578
vn 0.9918 0.0630 -0.1115
vn -0.9456 0.1153 0.3043
vn -0.9487 0.2297 0.2175
vn -0.9884 -0.1269 0.0834
vn -0.9647 0.1535 -0.2140
vn -0.9496 0.0844 -0.3018
vn -0.9954 -0.0537 -0.0791
vn -0.9551 -0.0919 0.2816
vn -0.8352 -0.3298 0.4402
vn -0.9054 -0.1371 -0.4019
vn -0.8881 -0.4442 -0.1185
vn -0.8368 0.0868 0.5406
vn -0.9334 0.1095 0.3417
vn -0.9472 -0.1100 0.3012
vn -0.6466 -0.1470 -0.7485
vn -0.7425 -0.2612 -0.6168
vn -0.9412 0.0953 -0.3242
vn -0.8752 -0.0314 -0.4828
vn -0.8006 0.0820 -0.5936
vn -0.8925 -0.0152 0.4509
vn -0.7906 0.0497 0.6103
vn -0.4358 -0.8504 0.2949
vn -0.6030 0.3382 -0.7225
vn -0.5446 0.0983 -0.8329
vn -0.6325 0.1038 -0.7676
vn -0.5413 0.0729 0.8377
vn -0.6846 0.2178 0.6956
vn -0.4253 0.0794 0.9016
vn -0.6138 0.3637 0.7007
vn -0.4432 -0.4653 0.7662
vn -0.2986 -0.9517 0.0713
vn -0.4190 -0.8783 -0.2301
vn -0.4568 0.3676 -0.8100
vn -0.4448 0.4706 -0.7620
vn -0.6099 0.0497 -0.7909
vn -0.2914 -0.7421 -0.6036
vn -0.5061 0.4270 0.7493
vn -0.4200 0.4983 0.7585
vn -0.3303 -0.0881 0.9398
vn -0.1019 -0.7714 -0.6281
vn -0.3754 0.5099 -0.7740
vn -0.2471 0.6718 -0.6983
vn -0.2113 0.2338 -0.9490
vn -0.3204 0.5799 0.7491
vn -0.0986 0.4330 0.8960
vn -0.1725 0.7424 0.6473
vn -0.1874 0.1881 0.9641
vn -0.3027 -0.0669 0.9507
vn 0.0090 0.2491 -0.9684
vn -0.1240 -0.2133 -0.9691
vn 0.2046 0.9716 -0.1189
vn 0.0932 0.7408 -0.6653
vn 0.2286 0.9517 0.2049
vn 0.6509 0.7545 -0.0842
vn 0.3428 0.9109 -0.2299
vn 0.6487 0.7509 0.1234
vn 0.2460 0.9594 0.1377
vn 0.1979 0.7438 0.6384
vn -0.0638 0.3701 0.9268
vn -0.4011 0.3277 0.8554
vn 0.4969 0.4511 0.7414
vn -0.0026 0.0097 0.9999
vn 0.0256 0.3885 -0.9211
vn 0.1618 0.1943 0.9675
vn 0.1006 -0.3756 -0.9213
vn 0.1495 -0.3535 0.9234
vn 0.1900 -0.7937 0.5779
vn 0.3660 0.9280 0.0690
vn 0.3352 0.9171 0.2159
vn 0.4615 0.6215 -0.6330
vn 0.9813 0.1813 -0.0650
vn 0.2389 0.7804 0.5778
vn 0.2487 -0.9682 0.0261
vn 0.4415 0.8161 -0.3729
vn 0.3444 0.2558 -0.9033
vn 0.3163 0.2277 0.9209
vn 0.3883 -0.3969 -0.8317
vn 0.5392 -0.6677 -0.5133
vn 0.5367 0.6778 -0.5025
vn 0.5552 0.4813 0.6783
vn 0.6238 0.2453 -0.7421
vn 0.5617 -0.7410 -0.3681
vn 0.7803 0.6245 0.0341
vn 0.6680 0.4938 0.5568
vn 0.6836 -0.1927 0.7040
vn 0.7135 -0.0193 -0.7004
vn 0.7595 -0.5698 0.3139
vn 0.8030 0.5943 -0.0444
vn 0.8801 -0.3614 -0.3080
vn 0.8614 -0.5078 -0.0082
vn 0.8799 0.1421 0.4535
vn 0.9792 0.0326 -0.2002
vn 0.9821 0.1105 -0.1528
vn 0.9407 0.0436 0.3365
vn -0.8823 -0.3849 0.2709
vn -0.7806 -0.5005 0.3745
vn -0.9988 -0.0354 0.0340
vn -0.9714 -0.1908 -0.1413
vn -0.3331 -0.7434 -0.5800
vn -0.9973 -0.0684 -0.0261
vn -0.8289 -0.4933 -0.2638
vn -0.3335 -0.8204 -0.4644
vn -0.3783 -0.8579 -0.3477
vn -0.6980 0.6662 0.2626
vn -0.4465 0.7894 0.4213
vn -0.2213 0.8824 0.4152
vn -0.7510 -0.1293 0.6475
vn -0.0911 -0.1781 0.9798
vn -0.0794 -0.2391 0.9677
vn -0.7692 0.5897 -0.2464
vn -0.4290 0.8316 -0.3527
vn -0.5004 0.7631 -0.4090
vn -0.8342 0.4826 0.2669
vn -0.4044 0.6018 0.6887
vn -0.3010 0.8611 0.4097
vn -0.5444 -0.4619 -0.7002
vn 0.0103 -0.5143 -0.8576
vn 0.0716 -0.7179 -0.6925
vn 0.6009 0.7140 -0.3594
vn 0.5804 0.7392 -0.3417
vn 0.9010 0.3990 -0.1705
vn 0.3229 0.7228 0.6109
vn 0.2905 0.2266 0.9297
vn 0.9233 0.1669 0.3459
vn 0.2811 0.2997 -0.9117
vn 0.3577 0.7649 -0.5357
vn 0.8890 0.2035 -0.4102
vn 0.4918 -0.0957 0.8655
vn 0.6005 -0.1067 0.7925
vn 0.9690 0.1032 0.2246
vn 0.6586 -0.3018 0.6893
vn 0.6342 -0.5884 0.5015
vn 0.9981 -0.0066 0.0616
vn 0.9062 -0.3419 -0.2488
vn 0.9990 -0.0346 -0.0279
vn 0.9558 -0.2292 -0.1843
vn 0.9287 -0.2997 -0.2185
vn 0.9985 -0.0511 -0.0194
vn -0.9913 0.1286 -0.0283
vn -0.8820 -0.2248 -0.4142
vn -0.9939 0.0392 -0.1032
vn -0.9441 0.3052 0.1245
vn -0.9969 -0.0651 -0.0434
vn -0.9312 0.3330 -0.1483
vn -0.9676 0.0255 0.2512
vn -0.8867 -0.1109 -0.4488
vn -0.9975 0.0705 0.0079
vn -0.9416 0.2904 0.1704
vn -0.8194 0.4909 0.2959
vn -0.7515 0.5965 -0.2819
vn -0.9893 0.1364 -0.0524
vn -0.9229 0.3508 0.1585
vn -0.9162 0.3603 -0.1753
vn -0.9067 -0.0792 -0.4143
vn -0.9914 0.1147 0.0633
vn -0.8837 0.4143 0.2179
vn -0.9633 -0.0395 0.2654
vn -0.9940 -0.0149 -0.1083
vn -0.9509 0.2691 0.1527
vn -0.7596 0.5810 0.2921
vn -0.9499 0.2824 -0.1341
vn -0.9954 0.0828 0.0479
vn -0.7151 0.6332 0.2960
vn -0.8954 0.3816 -0.2296
vn -0.9915 0.0910 -0.0934
vn -0.9841 0.1468 0.0999
vn -0.8735 0.2148 0.4369
vn -0.8679 0.2222 -0.4442
vn -0.9488 -0.0625 0.3096
vn -0.8624 -0.0854 0.4990
vn -0.9294 0.0330 -0.3675
vn -0.9459 -0.0651 -0.3180
vn -0.9310 0.0230 0.3642
vn -1.0000 -0.0077 -0.0060
vn -0.7919 -0.1156 -0.5996
vn -0.9889 -0.1289 -0.0739
vn -0.9896 -0.1273 0.0676
vn -0.7615 -0.1049 0.6397
vn -0.3463 -0.0445 0.9371
vn -0.8069 -0.0484 0.5887
vn -0.4269 0.0020 -0.9043
vn -0.6683 -0.0588 -0.7416
vn -0.9889 -0.0705 -0.1311
vn -0.9655 -0.1396 0.2199
vn -0.9967 -0.0281 -0.0759
vn -0.9589 -0.1214 -0.2563
vn -0.9926 -0.0515 0.1104
vn -0.5182 -0.4758 -0.7107
vn -0.1559 -0.7343 0.6607
vn -0.3541 -0.5653 0.7450
vn -0.6735 -0.5966 -0.4365
vn -0.4949 -0.2896 0.8193
vn -0.9983 0.0387 -0.0441
vn -0.8855 -0.4051 -0.2275
vn -0.8261 -0.5613 -0.0502
vn -0.5460 -0.8063 0.2276
vn -0.5868 -0.6868 0.4288
vn -0.1367 -0.7986 0.5862
vn -0.3913 -0.7448 0.5405
vn -0.5853 -0.6214 -0.5209
vn -0.2393 -0.7546 -0.6110
vn 0.1137 -0.7985 -0.5912
vn -0.8792 -0.4179 0.2290
vn -0.6660 -0.5477 0.5065
vn -0.8759 -0.4498 0.1743
vn -0.5066 -0.8015 0.3178
vn -0.0855 -0.8368 0.5408
vn -0.6545 -0.6360 -0.4089
vn -0.7966 -0.5939 0.1128
vn -0.6196 -0.7535 -0.2197
vn -0.3325 -0.9129 0.2368
vn -0.2008 -0.9415 -0.2705
vn -0.8442 -0.5279 -0.0929
vn -0.3358 -0.9234 0.1858
vn -0.6910 0.6245 0.3641
vn -0.1278 0.7577 0.6399
vn -0.7787 -0.0596 0.6246
vn -0.5355 -0.0208 -0.8443
vn -0.1244 0.7936 -0.5955
vn -0.6638 0.6409 -0.3855
vn -0.6548 -0.4170 -0.6303
vn -0.5726 0.7309 0.3715
vn -0.3279 0.8779 -0.3489
vn -0.7679 -0.2081 0.6059
vn -0.7500 -0.6284 0.2063
vn -0.3100 -0.6925 0.6515
vn -0.5154 -0.2417 -0.8222
vn -0.4712 0.7884 -0.3954
vn -0.4306 0.7984 0.4208
vn -0.7725 0.5655 -0.2888
vn -0.5733 -0.1223 -0.8101
vn -0.7267 -0.0983 -0.6798
vn -0.4949 -0.1611 0.8539
vn -0.4785 0.5562 -0.6795
vn -0.4446 0.0976 0.8904
vn -0.4247 0.0867 -0.9012
vn -0.3910 -0.1512 -0.9079
vn -0.1447 -0.2820 -0.9484
vn -0.5940 -0.1647 0.7874
vn -0.0641 -0.1462 0.9872
vn -0.2361 -0.0999 -0.9666
vn -0.3862 -0.2405 -0.8905
vn -0.2257 -0.8261 0.5163
vn 0.0075 -0.7640 -0.6452
vn -0.8500 -0.2590 0.4587
vn -0.0394 -0.8133 -0.5806
vn -0.3196 -0.8222 0.4710
vn -0.2833 -0.8080 -0.5166
vn -0.0567 -0.8455 -0.5310
vn -0.2186 -0.9742 -0.0553
vn -0.4305 -0.8650 -0.2579
vn -0.4023 -0.9153 -0.0198
vn -0.1808 -0.7182 -0.6720
vn -0.3171 -0.1341 -0.9389
vn -0.3273 -0.0998 0.9396
vn -0.0030 -0.0409 -0.9992
vn -0.4261 -0.1741 -0.8878
vn 0.0221 -0.3860 -0.9222
vn 0.0639 -0.7952 -0.6029
vn 0.1163 -0.8069 0.5791
vn 0.0133 -0.7945 -0.6072
vn -0.4977 -0.6047 0.6218
vn 0.0889 -0.8386 0.5375
vn 0.1075 -0.9697 0.2195
vn -0.0124 -0.9493 0.3142
vn -0.0131 -0.6621 -0.7493
vn 0.1981 -0.9596 -0.1999
vn 0.0501 0.8679 0.4941
vn 0.1478 0.9036 -0.4020
vn 0.1560 -0.2136 -0.9644
vn 0.3497 0.8221 0.4493
vn 0.1177 0.8825 -0.4554
vn 0.2751 -0.7377 0.6166
vn 0.3194 0.8352 0.4477
vn 0.1358 0.8956 -0.4237
vn 0.4261 0.8104 0.4022
vn 0.2148 -0.1856 -0.9589
vn 0.1818 -0.1869 0.9654
vn 0.3042 0.0163 0.9525
vn 0.2222 -0.1989 0.9545
vn 0.1856 -0.1968 -0.9627
vn 0.0191 -0.1154 -0.9931
vn 0.1174 -0.3265 0.9379
vn -0.0027 -0.3896 0.9210
vn 0.2258 -0.6317 0.7416
vn 0.2975 -0.5306 0.7937
vn 0.2754 -0.5307 -0.8015
vn 0.4347 -0.7846 -0.4421
vn 0.3799 -0.8404 0.3865
vn 0.0863 -0.9608 -0.2635
vn 0.6036 0.5940 -0.5318
vn 0.5766 0.6104 0.5430
vn 0.6254 0.7111 0.3212
vn 0.5332 -0.6416 -0.5515
vn 0.6714 -0.1840 -0.7178
vn 0.5634 0.7428 -0.3618
vn 0.7751 -0.3155 0.5474
vn 0.6426 -0.1934 0.7414
vn 0.6356 0.7080 -0.3079
vn 0.7274 -0.1339 -0.6730
vn 0.6913 -0.1378 0.7093
vn 0.4615 0.0650 -0.8848
vn 0.6985 -0.1288 -0.7039
vn 0.7256 -0.1440 0.6728
vn 0.6188 0.0244 -0.7851
vn 0.6955 -0.1631 -0.6998
vn 0.1095 0.0548 0.9925
vn 0.7288 -0.1821 0.6600
vn 0.7668 -0.2826 -0.5763
vn 0.1738 -0.7119 -0.6804
vn 0.6736 -0.5466 0.4975
vn 0.0829 -0.8074 -0.5841
vn 0.0784 -0.8218 0.5644
vn 0.0827 -0.8293 -0.5527
vn 0.6371 -0.7084 0.3038
vn 0.8960 -0.3871 0.2174
vn 0.6959 -0.6483 -0.3089
vn 0.1413 -0.9590 0.2457
vn 0.9492 -0.0542 0.3098
vn 0.6720 -0.2883 0.6821
vn 0.4331 0.0061 -0.9013
vn 0.8375 -0.3224 -0.4411
vn 0.9880 -0.0098 -0.1541
vn 0.9203 0.3447 0.1852
vn 0.9315 0.3232 -0.1666
vn 0.9339 -0.0909 -0.3457
vn 0.9146 0.3641 0.1758
vn 0.9196 0.3497 0.1788
vn 0.9492 0.2921 -0.1171
vn 0.9458 -0.0448 0.3217
vn 0.9334 -0.0898 -0.3474
vn 0.8427 0.4745 0.2542
vn 0.8842 0.4041 -0.2341
vn 0.9218 -0.1022 0.3739
vn 0.9970 0.0181 0.0753
vn 0.8633 0.4450 -0.2380
vn 0.9677 0.2293 0.1047
vn 0.8807 0.4152 0.2280
vn 0.9720 0.2091 -0.1068
vn 0.8873 0.3993 -0.2310
vn 0.9409 -0.0648 -0.3324
vn 0.9934 0.0845 -0.0778
vn 0.9319 -0.0567 0.3583
vn 0.9721 0.0834 -0.2194
vn 0.9453 -0.0712 -0.3183
vn 0.8971 0.3037 0.3208
vn 0.9630 -0.0557 0.2636
vn 0.5510 -0.0968 -0.8289
vn 0.9365 -0.2509 -0.2449
vn 0.1579 -0.7750 0.6119
vn 0.2953 -0.7262 -0.6208
vn 0.9504 -0.1768 0.2560
vn 0.0756 -0.8615 0.5021
vn 0.3746 -0.7257 0.5771
vn 0.9834 -0.1605 -0.0850
vn 0.9277 -0.3092 -0.2094
vn 0.9422 -0.2866 -0.1736
vn 0.8983 -0.3810 0.2188
vn 0.9950 -0.0772 0.0631
vn 0.9376 -0.2663 0.2234
vn 0.7523 -0.6556 -0.0658
vn 0.2591 -0.8698 0.4198
vn 0.6886 -0.6952 0.2062
vn 0.5801 -0.7586 -0.2965
vn 0.3780 -0.8442 -0.3800
vn 0.7630 -0.6362 0.1143
vn 0.9988 0.0319 -0.0382
vn 0.9972 0.0664 0.0334
vn 0.9959 0.0794 -0.0444
vn 1.0000 -0.0022 -0.0007
vn 0.9958 0.0802 -0.0439
vn 0.9950 -0.0291 -0.0954
vn 1.0000 -0.0029 0.0023
vn 0.9951 -0.0279 0.0951
vn 0.9967 -0.0363 -0.0726
vn 0.9970 -0.0429 0.0645
vn 0.9305 -0.0107 -0.3661
vn 0.9991 -0.0112 -0.0410
vn 0.9987 -0.0282 0.0425
vn 1.0000 -0.0071 0.0051
vn 0.9954 -0.0557 -0.0779
vn 0.9999 -0.0148 -0.0077
vn 0.9107 -0.2653 -0.3165
vn 0.9937 -0.0928 0.0621
vn 0.9999 -0.0113 0.0037
vn 0.8378 -0.4535 -0.3040
vn 0.9996 -0.0260 -0.0067
vn 0.9889 -0.1227 0.0843
vn 0.9934 -0.0960 0.0624
vn 0.9849 -0.1722 0.0179
vn 0.9126 -0.3924 0.1150
vn 0.9918 -0.1269 -0.0138
vn 0.8938 -0.4284 -0.1331
vn -0.6935 -0.7181 -0.0586
vn -0.8708 0.4886 0.0551
vn -0.7559 0.4595 -0.4663
vn -0.9108 0.0414 -0.4108
vn -0.9861 -0.1364 0.0949
vn -0.8239 0.1384 0.5496
vn -0.8483 0.5072 0.1524
vn -0.6880 0.5003 -0.5257
vn -0.9653 0.1790 -0.1900
vn -0.9448 -0.0097 0.3276
vn -0.7786 -0.4409 -0.4465
vn -0.9513 -0.2863 -0.1139
vn -0.8079 -0.3739 0.4556
vn -0.5962 0.5948 0.5392
vn -0.7908 0.0173 -0.6119
vn -0.6385 0.3309 0.6949
vn -0.7794 -0.3665 0.5082
vn -0.7730 -0.6146 0.1575
vn -0.7711 -0.6045 -0.2000
vn -0.5834 -0.7816 -0.2207
vn -0.5955 -0.7644 0.2471
vn -0.4724 0.8779 0.0788
vn -0.5003 0.7002 -0.5092
vn -0.4233 0.8542 -0.3020
vn -0.4881 0.8678 0.0935
vn -0.4869 0.7419 0.4609
vn -0.3035 0.2969 -0.9054
vn -0.6041 -0.0385 -0.7960
vn -0.3694 0.3535 0.8594
vn -0.3003 0.5612 -0.7713
vn -0.4741 0.0006 -0.8805
vn -0.5606 -0.0864 0.8236
vn -0.4857 0.0320 0.8735
vn -0.4057 -0.4444 -0.7987
vn -0.4676 -0.5409 0.6991
vn -0.1234 0.9473 -0.2955
vn -0.3619 -0.7698 -0.5258
vn -0.1719 -0.8822 0.4383
vn 0.0090 0.8628 0.5054
vn -0.0039 0.7041 -0.7101
vn -0.0819 0.6694 0.7384
vn -0.0078 0.6975 0.7165
vn 0.0424 0.2396 0.9699
vn 0.0143 0.0870 -0.9961
vn -0.1176 -0.0577 0.9914
vn -0.1062 -0.0638 -0.9923
vn -0.0692 -0.3393 0.9381
vn 0.1691 0.9832 -0.0682
vn -0.0416 0.9849 0.1679
vn 0.1162 0.8904 -0.4400
vn 0.1824 0.3750 0.9089
vn 0.1772 0.5821 -0.7936
vn 0.0967 -0.4753 -0.8745
vn -0.0657 0.1919 0.9792
vn 0.0059 -0.8334 -0.5526
vn 0.2061 -0.7945 0.5712
vn 0.3614 0.3953 -0.8444
vn 0.3514 -0.1718 0.9203
vn 0.3037 -0.3465 0.8875
vn 0.3061 -0.0243 -0.9517
vn 0.4861 0.7466 -0.4543
vn 0.3986 0.8940 0.2048
vn 0.3792 0.9240 0.0488
vn 0.4741 0.7784 0.4116
vn 0.5438 0.1579 0.8242
vn 0.5104 -0.0327 -0.8593
vn 0.4876 -0.6526 -0.5799
vn 0.0382 0.5507 0.8338
vn 0.3832 -0.8603 -0.3363
vn 0.5669 0.5917 0.5732
vn 0.6009 0.7524 -0.2697
vn 0.5794 0.5054 -0.6394
vn 0.5251 0.3571 0.7725
vn 0.5629 -0.0931 0.8213
vn 0.6845 -0.3803 -0.6219
vn 0.8073 -0.5768 -0.1249
vn 0.6582 -0.7526 -0.0167
vn 0.6927 -0.7156 0.0900
vn 0.7304 0.6808 0.0556
vn 0.8163 0.3853 -0.4304
vn 0.7473 0.0308 -0.6637
vn 0.6011 -0.5911 0.5378
vn 0.7773 -0.2632 0.5715
vn 0.8202 -0.5135 0.2522
vn 0.7624 -0.6328 -0.1354
vn 0.7972 -0.4464 -0.4064
vn 0.8696 0.4921 -0.0398
vn 0.7888 0.3962 0.4699
vn 0.8551 0.2658 0.4452
vn 0.8245 0.0658 -0.5621
vn 0.9090 0.0294 0.4158
vn 0.8307 -0.4034 0.3837
vn 0.9568 0.2902 -0.0158
vn 0.9836 0.0997 -0.1504
vn 0.9663 -0.1629 -0.1991
vn 0.9780 -0.1030 0.1814
vn 0.9631 -0.2562 -0.0823
vn -0.4671 0.0845 -0.8802
vn -0.4259 0.7218 -0.5455
vn 0.1115 0.5615 -0.8199
vn 0.2842 -0.7279 0.6240
vn 0.7323 -0.5450 0.4083
vn 0.5078 -0.5427 0.6691
vn 0.9574 -0.2262 -0.1794
vn 0.6802 -0.3106 -0.6639
vn 0.8843 -0.3506 -0.3084
vn 0.1135 0.5571 0.8227
vn -0.4475 0.7211 0.5290
vn -0.4727 0.0824 0.8774
vn 0.5016 -0.5430 -0.6734
vn 0.7309 -0.5505 -0.4035
vn 0.2801 -0.7258 -0.6283
vn 0.8857 -0.3495 0.3055
vn 0.6833 -0.3133 0.6595
vn 0.9538 -0.2293 0.1942
vn -0.9292 0.1132 0.3518
vn -0.9621 0.2560 -0.0936
vn -0.9943 -0.0968 -0.0444
vn -0.8364 -0.3649 0.4091
vn -0.8535 0.5136 0.0877
vn -0.8057 0.3807 -0.4537
vn -0.8510 0.0442 -0.5234
vn -0.7695 -0.1962 0.6078
vn -0.9085 -0.2677 -0.3209
vn -0.9388 -0.3431 0.0318
vn -0.6244 0.6528 -0.4288
vn -0.7143 0.2599 0.6498
vn -0.6289 -0.2328 -0.7418
vn -0.4573 -0.5244 0.7182
vn -0.8133 -0.4198 0.4029
vn -0.5706 0.8198 0.0486
vn -0.4037 0.5741 -0.7123
vn -0.4953 0.2877 -0.8197
vn -0.5065 -0.0157 -0.8621
vn -0.4358 -0.6261 0.6466
vn -0.8427 -0.1641 -0.5127
vn -0.3535 0.7271 0.5886
vn -0.4914 -0.0445 0.8698
vn -0.9340 -0.3079 0.1813
vn -0.3538 -0.3508 0.8670
vn -0.4085 0.3253 0.8528
vn -0.1717 -0.7460 0.6435
vn -0.2669 0.1858 0.9456
vn -0.1479 -0.2912 0.9452
vn -0.6087 0.3431 -0.7154
vn -0.7845 0.1961 -0.5884
vn -0.2105 0.9697 -0.1242
vn -0.2164 0.7634 -0.6086
vn -0.0647 0.4968 -0.8654
vn -0.0288 0.1991 -0.9796
vn -0.0030 -0.0147 -0.9999
vn -0.1654 -0.2287 -0.9593
vn -0.2754 -0.1765 -0.9450
vn 0.0402 0.4555 0.8893
vn 0.0288 0.0620 0.9977
vn 0.0792 -0.5160 0.8529
vn -0.1756 -0.3054 -0.9359
vn -0.4273 0.8671 -0.2559
vn -0.2009 0.9727 -0.1158
vn 0.0088 -0.1449 0.9894
vn -0.1593 0.1770 0.9712
vn 0.1999 0.9625 -0.1835
vn 0.4958 0.8401 0.2201
vn 0.2154 0.6773 -0.7035
vn 0.3690 0.6787 0.6350
vn 0.0140 -0.3078 -0.9513
vn 0.3429 0.3507 -0.8715
vn 0.2554 -0.1626 0.9531
vn 0.3034 -0.2237 -0.9262
vn 0.1645 0.3745 -0.9125
vn 0.4425 0.1664 0.8812
vn 0.5884 -0.1586 -0.7928
vn 0.4773 -0.5316 0.6997
vn 0.1808 0.1667 0.9693
vn 0.6218 0.7040 -0.3432
vn 0.4957 0.0178 -0.8683
vn 0.5613 -0.2607 0.7855
vn 0.6240 0.4362 -0.6483
vn 0.5763 0.5076 -0.6405
vn 0.7969 -0.3956 0.4565
vn 0.7814 0.4257 0.4563
vn 0.7406 0.1426 0.6567
vn 0.8287 0.5586 -0.0352
vn 0.4724 0.5755 0.6675
vn 0.8776 0.4742 0.0700
vn 0.8476 0.4544 -0.2740
vn 0.8125 0.1748 -0.5561
vn 0.8291 -0.1376 -0.5419
vn 0.8794 -0.4751 0.0319
vn 0.9624 0.1600 0.2193
vn 0.9398 0.1509 0.3065
vn 0.8315 -0.2287 0.5062
vn 0.9500 -0.2386 0.2016
vn 0.9839 0.1108 -0.1400
vn 0.9885 -0.1353 -0.0677
vn -0.9307 0.1100 -0.3489
vn -0.9946 -0.0961 0.0384
vn -0.9621 0.2559 0.0943
vn -0.8355 -0.3725 -0.4040
vn -0.8559 0.5083 -0.0949
vn -0.8072 0.3757 0.4553
vn -0.8509 0.0460 0.5233
vn -0.7715 -0.1821 -0.6096
vn -0.9113 -0.2701 0.3106
vn -0.9391 -0.3422 -0.0299
vn -0.6234 0.6528 0.4304
vn -0.7123 0.2622 -0.6510
vn -0.6288 -0.2322 0.7421
vn -0.4548 -0.5220 -0.7216
vn -0.8087 -0.4154 -0.4164
vn -0.5662 0.8231 -0.0438
vn -0.4045 0.5748 0.7113
vn -0.4951 0.2837 0.8212
vn -0.5058 -0.0315 0.8621
vn -0.4369 -0.6254 -0.6466
vn -0.8414 -0.1567 0.5172
vn -0.3544 0.7330 -0.5806
vn -0.4976 -0.0416 -0.8664
vn -0.9256 -0.3199 -0.2023
vn -0.3374 -0.3202 -0.8852
vn -0.4066 0.3266 -0.8532
vn -0.1720 -0.7382 -0.6522
vn -0.2680 0.1927 -0.9439
vn -0.1483 -0.2866 -0.9465
vn -0.6086 0.3430 0.7155
vn -0.7893 0.1954 0.5821
vn -0.2287 0.9620 0.1495
vn -0.2165 0.7634 0.6086
vn -0.0724 0.4913 0.8680
vn -0.0398 0.1953 0.9799
vn -0.0067 -0.0131 0.9999
vn -0.1698 -0.2317 0.9579
vn -0.2687 -0.2248 0.9366
vn 0.0507 0.4698 -0.8813
vn 0.0293 0.0610 -0.9977
vn 0.0887 -0.5099 -0.8557
vn -0.1810 -0.3094 0.9336
vn -0.2322 0.9516 0.2014
vn -0.4273 0.8671 0.2559
vn 0.0327 -0.1586 -0.9868
vn -0.1453 0.1704 -0.9746
vn 0.1943 0.9645 0.1786
vn 0.4948 0.8434 -0.2093
vn 0.2126 0.6763 0.7053
vn 0.3752 0.6781 -0.6320
vn 0.0125 -0.3106 0.9505
vn 0.3436 0.3499 0.8715
vn 0.2556 -0.1625 -0.9530
vn 0.2980 -0.2292 0.9266
vn 0.1800 0.3327 0.9257
vn 0.4420 0.1665 -0.8814
vn 0.5631 -0.2147 0.7980
vn 0.4969 -0.4829 -0.7210
vn 0.1976 0.1927 -0.9612
vn 0.6236 0.7020 0.3440
vn 0.5001 0.0137 0.8659
vn 0.5559 -0.2529 -0.7918
vn 0.6240 0.4304 0.6523
vn 0.5489 0.4805 0.6840
vn 0.7951 -0.3972 -0.4582
vn 0.7806 0.4224 -0.4606
vn 0.7416 0.1516 -0.6535
vn 0.8180 0.5738 0.0405
vn 0.4729 0.5817 -0.6618
vn 0.8771 0.4759 -0.0650
vn 0.8428 0.4513 0.2934
vn 0.8111 0.1672 0.5605
vn 0.8288 -0.1399 0.5418
vn 0.8774 -0.4783 -0.0376
vn 0.9625 0.1600 -0.2193
vn 0.9387 0.1623 -0.3042
vn 0.8201 -0.2123 -0.5313
vn 0.9478 -0.2391 -0.2108
vn 0.9807 0.1167 0.1568
vn 0.9882 -0.1372 0.0681
vn -0.2552 -0.5170 0.8171
vn -0.3424 -0.9146 0.2151
vn -0.0164 -0.8746 0.4846
vn -0.0153 -0.8751 -0.4837
vn -0.3423 -0.9179 -0.2010
vn -0.2424 -0.5199 -0.8191
vn -0.8396 -0.2539 -0.4803
vn -0.8815 -0.4712 -0.0294
vn -0.5769 -0.0900 0.8119
vn -0.6654 -0.5429 0.5123
vn -0.4175 -0.3293 -0.8469
vn -0.6185 -0.5283 -0.5816
vn -0.6656 -0.7404 -0.0937
vn -0.4902 -0.1771 0.8534
vn -0.1680 0.2465 0.9545
vn -0.1357 -0.0196 0.9906
vn -0.3467 -0.8117 -0.4700
vn 0.1819 0.0992 -0.9783
vn 0.0564 -0.4032 -0.9134
vn 0.0440 -0.9616 -0.2709
vn 0.1247 0.5570 0.8211
vn 0.0839 -0.0127 0.9964
vn 0.1203 -0.7178 -0.6858
vn 0.6037 0.3790 -0.7014
vn 0.1467 -0.5758 0.8043
vn 0.2465 -0.9652 0.0877
vn 0.7786 0.4588 -0.4281
vn 0.2688 0.4108 0.8712
vn 0.6001 -0.1525 -0.7852
vn 0.5581 -0.6813 -0.4738
vn 0.8359 0.5475 -0.0386
vn 0.5471 0.6650 0.5084
vn 0.4621 -0.7541 0.4667
vn 0.8512 -0.1032 -0.5147
vn 0.5712 -0.1416 0.8085
vn 0.7170 -0.6971 0.0062
vn 0.8991 0.2046 0.3869
vn 0.9756 -0.1122 -0.1888
vn 0.8562 -0.3419 0.3874
vn -0.8380 -0.2620 0.4787
vn -0.8824 -0.4696 0.0281
vn -0.5723 -0.0910 -0.8150
vn -0.6637 -0.5449 -0.5124
vn -0.4225 -0.3313 0.8436
vn -0.6183 -0.5303 0.5800
vn -0.6660 -0.7406 0.0893
vn -0.5158 -0.1836 -0.8368
vn -0.1739 0.2623 -0.9492
vn -0.1304 -0.0177 -0.9913
vn -0.3634 -0.8059 0.4675
vn 0.1900 0.0939 0.9773
vn 0.0556 -0.4148 0.9082
vn 0.0439 -0.9617 0.2706
vn 0.1304 0.5663 -0.8138
vn 0.0987 -0.0245 -0.9948
vn 0.1221 -0.7168 0.6865
vn 0.5950 0.3783 0.7091
vn 0.1609 -0.5318 -0.8315
vn 0.2464 -0.9652 -0.0876
vn 0.7759 0.4539 0.4381
vn 0.2696 0.4044 -0.8739
vn 0.6027 -0.1464 0.7844
vn 0.5601 -0.6806 0.4723
vn 0.8363 0.5437 0.0703
vn 0.5516 0.6619 -0.5076
vn 0.4649 -0.7559 -0.4610
vn 0.8504 -0.0979 0.5170
vn 0.5678 -0.1327 -0.8124
vn 0.7199 -0.6941 -0.0055
vn 0.9059 0.2227 -0.3601
vn 0.9755 -0.1177 0.1858
vn 0.8403 -0.3659 -0.3999
vn -0.5293 0.8317 -0.1675
vn -0.8709 0.4574 -0.1798
vn -0.7891 0.0275 -0.6137
vn -0.9694 -0.0114 0.2453
vn -0.9910 -0.0049 -0.1335
vn -0.9854 0.1237 0.1172
vn -0.9833 -0.0153 0.1811
vn -0.9964 -0.0286 -0.0804
vn -0.9723 0.1686 -0.1618
vn -0.9574 0.0255 0.2877
vn -0.9749 -0.0202 -0.2215
vn -0.8981 0.4325 -0.0792
vn -0.8182 0.5698 0.0768
vn -0.8922 0.0831 -0.4439
vn -0.7162 0.4304 -0.5494
vn -0.0295 0.9993 -0.0208
vn -0.2075 0.9780 -0.0196
vn -0.1704 0.9853 -0.0098
vn -0.0128 0.9999 -0.0037
vn -0.3777 0.9252 0.0375
vn -0.0024 0.9995 0.0305
vn -0.0965 0.9951 0.0197
vn -0.1973 0.9801 0.0210
vn 0.0105 0.9994 -0.0326
vn -0.8617 -0.0326 -0.5064
vn -0.8893 -0.0399 -0.4556
vn -0.7832 0.0389 -0.6205
vn -0.6545 0.1088 -0.7482
vn -0.9198 0.0388 -0.3904
vn -0.9647 -0.0366 -0.2607
vn -0.8505 -0.0305 0.5251
vn -0.8675 0.0280 0.4966
vn -0.8677 -0.0102 0.4969
vn -0.9275 -0.0567 0.3694
vn -0.8133 -0.0420 0.5803
vn -0.7623 0.2260 0.6064
vn -0.9037 0.2754 0.3279
vn -0.8357 0.0684 0.5449
vn -0.7892 0.3215 -0.5233
vn -0.6268 0.6411 -0.4429
vn -0.0387 0.9992 -0.0015
vn -0.4754 0.6395 0.6041
vn -0.6862 -0.0063 0.7274
vn -0.7003 -0.0100 -0.7138
vn -0.7012 -0.0458 -0.7115
vn -0.8099 0.0845 -0.5804
vn -0.6785 0.0283 -0.7341
vn -0.5628 0.1787 0.8071
vn -0.6029 0.6007 0.5250
vn 0.0013 1.0000 0.0007
vn -0.0044 1.0000 -0.0006
vn -0.3063 0.7797 -0.5461
vn -0.3939 0.2812 -0.8751
vn -0.4805 0.1414 0.8655
vn -0.3310 0.4116 0.8491
vn -0.6772 -0.0319 0.7351
vn -0.5689 0.0730 -0.8192
vn -0.6117 0.0721 0.7878
vn -0.4828 0.3219 -0.8144
vn -0.5957 0.1037 0.7965
vn -0.4049 -0.0026 0.9144
vn -0.4695 0.0483 -0.8816
vn -0.5348 0.0714 -0.8420
vn 0.0217 0.9683 -0.2489
vn -0.0747 0.3944 -0.9159
vn -0.0927 0.1714 -0.9808
vn -0.1244 0.1691 -0.9777
vn -0.2831 0.0679 -0.9567
vn -0.6315 0.1332 0.7639
vn -0.2429 0.0655 0.9678
vn -0.1281 0.2505 -0.9596
vn 0.0049 0.0005 1.0000
vn -0.3062 -0.2026 -0.9302
vn -0.4180 0.2867 -0.8620
vn -0.1092 0.6161 -0.7801
vn 0.0215 0.9998 0.0052
vn 0.0043 0.9998 0.0176
vn -0.0443 0.6331 0.7728
vn -0.2644 0.0688 0.9620
vn -0.7737 -0.1146 0.6231
vn -0.9740 0.2122 0.0793
vn -0.8160 -0.2168 -0.5359
vn -0.1953 -0.3371 0.9210
vn -0.3996 0.3688 0.8393
vn -0.0400 0.1300 -0.9907
vn 0.0000 0.9998 0.0195
vn 0.0042 0.9996 0.0296
vn -0.0001 0.9864 0.1642
vn -0.0383 0.9294 0.3670
vn -0.0012 0.9997 -0.0227
vn -0.0020 0.9857 -0.1683
vn -0.0185 0.9625 -0.2707
vn 0.0769 0.9079 0.4120
vn -0.1568 0.0157 0.9875
vn 0.0920 0.2224 0.9706
vn -0.0490 0.1817 0.9821
vn 0.0911 0.3724 -0.9236
vn 0.1546 0.0214 -0.9877
vn -0.2650 0.4259 0.8651
vn 0.1689 0.0152 0.9855
vn -0.7974 0.5086 0.3247
vn 0.2784 0.2296 -0.9326
vn -0.6094 -0.7928 -0.0000
vn -0.1414 -0.4334 0.8900
vn 0.0754 -0.4858 -0.8708
vn 0.2297 -0.1283 0.9648
vn 0.0018 0.9996 -0.0278
vn 0.1654 0.4666 -0.8688
vn -0.2656 0.9603 0.0854
vn 0.5803 0.8101 0.0835
vn 0.5246 -0.8455 0.0995
vn 0.5575 -0.8301 -0.0098
vn 0.5796 -0.8149 0.0005
vn 0.5792 -0.8152 -0.0000
vn 0.8999 -0.1788 0.3978
vn 0.2876 -0.0727 -0.9550
vn -0.2349 0.5524 0.7998
vn 0.3520 0.2272 0.9080
vn 0.0212 0.9574 0.2881
vn 0.0381 0.9260 -0.3755
vn 0.2290 0.4098 0.8830
vn 0.4332 0.0843 0.8973
vn 0.3679 0.0199 -0.9296
vn 0.4195 0.0699 -0.9050
vn 0.5983 0.1520 0.7867
vn 0.7939 0.3280 -0.5121
vn 0.7811 0.5112 -0.3586
vn 0.9842 0.1636 0.0677
vn 0.5314 -0.8466 -0.0302
vn 0.3944 -0.6650 -0.6342
vn 0.8815 -0.2527 -0.3989
vn 0.5955 -0.2279 -0.7703
vn 0.7081 -0.2198 0.6710
vn 0.0632 0.9315 -0.3583
vn 0.0001 1.0000 -0.0061
vn 0.0381 0.9992 -0.0125
vn 0.5811 0.0538 -0.8121
vn 0.5705 -0.0244 -0.8209
vn 0.5141 -0.0060 -0.8577
vn 0.5063 -0.0110 0.8623
vn 0.5568 0.2278 -0.7988
vn 0.6829 0.0243 0.7301
vn 0.5672 0.0347 -0.8228
vn 0.4222 0.1851 0.8874
vn -0.0069 0.9999 -0.0083
vn 0.0343 0.9993 -0.0128
vn 0.5459 -0.0392 0.8369
vn 0.6997 0.0168 0.7142
vn 0.6197 -0.0337 0.7841
vn 0.7479 -0.0170 0.6636
vn 0.0744 0.9888 -0.1291
vn 0.0557 0.9975 -0.0432
vn 0.0734 0.9869 0.1438
vn 0.7079 0.0124 -0.7062
vn 0.6911 -0.0008 0.7228
vn 0.6877 -0.0148 -0.7258
vn 0.7105 -0.0446 -0.7023
vn 0.7531 -0.0226 -0.6575
vn 0.7704 -0.0216 0.6372
vn 0.7478 0.0381 -0.6628
vn 0.8277 0.2133 -0.5190
vn 0.8433 -0.0610 0.5339
vn 0.0979 0.9948 -0.0285
vn 0.6278 -0.7240 0.2856
vn 0.8228 -0.0364 -0.5671
vn 0.8479 -0.0211 0.5297
vn 0.9593 -0.0094 -0.2824
vn 0.8945 -0.0223 -0.4466
vn 0.8753 -0.0045 0.4835
vn 0.8486 -0.0091 -0.5289
vn 0.9022 -0.0537 -0.4280
vn 0.9016 -0.0372 0.4309
vn 0.9042 0.0440 0.4248
vn 0.9313 -0.1777 -0.3179
vn 0.9211 0.0496 -0.3862
vn 0.9554 0.1182 0.2706
vn 0.6268 0.4002 0.6686
vn 0.2575 0.9661 -0.0177
vn 0.0285 0.9992 0.0297
vn 0.2011 0.9796 0.0037
vn 0.3723 0.9274 -0.0369
vn 0.3166 0.9481 0.0293
vn 0.9900 -0.0004 0.1408
vn 0.9700 -0.0760 0.2309
vn 0.9427 -0.0120 -0.3335
vn 0.9935 -0.0124 -0.1132
vn 0.9977 -0.0448 -0.0508
vn 0.9765 -0.0347 0.2125
vn 0.9738 -0.0136 0.2271
vn 0.9960 -0.0447 -0.0770
vn 0.9678 -0.0956 -0.2329
vn 0.9874 0.1338 -0.0840
vn 0.9827 0.0938 0.1598
vn 0.9904 0.1149 -0.0769
vn 0.9040 0.2851 0.3186
vn -0.7431 -0.5637 -0.3607
vn -0.4206 -0.7642 -0.4890
vn -0.3859 -0.9106 -0.1478
vn -0.3595 -0.8988 0.2510
vn -0.7954 -0.5975 0.1020
vn -0.2665 -0.9636 0.0231
vn 0.6006 -0.1211 0.7904
vn 0.8477 -0.0739 0.5254
vn -0.9454 0.2930 0.1425
vn -0.7889 0.5433 -0.2871
vn -0.9710 0.1565 -0.1807
vn -0.8929 0.2651 0.3640
vn -0.7456 0.5655 0.3526
vn -0.8890 0.4574 -0.0213
vn -0.8083 0.0384 -0.5875
vn -0.9978 -0.0510 0.0412
vn -0.9187 -0.1581 0.3619
vn -0.9243 0.2648 -0.2749
vn -0.9614 -0.1110 -0.2516
vn -0.9985 0.0537 -0.0053
vn -0.9274 -0.2394 0.2875
vn -0.7388 -0.1827 0.6487
vn -0.7818 -0.5862 -0.2123
vn -0.6213 -0.6568 0.4273
vn -0.9014 -0.4329 0.0124
vn -0.6801 -0.7188 -0.1441
vn -0.6085 -0.7695 0.1939
vn -0.8374 0.5465 -0.0137
vn -0.8630 0.3449 0.3691
vn -0.7836 0.5121 -0.3517
vn -0.7439 0.6341 0.2109
vn -0.6760 0.4560 -0.5789
vn -0.6980 -0.3175 0.6419
vn -0.7857 -0.1978 -0.5861
vn -0.5163 0.4554 0.7253
vn -0.5163 -0.5883 -0.6223
vn -0.6664 0.3266 0.6703
vn -0.7470 0.2717 -0.6068
vn -0.4329 -0.0968 -0.8962
vn -0.6162 -0.0651 0.7849
vn -0.4809 -0.0343 0.8761
vn -0.4071 -0.6177 -0.6729
vn -0.3867 -0.6439 0.6602
vn -0.2577 -0.9343 -0.2462
vn -0.2413 -0.8968 0.3708
vn -0.4011 0.5368 -0.7423
vn -0.5404 0.3176 -0.7791
vn -0.5298 -0.1180 -0.8399
vn -0.2519 -0.9169 -0.3097
vn -0.1625 -0.9831 0.0844
vn -0.2253 0.1178 -0.9671
vn -0.1684 0.0036 0.9857
vn -0.3382 -0.3695 0.8655
vn -0.1502 -0.6510 -0.7440
vn -0.3183 -0.7655 0.5592
vn -0.0550 -0.9103 -0.4104
vn -0.0891 -0.7666 0.6359
vn -0.2464 0.0821 0.9657
vn -0.1216 0.4035 0.9069
vn -0.2541 -0.4023 -0.8795
vn -0.0997 -0.4741 0.8748
vn -0.0837 -0.9220 0.3781
vn -0.0934 -0.9841 -0.1508
vn -0.2171 0.0795 -0.9729
vn -0.0694 -0.7358 0.6737
vn -0.0441 -0.9171 -0.3963
vn 0.0441 -0.9527 0.3007
vn -0.0013 -0.9908 -0.1352
vn -0.0051 -0.9895 0.1444
vn 0.0035 0.3348 -0.9423
vn 0.0480 -0.2089 -0.9768
vn -0.0026 -0.7404 -0.6721
vn 0.0010 -0.9995 0.0330
vn 0.1033 -0.2139 0.9714
vn 0.1560 -0.5616 -0.8126
vn 0.1418 -0.7948 -0.5901
vn 0.1126 -0.7808 0.6145
vn 0.2093 0.4120 0.8868
vn 0.2221 0.4145 -0.8825
vn 0.0975 -0.1932 -0.9763
vn 0.1709 0.0141 0.9852
vn 0.1584 -0.4523 0.8777
vn 0.1011 -0.9793 -0.1753
vn 0.1914 -0.7329 0.6529
vn 0.2540 -0.8592 0.4441
vn 0.1797 -0.9335 -0.3103
vn 0.3584 -0.0899 -0.9292
vn 0.4592 -0.1546 0.8748
vn 0.3852 -0.2458 0.8895
vn 0.3259 -0.5566 -0.7642
vn 0.1645 -0.9684 0.1873
vn 0.2148 -0.9764 0.0232
vn 0.3033 -0.8089 -0.5036
vn 0.1931 -0.9800 -0.0474
vn 0.3952 -0.8785 0.2682
vn 0.4442 -0.6354 0.6316
vn 0.5825 0.2750 -0.7649
vn 0.5237 0.3105 0.7933
vn 0.5086 -0.1329 -0.8507
vn 0.5198 -0.2790 -0.8075
vn 0.4556 -0.7196 -0.5240
vn 0.3879 -0.8736 -0.2939
vn 0.6390 -0.5728 0.5134
vn 0.5063 -0.8434 0.1798
vn 0.7719 0.1877 0.6074
vn 0.7790 -0.1017 -0.6188
vn 0.6332 -0.5467 -0.5479
vn 0.4720 -0.8608 -0.1905
vn 0.5310 -0.8463 -0.0436
vn 0.7483 -0.2657 -0.6079
vn 0.7264 -0.4823 0.4897
vn 0.7748 -0.5499 -0.3119
vn 0.8877 0.2485 -0.3876
vn 0.9494 -0.0996 0.2979
vn 0.8621 -0.3953 -0.3171
vn 0.8473 -0.4953 0.1917
vn 0.8431 -0.5368 -0.0323
vn 0.8614 -0.5064 0.0400
vn 0.9660 -0.0377 -0.2558
vn 0.9902 0.1014 0.0961
vn 0.9244 -0.1598 0.3463
vn 0.9986 0.0498 -0.0192
vn -0.6230 0.4928 -0.6075
vn -0.6771 0.5994 -0.4269
vn -0.4764 0.6584 -0.5827
vn 0.7190 -0.0334 0.6942
vn 0.7161 0.2086 0.6661
vn 0.5525 0.1012 0.8273
vn 0.6520 0.5985 0.4655
vn 0.6471 0.4014 0.6482
vn 0.7625 0.4206 0.4916
vn -0.9408 0.1816 0.2861
vn -0.9862 0.1411 0.0871
vn -0.9694 -0.0362 0.2427
vn -0.9898 0.1086 -0.0925
vn -0.9614 0.0697 -0.2661
vn -0.9372 -0.0447 -0.3460
vn -0.9807 -0.1682 -0.1002
vn -0.9816 -0.1633 0.0986
vn -0.9086 -0.2443 -0.3389
vn -0.8982 -0.3401 0.2784
vn -0.8960 -0.4389 0.0674
vn -0.9043 0.3385 -0.2600
vn -0.9124 0.2077 -0.3527
vn -0.9422 0.3341 -0.0249
vn -0.9071 0.3516 0.2315
vn -0.8563 0.2470 0.4536
vn -0.8763 0.0651 0.4774
vn -0.8749 -0.1674 0.4544
vn -0.7757 -0.4253 -0.4664
vn -0.8886 -0.4126 -0.2006
vn -0.7414 -0.5153 0.4299
vn -0.8549 0.5165 0.0481
vn -0.8421 0.4898 -0.2259
vn -0.7902 0.4120 -0.4536
vn -0.7670 0.2314 -0.5985
vn -0.7840 0.3957 0.4782
vn -0.8493 0.0767 -0.5222
vn -0.7054 0.1892 0.6831
vn -0.8159 -0.1738 -0.5515
vn -0.6561 -0.6781 -0.3314
vn -0.7757 -0.6236 -0.0967
vn -0.7285 -0.6679 0.1524
vn -0.7810 0.5093 0.3614
vn -0.6522 0.3652 -0.6642
vn -0.7140 -0.0067 -0.7001
vn -0.7272 -0.0285 0.6859
vn -0.6952 -0.3343 0.6363
vn -0.7340 0.6556 0.1773
vn -0.7450 0.6625 -0.0786
vn -0.7362 0.6256 -0.2579
vn -0.6473 0.3576 0.6732
vn -0.6468 -0.2905 -0.7052
vn -0.5661 -0.5095 -0.6480
vn -0.5763 -0.8148 -0.0628
vn -0.5384 -0.7866 0.3023
vn -0.6707 0.6400 0.3750
vn -0.5904 0.5208 0.6166
vn -0.5886 0.1100 -0.8009
vn -0.4997 -0.6842 0.5312
vn -0.4847 -0.6979 -0.5273
vn -0.4826 -0.8656 0.1339
vn -0.5736 0.7952 -0.1967
vn -0.6013 0.7973 0.0531
vn -0.4992 0.6553 0.5669
vn -0.5281 0.2486 -0.8120
vn -0.4974 0.2718 0.8238
vn -0.4861 0.0182 0.8737
vn -0.4667 -0.0907 -0.8798
vn -0.5462 -0.1814 0.8178
vn -0.4676 -0.4192 0.7782
vn -0.3890 -0.8705 -0.3017
vn -0.4108 -0.9060 -0.1017
vn -0.5543 0.7773 0.2975
vn -0.4698 0.7990 -0.3754
vn -0.4480 0.4682 -0.7616
vn -0.4210 0.4736 0.7736
vn -0.4416 -0.2848 -0.8508
vn -0.3723 -0.6158 0.6944
vn -0.2958 -0.9487 0.1117
vn -0.4403 0.8976 0.0216
vn -0.3820 0.8026 0.4582
vn -0.3297 0.2914 -0.8980
vn -0.4035 0.0825 -0.9112
vn -0.3759 0.1847 0.9081
vn -0.2952 -0.1666 0.9408
vn -0.3528 -0.5650 -0.7459
vn -0.2715 -0.7969 -0.5397
vn -0.3100 -0.8952 0.3203
vn -0.2190 -0.9717 -0.0887
vn -0.3087 0.9328 -0.1861
vn -0.3747 0.8974 0.2331
vn -0.2553 -0.3823 -0.8881
vn -0.2371 -0.7898 0.5657
vn -0.2686 0.7950 -0.5439
vn -0.2825 0.6730 0.6835
vn -0.2261 0.6330 -0.7404
vn -0.2167 0.4691 -0.8562
vn -0.2499 0.3358 0.9082
vn -0.2001 0.5133 0.8346
vn -0.2378 0.1039 -0.9657
vn -0.2336 0.0751 0.9694
vn -0.2264 -0.1552 -0.9616
vn -0.2233 -0.4724 0.8526
vn -0.1574 -0.9461 -0.2832
vn -0.1511 -0.9205 0.3604
vn -0.1552 0.9777 0.1417
vn -0.1545 0.9060 0.3940
vn -0.1475 0.9108 -0.3855
vn -0.0711 0.8222 0.5647
vn -0.1169 0.1982 0.9732
vn -0.0659 -0.5811 -0.8112
vn -0.0572 -0.7182 0.6935
vn -0.0597 -0.7796 -0.6234
vn -0.0580 -0.9086 -0.4136
vn -0.1478 -0.9758 0.1611
vn -0.0594 -0.9959 0.0683
vn -0.0777 0.3112 -0.9472
vn -0.1140 -0.2821 0.9526
vn 0.0035 -0.8666 0.4990
vn -0.0696 0.9844 -0.1618
vn -0.0383 0.6531 0.7563
vn -0.0191 0.7933 -0.6085
vn 0.0171 0.5371 -0.8433
vn -0.0079 0.4107 0.9117
vn 0.0558 0.1740 -0.9832
vn -0.0542 -0.0512 -0.9972
vn -0.0153 -0.0445 0.9989
vn -0.0038 -0.3010 -0.9536
vn 0.0691 -0.4429 0.8939
vn -0.0066 -0.5983 0.8013
vn -0.0149 -0.9633 0.2681
vn -0.0084 -0.9958 -0.0907
vn 0.0914 -0.2493 0.9641
vn 0.0857 -0.9578 -0.2743
vn 0.0696 0.9976 -0.0040
vn 0.1535 0.9251 -0.3474
vn 0.0575 0.9445 0.3236
vn 0.0973 0.2392 0.9661
vn 0.1163 0.0921 0.9889
vn 0.1232 -0.0221 -0.9921
vn 0.2810 0.9448 0.1684
vn 0.2379 0.8132 -0.5312
vn 0.2377 0.8402 0.4875
vn 0.1355 0.6793 -0.7213
vn 0.1133 0.6764 0.7277
vn 0.2385 0.4880 0.8396
vn 0.1658 0.3510 -0.9216
vn 0.2408 0.3425 0.9081
vn 0.2170 -0.1869 -0.9581
vn 0.2072 -0.5109 -0.8343
vn 0.2196 -0.7637 -0.6070
vn 0.1444 -0.8857 -0.4413
vn 0.2479 -0.7980 0.5493
vn 0.1576 -0.9339 0.3209
vn 0.1891 -0.9701 -0.1523
vn 0.1916 -0.9815 0.0068
vn 0.1686 -0.9763 0.1359
vn 0.2949 0.9434 -0.1520
vn 0.2962 0.6666 0.6840
vn 0.2844 0.5158 -0.8081
vn 0.3098 -0.0439 0.9498
vn 0.2447 -0.6101 0.7536
vn 0.3688 0.6615 -0.6530
vn 0.3538 0.2486 -0.9017
vn 0.3530 0.1726 0.9196
vn 0.3539 0.0913 -0.9308
vn 0.3011 -0.2851 0.9100
vn 0.4147 -0.4354 0.7990
vn 0.4440 0.7949 -0.4135
vn 0.4592 0.8770 -0.1413
vn 0.3806 0.4026 -0.8325
vn 0.4065 -0.5894 -0.6981
vn 0.3948 -0.8586 0.3270
vn 0.3306 -0.8862 -0.3245
vn 0.4799 0.8634 0.1557
vn 0.4665 0.7962 0.3852
vn 0.4671 0.6740 0.5723
vn 0.4716 0.5056 0.7225
vn 0.4999 0.3157 0.8065
vn 0.4273 -0.1790 -0.8862
vn 0.4894 -0.3507 -0.7984
vn 0.6042 0.7448 -0.2833
vn 0.5801 0.6272 -0.5198
vn 0.5194 0.5326 -0.6683
vn 0.5381 0.3717 -0.7565
vn 0.5335 -0.1188 0.8374
vn 0.4837 -0.6565 0.5788
vn 0.4784 -0.7338 -0.4824
vn 0.3991 -0.9151 -0.0573
vn 0.4271 -0.8888 0.1662
vn 0.6329 0.7739 -0.0231
vn 0.6913 0.6875 0.2225
vn 0.5938 0.2334 -0.7700
vn 0.5543 0.0091 -0.8323
vn 0.4917 -0.8456 -0.2080
vn 0.7242 0.5883 -0.3599
vn 0.6958 0.4477 -0.5617
vn 0.6524 -0.1936 -0.7328
vn 0.6396 -0.2882 0.7126
vn 0.6317 -0.5245 0.5708
vn 0.5987 -0.5154 -0.6131
vn 0.7641 0.6361 -0.1078
vn 0.7162 0.0703 -0.6944
vn 0.7217 -0.5499 -0.4204
vn 0.6212 -0.7332 -0.2767
vn 0.6127 -0.7312 0.3000
vn 0.6117 -0.7903 0.0371
vn 0.8533 0.5083 0.1162
vn 0.8250 0.3958 -0.4034
vn 0.8406 0.4423 0.3128
vn 0.7764 0.2564 -0.5757
vn 0.7656 -0.3327 -0.5506
vn 0.8542 0.4870 -0.1823
vn 0.8441 0.2670 0.4650
vn 0.8381 0.0991 -0.5364
vn 0.8241 -0.0860 -0.5599
vn 0.8098 -0.2134 0.5465
vn 0.7870 -0.4676 0.4024
vn 0.7888 -0.6038 -0.1154
vn 0.7862 -0.6003 0.1466
vn 0.9111 0.2420 -0.3338
vn 0.8499 0.0701 0.5223
vn 0.9033 -0.2452 -0.3520
vn 0.9183 -0.1509 0.3660
vn 0.8789 -0.4189 -0.2281
vn 0.9283 0.3562 -0.1065
vn 0.9330 0.2981 0.2016
vn 0.9260 0.0579 -0.3729
vn 0.9400 0.0793 0.3319
vn 0.9149 -0.3577 0.1872
vn 0.9495 -0.3082 -0.0588
vn 0.9756 0.2061 -0.0754
vn 0.9797 0.1656 0.1133
vn 0.9767 -0.0060 -0.2147
vn 0.9705 -0.2186 0.1019
vn 0.9941 -0.0230 0.1064
vn 0.9967 -0.0391 -0.0709
vn -0.8922 -0.4491 0.0478
vn -0.3530 -0.8520 -0.3866
vn -0.3092 -0.9447 0.1090
vn -0.5355 -0.7602 0.3679
vn -0.5211 -0.7714 0.3653
vn -0.1776 -0.9837 0.0298
vn -0.8444 -0.4209 0.3313
vn -0.5739 -0.7789 0.2531
vn -0.3501 -0.8369 0.4207
vn -0.4206 -0.3826 0.8226
vn -0.1541 -0.9877 -0.0275
vn -0.0535 -0.9926 0.1086
vn -0.0552 -0.9971 0.0515
vn -0.4233 -0.3501 -0.8356
vn 0.0054 -0.9927 -0.1207
vn -0.4111 -0.6327 -0.6562
vn -0.3962 -0.4609 -0.7941
vn -0.9155 0.1496 -0.3736
vn -0.7384 0.5311 -0.4157
vn -0.9673 0.2532 0.0170
vn -0.6420 0.7075 -0.2953
vn -0.8151 0.4884 0.3116
vn -0.9681 0.2390 -0.0755
vn -0.8765 0.0859 0.4737
vn -0.9759 0.0050 0.2183
vn -0.1624 0.1505 0.9752
vn -0.1446 0.4314 -0.8905
vn -0.0295 0.8320 -0.5540
vn -0.1216 0.1177 -0.9856
vn -0.9748 0.0066 -0.2229
vn 0.2307 -0.9101 0.3443
vn -0.0764 -0.8720 0.4835
vn 0.6375 -0.7567 -0.1450
vn -0.4806 -0.1524 0.8636
vn -0.5992 -0.3631 0.7135
vn -0.2047 -0.2259 0.9524
vn -0.9765 0.2145 -0.0191
vn -0.3056 0.0072 -0.9521
vn -0.3055 0.0065 0.9522
vn -0.9762 0.2157 0.0214
vn 0.1205 -0.9436 -0.3085
vn 0.8248 -0.5625 -0.0572
vn 0.7148 -0.3169 -0.6234
vn 0.9417 0.2918 0.1677
vn 0.9258 0.3743 -0.0537
vn 0.9844 -0.0007 0.1761
vn 0.3979 -0.1029 0.9117
vn 0.8851 0.2254 -0.4073
vn 0.9267 0.1662 -0.3371
vn 0.4171 -0.7434 -0.5229
vn 0.4102 -0.8667 -0.2839
vn 0.9550 -0.2861 0.0782
vn 0.9424 -0.3335 -0.0244
vn 0.6527 -0.7452 0.1365
vn 0.4183 -0.5850 0.6948
vn 0.3321 -0.9432 -0.0058
vn 0.9517 -0.1402 -0.2730
vn 0.7111 -0.6733 -0.2025
vn 0.7774 0.4167 0.4712
vn 0.6368 0.4460 0.6290
vn 0.7722 0.2981 -0.5611
vn 0.7092 0.5860 -0.3919
vn 0.2296 0.9140 -0.3344
vn 0.3091 0.9429 0.1243
vn 0.0632 0.9972 0.0400
vn 0.0801 0.9968 0.0064
vn 0.3166 0.9478 -0.0383
vn 0.2299 0.9140 0.3343
vn 0.9165 -0.3623 0.1694
vn 0.9294 -0.1784 0.3232
vn 0.9301 -0.1625 0.3294
vn 0.8872 -0.1006 -0.4502
vn 0.8859 -0.3789 -0.2676
vn 0.9659 -0.0174 -0.2584
vn 0.7791 -0.1242 -0.6145
vn 0.8332 -0.1110 -0.5417
vn 0.9628 -0.2596 0.0745
vn 0.9322 -0.2692 0.2421
vn 0.9688 -0.2275 0.0987
vn 0.2909 -0.5466 -0.7852
vn 0.2960 0.0165 -0.9551
vn 0.6513 -0.3877 -0.6523
vn 0.2726 -0.1774 0.9456
vn 0.7713 -0.4997 0.3941
vn 0.6113 -0.4385 0.6589
vn -0.8676 0.1315 -0.4795
vn -0.6497 -0.6370 -0.4149
vn -0.6353 0.3777 -0.6736
vn -0.6359 0.3777 0.6730
vn -0.8681 0.1324 0.4784
vn -0.9476 -0.0357 0.3176
vn -0.6607 0.6776 0.3230
vn -0.9416 -0.0661 0.3302
vn -0.9789 0.1910 -0.0727
vn -0.9789 0.1820 -0.0933
vn -0.9875 0.0231 0.1558
vn -0.8701 0.4887 0.0634
vn -0.5827 0.7900 -0.1909
vn -0.9248 0.2927 -0.2432
vn -0.8615 0.4310 -0.2683
vn -0.5080 0.8474 -0.1543
vn -0.6349 0.7537 0.1699
vn -0.5072 0.8480 0.1540
vn -0.8621 0.4299 0.2683
vn -0.8898 0.3766 0.2577
vn -0.8609 -0.3785 -0.3400
vn -0.0862 -0.9137 -0.3972
vn -0.5235 -0.2558 0.8127
vn -0.5097 -0.3574 0.7826
vn -0.5210 -0.3437 0.7813
vn -0.3785 -0.1733 -0.9092
vn -0.3776 -0.0300 -0.9255
vn -0.4349 -0.1107 -0.8937
vn -0.8585 0.4716 -0.2012
vn -0.9173 0.0428 -0.3960
vn -0.0906 0.9680 0.2341
vn -0.2795 0.8711 0.4038
vn -0.0974 0.9631 -0.2507
vn -0.1774 0.9803 -0.0872
vn -0.3282 0.9264 -0.1845
vn -0.7964 0.5542 0.2421
vn -0.5762 -0.5750 0.5808
vn -0.2316 -0.3581 -0.9045
vn -0.2403 -0.8525 -0.4642
vn -0.2670 -0.5249 -0.8082
vn -0.3322 -0.7431 0.5809
vn -0.2040 -0.9466 0.2495
vn -0.1908 -0.9699 -0.1510
vn -0.9514 0.0361 -0.3058
vn -0.7850 -0.2190 -0.5795
vn -0.7510 -0.2749 -0.6004
vn -0.9431 0.1145 -0.3121
vn -0.0898 0.9760 0.1985
vn -0.2497 0.9617 0.1134
vn -0.0047 0.9723 0.2335
vn -0.6839 0.6708 0.2867
vn -0.9009 0.3657 0.2336
vn -0.7866 -0.3604 0.5013
vn -0.7929 0.6029 -0.0883
vn 0.0657 0.9712 0.2289
vn 0.1247 0.9808 -0.1497
vn -0.0119 0.9842 -0.1765
vn -0.0523 0.9729 -0.2252
vn -0.0780 0.3813 0.9212
vn -0.1772 0.2559 -0.9503
vn 0.0402 -0.9820 -0.1845
vn -0.0011 -0.9902 0.1400
vn -0.3809 0.8792 0.2861
vn -0.9165 0.3947 0.0655
vn -0.8523 0.5166 0.0820
vn -0.8111 0.5845 -0.0218
vn -0.8292 0.5051 0.2396
vn -0.6062 -0.1645 0.7781
vn 0.0733 0.9620 -0.2630
vn -0.0396 0.6312 -0.7746
vn -0.1033 0.0564 0.9931
vn -0.1364 0.0629 0.9887
vn 0.2005 0.5513 0.8098
vn 0.1933 -0.0504 -0.9798
vn -0.9155 0.2741 -0.2946
vn -0.9595 0.1539 -0.2360
vn -0.3923 -0.3916 -0.8323
vn -0.7101 0.5508 0.4385
vn -0.3293 0.8193 0.4694
vn -0.6369 0.7035 0.3153
vn -0.2195 -0.6330 0.7424
vn -0.2607 -0.9527 0.1562
vn -0.1035 0.8967 -0.4304
vn -0.9593 0.1531 0.2373
vn -0.7525 -0.2784 0.5969
vn -0.1501 -0.7274 -0.6696
vn 0.4342 0.8696 0.2352
vn -0.0978 0.9606 0.2603
vn 0.4406 0.7456 -0.4999
vn 0.1641 0.9184 0.3601
vn 0.1555 0.9638 -0.2168
vn 0.3287 -0.8844 -0.3313
vn -0.2324 -0.1869 -0.9545
vn -0.2913 -0.1438 -0.9458
vn -0.5472 0.7049 0.4513
vn -0.2034 0.7982 0.5671
vn -0.3463 0.8068 -0.4786
vn 0.1799 0.7322 -0.6569
vn -0.9745 0.2194 0.0481
vn -0.7149 0.6711 0.1962
vn -0.9289 -0.0161 -0.3701
vn -0.1027 -0.6031 -0.7910
vn -0.1746 -0.6124 0.7710
vn -0.2948 -0.7071 0.6427
vn -0.4556 -0.3302 -0.8267
vn 0.0024 -0.0828 -0.9966
vn -0.4892 -0.3599 -0.7944
vn -0.7721 -0.0775 -0.6308
vn -0.8000 -0.0508 -0.5978
vn -0.1024 -0.7440 -0.6603
vn 0.1214 0.9770 0.1751
vn -0.8910 0.0572 0.4503
vn -0.8822 0.0479 0.4684
vn -0.5738 -0.3734 -0.7289
vn -0.8320 0.5425 -0.1159
vn -0.5780 0.7510 0.3193
vn -0.0967 -0.9077 -0.4082
vn 0.3459 0.4587 0.8185
vn 0.2943 0.4181 -0.8594
vn -0.1039 -0.8774 0.4684
vn -0.3801 0.7826 -0.4930
vn -0.8247 0.5645 0.0342
vn -0.6363 -0.2749 0.7208
vn -0.3748 -0.5201 -0.7675
vn -0.4379 -0.8462 0.3037
vn 0.0261 -0.5933 0.8046
vn -0.2036 -0.7924 -0.5750
vn -0.5675 -0.7592 -0.3188
vn -0.1451 -0.6443 0.7508
vn -0.5964 0.5092 -0.6204
vn 0.0825 0.9887 -0.1249
vn -0.5602 0.4730 0.6800
vn 0.7413 0.4459 0.5016
vn 0.6366 0.7487 0.1848
vn 0.1187 0.9823 0.1452
vn 0.1819 0.8810 -0.4368
vn 0.1577 0.9753 -0.1546
vn 0.0651 0.3964 0.9158
vn 0.1424 0.2878 0.9470
vn 0.7690 -0.5954 0.2328
vn 0.2727 -0.9273 0.2563
vn 0.3547 -0.8938 -0.2746
vn 0.1661 -0.9806 -0.1040
vn -0.5398 0.7177 0.4400
vn -0.8040 0.5839 0.1130
vn -0.2263 0.8798 -0.4181
vn -0.5075 0.7370 -0.4465
vn 0.1217 -0.5391 0.8334
vn 0.2993 -0.4934 0.8167
vn -0.3383 0.6918 -0.6379
vn -0.2762 0.8647 0.4196
vn -0.2220 0.8701 0.4401
vn -0.1371 0.9431 0.3029
vn -0.4056 0.8635 -0.2998
vn -0.5902 0.7839 -0.1926
vn -0.6594 0.7181 -0.2226
vn -0.4078 0.6223 0.6681
vn -0.9684 0.2177 0.1219
vn 0.2739 0.9176 0.2881
vn 0.1280 0.9647 -0.2302
vn 0.1810 -0.6222 -0.7616
vn 0.0727 0.6922 0.7180
vn 0.6552 0.1710 0.7358
vn 0.5992 0.1643 -0.7836
vn 0.1222 0.7910 -0.5995
vn 0.1884 -0.6212 0.7607
vn -0.0543 0.9264 0.3727
vn -0.7230 -0.4184 0.5497
vn 0.3196 -0.4252 0.8468
vn 0.4652 -0.5169 0.7186
vn 0.4591 -0.5211 -0.7195
vn 0.3126 -0.4290 -0.8475
vn 0.8150 -0.5610 0.1450
vn 0.3927 -0.9196 -0.0113
vn -0.0011 -0.9892 0.1466
vn -0.7232 -0.4174 -0.5502
vn -0.0473 0.8645 -0.5004
vn 0.3995 0.7507 0.5262
vn 0.9931 0.0118 -0.1163
vn 0.4856 0.4867 -0.7262
vn 0.8671 -0.4640 0.1810
vn 0.7520 -0.5378 0.3812
vn 0.7956 -0.4416 0.4147
vn 0.4320 -0.7005 -0.5680
vn 0.9825 -0.0685 -0.1734
vn 0.5907 0.6617 -0.4619
vn 0.4882 -0.8272 -0.2781
vn 0.8384 0.2266 0.4958
vn 0.9461 -0.3117 0.0877
vn 0.6442 -0.7615 -0.0716
vn 0.9326 0.1259 0.3383
vn 0.9147 0.1806 0.3614
vn 0.8966 0.3079 -0.3184
vn 0.9310 0.2028 -0.3036
vn 0.4921 -0.8519 0.1790
vn 0.2721 0.8566 -0.4384
vn 0.0095 1.0000 0.0006
vn 0.0099 0.9971 -0.0754
vn 0.1134 0.9803 -0.1614
vn 0.2789 -0.3603 -0.8902
vn -0.0620 0.7073 0.7042
vn 0.3417 -0.0225 0.9395
vn 0.2447 -0.5349 -0.8087
vn 0.0808 -0.5060 -0.8587
vn 0.4538 0.6103 -0.6493
vn 0.3890 -0.2451 -0.8880
vn 0.9691 -0.2159 0.1197
vn -0.0357 0.9910 0.1292
vn 0.0672 0.9639 -0.2578
vn 0.4142 0.8727 0.2585
vn -0.2033 0.9020 0.3809
vn -0.1267 0.7006 -0.7023
vn -0.0219 0.6200 -0.7843
vn -0.0900 0.6668 -0.7398
vn -0.1226 0.7048 0.6987
vn -0.0320 0.6692 0.7424
vn -0.0579 0.5535 0.8308
vn 0.0260 0.9889 -0.1464
vn -0.1646 0.9220 -0.3505
vn 0.0694 0.9631 0.2599
vn 0.4050 0.8804 -0.2468
vn 0.4532 0.6152 0.6451
vn -0.3124 0.6643 0.6791
vn -0.5602 -0.5734 -0.5978
vn -0.7278 -0.4292 0.5349
vn -0.4044 -0.8914 -0.2048
vn 0.3533 -0.8481 0.3949
vn -0.7279 -0.4288 -0.5351
vn -0.3092 -0.6324 -0.7103
vn -0.5169 -0.6181 -0.5923
vn -0.1981 0.6223 -0.7573
vn -0.5606 -0.5734 0.5975
vn 0.3573 -0.6113 -0.7062
vn 0.9540 -0.0992 0.2830
vn 0.9669 0.1154 -0.2277
vn 0.9641 0.1492 -0.2198
vn 0.4197 -0.8143 0.4008
vn 0.4058 0.7084 0.5775
vn -0.0771 0.4880 -0.8694
vn 0.8807 0.0012 0.4737
vn 0.6944 -0.0644 0.7167
vn 0.7038 -0.6387 0.3110
vn 0.8159 -0.2142 -0.5370
vn 0.5383 -0.7633 -0.3572
vn 0.8159 -0.2160 0.5364
vn 0.7040 -0.6390 -0.3100
vn 0.6902 0.2458 -0.6806
vn 0.6543 0.3510 -0.6699
vn 0.6609 -0.0990 -0.7439
vn -0.0771 0.4880 0.8694
vn 0.4551 0.7294 -0.5107
vn 0.7841 0.2055 -0.5857
vn 0.6143 -0.7626 -0.2026
vn 0.7126 0.5502 -0.4354
vn 0.9374 -0.0523 -0.3443
vn 0.2681 -0.9050 0.3303
vn 0.3818 0.8200 -0.4264
vn 0.3660 0.7034 0.6093
vn 0.1417 0.7465 -0.6501
vn 0.3062 0.7110 0.6330
vn 0.4455 -0.5317 -0.7203
vn 0.3503 0.5490 -0.7589
vn 0.8209 -0.2916 0.4910
vn 0.0713 0.5503 -0.8319
vn 0.9210 -0.1527 0.3583
vn 0.6645 0.4614 -0.5878
vn 0.7660 0.4991 -0.4051
vn 0.0346 0.5637 0.8253
vn 0.2179 -0.3794 -0.8992
vn -0.1626 -0.7635 0.6250
vn -0.1922 -0.7487 0.6344
vn 0.3828 -0.8960 0.2251
vn 0.2728 -0.9355 0.2247
vn 0.7477 -0.6605 0.0689
vn 0.7873 -0.5828 0.2013
vn 0.8996 -0.4135 -0.1405
vn 0.7596 -0.6468 0.0688
vn 0.1753 -0.5439 -0.8206
vn -0.0040 -0.6817 -0.7317
vn 0.2349 -0.3748 0.8969
vn 0.4474 0.5401 0.7128
vn 0.1143 0.5395 0.8342
vn 0.2591 0.6389 -0.7243
vn -0.0727 0.4645 -0.8826
vn 0.4088 -0.6292 0.6611
vn 0.7779 -0.6170 0.1193
vn 0.7171 -0.6787 -0.1587
vn 0.7796 -0.6137 0.1252
vn 0.9835 -0.1800 -0.0183
vn 0.9902 -0.1294 -0.0530
vn 0.7951 -0.5945 -0.1200
vn 0.1477 0.6102 0.7784
vn 0.2760 0.6786 0.6807
vn 0.0828 0.6148 0.7843
vn 0.2321 0.6345 -0.7373
vn 0.3392 0.6131 -0.7135
vn 0.6756 -0.6214 -0.3969
vn 0.8685 -0.1053 -0.4843
vn 0.9646 0.0138 -0.2634
vn 0.9610 -0.2569 0.1026
vn 0.8980 -0.4284 0.1000
vn 0.8892 -0.3946 0.2315
vn 0.9411 -0.3016 0.1530
vn 0.9410 -0.3018 -0.1530
vn 0.8892 -0.3947 -0.2315
vn 0.9283 -0.3433 -0.1425
vn -0.0974 0.5774 0.8107
vn 0.2209 -0.3549 -0.9084
vn 0.9178 -0.1344 0.3736
vn 0.9694 0.0356 0.2430
vn 0.9063 0.0412 -0.4206
vn 0.2206 -0.3369 0.9153
vn 0.2555 -0.9390 -0.2301
vn 0.4051 -0.7530 -0.5186
vn 0.4062 -0.7732 0.4871
vn 0.2570 -0.9387 0.2297
vn 0.9498 -0.3049 0.0695
vn 0.9963 0.0326 0.0790
vn 0.5623 0.8156 0.1363
vn 0.9953 0.0456 -0.0850
vn 0.5653 0.8133 -0.1374
vn 0.8005 -0.1371 0.5835
vn 0.8925 -0.0232 0.4504
vn 0.8912 -0.0257 0.4528
vn 0.9067 -0.0460 -0.4193
vn 0.7902 -0.1182 -0.6014
vn 0.9797 0.0626 0.1904
vn 0.9712 0.0924 0.2198
vn 0.9573 0.0971 -0.2721
vn 0.9589 0.1180 -0.2580
vn -0.6429 -0.6309 0.4344
vn -0.5713 -0.7723 0.2779
vn -0.8082 -0.4796 0.3419
vn -0.7696 0.3382 0.5417
vn -0.9741 -0.0766 0.2129
vn -0.9514 -0.0591 0.3023
vn -0.7550 0.6473 0.1051
vn -0.6862 0.6834 0.2492
vn -0.6678 0.7397 0.0826
vn -0.7187 -0.5077 -0.4751
vn -0.6644 -0.5835 -0.4670
vn -0.4023 -0.7069 -0.5817
vn -0.7073 0.5627 -0.4279
vn -0.7317 0.6117 -0.3008
vn -0.6504 0.6612 -0.3740
vn -0.5514 0.7251 -0.4126
vn -0.6158 0.6268 -0.4774
vn -0.7020 -0.6708 -0.2392
vn -0.6471 -0.6588 -0.3838
vn -0.7496 -0.5760 -0.3261
vn -0.7600 -0.2680 0.5921
vn -0.5877 -0.3984 0.7042
vn -0.5197 -0.1832 0.8345
vn -0.5047 0.6760 -0.5370
vn -0.6306 -0.6481 0.4271
vn -0.6505 -0.6962 0.3035
vn -0.4590 -0.8161 0.3511
vn -0.2621 0.7696 -0.5823
vn -0.1775 0.8368 -0.5179
vn -0.1327 0.7587 -0.6378
vn -0.2086 0.8208 0.5317
vn -0.2546 0.7412 0.6212
vn -0.0910 0.7784 0.6211
vn 0.5812 -0.5937 0.5566
vn 0.4572 -0.5773 0.6766
vn 0.4653 -0.6707 0.5776
vn 0.5873 0.7894 0.1786
vn 0.6060 0.7937 0.0533
vn 0.5072 0.8526 0.1260
vn 0.6644 0.7056 0.2465
vn 0.6806 0.7204 0.1334
vn 0.6361 -0.6970 -0.3311
vn 0.7228 -0.5896 -0.3605
vn 0.6893 -0.6857 -0.2339
vn 0.7838 0.5133 -0.3495
vn 0.6946 0.6093 -0.3825
vn 0.7732 0.5690 -0.2801
vn 0.7385 0.6441 -0.1996
vn 0.8335 0.5122 -0.2071
vn 0.9157 0.2682 0.2993
vn 0.9463 0.1009 0.3072
vn 0.9487 0.2295 0.2174
vn -0.9590 0.2791 -0.0501
vn -0.9951 0.0235 -0.0962
vn -0.9872 -0.0301 0.1567
vn -0.7849 -0.5866 0.1998
vn -0.6484 -0.6263 0.4328
vn -0.8980 -0.2294 0.3754
vn -0.9580 -0.1389 -0.2508
vn -0.7821 -0.5362 -0.3176
vn -0.7750 -0.6319 0.0037
vn -0.9481 0.2938 0.1216
vn -0.9410 0.3378 0.0222
vn -0.8353 -0.3641 -0.4120
vn -0.9332 0.2966 -0.2028
vn -0.9294 0.2988 0.2165
vn -0.9313 -0.0712 -0.3573
vn -0.7643 -0.4823 0.4281
vn -0.8656 -0.1377 0.4814
vn -0.6815 -0.5393 -0.4947
vn -0.6702 -0.6139 -0.4170
vn -0.9173 0.3942 -0.0562
vn -0.9085 0.4103 0.0797
vn -0.9215 0.0478 -0.3854
vn -0.6584 -0.7057 -0.2617
vn -0.4955 -0.8684 -0.0168
vn -0.8868 0.3180 0.3353
vn -0.7577 -0.3551 -0.5476
vn -0.6517 -0.5665 0.5043
vn -0.7700 -0.5301 -0.3552
vn -0.8777 0.4615 -0.1290
vn -0.8606 0.4812 0.1667
vn -0.6691 -0.4976 0.5520
vn -0.7082 -0.5115 -0.4866
vn -0.7241 -0.6880 0.0484
vn -0.8568 0.4641 -0.2247
vn -0.8775 0.3815 -0.2906
vn -0.8381 0.4843 0.2511
vn -0.8734 0.3040 -0.3804
vn -0.8417 -0.2047 -0.4997
vn -0.8477 0.5296 0.0297
vn -0.8754 -0.1637 0.4548
vn -0.7613 -0.4347 0.4811
vn -0.8695 -0.3870 -0.3070
vn -0.8958 -0.3893 0.2146
vn -0.9437 -0.2726 -0.1872
vn -0.8839 -0.4571 -0.0993
vn -0.8258 0.4753 -0.3035
vn -0.9031 0.0972 -0.4183
vn -0.9417 -0.1140 -0.3166
vn -0.9766 -0.0024 0.2152
vn -0.9648 0.1319 -0.2275
vn -0.9950 -0.0277 0.0960
vn -0.9509 -0.3045 0.0561
vn -0.9570 -0.2886 -0.0284
vn -0.8084 0.4948 0.3187
vn -0.8585 0.3422 0.3820
vn -0.8770 0.2041 0.4350
vn -0.8230 -0.4501 -0.3465
vn -0.7793 -0.4521 0.4340
vn -0.9004 -0.1156 -0.4195
vn -0.9515 0.1665 0.2589
vn -0.9803 -0.1762 -0.0889
vn -0.9642 0.0265 0.2637
vn -0.9791 -0.1974 0.0486
vn -0.9775 -0.2069 -0.0412
vn -0.9753 -0.2207 0.0050
vn -0.8127 0.5736 -0.1028
vn -0.7968 0.5609 -0.2246
vn -0.7800 0.4633 0.4206
vn -0.9137 -0.2398 0.3281
vn -0.9093 -0.3117 -0.2756
vn -0.8897 0.2989 -0.3450
vn -0.8942 0.1555 0.4198
vn -0.8681 0.3365 -0.3650
vn -0.9656 0.0338 -0.2578
vn -0.9841 -0.1655 0.0651
vn -0.9875 -0.1407 -0.0708
vn -0.7759 0.5974 0.2028
vn -0.7766 0.4685 -0.4213
vn -0.9063 -0.1427 0.3979
vn -0.8406 0.3251 0.4332
vn -0.9110 0.1413 -0.3874
vn -0.9131 0.1774 0.3671
vn -0.9454 0.0852 0.3146
vn -0.9886 -0.0955 0.1162
vn -0.9294 -0.0089 -0.3689
vn -0.9833 -0.1760 -0.0463
vn -0.9449 -0.0853 0.3160
vn -0.7730 0.5293 -0.3498
vn -0.7979 0.3811 -0.4671
vn -0.8648 -0.4347 0.2512
vn -0.9175 0.1277 -0.3767
vn -0.8494 0.2750 -0.4504
vn -0.9003 0.0718 0.4294
vn -0.8271 0.2567 0.5001
vn -0.8980 0.0067 0.4399
vn -0.9409 -0.1529 -0.3022
vn -0.9403 -0.1935 0.2800
vn -0.9851 -0.1721 0.0041
vn -0.9840 -0.1730 -0.0421
vn -0.7587 0.6514 -0.0074
vn -0.7278 0.6695 -0.1484
vn -0.7857 0.3929 0.4778
vn -0.7708 0.3336 -0.5427
vn -0.9496 -0.0815 -0.3028
vn -0.9480 -0.0641 0.3118
vn -0.8784 0.1429 -0.4560
vn -0.8782 0.1543 0.4527
vn -0.7893 0.1740 -0.5888
vn -0.7764 0.1442 0.6135
vn -0.8704 0.0232 -0.4918
vn -0.9514 -0.2221 -0.2133
vn -0.8787 -0.1352 0.4577
vn -0.9231 -0.3479 -0.1641
vn -0.9847 -0.1679 0.0461
vn -0.7238 0.6056 0.3306
vn -0.7361 0.5510 0.3932
vn -0.8693 0.1939 -0.4546
vn -0.9434 -0.3008 -0.1400
vn -0.9554 -0.2457 0.1640
vn -0.7494 0.2144 0.6264
vn -0.7719 0.1205 -0.6242
vn -0.8877 -0.1298 -0.4418
vn -0.7725 0.0360 0.6340
vn -0.9573 -0.2049 0.2041
vn -0.9269 -0.3568 0.1162
vn -0.9189 -0.3778 -0.1137
vn -0.9257 -0.3274 0.1896
vn -0.9175 -0.3950 -0.0462
vn -0.9192 -0.3924 0.0337
vn -0.9193 -0.3782 -0.1085
vn -0.6974 0.4794 0.5327
vn -0.6808 0.4653 -0.5656
vn -0.9528 -0.0779 -0.2933
vn -0.9606 -0.1924 0.2006
vn -0.8105 0.2151 -0.5449
vn -0.7581 0.1537 -0.6337
vn -0.7472 -0.0193 -0.6643
vn -0.7544 -0.1397 -0.6413
vn -0.8310 -0.2929 -0.4729
vn -0.8003 -0.3254 0.5036
vn -0.7182 -0.4496 0.5311
vn -0.7499 -0.5800 0.3182
vn -0.7416 -0.6064 -0.2868
vn -0.9126 -0.3859 -0.1348
vn -0.7019 -0.6663 -0.2517
vn -0.8748 -0.4641 0.1389
vn -0.7360 -0.6584 0.1577
vn -0.6748 0.6859 -0.2723
vn -0.6913 0.5487 0.4702
vn -0.9484 -0.3170 -0.0115
vn -0.9577 -0.1111 -0.2655
vn -0.9543 -0.2936 0.0560
vn -0.9647 -0.2219 0.1419
vn -0.9263 -0.0068 0.3767
vn -0.6674 0.0675 -0.7416
vn -0.7069 0.1240 0.6963
vn -0.7494 -0.1308 0.6491
vn -0.7195 -0.6561 0.2276
vn -0.7346 -0.6505 -0.1931
vn -0.7222 -0.6764 -0.1446
vn -0.6704 -0.7384 -0.0732
vn -0.6639 0.7444 -0.0709
vn -0.6685 0.5440 -0.5072
vn -0.6807 0.3343 -0.6518
vn -0.6912 0.3330 0.6414
vn -0.8136 0.1342 0.5657
vn -0.8348 0.1229 -0.5367
vn -0.9388 -0.1185 -0.3235
vn -0.9423 -0.0865 -0.3235
vn -0.9540 -0.2982 0.0322
vn -0.9536 -0.1906 0.2329
vn -0.7114 -0.3448 -0.6124
vn -0.5182 -0.5879 0.6212
vn -0.5046 -0.6670 0.5481
vn -0.5031 -0.7083 -0.4952
vn -0.5826 -0.6862 0.4355
vn -0.6519 -0.7583 0.0058
vn -0.9489 -0.2447 -0.1994
vn -0.9396 -0.0854 0.3315
vn -0.8890 -0.0814 0.4505
vn -0.6530 0.0216 0.7570
vn -0.6855 -0.3387 0.6445
vn -0.5370 -0.6493 0.5386
vn -0.6378 -0.7611 0.1178
vn -0.6110 0.7652 -0.2028
vn -0.6459 0.6386 0.4184
vn -0.6183 0.5303 0.5801
vn -0.6209 0.4329 0.6535
vn -0.7092 0.1806 -0.6815
vn -0.7549 0.0952 0.6489
vn -0.9680 -0.2458 -0.0509
vn -0.9677 -0.2433 0.0662
vn -0.9417 -0.1836 0.2821
vn -0.8966 -0.0459 -0.4404
vn -0.6753 -0.5149 -0.5281
vn -0.7146 -0.6742 0.1865
vn -0.6387 -0.7305 -0.2418
vn -0.6367 -0.7286 0.2526
vn -0.6472 -0.7309 0.2167
vn -0.6089 0.7593 0.2295
vn -0.7687 -0.0091 -0.6395
vn -0.9388 -0.1476 -0.3113
vn -0.9461 -0.2402 0.2172
vn -0.9491 -0.2413 -0.2024
vn -0.7745 -0.0878 -0.6264
vn -0.7812 -0.1503 0.6059
vn -0.7276 -0.2977 0.6180
vn -0.6815 -0.5824 0.4432
vn -0.6179 -0.6320 0.4677
vn -0.5196 -0.6570 -0.5462
vn -0.6132 -0.6764 -0.4080
vn -0.6630 -0.7178 -0.2128
vn -0.6195 0.7012 0.3530
vn -0.6057 0.5119 -0.6092
vn -0.6031 0.2287 0.7642
vn -0.5930 0.2301 -0.7716
vn -0.7613 -0.0641 0.6452
vn -0.8145 -0.1377 -0.5636
vn -0.9699 -0.1919 0.1496
vn -0.5097 -0.8602 0.0155
vn -0.5896 0.8055 -0.0600
vn -0.5810 0.8088 0.0910
vn -0.6177 0.6063 0.5008
vn -0.5956 0.4333 -0.6764
vn -0.5912 0.3381 0.7322
vn -0.5750 0.1068 0.8112
vn -0.8918 -0.2539 -0.3745
vn -0.9123 -0.2970 0.2818
vn -0.9457 -0.2595 -0.1956
vn -0.7937 -0.3372 -0.5063
vn -0.7205 -0.5439 -0.4301
vn -0.7581 -0.5650 -0.3256
vn -0.7014 -0.6723 0.2369
vn -0.6427 -0.0990 -0.7597
vn -0.6638 -0.1240 0.7375
vn -0.8775 -0.3513 0.3265
vn -0.7950 -0.4318 -0.4261
vn -0.7730 -0.4505 0.4467
vn -0.7371 -0.5188 -0.4331
vn -0.7234 -0.5243 0.4492
vn -0.6968 -0.6394 0.3249
vn -0.5795 -0.8069 -0.1143
vn -0.5810 -0.8056 0.1160
vn -0.5561 0.7727 -0.3060
vn -0.5766 0.3440 -0.7411
vn -0.5421 0.1098 -0.8331
vn -0.5411 0.0053 0.8410
vn -0.6879 -0.5631 -0.4580
vn -0.7122 -0.5933 -0.3751
vn -0.7256 -0.6015 0.3342
vn -0.6683 -0.6328 0.3911
vn -0.5030 0.8489 0.1622
vn -0.5605 0.7228 0.4042
vn -0.5623 0.5927 -0.5766
vn -0.5518 0.4543 0.6994
vn -0.5007 0.0019 -0.8656
vn -0.7794 -0.4481 0.4378
vn -0.6096 -0.4378 -0.6608
vn -0.7915 -0.4688 -0.3921
vn -0.4971 0.8514 -0.1674
vn -0.5104 0.3028 0.8049
vn -0.5431 -0.2188 -0.8107
vn -0.6869 -0.5825 0.4346
vn -0.6280 -0.7518 -0.2013
vn -0.6103 -0.7708 0.1826
vn -0.4017 -0.9158 0.0034
vn -0.5069 0.8619 -0.0092
vn -0.5407 0.6745 0.5027
vn -0.5206 0.5448 0.6574
vn -0.4445 0.2202 -0.8683
vn -0.4562 0.1860 0.8702
vn -0.6422 -0.5652 -0.5177
vn -0.7088 -0.5855 -0.3935
vn -0.7359 -0.5824 0.3454
vn -0.4192 -0.9051 0.0709
vn -0.5093 0.8014 0.3137
vn -0.5173 0.6174 0.5927
vn -0.5195 0.5391 -0.6629
vn -0.4912 0.3223 -0.8092
vn -0.4523 -0.4303 -0.7812
vn -0.5989 -0.5479 0.5840
vn -0.6565 -0.5860 0.4749
vn -0.7925 -0.5003 -0.3488
vn -0.7015 -0.5949 -0.3924
vn -0.6310 -0.7041 -0.3258
vn -0.4123 -0.9087 -0.0646
vn -0.2235 -0.9747 -0.0008
vn -0.4840 0.3897 0.7835
vn -0.5141 0.4237 -0.7457
vn -0.3910 -0.0928 0.9157
vn -0.4449 -0.3900 0.8062
vn -0.3827 -0.2522 0.8888
vn -0.4073 -0.1907 -0.8932
vn -0.3610 -0.3634 -0.8589
vn -0.3998 -0.5696 -0.7181
vn -0.5975 -0.6227 -0.5052
vn -0.4085 0.0537 0.9112
vn -0.3655 -0.0603 -0.9289
vn -0.3517 -0.5701 0.7425
vn -0.4498 -0.7504 -0.4843
vn -0.3806 -0.9050 -0.1901
vn -0.1666 -0.9859 0.0137
vn -0.3978 0.9174 0.0060
vn -0.4596 0.7679 0.4462
vn -0.4160 0.2985 0.8590
vn -0.4015 -0.8834 0.2417
vn -0.2741 -0.9531 0.1281
vn -0.2265 -0.9738 -0.0212
vn -0.1898 -0.9818 -0.0029
vn -0.2114 -0.9773 -0.0100
vn -0.3864 0.9165 -0.1039
vn -0.3955 0.9133 0.0970
vn -0.4206 0.8709 -0.2542
vn -0.4296 0.8711 0.2380
vn -0.4287 0.8348 -0.3454
vn -0.4190 0.4056 -0.8123
vn -0.3608 0.1005 -0.9272
vn -0.4203 -0.6720 0.6098
vn -0.3438 -0.6916 -0.6352
vn -0.3339 -0.8516 -0.4042
vn -0.1490 -0.9887 0.0171
vn -0.3921 0.8529 0.3448
vn -0.4390 0.7827 -0.4412
vn -0.4330 0.4797 0.7631
vn -0.4438 0.5007 -0.7432
vn -0.3726 0.2721 -0.8872
vn -0.3233 0.1145 0.9393
vn -0.3009 -0.4097 0.8612
vn -0.2535 -0.8765 0.4092
vn -0.4144 0.7053 0.5752
vn -0.4033 0.6686 -0.6248
vn -0.3043 0.1989 0.9316
vn -0.2769 -0.0620 0.9589
vn -0.2480 -0.1909 -0.9498
vn -0.1904 -0.5327 0.8246
vn -0.3107 -0.7939 0.5227
vn -0.2601 -0.9284 -0.2653
vn -0.1430 -0.9896 -0.0165
vn -0.3386 0.9236 -0.1800
vn -0.3295 0.9215 0.2058
vn -0.3574 0.7718 -0.5259
vn -0.3838 0.5995 -0.7023
vn -0.3870 0.6232 0.6796
vn -0.2364 -0.2509 0.9387
vn -0.2644 -0.5120 -0.8173
vn -0.2084 -0.7219 0.6599
vn -0.2019 -0.9355 0.2901
vn -0.0934 -0.9885 -0.1187
vn -0.0901 -0.9953 -0.0358
vn -0.0810 -0.9967 -0.0040
vn -0.3512 0.7899 0.5026
vn -0.2073 -0.3516 -0.9129
vn -0.1566 -0.6061 -0.7798
vn -0.0518 -0.9983 0.0258
vn -0.3409 0.3681 0.8650
vn -0.2409 0.0969 -0.9657
vn -0.2272 -0.0442 -0.9728
vn -0.1258 -0.4592 -0.8794
vn -0.1875 -0.8178 -0.5440
vn -0.2478 -0.9667 -0.0635
vn -0.0464 -0.9888 0.1417
vn -0.3178 0.5156 -0.7957
vn -0.1505 -0.4139 0.8978
vn -0.1107 -0.6146 0.7810
vn -0.1470 -0.7263 -0.6715
vn -0.1334 -0.8447 0.5183
vn -0.0820 -0.9013 -0.4254
vn -0.0929 -0.9501 -0.2977
vn -0.2099 -0.9763 0.0528
vn -0.2281 0.9672 -0.1115
vn -0.2600 0.9652 -0.0291
vn -0.2633 0.9599 0.0963
vn -0.2725 0.9140 -0.3004
vn -0.2862 0.8637 -0.4149
vn -0.3061 0.8585 0.4115
vn -0.3101 0.4478 0.8386
vn -0.2951 0.4023 -0.8667
vn -0.2915 0.3147 -0.9033
vn -0.1794 0.0413 0.9829
vn -0.1232 -0.2246 -0.9666
vn -0.3338 0.5400 0.7726
vn -0.2698 0.2847 0.9198
vn -0.2367 0.1970 -0.9514
vn -0.1114 -0.2490 0.9621
vn -0.0076 -0.9020 0.4318
vn -0.1594 0.9643 0.2115
vn -0.2117 0.9524 -0.2195
vn -0.2394 0.9191 0.3131
vn -0.0721 -0.1324 -0.9886
vn -0.0899 -0.1024 0.9907
vn -0.0135 -0.7853 -0.6189
vn -0.0360 -0.8116 0.5832
vn -0.0144 -0.9582 0.2856
vn 0.0460 -0.9942 -0.0974
vn -0.0689 -0.9953 -0.0675
vn -0.1109 -0.9853 0.1301
vn -0.0250 -0.9980 0.0587
vn -0.1856 0.9820 0.0348
vn -0.2563 0.6849 -0.6821
vn -0.1293 0.0152 -0.9915
vn -0.0479 -0.3304 -0.9426
vn -0.0219 -0.4407 0.8974
vn -0.0026 -0.5817 -0.8134
vn 0.0215 -0.6988 -0.7150
vn 0.0008 -0.6855 0.7280
vn 0.0207 -0.8671 -0.4977
vn 0.0667 -0.9961 0.0584
vn -0.1339 -0.9864 -0.0954
vn -0.1778 0.8833 0.4338
vn -0.2542 0.6604 0.7066
vn 0.0252 -0.5636 0.8257
vn 0.0490 -0.9569 -0.2861
vn 0.0663 -0.9976 -0.0176
vn -0.1818 0.6059 -0.7745
vn -0.2169 0.5749 0.7890
vn 0.0774 -0.9795 0.1861
vn -0.1038 -0.9918 0.0745
vn -0.1070 0.9880 0.1112
vn -0.1421 0.9309 -0.3364
vn -0.2013 0.3909 0.8982
vn -0.1323 0.3184 -0.9387
vn -0.1187 0.2004 0.9725
vn -0.1418 0.1176 0.9829
vn 0.0231 -0.4340 -0.9006
vn 0.0573 -0.7528 0.6558
vn 0.0606 -0.9968 0.0522
vn -0.1171 0.9918 -0.0509
vn -0.1024 0.9768 -0.1880
vn -0.1015 0.9437 0.3149
vn -0.0791 0.8905 -0.4481
vn -0.1874 0.4616 -0.8670
vn -0.1825 0.4903 0.8523
vn -0.1265 0.3046 0.9440
vn -0.0678 0.0994 -0.9927
vn 0.0116 -0.3137 0.9495
vn 0.0874 -0.9288 0.3600
vn -0.0698 0.2083 -0.9756
vn 0.0039 -0.9885 -0.1514
vn -0.0310 0.9987 0.0396
vn -0.0771 0.7158 -0.6941
vn -0.0925 0.6818 0.7257
vn -0.0310 0.0016 0.9995
vn 0.0259 -0.0081 -0.9996
vn 0.0267 -0.1804 0.9832
vn 0.0675 -0.2759 -0.9588
vn 0.1068 -0.8452 0.5237
vn 0.0536 -0.9952 0.0814
vn -0.0268 0.9189 0.3937
vn -0.0610 0.8572 0.5114
vn -0.1137 0.5402 -0.8338
vn 0.1057 -0.9761 -0.1900
vn 0.0395 -0.9947 -0.0950
vn -0.0307 -0.9810 -0.1915
vn 0.0088 0.9825 0.1858
vn -0.0185 0.9427 -0.3332
vn -0.0415 0.8237 -0.5656
vn -0.0637 0.5630 0.8240
vn -0.0726 0.4335 0.8982
vn -0.1010 0.3978 -0.9119
vn 0.0114 -0.9824 0.1862
vn 0.0048 -0.9796 0.2009
vn 0.0119 -0.9981 -0.0601
vn -0.0060 -0.9946 0.1038
vn -0.0046 0.9962 -0.0873
vn -0.0186 0.9749 -0.2219
vn 0.0146 0.0943 0.9954
vn 0.1230 -0.4610 -0.8788
vn 0.1227 -0.5862 -0.8008
vn 0.1324 -0.7702 -0.6239
vn 0.1188 -0.9319 -0.3427
vn 0.1249 -0.9643 0.2334
vn 0.0712 -0.9914 0.1098
vn 0.0279 0.9577 0.2866
vn -0.0121 0.4919 -0.8706
vn 0.0846 -0.1164 -0.9896
vn 0.1191 -0.3008 0.9462
vn 0.1128 -0.4514 0.8852
vn 0.1413 -0.6156 0.7753
vn 0.1633 -0.6629 -0.7307
vn 0.1388 -0.8565 -0.4972
vn 0.1601 -0.9056 0.3928
vn 0.0612 0.8765 0.4775
vn 0.0980 -0.0537 0.9937
vn 0.0596 0.7835 0.6185
vn 0.0821 0.7798 -0.6206
vn 0.0073 0.6651 -0.7467
vn 0.0113 0.5800 -0.8145
vn 0.0174 0.3223 0.9465
vn 0.0555 0.1885 0.9805
vn 0.1807 -0.7558 0.6293
vn 0.0704 0.9781 -0.1960
vn 0.0154 0.3680 -0.9297
vn 0.1527 -0.1790 0.9719
vn 0.0837 0.9964 0.0092
vn 0.1052 0.9895 0.0996
vn 0.1203 0.9892 -0.0839
vn 0.0863 0.9440 -0.3183
vn 0.1117 0.9320 0.3447
vn 0.0796 0.9050 -0.4179
vn 0.0846 0.8571 -0.5081
vn 0.0640 0.6755 0.7345
vn 0.0897 0.4840 0.8705
vn 0.0999 0.2376 -0.9662
vn 0.1173 0.0984 -0.9882
vn 0.2068 -0.4198 0.8837
vn 0.2153 -0.6459 0.7324
vn 0.0382 -0.9849 -0.1688
vn 0.0746 -0.9877 -0.1374
vn 0.1081 0.5738 0.8118
vn 0.1740 -0.1942 -0.9654
vn 0.1937 -0.3163 -0.9287
vn 0.2655 -0.7130 -0.6489
vn 0.2426 -0.8360 0.4921
vn 0.0539 -0.9849 0.1648
vn 0.1052 -0.9882 0.1115
vn 0.1787 0.0771 0.9809
vn 0.2805 -0.7953 -0.5374
vn 0.2280 -0.9015 -0.3680
vn 0.1507 0.9672 0.2047
vn 0.1196 0.4648 -0.8773
vn 0.1572 0.3947 0.9053
vn 0.2164 -0.0578 -0.9746
vn 0.2344 -0.5240 0.8188
vn 0.1800 0.9381 -0.2958
vn 0.1949 0.9039 0.3807
vn 0.1631 0.6022 -0.7815
vn 0.1596 0.7046 -0.6914
vn 0.2482 -0.2355 0.9397
vn 0.2433 -0.5380 -0.8071
vn 0.1802 -0.9653 0.1889
vn 0.1766 -0.9843 -0.0018
vn 0.1832 0.9632 -0.1969
vn 0.1988 0.8869 -0.4170
vn 0.1838 0.8146 0.5501
vn 0.1658 0.3577 -0.9190
vn 0.1601 0.2914 0.9431
vn 0.2509 -0.3344 0.9084
vn 0.2597 -0.4160 -0.8715
vn 0.2828 -0.7040 0.6515
vn 0.2625 -0.9028 0.3406
vn 0.1527 -0.9749 -0.1621
vn 0.1591 -0.9814 -0.1071
vn 0.2020 0.9793 0.0135
vn 0.1983 0.8571 0.4755
vn 0.1854 0.7078 0.6817
vn 0.2123 0.1846 0.9596
vn 0.2349 -0.0342 0.9714
vn 0.3283 -0.6212 -0.7116
vn 0.1763 -0.9675 -0.1814
vn 0.2320 0.9661 0.1137
vn 0.2199 0.8085 -0.5459
vn 0.2595 0.6330 0.7293
vn 0.2966 -0.1414 0.9445
vn 0.2018 -0.9743 0.1004
vn 0.2645 0.7381 0.6207
vn 0.3286 -0.7933 0.5125
vn 0.2429 0.9659 -0.0899
vn 0.2228 0.9364 0.2711
vn 0.2268 0.5068 -0.8317
vn 0.2692 0.1944 -0.9433
vn 0.2800 0.0867 -0.9561
vn 0.2875 -0.2133 -0.9337
vn 0.3176 -0.5578 0.7668
vn 0.3590 -0.6029 0.7124
vn 0.3659 -0.8243 -0.4320
vn 0.3001 -0.9109 -0.2832
vn 0.2819 0.4720 0.8353
vn 0.2746 0.2999 -0.9136
vn 0.3411 -0.3677 -0.8651
vn 0.3401 -0.4342 0.8341
vn 0.3026 0.7569 -0.5792
vn 0.3277 0.6250 -0.7086
vn 0.3075 0.5623 0.7676
vn 0.2818 0.2845 0.9163
vn 0.3749 -0.5023 -0.7792
vn 0.3811 -0.6933 0.6116
vn 0.3235 -0.9106 0.2573
vn 0.2586 -0.9618 -0.0894
vn 0.2925 -0.9524 0.0854
vn 0.2870 0.9305 -0.2276
vn 0.2924 0.9399 0.1764
vn 0.3263 0.8876 -0.3250
vn 0.3207 0.7786 0.5394
vn 0.3375 0.4317 -0.8365
vn 0.2779 -0.9469 0.1617
vn 0.3259 0.9447 0.0352
vn 0.3413 0.8956 0.2855
vn 0.3006 0.8561 0.4205
vn 0.3294 0.8398 -0.4315
vn 0.3523 0.3600 0.8639
vn 0.3447 0.0589 0.9369
vn 0.3624 -0.0725 -0.9292
vn 0.4034 -0.2874 0.8687
vn 0.4029 -0.6770 -0.6160
vn 0.4001 -0.8360 0.3754
vn 0.3951 -0.8637 -0.3130
vn 0.2906 -0.9486 -0.1255
vn 0.3229 -0.9464 0.0042
vn 0.3743 0.2125 0.9026
vn 0.4128 -0.0464 0.9096
vn 0.4126 -0.7512 -0.5152
vn 0.4358 -0.7588 0.4841
vn 0.3332 0.9374 -0.1013
vn 0.4074 -0.2233 -0.8855
vn 0.4282 -0.8606 0.2758
vn 0.3378 -0.9256 -0.1710
vn 0.3650 -0.9148 0.1729
vn 0.3999 0.6894 0.6041
vn 0.3991 0.2705 -0.8761
vn 0.4263 -0.8823 -0.1995
vn 0.3861 0.8999 -0.2026
vn 0.3957 0.7936 0.4622
vn 0.4149 0.6831 -0.6010
vn 0.4157 0.4886 0.7671
vn 0.4261 0.1317 -0.8950
vn 0.4421 0.0129 -0.8969
vn 0.4492 -0.1624 0.8785
vn 0.3984 0.9032 0.1600
vn 0.4283 0.8405 0.3319
vn 0.4289 0.5873 0.6864
vn 0.4382 0.5439 -0.7157
vn 0.4532 -0.4278 0.7821
vn 0.4798 -0.5757 -0.6621
vn 0.4720 -0.7859 -0.3995
vn 0.3930 -0.9164 -0.0763
vn 0.4223 0.9064 -0.0091
vn 0.4479 0.8888 -0.0971
vn 0.4158 0.7666 -0.4893
vn 0.4422 0.4225 -0.7912
vn 0.4592 0.1101 0.8815
vn 0.4743 -0.3507 -0.8075
vn 0.4798 -0.8304 -0.2833
vn 0.4114 -0.9054 0.1050
vn 0.4762 0.7918 -0.3824
vn 0.4898 0.7201 0.4915
vn 0.4608 0.3618 0.8104
vn 0.5017 0.3313 -0.7991
vn 0.5140 -0.1484 -0.8448
vn 0.5053 -0.6807 -0.5305
vn 0.5196 -0.7711 0.3680
vn 0.4722 0.8795 0.0595
vn 0.4441 0.8484 -0.2881
vn 0.5103 0.2118 -0.8335
vn 0.5201 0.2333 0.8216
vn 0.5149 -0.4908 -0.7028
vn 0.4551 -0.8656 0.2087
vn 0.4530 -0.8905 0.0432
vn 0.4824 0.8456 0.2288
vn 0.5478 0.0887 -0.8319
vn 0.5378 -0.0374 0.8422
vn 0.5576 -0.4149 0.7190
vn 0.5486 -0.5444 0.6345
vn 0.5280 -0.6965 0.4859
vn 0.4999 0.8441 -0.1938
vn 0.4962 0.7791 0.3831
vn 0.5254 0.7016 -0.4814
vn 0.5176 0.6226 0.5869
vn 0.5297 0.4637 0.7102
vn 0.5741 0.3151 0.7557
vn 0.5573 0.1076 0.8233
vn 0.5813 -0.0140 -0.8136
vn 0.5475 -0.2170 0.8082
vn 0.5502 0.5626 -0.6171
vn 0.5892 -0.4143 -0.6937
vn 0.4789 -0.8702 -0.1162
vn 0.5194 0.6451 -0.5605
vn 0.5645 0.5310 0.6320
vn 0.5613 0.4452 -0.6977
vn 0.5962 -0.2529 -0.7619
vn 0.5718 -0.6781 -0.4618
vn 0.5510 -0.7581 -0.3489
vn 0.5542 -0.7959 0.2439
vn 0.5145 -0.8567 -0.0366
vn 0.5585 0.8288 -0.0336
vn 0.5529 0.7809 -0.2906
vn 0.5622 0.7724 0.2955
vn 0.5861 0.2337 -0.7758
vn 0.6215 0.0434 0.7822
vn 0.6333 -0.0870 0.7690
vn 0.6228 -0.5403 -0.5659
vn 0.5397 -0.8243 -0.1710
vn 0.5235 -0.8402 0.1417
vn 0.5986 0.6950 -0.3984
vn 0.5934 0.6927 0.4099
vn 0.5925 0.6139 0.5215
vn 0.6332 -0.2528 0.7316
vn 0.6223 -0.6404 0.4501
vn 0.6004 0.7897 -0.1261
vn 0.6353 0.3094 -0.7076
vn 0.6274 0.1121 -0.7706
vn 0.6466 -0.0880 -0.7578
vn 0.6535 -0.4762 0.5883
vn 0.5866 -0.7738 -0.2389
vn 0.6211 0.6002 -0.5041
vn 0.6485 0.4004 0.6474
vn 0.6364 0.1714 0.7520
vn 0.6607 -0.3194 -0.6793
vn 0.5959 -0.8017 0.0458
vn 0.6285 0.7491 -0.2094
vn 0.6693 0.3915 -0.6315
vn 0.6776 -0.3748 0.6327
vn 0.6098 -0.7289 0.3111
vn 0.6607 0.6876 -0.3012
vn 0.6553 0.5074 0.5596
vn 0.6878 0.4576 -0.5635
vn 0.6880 0.1811 -0.7028
vn 0.7041 -0.4236 -0.5699
vn 0.6554 -0.6088 -0.4470
vn 0.6437 -0.6663 0.3763
vn 0.6360 -0.7584 0.1430
vn 0.6868 0.2812 0.6703
vn 0.7093 0.0455 -0.7035
vn 0.6899 -0.1875 -0.6992
vn 0.7193 -0.2879 0.6323
vn 0.6924 -0.5320 0.4873
vn 0.6056 -0.7928 -0.0689
vn 0.6706 0.6621 0.3347
vn 0.6863 0.5807 0.4379
vn 0.7331 0.1293 0.6677
vn 0.6817 0.0591 0.7293
vn 0.7264 -0.0110 0.6871
vn 0.7124 -0.1535 0.6848
vn 0.7292 -0.2851 -0.6221
vn 0.7344 -0.5075 -0.4507
vn 0.6755 -0.6902 0.2594
vn 0.6611 -0.7379 -0.1358
vn 0.6836 0.7298 0.0036
vn 0.7302 0.5136 -0.4507
vn 0.7355 0.4526 0.5043
vn 0.7359 -0.0615 -0.6743
vn 0.7415 -0.4276 0.5170
vn 0.7246 -0.5849 0.3645
vn 0.7084 0.7001 -0.0893
vn 0.7796 0.3179 0.5396
vn 0.7516 0.2571 -0.6075
vn 0.7828 -0.1770 -0.5965
vn 0.7719 0.5183 0.3682
vn 0.7599 0.2260 0.6095
vn 0.7873 -0.0468 0.6148
vn 0.7864 -0.1949 0.5862
vn 0.7908 -0.3494 0.5026
vn 0.7695 -0.4800 0.4213
vn 0.7254 -0.6818 0.0942
vn 0.6883 -0.7253 -0.0149
vn 0.7541 0.5886 0.2914
vn 0.7955 0.4011 -0.4542
vn 0.7888 0.3144 -0.5282
vn 0.7807 0.1043 -0.6162
vn 0.7875 -0.4188 -0.4522
vn 0.7477 -0.6260 0.2214
vn 0.7547 0.6366 0.1585
vn 0.8161 -0.0380 -0.5767
vn 0.8057 -0.3086 -0.5056
vn 0.7628 -0.5923 -0.2595
vn 0.7414 -0.6595 -0.1244
vn 0.7764 0.6293 0.0335
vn 0.8246 0.3799 0.4193
vn 0.8169 0.0618 0.5734
vn 0.7915 0.6059 -0.0802
vn 0.8485 0.1655 -0.5027
vn 0.8301 0.1680 0.5317
vn 0.8110 -0.4664 -0.3532
vn 0.8221 -0.4498 0.3489
vn 0.8200 -0.5535 -0.1458
vn 0.7610 -0.6486 -0.0144
vn 0.8444 0.4171 -0.3361
vn 0.8592 0.0562 -0.5085
vn 0.8621 -0.0742 0.5013
vn 0.8329 -0.2274 0.5045
vn 0.8127 -0.5216 0.2597
vn 0.8156 0.5308 0.2303
vn 0.8269 0.5509 0.1130
vn 0.8511 0.4264 0.3064
vn 0.8529 0.2679 -0.4481
vn 0.8696 0.2590 0.4203
vn 0.8665 -0.1425 -0.4784
vn 0.8306 -0.5021 -0.2408
vn 0.8219 -0.5553 0.1268
vn 0.8310 -0.5529 -0.0606
vn 0.8844 0.3137 -0.3456
vn 0.8811 0.0930 0.4637
vn 0.8581 -0.3249 0.3977
vn 0.8580 -0.3401 -0.3848
vn 0.8218 -0.5687 0.0349
vn 0.8436 0.5244 -0.1156
vn 0.8626 0.5055 -0.0202
vn 0.8731 0.4502 0.1872
vn 0.8951 -0.0427 -0.4439
vn 0.8865 -0.2095 -0.4126
vn 0.9097 0.1901 -0.3691
vn 0.9108 0.1585 0.3811
vn 0.8914 -0.1797 0.4161
vn 0.8826 -0.3850 -0.2698
vn 0.8819 -0.4270 0.1997
vn 0.8808 0.4702 0.0563
vn 0.8963 0.3830 -0.2237
vn 0.9127 0.0830 -0.4000
vn 0.8992 -0.4047 -0.1665
vn 0.9172 0.3757 -0.1325
vn 0.9103 0.3548 0.2133
vn 0.9211 -0.0131 0.3891
vn 0.9361 -0.0361 -0.3500
vn 0.9133 -0.2695 -0.3052
vn 0.9024 -0.3120 0.2973
vn 0.9346 -0.1652 0.3149
vn 0.8916 -0.4461 -0.0779
vn 0.8878 -0.4579 0.0466
vn 0.9151 0.3916 0.0959
vn 0.9401 0.2209 -0.2598
vn 0.9419 -0.1555 -0.2978
vn 0.9380 -0.2930 0.1854
vn 0.9199 0.3913 -0.0250
vn 0.9568 0.0749 -0.2808
vn 0.9489 -0.2523 -0.1894
vn 0.9437 -0.3273 -0.0483
vn 0.9337 -0.3480 0.0839
vn 0.9476 0.3031 0.1006
vn 0.9641 0.1998 -0.1751
vn 0.9641 -0.0284 0.2638
vn 0.9713 -0.0781 -0.2246
vn 0.9600 0.2789 -0.0262
vn 0.9728 0.1974 0.1209
vn 0.9720 0.0822 0.2203
vn 0.9667 -0.1569 0.2023
vn 0.9863 0.0113 -0.1644
vn 0.9756 -0.2098 0.0653
vn 0.9787 -0.1792 -0.1002
vn 0.9859 0.1658 -0.0240
vn 0.9925 0.0704 -0.0996
vn 0.9879 0.0921 0.1247
vn 0.9893 -0.0413 0.1398
vn 0.9929 -0.0989 0.0668
vn 0.9994 0.0315 0.0144
vn 0.9952 -0.0848 -0.0491
vn 0.8166 -0.3791 -0.4352
vn 0.4430 -0.8614 -0.2486
vn 0.4490 -0.6428 -0.6207
vn 0.5272 0.4458 -0.7234
vn 0.7418 0.6570 -0.1342
vn 0.9183 0.1652 -0.3599
vn 0.5429 0.7578 0.3619
vn 0.4985 0.4016 0.7683
vn 0.9494 0.2413 0.2008
vn 0.5319 0.5044 -0.6802
vn 0.5572 0.7838 -0.2741
vn 0.9139 0.2285 -0.3355
vn 0.7235 0.6644 0.1873
vn 0.6689 0.2061 0.7142
vn 0.9507 0.2275 0.2108
vn -0.9268 -0.1432 0.3471
vn -0.8388 0.5089 0.1935
vn -0.9995 0.0194 -0.0249
vn -0.9381 0.3107 0.1530
vn -0.8129 0.2990 -0.4998
vn -0.9824 -0.1017 -0.1565
vn -0.9712 -0.1471 0.1873
vn -0.6503 0.7288 -0.2145
vn -0.9042 0.1720 -0.3909
vn -0.7311 0.6691 -0.1331
vn -0.3833 0.8018 -0.4585
vn -0.8255 0.1387 0.5471
vn -0.6158 0.7450 0.2566
vn -0.7160 0.0503 0.6963
vn -0.8210 -0.2186 -0.5275
vn -0.7383 0.0855 -0.6690
vn -0.7985 -0.3964 -0.4531
vn -0.6974 -0.3959 0.5975
vn -0.9206 -0.3888 -0.0370
vn -0.6424 -0.3390 0.6873
vn -0.7575 -0.6292 0.1742
vn -0.7556 -0.6148 -0.2261
vn -0.8208 -0.5380 0.1919
vn -0.5569 0.6934 0.4572
vn -0.3806 0.5444 -0.7475
vn -0.3505 0.4144 0.8399
vn -0.3630 0.4687 -0.8054
vn -0.5468 -0.0383 -0.8364
vn -0.6235 -0.1123 0.7737
vn -0.4848 0.1723 0.8575
vn -0.5017 -0.3376 -0.7964
vn -0.5132 -0.4670 -0.7201
vn -0.4587 -0.5640 0.6866
vn -0.2660 0.9498 -0.1648
vn -0.2630 0.9437 0.2007
vn -0.3529 0.5596 0.7499
vn -0.1165 0.8590 0.4985
vn -0.4647 0.1019 -0.8796
vn -0.3592 -0.6213 -0.6964
vn -0.4622 -0.8376 -0.2913
vn -0.4608 -0.8453 0.2705
vn -0.4287 -0.8396 -0.3336
vn -0.4476 -0.8370 0.3149
vn -0.1948 -0.6719 0.7145
vn -0.3217 -0.1389 0.9366
vn -0.1755 -0.3170 0.9320
vn -0.2601 -0.2418 -0.9348
vn -0.0343 0.7192 -0.6939
vn -0.1689 0.1333 -0.9766
vn -0.1505 0.1731 0.9733
vn -0.0233 0.1854 -0.9824
vn -0.0638 -0.2844 -0.9566
vn -0.0090 -0.5350 0.8448
vn -0.0294 -0.6108 -0.7912
vn 0.0234 -0.8030 0.5955
vn -0.0749 -0.9403 -0.3321
vn -0.0142 -0.9912 0.1316
vn -0.0656 -0.9975 -0.0249
vn 0.0701 0.5303 -0.8449
vn 0.1352 0.9081 -0.3963
vn 0.0642 0.5067 0.8597
vn 0.1120 0.9141 0.3898
vn 0.0906 0.6692 0.7376
vn 0.0627 0.1280 0.9898
vn 0.0370 -0.2454 0.9687
vn 0.0649 -0.2396 -0.9687
vn 0.1271 -0.6031 -0.7874
vn 0.0172 -0.8642 -0.5028
vn 0.1575 -0.9255 0.3444
vn 0.2747 0.9615 -0.0077
vn 0.3624 0.9153 -0.1756
vn 0.1355 0.0170 -0.9906
vn 0.2375 0.0064 0.9714
vn 0.1762 0.7081 -0.6838
vn 0.4648 -0.2219 0.8572
vn 0.3962 -0.5300 0.7497
vn 0.3778 -0.2863 -0.8805
vn 0.3663 -0.7704 0.5218
vn 0.5172 -0.6026 -0.6078
vn 0.4282 -0.8917 -0.1468
vn 0.4646 0.7338 0.4957
vn 0.3780 0.4582 0.8045
vn 0.4159 0.1358 -0.8992
vn 0.3973 0.1691 -0.9020
vn 0.5445 -0.1529 0.8247
vn 0.5096 -0.2310 -0.8288
vn 0.3712 -0.3592 0.8563
vn 0.5912 -0.5696 0.5710
vn 0.4408 -0.8685 0.2267
vn 0.7660 -0.6079 0.2092
vn 0.7435 0.0797 -0.6639
vn 0.6598 -0.1374 -0.7388
vn 0.8086 -0.5694 0.1483
vn 0.7821 -0.5633 -0.2663
vn 0.8279 -0.1651 0.5361
vn 0.8575 -0.1514 -0.4918
vn 0.7722 -0.2755 0.5726
vn 0.9758 -0.1346 0.1723
vn 0.9852 -0.1409 -0.0972
vn 0.9400 -0.1636 0.2994
vn 0.9734 -0.1476 -0.1752
vn -0.9762 0.2156 0.0217
vn -0.9004 0.1682 -0.4012
vn -0.6916 -0.0072 -0.7223
vn -0.9820 -0.1681 -0.0859
vn -0.6500 -0.2455 0.7192
vn -0.9070 0.1506 0.3932
vn -0.3995 -0.6715 -0.6241
vn -0.5151 -0.8356 0.1910
vn -0.0909 0.7187 -0.6894
vn -0.4274 0.8409 -0.3319
vn -0.4879 0.8729 -0.0030
vn -0.4202 0.9073 0.0163
vn -0.4280 0.8428 0.3263
vn -0.0998 0.7240 0.6826
vn -0.2935 0.1670 -0.9413
vn 0.0318 0.1497 -0.9882
vn -0.2875 0.1494 0.9461
vn -0.3247 -0.3011 0.8966
vn 0.0659 0.9976 0.0191
vn -0.9358 0.1499 0.3190
vn -0.0079 -0.8339 0.5519
vn 0.2229 -0.8499 -0.4775
vn -0.0551 -0.9965 -0.0634
vn 0.6478 0.4017 -0.6473
vn -0.1350 0.0400 0.9900
vn 0.1786 -0.4508 -0.8746
vn 0.4219 -0.6222 0.6595
vn 0.6368 0.7673 -0.0750
vn 0.3779 0.6643 -0.6449
vn 0.6610 0.6602 0.3568
vn 0.3691 0.6150 0.6968
vn 0.5815 -0.8135 0.0131
vn 0.4456 0.7894 -0.4222
vn 0.4230 0.7925 0.4394
vn 0.2975 0.1588 -0.9414
vn 0.6987 -0.2200 -0.6808
vn 0.7329 -0.1876 0.6539
vn 0.2789 0.1572 0.9474
vn 0.6550 0.3445 0.6725
vn 0.9909 0.1341 -0.0127
vn 0.9500 0.1562 -0.2705
vn 0.9392 0.1687 0.2990
vn 0.8493 -0.4968 0.1784
vn -0.7660 0.4630 -0.4460
vn -0.7572 0.6315 0.1666
vn -0.5598 0.1714 -0.8107
vn -0.3940 0.7028 0.5923
vn -0.5274 0.7110 0.4652
vn 0.2385 0.9531 0.1866
vn -0.5720 -0.8112 -0.1216
vn -0.4082 -0.7000 0.5859
vn 0.5886 -0.7735 0.2349
vn -0.7400 -0.6470 -0.1839
vn -0.9781 -0.2046 0.0386
vn 0.7779 0.4041 -0.4812
vn 0.7055 0.4963 -0.5060
vn 0.9032 -0.3805 -0.1986
vn -0.1656 0.9754 -0.1453
vn 0.7512 0.5030 -0.4275
vn -0.0519 0.9404 -0.3360
vn 0.5347 -0.4703 -0.7021
vn 0.9539 -0.0877 -0.2871
vn 0.9200 -0.0862 -0.3822
vn 0.2719 -0.4802 -0.8340
vn 0.9037 -0.0661 -0.4231
vn 0.2814 0.7485 -0.6005
vn 0.9160 0.2791 -0.2882
vn 0.8209 -0.5532 0.1418
vn 0.9504 -0.1259 -0.2844
vn 0.6317 -0.7498 -0.1967
vn 0.8432 -0.4662 -0.2677
vn 0.9334 -0.3159 0.1703
vn 0.9727 -0.2303 -0.0298
vn 0.9914 0.1153 -0.0621
vn 0.9790 -0.0388 -0.1999
vn -0.8523 0.4942 0.1713
vn -0.9677 0.0444 0.2483
vn -0.9494 -0.2867 -0.1283
vn -0.9642 -0.1326 0.2297
vn -0.7833 -0.1756 0.5963
vn -0.5509 -0.5388 -0.6373
vn -0.6830 -0.6902 -0.2391
vn -0.7555 -0.2014 0.6234
vn -0.8038 -0.5250 0.2797
vn -0.4547 0.3416 0.8225
vn -0.2672 0.4828 0.8340
vn -0.4892 0.1888 0.8515
vn -0.0765 -0.1612 -0.9840
vn -0.7604 -0.4857 0.4311
vn -0.5970 -0.7774 -0.1982
vn -0.2667 0.9393 -0.2159
vn -0.0749 0.9240 -0.3750
vn -0.4377 0.8952 -0.0844
vn -0.0544 0.3629 -0.9302
vn -0.6599 -0.1173 0.7422
vn -0.1362 -0.7215 -0.6789
vn -0.6999 -0.7123 0.0525
vn 0.0357 0.6048 0.7956
vn 0.3165 0.5413 -0.7790
vn 0.3374 -0.1009 -0.9359
vn 0.2425 -0.4708 -0.8483
vn 0.4029 0.8405 0.3622
vn 0.5517 0.7518 -0.3610
vn 0.0644 0.5131 0.8559
vn 0.4214 0.2001 -0.8845
vn -0.3553 0.2698 0.8950
vn -0.7713 -0.5030 0.3900
vn 0.1996 0.5611 0.8033
vn 0.6236 -0.1627 -0.7646
vn 0.2792 -0.5262 -0.8032
vn -0.4313 0.2773 0.8585
vn -0.4073 -0.8275 -0.3865
vn -0.7002 -0.0529 0.7120
vn 0.8489 0.2079 -0.4859
vn -0.5543 -0.8270 -0.0939
vn -0.7753 -0.3912 0.4958
vn 0.8572 0.4907 0.1561
vn 0.1049 0.5805 0.8074
vn 0.4256 -0.4332 -0.7945
vn -0.4028 0.3929 0.8267
vn 0.0048 -0.7671 -0.6415
vn -0.6830 -0.7303 0.0172
vn 0.7473 0.5859 0.3135
vn 0.8879 0.1806 -0.4232
vn 0.7015 -0.1206 -0.7024
vn -0.3649 -0.8811 -0.3009
vn 0.4866 0.7008 0.5216
vn 0.0956 0.7278 0.6791
vn 0.5108 -0.3786 -0.7718
vn -0.6548 0.1622 0.7382
vn -0.7861 -0.2033 0.5837
vn -0.7051 -0.6977 0.1267
vn 0.8666 0.4304 -0.2526
vn 0.7654 0.1642 -0.6223
vn 0.0451 0.7462 0.6642
vn -0.3173 0.6250 0.7132
vn 0.0090 -0.8282 -0.5604
vn -0.6220 -0.7486 0.2298
vn 0.6739 0.7066 0.2159
vn 0.8459 0.4187 -0.3304
vn 0.7688 0.0214 -0.6391
vn 0.5991 -0.2962 -0.7438
vn -0.3689 -0.9021 -0.2238
vn 0.4055 0.8499 0.3364
vn 0.8425 0.2049 -0.4983
vn 0.2083 -0.7269 -0.6544
vn -0.7742 -0.4387 0.4562
vn 0.7447 0.6514 -0.1450
vn 0.2221 0.8867 0.4054
vn -0.7029 0.2175 0.6772
vn -0.7891 0.0575 0.6116
vn -0.1838 -0.9506 -0.2500
vn 0.7795 0.0251 -0.6259
vn 0.4788 -0.5651 -0.6719
vn -0.5844 -0.7826 0.2146
vn 0.0913 -0.9303 -0.3552
vn 0.6165 0.7827 -0.0855
vn 0.8161 0.3919 -0.4248
vn 0.7903 -0.1060 -0.6035
vn -0.7741 -0.3651 0.5172
vn 0.5860 -0.5906 -0.5548
vn -0.4298 -0.8118 0.3953
vn 0.0621 -0.9713 -0.2296
vn -0.0783 -0.9942 0.0741
vn 0.0099 0.9910 0.1336
vn 0.7635 0.5062 -0.4010
vn -0.7002 0.5928 0.3980
vn -0.5089 -0.7049 0.4940
vn 0.5336 -0.7551 -0.3809
vn 0.8580 -0.0853 -0.5065
vn -0.8235 -0.1825 0.5372
vn 0.6118 0.7257 -0.3147
vn -0.3393 0.9400 0.0347
vn -0.8948 0.3328 0.2977
vn 0.2255 -0.9741 0.0168
vn 0.0145 -0.9725 0.2325
vn -0.4078 -0.7162 0.5664
vn 0.6504 -0.7021 -0.2900
vn 0.4704 0.8316 -0.2952
vn 0.0944 0.9505 -0.2960
vn -0.9045 0.3306 0.2695
vn -0.5301 -0.5675 0.6300
vn 0.5071 -0.8591 -0.0694
vn -0.6367 0.7561 -0.1516
vn -0.8130 -0.2125 0.5421
vn 0.8302 0.1925 -0.5231
vn 0.9004 -0.3443 -0.2660
vn 0.4619 -0.8853 0.0532
vn 0.0816 -0.9092 0.4082
vn -0.9843 0.1728 -0.0365
vn 0.2679 0.8610 -0.4323
vn 0.2163 -0.8514 0.4778
vn 0.2161 0.9331 0.2875
vn 0.0776 0.9822 -0.1710
vn -0.3131 0.9487 -0.0438
vn -0.1045 0.9924 -0.0649
vn -0.2161 -0.9331 -0.2875
vn -0.7688 -0.3118 -0.5584
vn -0.5159 -0.5880 -0.6230
vn -0.9955 -0.0854 -0.0420
vn -0.8832 0.4685 -0.0235
vn -0.9535 -0.2265 0.1991
vn -0.9541 0.2174 0.2062
vn -0.9899 -0.0417 0.1356
vn -0.7672 -0.4462 -0.4607
vn -0.9764 0.0631 -0.2066
vn -0.9854 -0.0435 0.1646
vn -0.0998 -0.4963 -0.8624
vn 0.0326 0.2854 -0.9578
vn -0.3280 0.7126 -0.6202
vn -0.8651 0.2093 0.4559
vn 0.0320 -0.7841 0.6199
vn 0.7254 -0.6883 -0.0040
vn 0.0476 0.9892 -0.1385
vn 0.2104 0.8893 -0.4060
vn -0.7862 0.6170 0.0360
vn -0.8452 0.2561 0.4690
vn -0.0972 -0.6084 -0.7876
vn -0.2210 -0.6667 -0.7119
vn -0.9136 -0.0474 0.4038
vn 0.4920 0.2288 -0.8400
vn -0.8567 -0.2556 0.4481
vn 0.5805 -0.7586 0.2958
vn 0.1418 0.9716 -0.1896
vn -0.6935 0.7204 0.0070
vn -0.5684 -0.0358 0.8220
vn -0.6444 -0.1846 0.7421
vn -0.0835 -0.9210 -0.3806
vn 0.2624 -0.7389 -0.6206
vn 0.0981 -0.8430 -0.5289
vn 0.8651 -0.5000 -0.0412
vn -0.7453 -0.5783 -0.3319
vn -0.6006 -0.7313 -0.3233
vn -0.8387 -0.3219 0.4394
vn -0.9549 -0.1901 0.2279
vn 0.9597 -0.2540 -0.1203
vn 0.0537 0.9762 -0.2102
vn 0.8303 0.4988 -0.2485
vn -0.4112 0.8518 0.3247
vn 0.9594 0.0725 -0.2727
vn 0.7953 0.0887 -0.5997
vn 0.0362 -0.1675 0.9852
vn 0.0920 -0.9913 -0.0939
vn 0.6563 -0.6038 -0.4524
vn -0.2625 -0.1526 0.9528
vn 0.6529 -0.2789 0.7043
vn 0.5526 -0.2832 0.7839
vn 0.2651 -0.8741 -0.4071
vn -0.0077 -0.2254 0.9742
vn -0.0071 -0.9996 -0.0291
vn 0.5501 0.7970 -0.2492
vn 0.2414 0.9583 -0.1528
vn -0.2536 -0.2042 0.9455
vn -0.5152 0.2290 0.8259
vn -0.5859 -0.0001 0.8104
vn 0.2678 -0.0832 0.9599
vn 0.7452 -0.1601 0.6473
vn 0.8061 0.0219 -0.5914
vn 0.4048 -0.2216 0.8872
vn 0.1536 0.1290 -0.9797
vn 0.7362 -0.2940 0.6096
vn 0.8015 0.5704 -0.1794
vn 0.6413 -0.0678 0.7643
vn 0.9835 0.1049 -0.1477
vn 0.9529 -0.0842 0.2915
vn 0.9887 -0.1499 0.0061
usemtl Default_OBJ.001
s 1
f 1//1 2//2 3//3
f 3//3 2//2 4//4
f 5//5 6//6 1//1
f 3//3 4//4 7//7
f 3//3 7//7 8//8
f 1//1 3//3 8//8
f 1//1 8//8 9//9
f 5//5 1//1 9//9
f 7//7 10//10 8//8
f 9//9 8//8 11//11
f 8//8 12//12 11//11
f 13//13 14//14 2//2
f 15//15 16//16 6//6
f 16//16 13//13 2//2
f 2//2 14//14 17//17
f 2//2 1//1 16//16
f 1//1 6//6 16//16
f 15//15 6//6 18//18
f 17//17 19//19 4//4
f 2//2 17//17 4//4
f 18//18 6//6 5//5
f 4//4 20//20 7//7
f 7//7 20//20 10//10
f 10//10 12//12 8//8
f 9//9 11//11 21//21
f 10//10 22//22 12//12
f 11//11 12//12 23//23
f 24//24 11//11 23//23
f 21//21 11//11 24//24
f 25//25 14//14 13//13
f 13//13 16//16 26//26
f 15//15 26//26 16//16
f 14//14 27//27 19//19
f 14//14 19//19 17//17
f 28//28 29//29 15//15
f 18//18 28//28 15//15
f 19//19 30//30 4//4
f 31//31 28//28 18//18
f 4//4 30//30 20//20
f 18//18 5//5 31//31
f 30//30 32//32 20//20
f 5//5 9//9 33//33
f 31//31 5//5 33//33
f 20//20 32//32 10//10
f 32//32 22//22 10//10
f 33//33 9//9 21//21
f 21//21 34//34 33//33
f 12//12 22//22 23//23
f 21//21 24//24 35//35
f 22//22 36//36 23//23
f 24//24 23//23 37//37
f 38//38 25//25 13//13
f 13//13 26//26 38//38
f 26//26 15//15 39//39
f 29//29 39//39 15//15
f 14//14 25//25 27//27
f 27//27 40//40 19//19
f 41//41 29//29 28//28
f 30//30 42//42 32//32
f 31//31 33//33 43//43
f 43//43 33//33 34//34
f 32//32 44//44 22//22
f 35//35 34//34 21//21
f 45//45 36//36 22//22
f 36//36 46//46 23//23
f 23//23 46//46 37//37
f 24//24 37//37 47//47
f 47//47 35//35 24//24
f 37//37 46//46 48//48
f 38//38 49//49 25//25
f 26//26 50//50 38//38
f 26//26 39//39 50//50
f 29//29 51//51 39//39
f 25//25 52//52 27//27
f 41//41 53//53 29//29
f 40//40 54//54 19//19
f 55//55 41//41 28//28
f 30//30 19//19 54//54
f 30//30 54//54 56//56
f 28//28 31//31 55//55
f 30//30 56//56 42//42
f 57//57 55//55 31//31
f 31//31 43//43 57//57
f 42//42 58//58 44//44
f 44//44 32//32 42//42
f 34//34 59//59 43//43
f 44//44 60//60 45//45
f 44//44 45//45 22//22
f 34//34 35//35 61//61
f 45//45 62//62 36//36
f 35//35 47//47 61//61
f 48//48 47//47 37//37
f 38//38 63//63 49//49
f 39//39 64//64 50//50
f 29//29 65//65 51//51
f 52//52 40//40 27//27
f 53//53 41//41 55//55
f 66//66 53//53 55//55
f 66//66 55//55 57//57
f 42//42 56//56 67//67
f 42//42 67//67 58//58
f 57//57 43//43 68//68
f 43//43 59//59 68//68
f 59//59 34//34 69//69
f 60//60 62//62 45//45
f 61//61 69//69 34//34
f 62//62 70//70 36//36
f 46//46 36//36 71//71
f 71//71 72//72 46//46
f 48//48 46//46 72//72
f 38//38 50//50 63//63
f 39//39 51//51 64//64
f 49//49 52//52 25//25
f 53//53 65//65 29//29
f 53//53 73//73 65//65
f 52//52 74//74 40//40
f 40//40 75//75 54//54
f 75//75 76//76 56//56
f 54//54 75//75 56//56
f 44//44 58//58 77//77
f 77//77 60//60 44//44
f 69//69 78//78 59//59
f 79//79 69//69 61//61
f 36//36 70//70 71//71
f 61//61 47//47 79//79
f 48//48 72//72 80//80
f 80//80 47//47 48//48
f 63//63 50//50 81//81
f 63//63 82//82 49//49
f 52//52 49//49 83//83
f 83//83 74//74 52//52
f 40//40 74//74 75//75
f 53//53 66//66 73//73
f 66//66 57//57 84//84
f 67//67 56//56 76//76
f 68//68 59//59 85//85
f 77//77 86//86 60//60
f 59//59 78//78 85//85
f 62//62 60//60 87//87
f 62//62 87//87 70//70
f 79//79 47//47 88//88
f 71//71 70//70 89//89
f 72//72 71//71 89//89
f 47//47 80//80 88//88
f 63//63 81//81 90//90
f 50//50 91//91 81//81
f 50//50 64//64 91//91
f 63//63 90//90 82//82
f 83//83 49//49 82//82
f 51//51 65//65 92//92
f 51//51 92//92 64//64
f 82//82 93//93 83//83
f 65//65 73//73 94//94
f 83//83 95//95 74//74
f 66//66 96//96 73//73
f 75//75 97//97 76//76
f 84//84 57//57 98//98
f 57//57 68//68 98//98
f 58//58 67//67 99//99
f 99//99 77//77 58//58
f 100//100 86//86 77//77
f 86//86 87//87 60//60
f 69//69 79//79 78//78
f 70//70 87//87 101//101
f 88//88 80//80 102//102
f 72//72 89//89 103//103
f 80//80 72//72 103//103
f 94//94 104//104 65//65
f 75//75 74//74 105//105
f 75//75 105//105 97//97
f 66//66 84//84 96//96
f 106//106 96//96 84//84
f 76//76 97//97 107//107
f 84//84 98//98 106//106
f 67//67 76//76 107//107
f 67//67 107//107 99//99
f 68//68 108//108 98//98
f 68//68 85//85 108//108
f 77//77 99//99 100//100
f 85//85 109//109 108//108
f 78//78 110//110 85//85
f 86//86 111//111 87//87
f 88//88 112//112 79//79
f 80//80 103//103 102//102
f 90//90 81//81 113//113
f 81//81 91//91 113//113
f 91//91 64//64 114//114
f 64//64 92//92 114//114
f 65//65 104//104 92//92
f 115//115 94//94 73//73
f 73//73 96//96 115//115
f 86//86 100//100 111//111
f 79//79 116//116 78//78
f 70//70 101//101 117//117
f 79//79 112//112 116//116
f 89//89 70//70 117//117
f 112//112 88//88 102//102
f 103//103 89//89 118//118
f 119//119 90//90 113//113
f 119//119 82//82 90//90
f 83//83 93//93 95//95
f 115//115 104//104 94//94
f 95//95 120//120 74//74
f 96//96 121//121 115//115
f 97//97 105//105 122//122
f 107//107 97//97 123//123
f 99//99 124//124 100//100
f 108//108 109//109 125//125
f 85//85 110//110 109//109
f 78//78 126//126 110//110
f 87//87 111//111 101//101
f 126//126 78//78 116//116
f 101//101 127//127 117//117
f 117//117 118//118 89//89
f 102//102 103//103 128//128
f 92//92 129//129 114//114
f 120//120 105//105 74//74
f 97//97 122//122 123//123
f 106//106 130//130 131//131
f 106//106 98//98 130//130
f 130//130 98//98 108//108
f 124//124 99//99 132//132
f 102//102 128//128 133//133
f 133//133 112//112 102//102
f 134//134 103//103 118//118
f 134//134 128//128 103//103
f 91//91 114//114 135//135
f 82//82 119//119 93//93
f 92//92 104//104 136//136
f 121//121 96//96 137//137
f 96//96 106//106 137//137
f 106//106 131//131 137//137
f 107//107 123//123 138//138
f 99//99 107//107 138//138
f 130//130 108//108 139//139
f 99//99 138//138 132//132
f 100//100 124//124 140//140
f 100//100 140//140 111//111
f 109//109 110//110 141//141
f 111//111 140//140 101//101
f 118//118 117//117 142//142
f 133//133 143//143 112//112
f 113//113 144//144 145//145
f 113//113 145//145 119//119
f 113//113 146//146 144//144
f 113//113 91//91 146//146
f 91//91 135//135 146//146
f 114//114 129//129 135//135
f 93//93 119//119 147//147
f 93//93 148//148 95//95
f 108//108 125//125 139//139
f 125//125 109//109 149//149
f 109//109 141//141 149//149
f 101//101 140//140 150//150
f 110//110 126//126 151//151
f 152//152 126//126 116//116
f 117//117 127//127 153//153
f 116//116 112//112 143//143
f 154//154 134//134 118//118
f 134//134 155//155 128//128
f 155//155 133//133 128//128
f 146//146 135//135 156//156
f 92//92 136//136 129//129
f 93//93 147//147 148//148
f 157//157 104//104 115//115
f 158//158 122//122 105//105
f 105//105 120//120 158//158
f 115//115 121//121 157//157
f 121//121 159//159 157//157
f 123//123 122//122 160//160
f 139//139 125//125 161//161
f 162//162 124//124 132//132
f 125//125 149//149 161//161
f 101//101 150//150 127//127
f 151//151 126//126 152//152
f 116//116 143//143 152//152
f 142//142 117//117 153//153
f 104//104 163//163 136//136
f 148//148 120//120 95//95
f 157//157 163//163 104//104
f 121//121 137//137 159//159
f 138//138 123//123 164//164
f 130//130 139//139 165//165
f 132//132 138//138 162//162
f 166//166 140//140 124//124
f 110//110 151//151 141//141
f 118//118 142//142 167//167
f 168//168 134//134 154//154
f 168//168 155//155 134//134
f 169//169 133//133 155//155
f 169//169 143//143 133//133
f 135//135 129//129 156//156
f 119//119 145//145 147//147
f 129//129 136//136 170//170
f 122//122 158//158 160//160
f 138//138 164//164 171//171
f 162//162 138//138 171//171
f 165//165 139//139 172//172
f 172//172 139//139 161//161
f 173//173 124//124 162//162
f 166//166 124//124 173//173
f 127//127 150//150 174//174
f 127//127 174//174 153//153
f 175//175 152//152 143//143
f 167//167 154//154 118//118
f 147//147 176//176 148//148
f 137//137 131//131 177//177
f 123//123 160//160 178//178
f 123//123 178//178 164//164
f 131//131 130//130 177//177
f 130//130 165//165 177//177
f 140//140 166//166 179//179
f 140//140 179//179 150//150
f 151//151 152//152 180//180
f 181//181 142//142 153//153
f 142//142 181//181 167//167
f 175//175 143//143 169//169
f 182//182 168//168 154//154
f 183//183 145//145 184//184
f 184//184 145//145 144//144
f 156//156 129//129 185//185
f 129//129 170//170 185//185
f 147//147 145//145 176//176
f 120//120 148//148 186//186
f 120//120 186//186 158//158
f 159//159 137//137 187//187
f 137//137 177//177 187//187
f 188//188 166//166 173//173
f 151//151 189//189 141//141
f 151//151 180//180 189//189
f 179//179 190//190 150//150
f 174//174 150//150 190//190
f 152//152 175//175 180//180
f 174//174 181//181 153//153
f 191//191 155//155 168//168
f 144//144 146//146 192//192
f 146//146 193//193 192//192
f 193//193 146//146 156//156
f 176//176 145//145 183//183
f 136//136 194//194 170//170
f 136//136 163//163 194//194
f 158//158 186//186 195//195
f 157//157 159//159 196//196
f 160//160 158//158 195//195
f 164//164 178//178 197//197
f 177//177 165//165 198//198
f 171//171 164//164 197//197
f 162//162 171//171 199//199
f 162//162 199//199 173//173
f 161//161 149//149 200//200
f 149//149 201//201 200//200
f 149//149 141//141 201//201
f 166//166 188//188 179//179
f 141//141 189//189 201//201
f 182//182 191//191 168//168
f 191//191 202//202 155//155
f 202//202 203//203 155//155
f 203//203 169//169 155//155
f 169//169 204//204 175//175
f 184//184 144//144 192//192
f 193//193 156//156 185//185
f 170//170 205//205 185//185
f 148//148 176//176 206//206
f 148//148 206//206 186//186
f 157//157 207//207 163//163
f 157//157 196//196 207//207
f 160//160 195//195 208//208
f 159//159 187//187 196//196
f 178//178 160//160 208//208
f 165//165 172//172 209//209
f 172//172 200//200 209//209
f 173//173 199//199 210//210
f 172//172 161//161 200//200
f 173//173 210//210 188//188
f 174//174 211//211 181//181
f 212//212 180//180 175//175
f 212//212 175//175 204//204
f 213//213 182//182 154//154
f 214//214 176//176 183//183
f 170//170 194//194 205//205
f 194//194 163//163 207//207
f 187//187 177//177 215//215
f 177//177 198//198 215//215
f 171//171 197//197 216//216
f 199//199 171//171 216//216
f 217//217 167//167 181//181
f 213//213 154//154 167//167
f 182//182 218//218 219//219
f 191//191 182//182 219//219
f 204//204 169//169 203//203
f 193//193 185//185 220//220
f 185//185 205//205 221//221
f 178//178 208//208 222//222
f 178//178 222//222 197//197
f 223//223 198//198 165//165
f 216//216 224//224 199//199
f 223//223 165//165 209//209
f 210//210 199//199 224//224
f 210//210 225//225 188//188
f 180//180 226//226 189//189
f 190//190 179//179 227//227
f 190//190 227//227 228//228
f 212//212 226//226 180//180
f 228//228 174//174 190//190
f 174//174 228//228 211//211
f 211//211 217//217 181//181
f 213//213 218//218 182//182
f 229//229 184//184 192//192
f 230//230 229//229 192//192
f 230//230 192//192 193//193
f 193//193 220//220 230//230
f 231//231 183//183 232//232
f 232//232 183//183 184//184
f 185//185 221//221 220//220
f 214//214 183//183 231//231
f 194//194 233//233 205//205
f 186//186 206//206 195//195
f 196//196 187//187 234//234
f 235//235 215//215 198//198
f 209//209 200//200 236//236
f 200//200 201//201 237//237
f 189//189 238//238 201//201
f 189//189 239//239 238//238
f 226//226 239//239 189//189
f 240//240 217//217 211//211
f 167//167 217//217 213//213
f 191//191 219//219 202//202
f 204//204 203//203 241//241
f 232//232 184//184 229//229
f 242//242 176//176 214//214
f 176//176 242//242 206//206
f 194//194 207//207 233//233
f 243//243 195//195 206//206
f 196//196 244//244 207//207
f 208//208 195//195 245//245
f 234//234 187//187 215//215
f 216//216 246//246 224//224
f 223//223 209//209 247//247
f 236//236 200//200 237//237
f 201//201 238//238 237//237
f 225//225 248//248 188//188
f 188//188 248//248 179//179
f 179//179 249//249 227//227
f 212//212 250//250 251//251
f 212//212 251//251 226//226
f 211//211 228//228 240//240
f 203//203 202//202 241//241
f 241//241 252//252 204//204
f 230//230 253//253 229//229
f 254//254 220//220 221//221
f 221//221 205//205 255//255
f 205//205 233//233 255//255
f 206//206 256//256 243//243
f 222//222 216//216 197//197
f 235//235 198//198 223//223
f 247//247 209//209 236//236
f 224//224 257//257 210//210
f 210//210 257//257 225//225
f 248//248 249//249 179//179
f 258//258 213//213 217//217
f 213//213 258//258 218//218
f 202//202 259//259 241//241
f 252//252 212//212 204//204
f 219//219 218//218 260//260
f 261//261 231//231 232//232
f 214//214 231//231 261//261
f 256//256 206//206 242//242
f 207//207 244//244 233//233
f 244//244 196//196 262//262
f 243//243 245//245 195//195
f 234//234 262//262 196//196
f 222//222 208//208 245//245
f 263//263 235//235 223//223
f 264//264 223//223 247//247
f 225//225 265//265 248//248
f 251//251 239//239 226//226
f 228//228 266//266 240//240
f 212//212 252//252 250//250
f 267//267 259//259 202//202
f 258//258 260//260 218//218
f 268//268 202//202 219//219
f 269//269 229//229 253//253
f 269//269 232//232 229//229
f 230//230 220//220 270//270
f 254//254 270//270 220//220
f 271//271 254//254 221//221
f 221//221 255//255 271//271
f 242//242 214//214 272//272
f 234//234 273//273 262//262
f 215//215 273//273 234//234
f 273//273 215//215 274//274
f 245//245 275//275 222//222
f 274//274 215//215 235//235
f 222//222 275//275 276//276
f 222//222 276//276 216//216
f 216//216 276//276 246//246
f 263//263 223//223 264//264
f 239//239 277//277 238//238
f 227//227 266//266 228//228
f 252//252 278//278 250//250
f 260//260 268//268 219//219
f 272//272 214//214 261//261
f 279//279 256//256 242//242
f 243//243 256//256 280//280
f 262//262 281//281 244//244
f 246//246 282//282 224//224
f 224//224 282//282 257//257
f 251//251 283//283 239//239
f 278//278 251//251 250//250
f 284//284 258//258 217//217
f 259//259 285//285 241//241
f 285//285 252//252 241//241
f 286//286 232//232 269//269
f 261//261 232//232 286//286
f 233//233 287//287 255//255
f 279//279 242//242 272//272
f 233//233 244//244 287//287
f 245//245 243//243 288//288
f 274//274 235//235 289//289
f 289//289 235//235 263//263
f 246//246 276//276 290//290
f 247//247 236//236 291//291
f 237//237 291//291 236//236
f 257//257 292//292 293//293
f 257//257 293//293 225//225
f 225//225 293//293 265//265
f 283//283 277//277 239//239
f 294//294 284//284 217//217
f 294//294 217//217 240//240
f 268//268 295//295 202//202
f 295//295 267//267 202//202
f 253//253 296//296 269//269
f 297//297 253//253 230//230
f 270//270 297//297 230//230
f 271//271 298//298 254//254
f 244//244 281//281 287//287
f 280//280 256//256 279//279
f 243//243 280//280 288//288
f 275//275 245//245 288//288
f 246//246 290//290 282//282
f 299//299 264//264 247//247
f 265//265 300//300 248//248
f 249//249 301//301 227//227
f 227//227 301//301 266//266
f 266//266 294//294 240//240
f 302//302 278//278 252//252
f 284//284 303//303 258//258
f 260//260 258//258 304//304
f 304//304 268//268 260//260
f 297//297 296//296 253//253
f 305//305 286//286 269//269
f 305//305 269//269 296//296
f 271//271 306//306 298//298
f 307//307 272//272 261//261
f 255//255 308//308 271//271
f 279//279 272//272 307//307
f 287//287 308//308 255//255
f 276//276 275//275 309//309
f 276//276 309//309 290//290
f 289//289 263//263 310//310
f 263//263 264//264 299//299
f 237//237 311//311 291//291
f 238//238 311//311 237//237
f 277//277 311//311 238//238
f 248//248 300//300 249//249
f 283//283 312//312 277//277
f 285//285 302//302 252//252
f 303//303 304//304 258//258
f 313//313 259//259 267//267
f 295//295 313//313 267//267
f 304//304 314//314 268//268
f 298//298 270//270 254//254
f 308//308 306//306 271//271
f 315//315 279//279 307//307
f 281//281 316//316 287//287
f 317//317 288//288 280//280
f 262//262 273//273 318//318
f 275//275 288//288 319//319
f 318//318 273//273 274//274
f 309//309 275//275 319//319
f 282//282 320//320 257//257
f 299//299 247//247 321//321
f 257//257 320//320 292//292
f 321//321 247//247 291//291
f 293//293 322//322 265//265
f 277//277 312//312 311//311
f 322//322 300//300 265//265
f 300//300 301//301 249//249
f 251//251 323//323 283//283
f 278//278 323//323 251//251
f 324//324 294//294 266//266
f 314//314 295//295 268//268
f 325//325 297//297 270//270
f 298//298 325//325 270//270
f 286//286 326//326 261//261
f 307//307 261//261 326//326
f 327//327 279//279 315//315
f 280//280 279//279 327//327
f 281//281 262//262 328//328
f 328//328 262//262 318//318
f 318//318 274//274 289//289
f 309//309 329//329 290//290
f 310//310 263//263 299//299
f 290//290 329//329 282//282
f 301//301 324//324 266//266
f 313//313 285//285 259//259
f 330//330 304//304 303//303
f 331//331 314//314 304//304
f 314//314 332//332 295//295
f 287//287 333//333 308//308
f 317//317 280//280 327//327
f 281//281 328//328 316//316
f 319//319 288//288 317//317
f 309//309 334//334 329//329
f 335//335 299//299 321//321
f 311//311 321//321 291//291
f 336//336 312//312 283//283
f 301//301 337//337 324//324
f 338//338 278//278 302//302
f 338//338 323//323 278//278
f 294//294 339//339 284//284
f 284//284 330//330 303//303
f 332//332 313//313 295//295
f 305//305 326//326 286//286
f 340//340 325//325 298//298
f 306//306 340//340 298//298
f 341//341 307//307 326//326
f 315//315 307//307 341//341
f 308//308 333//333 306//306
f 316//316 333//333 287//287
f 342//342 318//318 289//289
f 342//342 289//289 310//310
f 343//343 282//282 329//329
f 320//320 344//344 292//292
f 292//292 344//344 293//293
f 283//283 323//323 336//336
f 339//339 330//330 284//284
f 302//302 285//285 313//313
f 330//330 331//331 304//304
f 316//316 345//345 333//333
f 316//316 346//346 345//345
f 347//347 317//317 327//327
f 328//328 346//346 316//316
f 319//319 317//317 347//347
f 318//318 348//348 328//328
f 319//319 349//349 309//309
f 309//309 349//349 334//334
f 310//310 299//299 350//350
f 350//350 299//299 335//335
f 282//282 343//343 320//320
f 293//293 344//344 322//322
f 312//312 351//351 311//311
f 300//300 352//352 301//301
f 301//301 352//352 337//337
f 332//332 353//353 313//313
f 296//296 354//354 305//305
f 355//355 296//296 297//297
f 356//356 297//297 325//325
f 340//340 356//356 325//325
f 354//354 326//326 305//305
f 357//357 326//326 354//354
f 341//341 326//326 357//357
f 306//306 333//333 358//358
f 359//359 327//327 315//315
f 319//319 347//347 349//349
f 348//348 318//318 342//342
f 334//334 360//360 329//329
f 344//344 361//361 322//322
f 322//322 361//361 300//300
f 361//361 352//352 300//300
f 336//336 351//351 312//312
f 362//362 338//338 302//302
f 353//353 302//302 313//313
f 331//331 363//363 314//314
f 363//363 364//364 332//332
f 363//363 332//332 314//314
f 355//355 354//354 296//296
f 356//356 355//355 297//297
f 340//340 365//365 356//356
f 348//348 346//346 328//328
f 342//342 310//310 350//350
f 329//329 360//360 343//343
f 311//311 366//366 321//321
f 337//337 352//352 367//367
f 323//323 368//368 336//336
f 369//369 368//368 323//323
f 337//337 367//367 324//324
f 369//369 323//323 338//338
f 353//353 362//362 302//302
f 330//330 370//370 331//331
f 370//370 363//363 331//331
f 306//306 358//358 340//340
f 333//333 371//371 358//358
f 372//372 349//349 347//347
f 373//373 348//348 342//342
f 335//335 321//321 366//366
f 320//320 374//374 344//344
f 344//344 374//374 361//361
f 375//375 351//351 336//336
f 368//368 375//375 336//336
f 324//324 367//367 294//294
f 294//294 370//370 339//339
f 339//339 370//370 330//330
f 364//364 353//353 332//332
f 340//340 376//376 365//365
f 357//357 377//377 341//341
f 377//377 378//378 341//341
f 378//378 315//315 341//341
f 359//359 315//315 378//378
f 333//333 379//379 371//371
f 345//345 379//379 333//333
f 380//380 327//327 359//359
f 327//327 380//380 347//347
f 381//381 346//346 348//348
f 349//349 382//382 334//334
f 334//334 382//382 360//360
f 383//383 373//373 342//342
f 383//383 342//342 350//350
f 343//343 360//360 384//384
f 343//343 385//385 386//386
f 343//343 386//386 320//320
f 320//320 386//386 374//374
f 351//351 366//366 311//311
f 367//367 387//387 294//294
f 338//338 362//362 369//369
f 294//294 387//387 370//370
f 388//388 362//362 353//353
f 377//377 357//357 354//354
f 358//358 376//376 340//340
f 347//347 380//380 372//372
f 381//381 348//348 373//373
f 349//349 372//372 382//382
f 360//360 382//382 384//384
f 384//384 385//385 343//343
f 366//366 389//389 335//335
f 390//390 352//352 361//361
f 390//390 391//391 352//352
f 391//391 367//367 352//352
f 392//392 364//364 363//363
f 392//392 388//388 364//364
f 388//388 353//353 364//364
f 355//355 393//393 354//354
f 393//393 377//377 354//354
f 358//358 371//371 394//394
f 345//345 395//395 379//379
f 345//345 381//381 395//395
f 381//381 345//345 346//346
f 396//396 373//373 383//383
f 385//385 397//397 386//386
f 389//389 350//350 335//335
f 398//398 361//361 374//374
f 398//398 390//390 361//361
f 375//375 399//399 351//351
f 400//400 368//368 369//369
f 367//367 391//391 401//401
f 402//402 363//363 370//370
f 365//365 403//403 356//356
f 358//358 394//394 376//376
f 380//380 404//404 372//372
f 405//405 381//381 373//373
f 372//372 406//406 382//382
f 396//396 405//405 373//373
f 407//407 396//396 383//383
f 407//407 383//383 350//350
f 389//389 407//407 350//350
f 399//399 366//366 351//351
f 408//408 400//400 369//369
f 409//409 408//408 362//362
f 408//408 369//369 362//362
f 370//370 387//387 402//402
f 410//410 362//362 388//388
f 411//411 393//393 355//355
f 411//411 355//355 356//356
f 403//403 411//411 356//356
f 376//376 403//403 365//365
f 412//412 378//378 377//377
f 371//371 413//413 394//394
f 414//414 359//359 378//378
f 379//379 413//413 371//371
f 359//359 414//414 380//380
f 380//380 414//414 415//415
f 380//380 415//415 404//404
f 384//384 382//382 416//416
f 397//397 417//417 386//386
f 418//418 389//389 366//366
f 417//417 374//374 386//386
f 367//367 401//401 387//387
f 410//410 409//409 362//362
f 419//419 363//363 402//402
f 419//419 392//392 363//363
f 420//420 388//388 392//392
f 393//393 421//421 377//377
f 421//421 412//412 377//377
f 394//394 422//422 376//376
f 381//381 423//423 395//395
f 385//385 384//384 416//416
f 424//424 407//407 389//389
f 417//417 398//398 374//374
f 399//399 418//418 366//366
f 425//425 390//390 398//398
f 368//368 426//426 375//375
f 426//426 368//368 400//400
f 420//420 410//410 388//388
f 419//419 420//420 392//392
f 411//411 427//427 393//393
f 376//376 428//428 403//403
f 422//422 428//428 376//376
f 394//394 413//413 422//422
f 379//379 429//429 413//413
f 395//395 429//429 379//379
f 395//395 423//423 430//430
f 405//405 423//423 381//381
f 372//372 404//404 406//406
f 382//382 431//431 416//416
f 407//407 432//432 396//396
f 433//433 407//407 424//424
f 385//385 416//416 397//397
f 418//418 424//424 389//389
f 399//399 434//434 418//418
f 375//375 435//435 399//399
f 436//436 391//391 390//390
f 408//408 426//426 400//400
f 387//387 437//437 402//402
f 427//427 438//438 393//393
f 403//403 428//428 411//411
f 438//438 421//421 393//393
f 421//421 439//439 412//412
f 378//378 412//412 440//440
f 440//440 414//414 378//378
f 382//382 406//406 431//431
f 432//432 407//407 433//433
f 397//397 416//416 441//441
f 398//398 417//417 442//442
f 399//399 435//435 434//434
f 426//426 435//435 375//375
f 436//436 390//390 425//425
f 391//391 436//436 401//401
f 401//401 443//443 387//387
f 444//444 408//408 409//409
f 443//443 437//437 387//387
f 437//437 419//419 402//402
f 445//445 427//427 411//411
f 428//428 445//445 411//411
f 413//413 446//446 422//422
f 440//440 447//447 414//414
f 414//414 447//447 415//415
f 395//395 430//430 429//429
f 448//448 423//423 405//405
f 406//406 404//404 449//449
f 432//432 448//448 405//405
f 406//406 449//449 431//431
f 432//432 405//405 396//396
f 416//416 431//431 441//441
f 450//450 433//433 424//424
f 397//397 441//441 451//451
f 451//451 417//417 397//397
f 434//434 424//424 418//418
f 451//451 442//442 417//417
f 442//442 425//425 398//398
f 437//437 452//452 419//419
f 438//438 439//439 421//421
f 446//446 428//428 422//422
f 413//413 429//429 446//446
f 447//447 453//453 415//415
f 415//415 453//453 404//404
f 434//434 450//450 424//424
f 436//436 454//454 401//401
f 455//455 426//426 408//408
f 401//401 454//454 443//443
f 443//443 456//456 437//437
f 420//420 409//409 410//410
f 457//457 419//419 452//452
f 457//457 420//420 419//419
f 445//445 438//438 427//427
f 458//458 445//445 428//428
f 439//439 459//459 412//412
f 412//412 459//459 440//440
f 429//429 460//460 446//446
f 430//430 461//461 429//429
f 448//448 430//430 423//423
f 404//404 453//453 449//449
f 441//441 431//431 462//462
f 463//463 432//432 433//433
f 463//463 433//433 450//450
f 441//441 464//464 451//451
f 465//465 450//450 434//434
f 442//442 466//466 425//425
f 466//466 436//436 425//425
f 455//455 435//435 426//426
f 467//467 408//408 444//444
f 467//467 455//455 408//408
f 437//437 456//456 452//452
f 468//468 409//409 420//420
f 457//457 468//468 420//420
f 428//428 469//469 458//458
f 470//470 439//439 438//438
f 428//428 446//446 469//469
f 453//453 447//447 471//471
f 449//449 462//462 431//431
f 472//472 448//448 432//432
f 472//472 432//432 463//463
f 462//462 473//473 441//441
f 441//441 473//473 464//464
f 442//442 474//474 466//466
f 475//475 465//465 434//434
f 475//475 434//434 435//435
f 476//476 454//454 436//436
f 409//409 467//467 444//444
f 477//477 457//457 452//452
f 478//478 438//438 445//445
f 478//478 470//470 438//438
f 440//440 479//479 447//447
f 461//461 480//480 429//429
f 461//461 430//430 448//448
f 451//451 464//464 474//474
f 474//474 442//442 451//451
f 476//476 436//436 466//466
f 475//475 435//435 455//455
f 454//454 481//481 443//443
f 443//443 481//481 456//456
f 468//468 467//467 409//409
f 458//458 478//478 445//445
f 470//470 459//459 439//439
f 446//446 460//460 469//469
f 459//459 479//479 440//440
f 429//429 480//480 460//460
f 447//447 479//479 471//471
f 453//453 471//471 482//482
f 461//461 448//448 483//483
f 453//453 482//482 449//449
f 483//483 448//448 472//472
f 449//449 482//482 462//462
f 484//484 472//472 463//463
f 485//485 463//463 450//450
f 465//465 485//485 450//450
f 486//486 475//475 455//455
f 454//454 476//476 481//481
f 486//486 455//455 467//467
f 481//481 487//487 456//456
f 456//456 487//487 452//452
f 487//487 477//477 452//452
f 488//488 479//479 459//459
f 482//482 471//471 489//489
f 462//462 482//482 490//490
f 473//473 462//462 490//490
f 485//485 484//484 463//463
f 464//464 473//473 491//491
f 464//464 491//491 474//474
f 492//492 485//485 465//465
f 475//475 492//492 465//465
f 466//466 474//474 493//493
f 476//476 466//466 493//493
f 486//486 494//494 475//475
f 468//468 495//495 467//467
f 477//477 496//496 457//457
f 496//496 468//468 457//457
f 497//497 478//478 458//458
f 469//469 497//497 458//458
f 488//488 459//459 470//470
f 488//488 470//470 498//498
f 499//499 497//497 469//469
f 499//499 469//469 460//460
f 500//500 499//499 460//460
f 480//480 500//500 460//460
f 482//482 489//489 501//501
f 473//473 490//490 491//491
f 494//494 492//492 475//475
f 481//481 476//476 502//502
f 503//503 486//486 467//467
f 496//496 495//495 468//468
f 478//478 504//504 470//470
f 504//504 498//498 470//470
f 499//499 505//505 497//497
f 471//471 479//479 489//489
f 480//480 461//461 506//506
f 506//506 461//461 483//483
f 507//507 483//483 472//472
f 490//490 482//482 501//501
f 508//508 485//485 492//492
f 474//474 491//491 509//509
f 476//476 493//493 502//502
f 481//481 502//502 510//510
f 481//481 510//510 487//487
f 503//503 467//467 495//495
f 497//497 504//504 478//478
f 500//500 480//480 506//506
f 507//507 472//472 484//484
f 485//485 507//507 484//484
f 493//493 474//474 509//509
f 494//494 511//511 492//492
f 502//502 493//493 512//512
f 486//486 511//511 494//494
f 487//487 510//510 513//513
f 487//487 513//513 514//514
f 515//515 495//495 496//496
f 514//514 477//477 487//487
f 514//514 496//496 477//477
f 514//514 515//515 496//496
f 516//516 498//498 504//504
f 500//500 505//505 499//499
f 517//517 479//479 488//488
f 517//517 488//488 518//518
f 489//489 479//479 517//517
f 519//519 506//506 483//483
f 501//501 489//489 520//520
f 521//521 483//483 507//507
f 490//490 501//501 522//522
f 507//507 485//485 508//508
f 491//491 490//490 522//522
f 523//523 508//508 492//492
f 511//511 523//523 492//492
f 493//493 509//509 524//524
f 525//525 503//503 495//495
f 525//525 495//495 515//515
f 526//526 516//516 504//504
f 526//526 504//504 497//497
f 505//505 526//526 497//497
f 518//518 488//488 498//498
f 516//516 518//518 498//498
f 506//506 527//527 500//500
f 489//489 517//517 528//528
f 520//520 489//489 528//528
f 519//519 483//483 521//521
f 501//501 520//520 529//529
f 522//522 501//501 529//529
f 491//491 522//522 524//524
f 524//524 509//509 491//491
f 512//512 493//493 524//524
f 503//503 530//530 511//511
f 510//510 502//502 531//531
f 510//510 531//531 532//532
f 511//511 486//486 503//503
f 510//510 532//532 513//513
f 505//505 500//500 527//527
f 528//528 517//517 518//518
f 528//528 518//518 533//533
f 506//506 519//519 527//527
f 534//534 521//521 508//508
f 521//521 507//507 508//508
f 523//523 534//534 508//508
f 535//535 523//523 511//511
f 512//512 524//524 536//536
f 531//531 502//502 512//512
f 525//525 530//530 503//503
f 532//532 537//537 513//513
f 537//537 514//514 513//513
f 537//537 515//515 514//514
f 518//518 516//516 533//533
f 526//526 533//533 516//516
f 538//538 526//526 505//505
f 527//527 538//538 505//505
f 527//527 519//519 539//539
f 520//520 528//528 540//540
f 529//529 520//520 540//540
f 541//541 519//519 521//521
f 534//534 541//541 521//521
f 522//522 529//529 542//542
f 524//524 522//522 542//542
f 543//543 534//534 523//523
f 544//544 524//524 542//542
f 535//535 543//543 523//523
f 524//524 544//544 536//536
f 535//535 511//511 530//530
f 536//536 531//531 512//512
f 525//525 545//545 530//530
f 532//532 546//546 537//537
f 537//537 547//547 515//515
f 525//525 515//515 547//547
f 548//548 533//533 526//526
f 538//538 548//548 526//526
f 549//549 538//538 527//527
f 533//533 550//550 528//528
f 527//527 539//539 549//549
f 540//540 528//528 550//550
f 539//539 519//519 541//541
f 529//529 540//540 542//542
f 541//541 534//534 543//543
f 551//551 536//536 544//544
f 531//531 536//536 551//551
f 535//535 530//530 545//545
f 531//531 546//546 532//532
f 547//547 545//545 525//525
f 548//548 538//538 549//549
f 533//533 552//552 550//550
f 548//548 552//552 533//533
f 549//549 539//539 553//553
f 550//550 554//554 540//540
f 554//554 550//550 552//552
f 553//553 539//539 541//541
f 553//553 541//541 555//555
f 540//540 554//554 556//556
f 540//540 556//556 542//542
f 544//544 542//542 556//556
f 555//555 541//541 543//543
f 545//545 543//543 535//535
f 557//557 545//545 547//547
f 551//551 558//558 546//546
f 551//551 546//546 531//531
f 558//558 547//547 546//546
f 546//546 547//547 537//537
f 559//559 548//548 549//549
f 559//559 549//549 553//553
f 560//560 559//559 553//553
f 553//553 555//555 560//560
f 556//556 554//554 561//561
f 560//560 555//555 543//543
f 544//544 556//556 551//551
f 561//561 551//551 556//556
f 560//560 543//543 557//557
f 551//551 561//561 558//558
f 557//557 543//543 545//545
f 558//558 557//557 547//547
f 552//552 559//559 554//554
f 552//552 548//548 559//559
f 559//559 560//560 561//561
f 554//554 559//559 561//561
f 561//561 560//560 558//558
f 560//560 557//557 558//558
f 562//562 563//563 564//564
f 565//565 566//566 567//567
f 568//568 569//569 570//570
f 571//571 572//572 573//573
f 574//574 575//575 576//576
f 577//577 578//578 579//579
f 580//580 581//581 582//582
f 583//583 584//584 585//585
f 586//586 587//587 588//588
f 589//589 590//590 591//591
f 592//592 593//593 594//594
f 595//595 596//596 597//597
f 598//598 599//599 600//600
f 601//601 602//602 603//603
f 604//604 605//605 606//606
f 607//607 608//608 609//609
f 610//610 611//611 612//612
f 613//613 614//614 615//615
f 616//616 617//617 618//618
f 619//619 620//620 621//621
f 622//622 613//613 623//623
f 624//624 625//625 626//626
f 627//627 622//622 628//628
f 629//629 630//630 631//631
f 632//632 633//633 634//634
f 635//635 636//636 637//637
f 638//638 637//637 639//639
f 640//640 641//641 642//642
f 643//643 644//644 645//645
f 646//646 647//647 648//648
f 649//649 650//650 651//651
f 647//647 652//652 653//653
f 654//654 655//655 656//656
f 657//657 658//658 659//659
f 660//660 661//661 662//662
f 660//660 662//662 564//564
f 659//659 658//658 663//663
f 664//664 564//564 662//662
f 659//659 665//665 666//666
f 564//564 667//667 668//668
f 669//669 659//659 663//663
f 564//564 563//563 660//660
f 670//670 663//663 658//658
f 666//666 657//657 659//659
f 671//671 657//657 666//666
f 564//564 668//668 562//562
f 672//672 673//673 674//674
f 671//671 675//675 676//676
f 668//668 677//677 562//562
f 668//668 678//678 677//677
f 679//679 680//680 663//663
f 681//681 682//682 657//657
f 657//657 683//683 681//681
f 684//684 660//660 563//563
f 565//565 684//684 563//563
f 682//682 685//685 670//670
f 658//658 657//657 682//682
f 658//658 682//682 670//670
f 566//566 565//565 563//563
f 686//686 674//674 661//661
f 661//661 660//660 686//686
f 563//563 562//562 566//566
f 679//679 663//663 670//670
f 672//672 687//687 688//688
f 689//689 676//676 690//690
f 684//684 565//565 691//691
f 565//565 567//567 691//691
f 685//685 682//682 692//692
f 685//685 692//692 693//693
f 657//657 671//671 683//683
f 671//671 694//694 683//683
f 671//671 676//676 694//694
f 674//674 695//695 672//672
f 670//670 696//696 679//679
f 689//689 694//694 676//676
f 562//562 568//568 566//566
f 679//679 696//696 572//572
f 568//568 562//562 677//677
f 697//697 689//689 698//698
f 699//699 687//687 700//700
f 660//660 684//684 701//701
f 691//691 702//702 684//684
f 691//691 703//703 702//702
f 704//704 692//692 705//705
f 681//681 705//705 692//692
f 681//681 692//692 682//682
f 706//706 686//686 660//660
f 701//701 706//706 660//660
f 686//686 695//695 674//674
f 685//685 707//707 670//670
f 566//566 708//708 567//567
f 695//695 709//709 672//672
f 577//577 694//694 689//689
f 708//708 566//566 568//568
f 672//672 709//709 687//687
f 708//708 568//568 570//570
f 696//696 710//710 573//573
f 696//696 573//573 572//572
f 577//577 689//689 697//697
f 687//687 709//709 700//700
f 711//711 712//712 708//708
f 570//570 711//711 708//708
f 711//711 713//713 712//712
f 714//714 715//715 710//710
f 714//714 710//710 716//716
f 717//717 700//700 718//718
f 719//719 714//714 716//716
f 720//720 697//697 721//721
f 701//701 684//684 722//722
f 684//684 702//702 722//722
f 705//705 681//681 723//723
f 681//681 683//683 723//723
f 692//692 704//704 724//724
f 683//683 694//694 725//725
f 567//567 703//703 691//691
f 692//692 724//724 693//693
f 707//707 696//696 670//670
f 579//579 694//694 577//577
f 726//726 567//567 708//708
f 712//712 727//727 708//708
f 575//575 718//718 700//700
f 575//575 700//700 709//709
f 728//728 712//712 729//729
f 718//718 728//728 730//730
f 718//718 730//730 731//731
f 716//716 720//720 732//732
f 716//716 732//732 733//733
f 702//702 703//703 704//704
f 705//705 702//702 704//704
f 704//704 734//734 724//724
f 703//703 567//567 735//735
f 695//695 686//686 576//576
f 736//736 707//707 693//693
f 736//736 693//693 724//724
f 709//709 695//695 575//575
f 728//728 727//727 712//712
f 716//716 710//710 737//737
f 702//702 705//705 722//722
f 705//705 723//723 722//722
f 701//701 722//722 738//738
f 723//723 683//683 739//739
f 706//706 701//701 738//738
f 725//725 739//739 683//683
f 734//734 740//740 703//703
f 734//734 703//703 735//735
f 704//704 740//740 734//734
f 706//706 741//741 686//686
f 734//734 736//736 724//724
f 742//742 567//567 726//726
f 742//742 735//735 567//567
f 743//743 696//696 707//707
f 696//696 743//743 744//744
f 695//695 576//576 575//575
f 696//696 744//744 737//737
f 727//727 726//726 708//708
f 737//737 710//710 696//696
f 718//718 727//727 728//728
f 737//737 720//720 716//716
f 737//737 697//697 720//720
f 742//742 745//745 735//735
f 745//745 734//734 735//735
f 686//686 741//741 746//746
f 576//576 686//686 746//746
f 747//747 742//742 726//726
f 694//694 579//579 748//748
f 727//727 747//747 726//726
f 575//575 727//727 718//718
f 737//737 577//577 697//697
f 749//749 750//750 722//722
f 738//738 722//722 750//750
f 723//723 739//739 751//751
f 706//706 738//738 752//752
f 745//745 736//736 734//734
f 725//725 694//694 748//748
f 736//736 743//743 707//707
f 574//574 727//727 575//575
f 722//722 753//753 749//749
f 722//722 751//751 753//753
f 722//722 723//723 751//751
f 750//750 752//752 738//738
f 706//706 752//752 741//741
f 742//742 754//754 745//745
f 755//755 742//742 747//747
f 748//748 756//756 725//725
f 746//746 574//574 576//576
f 748//748 579//579 578//578
f 577//577 737//737 744//744
f 577//577 744//744 578//578
f 757//757 751//751 739//739
f 739//739 725//725 757//757
f 755//755 754//754 742//742
f 758//758 736//736 745//745
f 759//759 746//746 741//741
f 574//574 746//746 759//759
f 748//748 578//578 756//756
f 574//574 760//760 727//727
f 747//747 727//727 760//760
f 761//761 578//578 744//744
f 741//741 752//752 762//762
f 754//754 758//758 745//745
f 736//736 763//763 743//743
f 764//764 755//755 747//747
f 725//725 756//756 765//765
f 766//766 767//767 765//765
f 768//768 769//769 762//762
f 762//762 770//770 759//759
f 741//741 762//762 759//759
f 760//760 764//764 747//747
f 743//743 761//761 744//744
f 765//765 756//756 771//771
f 765//765 771//771 772//772
f 766//766 765//765 772//772
f 762//762 769//769 770//770
f 766//766 772//772 580//580
f 769//769 773//773 774//774
f 774//774 775//775 769//769
f 776//776 580//580 777//777
f 773//773 778//778 774//774
f 776//776 777//777 779//779
f 778//778 780//780 781//781
f 778//778 781//781 774//774
f 777//777 782//782 779//779
f 779//779 782//782 783//783
f 784//784 779//779 783//783
f 785//785 774//774 781//781
f 786//786 783//783 782//782
f 758//758 787//787 736//736
f 725//725 788//788 757//757
f 787//787 763//763 736//736
f 765//765 789//789 725//725
f 743//743 763//763 584//584
f 765//765 767//767 789//789
f 584//584 761//761 743//743
f 769//769 768//768 790//790
f 791//791 574//574 759//759
f 791//791 760//760 574//574
f 761//761 756//756 578//578
f 790//790 773//773 769//769
f 582//582 766//766 580//580
f 769//769 775//775 770//770
f 778//778 773//773 792//792
f 580//580 772//772 793//793
f 580//580 776//776 581//581
f 794//794 795//795 792//792
f 580//580 793//793 777//777
f 776//776 796//796 797//797
f 774//774 785//785 798//798
f 782//782 799//799 786//786
f 785//785 800//800 798//798
f 799//799 801//801 786//786
f 753//753 751//751 802//802
f 751//751 803//803 802//802
f 755//755 758//758 754//754
f 804//804 764//764 760//760
f 766//766 582//582 767//767
f 805//805 773//773 790//790
f 806//806 759//759 770//770
f 806//806 791//791 759//759
f 761//761 807//807 756//756
f 807//807 771//771 756//756
f 808//808 772//772 771//771
f 805//805 792//792 773//773
f 805//805 794//794 792//792
f 806//806 770//770 775//775
f 776//776 797//797 581//581
f 794//794 805//805 809//809
f 808//808 793//793 772//772
f 810//810 775//775 774//774
f 793//793 782//782 777//777
f 774//774 798//798 810//810
f 811//811 798//798 812//812
f 799//799 813//813 814//814
f 815//815 750//750 749//749
f 749//749 753//753 815//815
f 751//751 816//816 803//803
f 751//751 757//757 816//816
f 752//752 750//750 817//817
f 762//762 752//752 817//817
f 818//818 768//768 762//762
f 725//725 789//789 788//788
f 818//818 790//790 768//768
f 584//584 819//819 761//761
f 818//818 805//805 790//790
f 820//820 767//767 582//582
f 771//771 807//807 808//808
f 582//582 581//581 820//820
f 805//805 821//821 809//809
f 810//810 806//806 775//775
f 822//822 793//793 808//808
f 797//797 823//823 581//581
f 824//824 797//797 825//825
f 822//822 782//782 793//793
f 782//782 822//822 826//826
f 799//799 782//782 826//826
f 799//799 826//826 813//813
f 827//827 811//811 828//828
f 813//813 829//829 830//830
f 803//803 831//831 802//802
f 817//817 750//750 815//815
f 757//757 832//832 816//816
f 757//757 788//788 832//832
f 833//833 818//818 762//762
f 789//789 767//767 788//788
f 834//834 805//805 818//818
f 835//835 791//791 806//806
f 836//836 835//835 806//806
f 807//807 837//837 808//808
f 836//836 806//806 810//810
f 808//808 837//837 822//822
f 823//823 820//820 581//581
f 821//821 838//838 839//839
f 797//797 840//840 823//823
f 840//840 797//797 824//824
f 841//841 840//840 824//824
f 842//842 810//810 798//798
f 811//811 842//842 798//798
f 813//813 588//588 829//829
f 843//843 827//827 844//844
f 829//829 588//588 845//845
f 753//753 802//802 846//846
f 753//753 846//846 815//815
f 758//758 847//847 787//787
f 584//584 583//583 819//819
f 848//848 804//804 760//760
f 791//791 848//848 760//760
f 761//761 819//819 807//807
f 849//849 821//821 805//805
f 850//850 821//821 849//849
f 850//850 838//838 821//821
f 842//842 836//836 810//810
f 837//837 826//826 822//822
f 851//851 852//852 853//853
f 854//854 851//851 853//853
f 855//855 811//811 827//827
f 587//587 856//856 857//857
f 853//853 858//858 859//859
f 853//853 859//859 860//860
f 858//858 855//855 827//827
f 858//858 827//827 843//843
f 803//803 816//816 831//831
f 815//815 861//861 817//817
f 832//832 862//862 816//816
f 788//788 863//863 832//832
f 762//762 817//817 833//833
f 804//804 864//864 764//764
f 849//849 805//805 834//834
f 840//840 865//865 823//823
f 852//852 866//866 853//853
f 855//855 867//867 842//842
f 855//855 842//842 811//811
f 826//826 588//588 813//813
f 588//588 587//587 868//868
f 846//846 802//802 869//869
f 802//802 870//870 869//869
f 802//802 831//831 870//870
f 831//831 816//816 871//871
f 815//815 846//846 872//872
f 873//873 847//847 758//758
f 763//763 787//787 874//874
f 875//875 755//755 764//764
f 864//864 875//875 764//764
f 876//876 818//818 833//833
f 877//877 834//834 818//818
f 767//767 820//820 878//878
f 850//850 879//879 838//838
f 852//852 838//838 879//879
f 852//852 879//879 866//866
f 880//880 865//865 840//840
f 586//586 880//880 856//856
f 853//853 866//866 858//858
f 587//587 586//586 856//856
f 816//816 881//881 871//871
f 847//847 882//882 787//787
f 873//873 758//758 755//755
f 763//763 874//874 883//883
f 763//763 883//883 584//584
f 817//817 884//884 833//833
f 876//876 877//877 818//818
f 767//767 878//878 788//788
f 820//820 885//885 878//878
f 826//826 886//886 588//588
f 865//865 880//880 586//586
f 869//869 870//870 887//887
f 869//869 887//887 888//888
f 831//831 889//889 870//870
f 871//871 889//889 831//831
f 872//872 890//890 815//815
f 787//787 882//882 874//874
f 884//884 817//817 861//861
f 873//873 755//755 875//875
f 832//832 863//863 862//862
f 876//876 833//833 884//884
f 891//891 864//864 804//804
f 848//848 891//891 804//804
f 788//788 878//878 892//892
f 893//893 848//848 791//791
f 823//823 885//885 820//820
f 894//894 850//850 849//849
f 895//895 836//836 842//842
f 850//850 894//894 879//879
f 855//855 866//866 867//867
f 886//886 586//586 588//588
f 866//866 855//855 858//858
f 869//869 888//888 896//896
f 897//897 887//887 870//870
f 897//897 870//870 889//889
f 846//846 869//869 898//898
f 887//887 899//899 888//888
f 871//871 900//900 889//889
f 846//846 898//898 872//872
f 898//898 890//890 872//872
f 900//900 871//871 881//881
f 861//861 890//890 901//901
f 861//861 815//815 890//890
f 873//873 902//902 847//847
f 882//882 847//847 902//902
f 862//862 881//881 816//816
f 903//903 884//884 861//861
f 903//903 861//861 904//904
f 862//862 905//905 906//906
f 862//862 863//863 905//905
f 584//584 883//883 585//585
f 788//788 892//892 863//863
f 819//819 583//583 907//907
f 819//819 908//908 807//807
f 895//895 835//835 836//836
f 909//909 837//837 807//807
f 823//823 910//910 885//885
f 909//909 826//826 837//837
f 823//823 911//911 910//910
f 865//865 911//911 823//823
f 912//912 898//898 869//869
f 913//913 912//912 869//869
f 869//869 914//914 913//913
f 869//869 591//591 914//914
f 896//896 589//589 591//591
f 896//896 591//591 869//869
f 915//915 897//897 889//889
f 889//889 916//916 915//915
f 899//899 589//589 896//896
f 897//897 917//917 887//887
f 889//889 900//900 916//916
f 887//887 589//589 899//899
f 898//898 918//918 890//890
f 917//917 589//589 887//887
f 589//589 917//917 902//902
f 902//902 917//917 882//882
f 918//918 901//901 890//890
f 919//919 902//902 873//873
f 920//920 881//881 862//862
f 861//861 901//901 904//904
f 862//862 906//906 920//920
f 921//921 873//873 875//875
f 875//875 922//922 921//921
f 864//864 922//922 875//875
f 923//923 876//876 884//884
f 877//877 849//849 834//834
f 835//835 893//893 791//791
f 908//908 909//909 807//807
f 895//895 893//893 835//835
f 911//911 865//865 924//924
f 866//866 879//879 894//894
f 866//866 894//894 925//925
f 925//925 867//867 866//866
f 886//886 924//924 586//586
f 865//865 586//586 924//924
f 912//912 913//913 591//591
f 916//916 926//926 915//915
f 916//916 900//900 927//927
f 898//898 928//928 918//918
f 929//929 897//897 915//915
f 589//589 902//902 930//930
f 897//897 929//929 917//917
f 900//900 881//881 931//931
f 882//882 917//917 929//929
f 873//873 921//921 932//932
f 933//933 902//902 919//919
f 934//934 874//874 882//882
f 881//881 920//920 931//931
f 883//883 874//874 935//935
f 936//936 923//923 884//884
f 936//936 884//884 903//903
f 937//937 922//922 864//864
f 863//863 892//892 938//938
f 937//937 864//864 891//891
f 893//893 891//891 848//848
f 907//907 908//908 819//819
f 909//909 939//939 826//826
f 940//940 842//842 867//867
f 939//939 886//886 826//826
f 898//898 912//912 941//941
f 928//928 942//942 918//918
f 915//915 943//943 929//929
f 918//918 942//942 901//901
f 930//930 902//902 933//933
f 920//920 944//944 945//945
f 920//920 945//945 931//931
f 934//934 882//882 929//929
f 932//932 919//919 873//873
f 934//934 935//935 874//874
f 901//901 946//946 904//904
f 883//883 935//935 594//594
f 906//906 905//905 947//947
f 948//948 903//903 904//904
f 948//948 904//904 946//946
f 905//905 949//949 947//947
f 585//585 883//883 950//950
f 951//951 583//583 585//585
f 583//583 951//951 907//907
f 894//894 849//849 952//952
f 953//953 910//910 911//911
f 954//954 925//925 894//894
f 955//955 911//911 924//924
f 886//886 955//955 924//924
f 941//941 912//912 956//956
f 912//912 957//957 956//956
f 591//591 957//957 912//912
f 926//926 916//916 927//927
f 958//958 959//959 928//928
f 928//928 898//898 958//958
f 898//898 941//941 958//958
f 591//591 590//590 957//957
f 926//926 943//943 915//915
f 900//900 960//960 927//927
f 931//931 945//945 961//961
f 932//932 590//590 589//589
f 932//932 589//589 930//930
f 932//932 930//930 919//919
f 929//929 943//943 934//934
f 920//920 962//962 944//944
f 963//963 946//946 901//901
f 964//964 921//921 922//922
f 920//920 906//906 962//962
f 963//963 965//965 946//946
f 922//922 966//966 964//964
f 962//962 906//906 947//947
f 883//883 594//594 967//967
f 883//883 967//967 968//968
f 936//936 903//903 969//969
f 948//948 969//969 903//903
f 883//883 968//968 950//950
f 970//970 922//922 937//937
f 585//585 950//950 951//951
f 971//971 877//877 876//876
f 971//971 849//849 877//877
f 952//952 849//849 971//971
f 940//940 895//895 842//842
f 955//955 910//910 953//953
f 941//941 972//972 958//958
f 973//973 941//941 957//957
f 960//960 974//974 927//927
f 942//942 928//928 975//975
f 957//957 590//590 976//976
f 900//900 931//931 961//961
f 900//900 961//961 960//960
f 942//942 977//977 978//978
f 942//942 978//978 901//901
f 934//934 943//943 592//592
f 901//901 978//978 963//963
f 979//979 932//932 921//921
f 935//935 934//934 592//592
f 592//592 594//594 935//935
f 962//962 980//980 944//944
f 965//965 963//963 966//966
f 966//966 970//970 965//965
f 981//981 962//962 947//947
f 966//966 922//922 970//970
f 965//965 970//970 946//946
f 967//967 947//947 968//968
f 968//968 947//947 949//949
f 982//982 948//948 946//946
f 983//983 982//982 946//946
f 983//983 946//946 970//970
f 984//984 968//968 949//949
f 985//985 905//905 863//863
f 863//863 938//938 985//985
f 950//950 968//968 986//986
f 983//983 970//970 937//937
f 950//950 986//986 951//951
f 971//971 876//876 923//923
f 987//987 891//891 893//893
f 951//951 988//988 907//907
f 878//878 885//885 892//892
f 910//910 989//989 885//885
f 952//952 954//954 894//894
f 990//990 991//991 910//910
f 955//955 992//992 910//910
f 954//954 940//940 867//867
f 954//954 867//867 925//925
f 886//886 939//939 955//955
f 941//941 973//973 972//972
f 974//974 926//926 927//927
f 975//975 928//928 959//959
f 957//957 976//976 973//973
f 974//974 993//993 926//926
f 926//926 993//993 943//943
f 590//590 932//932 979//979
f 592//592 943//943 993//993
f 994//994 921//921 964//964
f 994//994 979//979 921//921
f 995//995 964//964 966//966
f 594//594 981//981 967//967
f 981//981 947//947 967//967
f 905//905 985//985 949//949
f 984//984 986//986 968//968
f 986//986 988//988 951//951
f 996//996 937//937 891//891
f 987//987 996//996 891//891
f 997//997 987//987 893//893
f 908//908 998//998 999//999
f 908//908 999//999 909//909
f 997//997 893//893 895//895
f 910//910 991//991 1000//1000
f 910//910 1000//1000 989//989
f 1001//1001 997//997 895//895
f 940//940 1001//1001 895//895
f 992//992 991//991 990//990
f 958//958 972//972 1002//1002
f 1003//1003 974//974 960//960
f 960//960 961//961 1004//1004
f 595//595 975//975 959//959
f 975//975 595//595 597//597
f 975//975 597//597 977//977
f 1004//1004 961//961 1005//1005
f 1005//1005 961//961 944//944
f 977//977 597//597 978//978
f 590//590 1006//1006 994//994
f 590//590 994//994 976//976
f 1005//1005 944//944 980//980
f 1005//1005 980//980 1007//1007
f 1008//1008 994//994 964//964
f 994//994 1006//1006 979//979
f 981//981 1007//1007 962//962
f 1007//1007 980//980 962//962
f 995//995 966//966 963//963
f 1009//1009 984//984 949//949
f 985//985 1009//1009 949//949
f 1010//1010 923//923 936//936
f 971//971 923//923 1010//1010
f 996//996 983//983 937//937
f 892//892 885//885 989//989
f 1011//1011 987//987 997//997
f 999//999 1012//1012 909//909
f 954//954 952//952 1013//1013
f 954//954 1013//1013 600//600
f 1012//1012 939//939 909//909
f 954//954 1001//1001 940//940
f 992//992 955//955 939//939
f 1014//1014 959//959 1002//1002
f 972//972 1014//1014 1002//1002
f 973//973 1008//1008 972//972
f 1003//1003 1015//1015 974//974
f 973//973 976//976 1008//1008
f 1015//1015 993//993 974//974
f 1008//1008 976//976 1016//1016
f 1017//1017 993//993 1015//1015
f 1008//1008 1016//1016 994//994
f 993//993 1018//1018 592//592
f 1018//1018 1017//1017 592//592
f 1017//1017 593//593 592//592
f 948//948 1019//1019 969//969
f 1020//1020 1019//1019 948//948
f 982//982 1020//1020 948//948
f 938//938 892//892 1021//1021
f 938//938 1021//1021 985//985
f 987//987 1011//1011 1022//1022
f 600//600 1001//1001 954//954
f 595//595 959//959 1014//1014
f 1004//1004 1003//1003 960//960
f 972//972 1023//1023 1014//1014
f 1008//1008 1023//1023 972//972
f 1017//1017 1015//1015 593//593
f 597//597 1024//1024 1025//1025
f 597//597 1025//1025 978//978
f 1026//1026 1027//1027 964//964
f 1026//1026 964//964 995//995
f 1027//1027 1008//1008 964//964
f 593//593 1028//1028 594//594
f 1028//1028 1029//1029 981//981
f 1028//1028 981//981 594//594
f 978//978 1024//1024 995//995
f 978//978 995//995 963//963
f 1030//1030 1007//1007 981//981
f 1031//1031 986//986 984//984
f 1020//1020 982//982 983//983
f 1032//1032 971//971 1010//1010
f 986//986 606//606 988//988
f 892//892 989//989 1021//1021
f 908//908 1033//1033 998//998
f 1014//1014 1034//1034 1035//1035
f 1036//1036 1003//1003 1004//1004
f 1014//1014 1023//1023 1034//1034
f 1036//1036 1037//1037 1003//1003
f 1003//1003 1037//1037 1038//1038
f 1003//1003 1038//1038 1015//1015
f 1039//1039 1004//1004 1005//1005
f 1023//1023 1008//1008 1027//1027
f 1028//1028 1015//1015 1038//1038
f 1024//1024 597//597 596//596
f 1024//1024 596//596 995//995
f 1029//1029 1030//1030 981//981
f 1030//1030 1039//1039 1005//1005
f 1019//1019 936//936 969//969
f 1009//1009 1031//1031 984//984
f 1031//1031 606//606 986//986
f 1040//1040 1020//1020 983//983
f 1041//1041 1040//1040 983//983
f 996//996 1041//1041 983//983
f 907//907 1033//1033 908//908
f 1022//1022 1042//1042 987//987
f 1012//1012 1043//1043 939//939
f 601//601 1000//1000 991//991
f 1001//1001 600//600 599//599
f 601//601 992//992 939//939
f 991//991 992//992 601//601
f 1035//1035 596//596 595//595
f 1034//1034 596//596 1035//1035
f 1039//1039 1036//1036 1004//1004
f 1044//1044 1034//1034 1023//1023
f 1045//1045 1037//1037 1036//1036
f 1045//1045 1036//1036 1029//1029
f 1044//1046 1027//1027 1026//1026
f 1038//1038 1045//1045 1028//1028
f 1045//1045 1029//1029 1028//1028
f 596//596 1026//1026 995//995
f 1029//1029 1039//1039 1030//1030
f 1010//1010 936//936 1046//1047
f 1019//1019 1046//1047 936//936
f 1047//1048 1009//1009 985//985
f 1048//1049 1047//1048 985//985
f 985//985 1021//1021 1048//1049
f 606//606 1049//1050 988//988
f 1050//1051 971//971 1032//1032
f 996//996 1051//1052 1041//1041
f 987//987 1042//1042 1051//1052
f 987//987 1051//1052 996//996
f 988//988 1033//1033 907//907
f 1052//1053 952//952 971//971
f 1052//1053 971//971 1050//1051
f 952//952 1052//1053 1013//1013
f 1053//1054 989//989 1000//1000
f 1053//1054 1000//1000 601//601
f 1054//1055 997//997 1001//1001
f 599//599 1054//1055 1001//1001
f 596//596 1034//1034 1026//1026
f 1055//1056 1034//1034 1044//1044
f 1039//1039 1029//1029 1036//1036
f 604//604 1031//1031 1009//1009
f 1049//1050 1056//1057 988//988
f 988//988 1056//1057 1033//1033
f 1057//1058 1042//1042 1022//1022
f 1052//1053 598//598 1013//1013
f 600//600 1013//1013 598//598
f 601//601 603//603 1053//1054
f 1054//1055 1058//1059 997//997
f 1020//1020 1059//1060 1019//1019
f 989//989 1048//1049 1021//1021
f 989//989 1060//1061 1048//1049
f 989//989 1053//1054 1060//1061
f 1012//1012 1061//1062 1043//1043
f 1043//1043 601//601 939//939
f 1047//1048 1062//1063 1009//1009
f 1032//1032 1010//1010 1063//1064
f 1064//1065 1022//1022 1011//1011
f 1064//1065 1065//1066 1022//1022
f 998//998 1066//1067 999//999
f 1067//1068 998//998 1033//1033
f 1058//1059 1068//1069 997//997
f 598//598 1054//1055 599//599
f 1046//1047 1063//1064 1010//1010
f 1019//1019 1059//1060 1069//1070
f 606//606 1031//1031 604//604
f 1070//1071 1050//1051 1032//1032
f 1050//1051 607//607 1052//1053
f 997//997 1064//1065 1011//1011
f 1022//1022 1065//1066 1057//1058
f 1033//1033 1056//1057 1067//1068
f 1067//1068 1071//1072 998//998
f 1071//1072 1066//1067 998//998
f 999//999 1066//1067 1012//1012
f 1072//1073 1073//1074 1053//1054
f 598//598 1052//1053 607//607
f 603//603 1072//1073 1053//1054
f 1020//1020 1040//1040 1059//1060
f 1060//1061 1053//1054 1073//1074
f 607//607 609//609 598//598
f 609//609 1054//1055 598//598
f 1043//1043 602//602 601//601
f 1069//1070 1063//1064 1046//1047
f 1019//1019 1069//1070 1046//1047
f 1074//1075 1062//1063 1047//1048
f 1047//1048 1048//1049 1074//1075
f 1063//1064 1070//1071 1032//1032
f 606//606 605//605 1049//1050
f 1075//1076 1040//1040 1041//1041
f 1051//1052 1075//1076 1041//1041
f 1076//1077 1064//1065 997//997
f 607//607 1050//1051 1077//1078
f 1068//1069 1076//1077 997//997
f 1012//1012 1078//1079 1061//1062
f 1061//1062 1078//1079 1079//1080
f 1079//1080 1043//1043 1061//1062
f 1080//1081 1040//1040 1075//1076
f 1077//1078 1050//1051 1070//1071
f 1081//1082 1071//1072 1067//1068
f 1066//1067 1078//1079 1012//1012
f 602//602 1072//1073 603//603
f 609//609 1058//1059 1054//1055
f 1082//1083 604//604 1009//1009
f 1082//1083 1009//1009 1062//1063
f 1060//1061 1074//1075 1048//1049
f 1042//1042 1075//1076 1051//1052
f 1083//1084 1063//1064 1069//1070
f 605//605 1084//1085 1049//1050
f 1084//1085 1056//1057 1049//1050
f 1057//1058 1075//1076 1042//1042
f 1068//1069 1085//1086 1076//1077
f 1058//1059 1085//1086 1068//1069
f 1079//1080 1086//1087 1043//1043
f 1086//1087 602//602 1043//1043
f 1087//1088 1069//1070 1059//1060
f 1074//1075 1088//1089 1062//1063
f 1070//1071 1063//1064 1089//1090
f 1040//1040 1080//1081 1087//1088
f 1040//1040 1087//1088 1059//1060
f 1090//1091 605//605 604//604
f 1090//1091 604//604 1082//1083
f 605//605 1090//1091 1084//1085
f 1064//1065 1091//1092 1065//1066
f 1084//1085 1092//1093 1056//1057
f 1056//1057 1092//1093 1093//1094
f 1056//1057 1093//1094 1067//1068
f 1091//1092 1057//1058 1065//1066
f 1091//1092 1075//1076 1057//1058
f 1093//1094 1081//1082 1067//1068
f 1078//1079 1094//1095 1079//1080
f 602//602 1095//1096 1072//1073
f 609//609 608//608 1058//1059
f 1073//1074 1096//1097 1060//1061
f 1066//1067 1071//1072 1097//1098
f 1073//1074 1072//1073 1098//1099
f 1071//1072 1081//1082 1099//1100
f 1098//1099 1072//1073 1095//1096
f 1094//1095 1086//1087 1079//1080
f 1088//1089 1082//1083 1062//1063
f 1087//1088 1080//1081 1100//1101
f 1082//1083 1101//1102 1090//1091
f 1060//1061 1096//1097 1074//1075
f 1102//1103 1080//1081 1075//1076
f 1073//1074 1098//1099 1096//1097
f 1064//1065 1076//1077 1085//1086
f 1091//1092 1064//1065 1103//1104
f 1066//1067 1097//1098 1094//1095
f 1078//1079 1066//1067 1094//1095
f 1104//1105 608//608 607//607
f 1104//1105 607//607 1077//1078
f 1093//1094 1097//1098 1071//1072
f 1093//1094 1071//1072 1099//1100
f 1095//1096 602//602 1086//1087
f 1087//1088 1083//1084 1069//1070
f 1105//1106 1089//1090 1063//1064
f 1105//1106 1063//1064 1083//1084
f 1074//1075 1106//1107 1088//1089
f 1070//1071 1107//1108 1077//1078
f 1077//1078 1107//1108 1104//1105
f 1108//1109 1102//1103 1075//1076
f 1108//1109 1075//1076 1091//1092
f 1064//1065 1085//1086 1103//1104
f 1109//1110 1083//1084 1087//1088
f 1101//1102 1082//1083 1088//1089
f 1106//1107 1101//1102 1088//1089
f 1100//1101 1109//1110 1087//1088
f 1084//1085 1090//1091 1110//1111
f 1103//1104 1108//1109 1091//1092
f 608//608 1085//1086 1058//1059
f 1111//1112 1086//1087 1094//1095
f 1111//1112 1095//1096 1086//1087
f 1109//1110 1105//1106 1083//1084
f 1089//1090 1107//1108 1070//1071
f 1102//1103 1100//1101 1080//1081
f 1110//1111 1090//1091 1101//1102
f 1092//1093 1084//1085 1110//1111
f 1092//1093 1097//1098 1093//1094
f 1092//1093 1112//1113 1097//1098
f 1113//1114 1114//1115 1103//1104
f 1113//1114 1103//1104 1085//1086
f 1112//1113 1094//1095 1097//1098
f 1106//1107 1115//1116 1101//1102
f 1096//1097 1116//1117 1074//1075
f 1101//1102 1115//1116 1110//1111
f 1117//1118 1096//1097 1098//1099
f 1117//1118 1098//1099 1118//1119
f 1118//1119 1098//1099 1095//1096
f 608//608 1113//1114 1085//1086
f 1112//1113 1111//1112 1094//1095
f 1119//1120 1089//1090 1105//1106
f 1109//1110 1100//1101 1120//1121
f 1115//1116 1121//1122 1122//1123
f 1100//1101 1102//1103 1123//1124
f 1110//1111 1115//1116 1122//1123
f 1102//1103 1108//1109 1123//1124
f 1124//1125 1092//1093 1110//1111
f 1104//1105 1125//1126 608//608
f 1114//1115 1108//1109 1103//1104
f 1124//1125 1112//1113 1092//1093
f 1125//1126 1113//1114 608//608
f 1126//1127 1114//1115 1113//1114
f 1111//1112 1127//1128 1095//1096
f 1119//1120 1105//1106 1109//1110
f 1128//1129 1119//1120 1109//1110
f 1129//1130 1130//1131 1115//1116
f 1115//1116 1106//1107 1129//1130
f 1109//1110 1120//1121 1128//1129
f 1115//1116 1130//1131 1121//1122
f 1117//1118 1116//1117 1096//1097
f 1104//1105 1107//1108 1125//1126
f 1131//1132 1108//1109 1114//1115
f 1132//1133 1111//1112 1112//1113
f 1106//1107 1116//1117 1129//1130
f 1074//1075 1116//1117 1106//1107
f 1123//1124 1108//1109 1133//1134
f 1108//1109 1131//1132 1134//1135
f 1133//1134 1108//1109 1134//1135
f 1135//1136 1136//1137 1126//1127
f 1136//1137 1114//1115 1126//1127
f 1132//1133 1137//1138 1138//1139
f 1118//1119 1095//1096 1139//1140
f 1111//1112 1132//1133 1138//1139
f 1139//1140 1095//1096 1127//1128
f 1140//1141 1089//1090 1119//1120
f 1100//1101 1123//1124 1120//1121
f 1110//1111 1122//1123 1141//1142
f 1117//1118 1118//1119 1142//1143
f 1123//1124 1133//1134 1143//1144
f 1107//1108 1144//1145 1125//1126
f 1124//1125 1110//1111 1141//1142
f 1124//1125 1145//1146 1112//1113
f 1145//1146 1146//1147 1112//1113
f 1146//1147 1132//1133 1112//1113
f 1146//1147 1137//1138 1132//1133
f 1138//1139 1127//1128 1111//1112
f 1147//1148 1119//1120 1128//1129
f 1148//1149 1107//1108 1089//1090
f 1107//1108 1148//1149 1144//1145
f 1114//1115 1136//1137 1131//1132
f 1118//1119 1139//1140 1142//1143
f 1137//1138 1149//1150 1138//1139
f 1150//1151 1113//1114 1125//1126
f 1151//1152 1126//1127 1113//1114
f 1152//1153 1119//1120 1147//1148
f 1153//1154 1154//1155 1121//1122
f 1153//1154 1121//1122 1130//1131
f 1148//1149 1089//1090 1140//1141
f 1123//1124 1155//1156 1120//1121
f 1122//1123 1121//1122 1154//1155
f 1117//1118 1156//1157 1116//1117
f 1135//1136 1157//1158 1136//1137
f 1141//1142 1158//1159 1124//1125
f 1124//1125 1159//1160 1145//1146
f 1135//1136 1126//1127 1151//1152
f 1160//1161 1161//1162 1127//1128
f 1160//1161 1127//1128 1138//1139
f 1140//1141 1119//1120 1152//1153
f 1135//1136 1162//1163 1157//1158
f 1136//1137 1163//1164 1134//1135
f 1136//1137 1134//1135 1131//1132
f 1158//1159 1159//1160 1124//1125
f 1137//1138 1164//1165 1160//1161
f 1137//1138 1160//1161 1149//1150
f 1127//1128 1161//1162 1165//1166
f 1165//1166 1139//1140 1127//1128
f 1166//1167 1153//1154 1130//1131
f 1166//1167 1130//1131 1129//1130
f 1128//1129 1167//1168 1147//1148
f 1116//1117 1166//1167 1129//1130
f 1167//1168 1128//1129 1120//1121
f 1155//1156 1167//1168 1120//1121
f 1123//1124 1143//1144 1155//1156
f 1156//1157 1117//1118 1142//1143
f 1168//1169 1125//1126 1144//1145
f 1150//1151 1125//1126 1168//1169
f 1162//1163 1135//1136 1151//1152
f 1150//1151 1168//1169 1169//1170
f 1139//1140 1165//1166 1170//1171
f 1122//1123 1154//1155 1141//1142
f 1163//1164 1133//1134 1134//1135
f 1150//1151 1171//1172 1113//1114
f 1171//1172 1151//1152 1113//1114
f 1156//1157 1172//1173 1116//1117
f 1155//1156 1143//1144 1173//1174
f 1141//1142 1154//1155 1174//1175
f 1148//1149 1175//1176 1144//1145
f 1168//1169 1144//1145 1175//1176
f 1176//1177 1136//1137 1157//1158
f 1176//1177 1163//1164 1136//1137
f 1145//1146 1159//1160 1146//1147
f 1164//1165 1161//1162 1160//1161
f 1139//1140 1177//1178 1142//1143
f 1151//1152 1178//1179 1162//1163
f 1139//1140 1170//1171 1177//1178
f 1179//1180 1150//1151 1169//1170
f 1171//1172 1178//1179 1151//1152
f 1152//1153 1180//1181 1140//1141
f 1147//1148 1167//1168 1152//1153
f 1166//1167 1181//1182 1153//1154
f 1182//1183 1166//1167 1116//1117
f 1153//1154 1183//1184 1154//1155
f 1175//1176 1148//1149 1140//1141
f 1133//1134 1184//1185 1143//1144
f 1141//1142 1185//1186 1158//1159
f 1159//1160 1158//1159 1186//1187
f 1171//1172 1150//1151 1179//1180
f 1165//1166 1161//1162 1170//1171
f 1183//1184 1153//1154 1181//1182
f 1187//1188 1175//1176 1140//1141
f 1174//1175 1185//1186 1141//1142
f 1157//1158 1162//1163 1176//1177
f 1133//1134 1163//1164 1188//1189
f 1184//1185 1133//1134 1188//1189
f 1146//1147 1159//1160 1186//1187
f 1137//1138 1146//1147 1189//1190
f 1190//1191 1180//1181 1152//1153
f 1191//1192 1152//1153 1167//1168
f 1116//1117 1172//1173 1182//1183
f 1155//1156 1173//1174 1192//1193
f 1193//1194 1174//1175 1154//1155
f 1193//1194 1154//1155 1183//1184
f 1185//1186 1194//1195 1158//1159
f 1156//1157 1142//1143 1195//1196
f 1163//1164 1176//1177 1188//1189
f 1146//1147 1186//1187 1189//1190
f 1137//1138 1189//1190 1164//1165
f 1195//1196 1142//1143 1177//1178
f 1161//1162 1196//1197 1170//1171
f 1166//1167 1197//1198 1181//1182
f 1167//1168 1155//1156 1192//1193
f 1167//1168 1192//1193 1191//1192
f 1187//1188 1140//1141 1180//1181
f 1194//1195 1186//1187 1158//1159
f 1169//1170 1168//1169 1175//1176
f 1169//1170 1175//1176 1198//1199
f 1164//1165 1199//1200 1161//1162
f 1177//1178 1170//1171 1200//1201
f 1170//1171 1196//1197 1200//1201
f 1201//1202 1202//1203 1203//1204
f 1204//1205 1190//1191 1152//1153
f 1152//1153 1191//1192 1204//1205
f 1205//1206 1183//1184 1181//1182
f 1156//1157 1206//1207 1172//1173
f 1184//1185 1207//1208 1143//1144
f 1195//1196 1206//1207 1156//1157
f 1162//1163 1178//1179 1208//1209
f 1177//1178 1200//1201 1195//1196
f 1171//1172 1208//1209 1178//1179
f 1201//1202 1203//1204 1209//1210
f 1210//1211 1211//1212 1212//1213
f 1201//1202 1213//1214 614//614
f 1212//1213 1214//1215 1210//1211
f 1215//1216 1201//1202 614//614
f 1214//1215 1212//1213 1216//1217
f 1217//1218 1214//1215 1218//1219
f 614//614 1219//1220 1215//1216
f 1216//1217 1220//1221 1214//1215
f 1215//1216 1221//1222 1202//1203
f 1173//1174 1143//1144 1222//1223
f 1185//1186 1223//1224 1194//1195
f 1208//1209 1176//1177 1162//1163
f 1189//1190 1199//1200 1164//1165
f 1195//1196 1200//1201 1224//1225
f 1225//1226 1208//1209 1171//1172
f 1161//1162 1199//1200 1196//1197
f 1169//1170 1198//1199 1226//1227
f 1169//1170 1226//1227 1179//1180
f 1227//1228 1212//1213 1211//1212
f 1213//1214 1201//1202 1209//1210
f 1227//1228 1228//1229 1212//1213
f 1217//1218 610//610 1211//1212
f 1217//1218 1211//1212 1210//1211
f 1216//1217 1212//1213 1228//1229
f 1218//1219 610//610 1217//1218
f 1218//1219 1214//1215 1220//1221
f 1215//1216 1219//1220 1221//1222
f 1202//1203 1221//1222 1229//1230
f 1202//1203 1229//1230 1203//1204
f 1181//1182 1197//1198 1205//1206
f 1230//1231 1187//1188 1180//1181
f 1191//1192 1192//1193 1204//1205
f 1193//1194 1183//1184 1205//1206
f 1192//1193 1173//1174 1222//1223
f 1192//1193 1222//1223 617//617
f 1172//1173 1206//1207 1182//1183
f 1222//1223 1143//1144 1207//1208
f 1188//1189 1231//1232 1184//1185
f 1231//1232 1207//1208 1184//1185
f 1198//1199 1175//1176 1187//1188
f 1200//1201 1196//1197 1232//1233
f 1233//1234 1227//1228 1211//1212
f 1234//1235 1213//1214 1209//1210
f 614//614 1213//1214 615//615
f 1209//1210 1203//1204 620//620
f 610//610 612//612 1211//1212
f 1203//1204 621//621 620//620
f 621//621 1203//1204 1229//1230
f 1216//1217 1228//1229 1235//1236
f 1236//1237 1237//1238 610//610
f 1219//1220 1238//1239 1221//1222
f 621//621 1229//1230 1239//1240
f 621//621 1239//1240 1240//1241
f 1240//1241 1229//1230 1221//1222
f 1240//1241 1221//1222 1241//1242
f 1190//1191 1230//1231 1180//1181
f 1193//1194 1205//1206 1242//1243
f 1182//1183 1197//1198 1166//1167
f 1230//1231 1243//1244 1187//1188
f 1243//1244 1244//1245 1187//1188
f 1174//1175 1245//1246 1185//1186
f 1176//1177 1231//1232 1188//1189
f 1195//1196 1224//1225 1246//1247
f 1171//1172 1179//1180 1226//1227
f 1200//1201 1232//1233 1247//1248
f 1200//1201 1247//1248 1248//1249
f 1200//1201 1248//1249 1224//1225
f 1233//1234 1249//1250 1227//1228
f 1211//1212 612//612 1233//1234
f 1228//1229 1227//1228 1249//1250
f 610//610 1237//1238 611//611
f 614//614 613//613 1219//1220
f 1250//1251 1237//1238 1236//1237
f 611//611 1250//1251 1236//1237
f 1219//1220 613//613 1251//1252
f 1218//1219 1220//1221 1252//1253
f 610//610 1218//1219 1252//1253
f 1236//1237 610//610 1252//1253
f 1204//1205 1253//1254 1190//1191
f 1204//1205 1192//1193 1253//1254
f 1254//1255 1174//1175 1193//1194
f 1174//1175 1254//1255 1245//1246
f 1185//1186 1245//1246 1223//1224
f 1186//1187 1194//1195 1189//1190
f 1195//1196 1246//1247 1206//1207
f 1255//1256 1198//1199 1187//1188
f 1198//1199 1255//1256 1256//1257
f 1256//1257 1226//1227 1198//1199
f 615//615 1213//1214 1257//1258
f 1257//1258 1213//1214 1234//1235
f 620//620 1257//1258 1234//1235
f 1209//1210 620//620 1234//1235
f 1228//1229 1249//1250 1235//1236
f 1219//1220 1251//1252 1238//1239
f 1220//1221 1235//1236 1258//1259
f 1221//1222 1238//1239 1259//1260
f 1258//1259 1252//1253 1220//1221
f 1221//1222 1259//1260 1241//1242
f 1260//1261 1230//1231 1190//1191
f 1260//1261 1190//1191 1253//1254
f 1242//1243 1205//1206 1261//1262
f 1197//1198 1261//1262 1205//1206
f 1253//1254 1192//1193 617//617
f 1254//1255 1193//1194 1242//1243
f 1206//1207 1262//1263 1182//1183
f 1194//1195 1223//1224 1263//1264
f 1263//1264 1264//1265 1194//1195
f 1255//1256 1187//1188 1244//1245
f 1208//1209 1231//1232 1176//1177
f 1189//1190 1194//1195 1199//1200
f 1199//1200 1265//1266 1196//1197
f 1196//1197 1265//1266 1232//1233
f 1266//1267 1233//1234 612//612
f 1267//1268 615//615 1257//1258
f 611//611 1268//1269 612//612
f 623//623 613//613 615//615
f 624//624 1268//1269 611//611
f 1236//1237 624//624 611//611
f 1251//1252 1269//1270 1238//1239
f 1259//1260 1238//1239 1270//1271
f 1258//1259 1271//1272 1252//1253
f 1259//1260 1270//1271 1272//1273
f 618//618 617//617 1222//1223
f 1222//1223 1273//1274 618//618
f 1182//1183 1274//1275 1197//1198
f 1222//1223 1207//1208 1273//1274
f 1275//1276 1231//1232 1225//1226
f 1199//1200 1194//1195 1264//1265
f 1225//1226 1231//1232 1208//1209
f 1276//1277 1226//1227 1256//1257
f 1276//1277 1277//1278 1226//1227
f 1277//1278 1171//1172 1226//1227
f 1278//1279 1266//1267 612//612
f 1267//1268 623//623 615//615
f 612//612 1268//1269 1278//1279
f 1257//1258 630//630 1267//1268
f 1279//1280 1249//1250 1233//1234
f 619//619 1257//1258 620//620
f 1249//1250 1280//1281 1235//1236
f 619//619 621//621 1240//1241
f 613//613 622//622 1251//1252
f 1280//1281 1258//1259 1235//1236
f 1281//1282 624//624 1236//1237
f 622//622 1269//1270 1251//1252
f 1241//1242 619//619 1240//1241
f 1236//1237 1252//1253 1282//1283
f 1282//1283 1281//1282 1236//1237
f 1258//1259 1280//1281 1283//1284
f 1258//1259 1283//1284 1271//1272
f 616//616 1282//1283 1252//1253
f 1241//1242 1259//1260 1272//1273
f 1271//1272 1283//1284 1253//1254
f 1252//1253 1271//1272 616//616
f 1282//1283 616//616 1284//1285
f 1238//1239 1285//1286 1270//1271
f 1253//1254 617//617 1271//1272
f 616//616 1271//1272 617//617
f 1254//1255 1272//1273 1270//1271
f 1254//1255 1242//1243 1272//1273
f 1242//1243 1261//1262 1286//1287
f 1254//1255 1270//1271 1287//1288
f 1197//1198 1286//1287 1261//1262
f 1245//1246 1254//1255 1287//1288
f 1223//1224 1245//1246 1263//1264
f 1262//1263 1274//1275 1182//1183
f 1207//1208 1231//1232 1275//1276
f 1246//1247 1288//1289 1206//1207
f 1289//1290 1255//1256 1244//1245
f 1246//1247 1224//1225 1248//1249
f 1256//1257 1290//1291 1276//1277
f 1277//1278 1225//1226 1171//1172
f 1247//1248 1291//1292 1248//1249
f 1279//1280 1233//1234 1266//1267
f 619//619 630//630 1257//1258
f 1292//1293 1293//1293 1294//1293
f 1279//1280 1295//1294 1249//1250
f 1280//1281 1296//1295 1279//1280
f 1269//1270 622//622 1297//1296
f 1298//1297 619//619 1241//1242
f 1299//1298 1283//1284 1280//1281
f 1282//1283 1300//1299 1281//1282
f 1238//1239 1269//1270 1301//1300
f 1302//1301 1298//1297 1241//1242
f 1283//1284 1299//1298 1303//1302
f 1238//1239 1301//1300 1285//1286
f 1242//1243 1286//1287 1298//1297
f 1242//1243 1298//1297 1302//1301
f 1260//1261 1253//1254 1303//1302
f 1285//1286 1287//1288 1270//1271
f 618//618 1284//1285 616//616
f 1197//1198 1304//1303 1286//1287
f 618//618 1305//1304 1284//1285
f 1274//1275 1304//1303 1197//1198
f 1306//1305 1245//1246 1287//1288
f 1307//1306 1243//1244 1230//1231
f 1308//1307 1264//1265 1263//1264
f 1246//1247 1248//1249 1309//1308
f 1310//1309 1266//1267 1278//1279
f 1310//1309 1278//1279 1268//1269
f 629//629 623//623 1267//1268
f 1311//1310 1279//1280 1266//1267
f 628//628 622//622 629//629
f 629//629 622//622 623//623
f 1268//1269 624//624 626//626
f 624//624 1281//1282 625//625
f 1297//1296 622//622 627//627
f 1279//1280 1299//1298 1280//1281
f 1297//1296 1312//1311 1313//1312
f 1297//1296 1313//1312 1269//1270
f 1303//1302 1299//1298 1314//1313
f 1314//1313 1260//1261 1303//1302
f 1284//1285 1300//1299 1282//1283
f 1273//1274 1305//1304 618//618
f 1285//1286 1306//1305 1287//1288
f 1273//1274 1207//1208 1315//1314
f 1245//1246 1308//1307 1263//1264
f 1262//1263 1316//1315 1274//1275
f 1317//1316 1256//1257 1255//1256
f 1256//1257 1317//1316 1290//1291
f 1225//1226 1277//1278 1318//1317
f 1309//1308 1248//1249 1291//1292
f 626//626 1310//1309 1268//1269
f 1310//1309 1311//1310 1266//1267
f 630//630 629//629 1267//1268
f 625//625 1281//1282 627//627
f 1319//1318 630//630 619//619
f 1299//1298 1279//1280 1320//1319
f 627//627 1312//1311 1297//1296
f 1319//1318 619//619 1298//1297
f 1321//1320 627//627 1281//1282
f 1321//1320 1281//1282 1300//1299
f 1301//1300 1269//1270 1313//1312
f 1301//1300 1313//1312 1322//1321
f 1323//1322 1298//1297 1286//1287
f 1260//1261 1314//1313 1324//1323
f 1286//1287 1325//1324 1323//1322
f 1260//1261 1324//1323 1230//1231
f 1301//1300 1322//1321 1285//1286
f 1304//1303 1325//1324 1286//1287
f 1273//1274 1315//1314 1305//1304
f 1245//1246 1306//1305 1308//1307
f 1288//1289 1262//1263 1206//1207
f 1225//1226 1326//1325 1275//1276
f 1327//1326 1199//1200 1264//1265
f 1317//1316 1255//1256 1289//1290
f 1247//1248 1232//1233 1328//1327
f 1290//1291 1329//1328 1276//1277
f 1328//1327 1291//1292 1247//1248
f 1330//1329 1310//1309 626//626
f 631//631 628//628 629//629
f 1330//1329 1311//1310 1310//1309
f 625//625 627//627 1331//1330
f 1331//1330 627//627 628//628
f 1311//1310 1332//1331 1279//1280
f 1279//1280 1332//1331 1320//1319
f 1321//1320 1312//1311 627//627
f 1319//1318 1298//1297 1323//1322
f 1315//1314 1207//1208 1333//1332
f 1307//1306 1334//1333 1243//1244
f 1333//1332 1207//1208 1275//1276
f 1335//1334 1244//1245 1243//1244
f 1335//1334 1243//1244 1334//1333
f 1326//1325 1333//1332 1275//1276
f 1309//1308 1288//1289 1246//1247
f 1232//1233 1265//1266 1336//1335
f 1328//1327 1232//1233 1336//1335
f 1337//1336 1330//1329 626//626
f 1338//1337 1337//1336 626//626
f 1338//1337 626//626 625//625
f 631//631 1339//1338 625//625
f 631//631 625//625 628//628
f 1339//1338 1338//1337 625//625
f 1340//1339 631//631 630//630
f 1311//1310 1330//1329 1332//1331
f 1341//1340 1340//1339 630//630
f 630//630 1319//1318 1341//1340
f 1321//1320 1342//1341 1312//1311
f 1313//1312 1312//1311 1342//1341
f 1314//1313 1299//1298 1343//1342
f 1323//1322 633//633 1319//1318
f 1300//1299 1284//1285 1344//1343
f 1344//1343 1345//1344 1300//1299
f 1344//1343 1284//1285 1305//1304
f 1322//1321 1306//1305 1285//1286
f 1230//1231 1334//1333 1307//1306
f 1264//1265 1346//1345 1327//1326
f 1288//1289 1347//1346 1262//1263
f 1327//1326 1348//1347 1199//1200
f 1265//1266 1199//1200 1348//1347
f 1318//1317 1349//1348 1225//1226
f 1290//1291 1317//1316 1350//1349
f 1309//1308 1291//1292 1351//1350
f 1329//1328 1290//1291 1350//1349
f 1291//1292 1352//1351 1353//1352
f 1291//1292 1353//1352 1351//1350
f 1277//1278 1276//1277 1329//1328
f 1277//1278 1329//1328 1354//1353
f 1291//1292 1328//1327 1352//1351
f 1343//1342 1299//1298 1320//1319
f 1321//1320 1300//1299 1345//1344
f 1334//1333 1230//1231 1324//1323
f 1344//1343 1305//1304 1315//1314
f 1346//1345 1264//1265 1308//1307
f 1335//1334 1289//1290 1244//1245
f 1349//1348 1326//1325 1225//1226
f 1265//1266 1348//1347 1336//1335
f 1350//1349 1354//1353 1329//1328
f 1352//1351 1355//1354 1353//1352
f 1356//1355 1332//1331 1330//1329
f 1356//1355 1330//1329 1337//1336
f 1343//1342 1320//1319 1332//1331
f 1324//1323 1314//1313 1343//1342
f 1321//1320 1345//1344 1357//1356
f 1323//1322 1325//1324 633//633
f 1322//1321 1313//1312 1358//1357
f 1344//1343 1315//1314 1359//1358
f 1315//1314 1333//1332 1360//1359
f 1347//1346 1316//1315 1262//1263
f 1361//1360 1317//1316 1289//1290
f 1351//1350 1288//1289 1309//1308
f 1362//1361 1328//1327 1336//1335
f 1318//1317 1277//1278 1363//1362
f 1363//1362 1277//1278 1354//1353
f 1340//1339 1337//1336 1338//1337
f 1340//1339 1338//1337 1339//1338
f 1340//1339 1339//1338 631//631
f 1342//1341 1321//1320 1357//1356
f 633//633 1325//1324 634//634
f 1324//1323 1364//1363 1334//1333
f 1304//1303 1274//1275 1365//1364
f 1306//1305 1346//1345 1308//1307
f 1361//1360 1350//1349 1317//1316
f 1351//1350 1353//1352 1366//1365
f 1367//1366 1318//1317 1363//1362
f 1352//1351 1328//1327 1362//1361
f 1354//1353 1350//1349 1368//1367
f 1354//1353 1368//1367 1369//1368
f 1369//1368 1363//1362 1354//1353
f 1340//1339 1356//1355 1337//1336
f 1341//1340 1370//1369 1340//1339
f 1332//1331 1356//1355 1371//1370
f 633//633 1370//1369 1341//1340
f 1343//1342 1332//1331 1371//1370
f 633//633 1341//1340 1319//1318
f 1365//1364 1325//1324 1304//1303
f 1344//1343 1359//1358 1345//1344
f 1322//1321 1358//1357 1306//1305
f 1274//1275 1316//1315 1365//1364
f 1364//1363 1335//1334 1334//1333
f 1333//1332 1326//1325 1360//1359
f 1327//1326 1346//1345 1372//1371
f 1288//1289 1373//1372 1347//1346
f 1374//1373 1361//1360 1289//1290
f 1348//1347 1327//1326 1336//1335
f 1318//1317 1326//1325 1349//1348
f 1351//1350 1366//1365 1288//1289
f 1350//1349 1361//1360 1375//1374
f 1366//1365 1353//1352 1376//1375
f 1350//1349 1375//1374 1368//1367
f 1376//1375 1353//1352 1355//1354
f 1355//1354 1352//1351 1377//1376
f 1370//1369 1356//1355 1340//1339
f 1378//1377 1324//1323 1343//1342
f 1313//1312 1342//1341 1358//1357
f 634//634 1325//1324 1365//1364
f 1326//1325 1379//1378 1360//1359
f 1374//1373 1289//1290 1335//1334
f 1380//1379 1326//1325 1318//1317
f 1288//1289 1381//1380 1373//1372
f 1366//1365 1381//1380 1288//1289
f 1375//1374 1382//1381 1383//1382
f 1352//1351 1362//1361 1384//1383
f 1377//1376 1352//1351 1384//1383
f 1376//1375 1355//1354 1385//1384
f 1376//1375 1385//1384 1386//1385
f 1368//1367 1375//1374 1383//1382
f 1369//1368 1368//1367 1387//1386
f 1355//1354 1377//1376 1388//1387
f 1355//1354 1388//1387 1389//1388
f 1378//1377 1364//1363 1324//1323
f 1346//1345 1306//1305 1390//1389
f 1359//1358 1315//1314 1360//1359
f 1364//1363 1391//1390 1335//1334
f 1391//1390 1392//1391 1335//1334
f 1316//1315 639//639 636//636
f 639//639 1316//1315 1347//1346
f 1392//1391 1374//1373 1335//1334
f 1327//1326 1393//1392 1394//1393
f 1380//1379 1395//1394 1326//1325
f 1396//1395 1361//1360 1397//1396
f 1398//1397 1397//1396 1361//1360
f 1398//1397 1361//1360 1374//1373
f 1394//1393 1336//1335 1327//1326
f 1336//1335 1394//1393 1362//1361
f 1366//1365 1399//1398 1381//1380
f 1367//1366 1380//1379 1318//1317
f 1363//1362 1369//1368 1400//1399
f 1388//1387 1377//1376 1401//1400
f 633//633 1402//1401 1370//1369
f 1378//1377 1343//1342 1371//1370
f 1358//1357 1342//1341 1403//1402
f 1306//1305 1358//1357 1390//1389
f 1316//1315 635//635 1365//1364
f 636//636 635//635 1316//1315
f 1379//1378 1326//1325 1404//1403
f 1327//1326 1372//1371 1405//1404
f 1404//1403 1326//1325 1395//1394
f 1405//1404 1393//1392 1327//1326
f 1373//1372 639//639 1347//1346
f 1406//1405 1395//1394 1380//1379
f 1398//1397 1407//1406 1397//1396
f 638//638 1362//1361 1394//1393
f 1408//1407 1380//1379 1367//1366
f 1362//1361 638//638 1409//1408
f 1363//1362 1408//1407 1367//1366
f 1362//1361 1409//1408 1384//1383
f 1363//1362 1410//1409 1408//1407
f 1384//1383 1411//1410 1377//1376
f 1363//1362 1412//1411 1410//1409
f 1413//1412 1377//1376 1411//1410
f 1370//1369 1414//1413 1356//1355
f 1414//1413 1371//1370 1356//1355
f 632//632 1402//1401 633//633
f 634//634 1415//1414 632//632
f 1342//1341 1357//1356 1403//1402
f 1365//1364 1416//1415 634//634
f 1364//1363 1378//1377 1417//1416
f 1345//1344 1359//1358 1418//1417
f 1419//1418 1420//1419 1364//1363
f 1419//1418 1364//1363 1417//1416
f 635//635 1416//1415 1365//1364
f 1420//1419 1391//1390 1364//1363
f 1372//1371 1346//1345 1390//1389
f 1372//1371 1390//1389 1405//1404
f 1420//1419 1404//1403 1395//1394
f 1421//1420 1379//1378 1404//1403
f 1406//1405 1420//1419 1395//1394
f 1422//1421 1398//1397 1374//1373
f 1392//1391 1422//1421 1374//1373
f 1423//1422 637//637 1394//1393
f 1423//1422 1394//1393 1393//1392
f 1394//1393 637//637 638//638
f 1373//1372 1424//1423 639//639
f 1373//1372 1381//1380 1425//1424
f 641//641 1406//1405 1380//1379
f 1381//1380 1426//1425 1425//1424
f 642//642 641//641 1380//1379
f 1408//1407 642//642 1380//1379
f 1408//1407 1410//1409 1427//1426
f 1428//1427 1411//1410 1384//1383
f 1402//1401 1414//1413 1370//1369
f 634//634 1416//1415 1415//1414
f 1429//1428 1417//1416 1378//1377
f 1358//1357 1403//1402 1430//1429
f 1390//1389 1358//1357 1431//1430
f 1359//1358 1432//1431 1418//1417
f 1416//1415 635//635 1433//1432
f 1420//1419 1419//1418 1404//1403
f 1421//1420 1404//1403 1419//1418
f 1359//1358 1360//1359 1432//1431
f 1433//1432 635//635 1393//1392
f 1433//1432 1393//1392 1405//1404
f 635//635 1423//1422 1393//1392
f 1391//1390 1420//1419 1406//1405
f 644//644 1360//1359 1379//1378
f 644//644 1432//1431 1360//1359
f 635//635 637//637 1423//1422
f 1392//1391 1391//1390 1406//1405
f 1392//1391 1406//1405 641//641
f 636//636 639//639 637//637
f 641//641 640//640 1392//1391
f 1434//1433 1424//1423 1373//1372
f 1434//1433 1373//1372 1425//1424
f 1422//1421 1435//1434 1398//1397
f 640//640 1422//1421 1392//1391
f 638//638 1436//1435 1409//1408
f 1408//1407 1437//1436 642//642
f 1409//1408 1438//1437 1384//1383
f 1371//1370 1439//1438 1378//1377
f 1419//1418 1417//1416 1429//1428
f 1345//1344 1418//1417 1403//1402
f 1357//1356 1345//1344 1403//1402
f 1421//1420 1419//1418 1429//1428
f 1440//1439 1416//1415 1433//1432
f 1441//1440 1440//1439 1433//1432
f 1441//1440 1433//1432 1405//1404
f 1421//1420 644//644 1379//1378
f 1405//1404 1390//1389 1441//1440
f 639//639 1436//1435 638//638
f 639//639 1424//1423 1436//1435
f 1422//1421 640//640 1442//1441
f 1436//1435 1424//1423 1443//1442
f 1442//1441 640//640 642//642
f 1442//1441 642//642 1444//1443
f 642//642 1445//1444 1444//1443
f 1436//1435 1446//1445 1409//1408
f 1358//1357 1430//1429 1447//1446
f 1358//1357 1447//1446 1431//1430
f 1421//1420 1429//1428 645//645
f 1441//1440 1448//1447 1440//1439
f 645//645 644//644 1421//1420
f 1432//1431 644//644 1449//1448
f 1450//1449 1414//1413 1402//1401
f 1402//1401 1451//1450 1450//1449
f 1452//1451 1439//1438 1371//1370
f 1414//1413 1452//1451 1371//1370
f 1439//1438 1429//1428 1378//1377
f 1430//1429 1403//1402 1453//1452
f 1403//1402 1418//1417 1454//1453
f 1449//1448 644//644 643//643
f 1450//1449 1452//1451 1414//1413
f 632//632 1451//1450 1402//1401
f 1415//1414 1451//1450 632//632
f 1440//1439 1415//1414 1416//1415
f 1455//1454 1430//1429 1453//1452
f 1403//1402 1454//1453 1453//1452
f 1432//1431 649//649 1418//1417
f 1390//1389 1431//1430 1456//1455
f 1448//1447 1441//1440 1457//1456
f 1432//1431 1449//1448 1458//1457
f 1390//1389 1459//1458 1457//1456
f 1441//1440 1390//1389 1457//1456
f 1447//1446 1430//1429 1455//1454
f 1460//1459 1440//1439 1448//1447
f 1431//1430 1447//1446 1461//1460
f 645//645 1462//1461 643//643
f 1431//1430 1461//1460 1456//1455
f 1432//1431 1458//1457 649//649
f 1390//1389 1456//1455 1459//1458
f 1460//1459 1448//1447 1457//1456
f 643//643 1463//1462 1449//1448
f 1464//1463 1450//1449 1451//1450
f 1465//1464 1455//1454 1453//1452
f 1465//1464 1466//1465 1455//1454
f 1455//1454 1466//1465 1447//1446
f 645//645 1429//1428 1462//1461
f 1418//1417 649//649 1454//1453
f 1460//1459 1457//1456 646//646
f 1456//1455 1467//1466 1459//1458
f 1463//1462 1468//1467 1449//1448
f 1449//1448 1468//1467 1469//1468
f 1469//1468 1458//1457 1449//1448
f 1459//1458 647//647 1457//1456
f 647//647 646//646 1457//1456
f 1470//1469 1452//1451 1450//1449
f 1450//1449 1471//1470 1470//1469
f 1450//1449 1472//1471 1471//1470
f 1472//1471 1450//1449 1464//1463
f 1471//1470 1472//1471 1465//1464
f 1472//1471 1473//1472 1465//1464
f 1472//1471 1466//1465 1473//1472
f 1466//1465 1472//1471 1464//1463
f 1466//1465 1464//1463 655//655
f 1471//1470 1465//1464 1453//1452
f 1474//1473 1429//1428 1439//1438
f 1454//1453 1471//1470 1453//1452
f 1440//1439 1475//1474 1415//1414
f 1460//1459 1475//1474 1440//1439
f 1475//1474 1460//1459 646//646
f 643//643 1462//1461 1463//1462
f 649//649 1458//1457 1476//1475
f 1467//1466 1477//1476 1459//1458
f 1469//1468 1476//1475 1458//1457
f 1477//1476 1478//1477 1459//1458
f 1459//1458 1478//1477 647//647
f 1463//1462 1479//1478 1468//1467
f 1480//1479 1439//1438 1452//1451
f 1481//1480 1470//1469 1471//1470
f 1415//1414 1482//1481 1451//1450
f 1454//1453 1481//1480 1471//1470
f 1466//1465 655//655 1447//1446
f 1429//1428 1474//1473 1462//1461
f 1454//1453 651//651 1481//1480
f 1447//1446 655//655 654//654
f 1475//1474 1483//1482 1415//1414
f 1447//1446 654//654 1461//1460
f 1463//1462 1462//1461 1484//1483
f 1476//1475 650//650 649//649
f 1456//1455 1485//1484 1467//1466
f 1475//1474 646//646 648//648
f 1477//1476 1486//1485 1478//1477
f 1479//1478 1487//1486 1468//1467
f 1469//1468 1468//1467 1488//1487
f 1469//1468 1488//1487 1489//1488
f 1488//1487 1468//1467 1490//1489
f 1488//1487 1490//1489 1491//1490
f 647//647 1478//1477 1492//1491
f 647//647 1492//1491 1493//1492
f 1494//1493 1452//1451 1470//1469
f 1470//1469 1481//1480 1494//1493
f 656//656 655//655 1464//1463
f 1482//1481 656//656 1464//1463
f 1482//1481 1464//1463 1451//1450
f 1494//1493 1480//1479 1452//1451
f 1480//1479 1474//1473 1439//1438
f 1483//1482 1482//1481 1415//1414
f 1454//1453 649//649 651//651
f 1456//1455 1461//1460 654//654
f 1463//1462 1484//1483 1479//1478
f 1495//1494 648//648 647//647
f 1477//1476 1496//1495 1486//1485
f 1495//1494 647//647 653//653
f 1497//1496 1478//1477 1486//1485
f 1474//1473 1480//1479 1498//1497
f 1499//1498 1494//1493 1481//1480
f 1499//1498 1481//1480 651//651
f 654//654 656//656 1500//1499
f 1501//1500 1482//1481 1483//1482
f 1474//1473 1502//1501 1462//1461
f 1475//1474 1503//1502 1483//1482
f 654//654 1500//1499 1456//1455
f 651//651 650//650 1499//1498
f 1456//1455 1500//1499 1504//1503
f 1462//1461 1502//1501 1484//1483
f 1456//1455 1504//1503 1485//1484
f 1503//1502 1475//1474 648//648
f 1503//1502 648//648 1495//1494
f 1484//1483 1505//1504 1479//1478
f 1479//1478 1505//1504 1506//1505
f 1476//1475 1507//1506 650//650
f 1508//1507 1495//1494 653//653
f 1508//1507 653//653 1509//1508
f 1510//1509 1480//1479 1494//1493
f 1494//1493 1499//1498 1510//1509
f 1500//1499 656//656 1511//1510
f 1511//1510 656//656 1482//1481
f 1501//1500 1511//1510 1482//1481
f 1503//1502 1512//1511 1483//1482
f 1504//1503 1500//1499 1513//1512
f 650//650 1514//1513 1499//1498
f 1505//1504 1484//1483 1515//1514
f 1485//1484 1504//1503 1516//1515
f 1495//1494 1508//1507 1517//1516
f 1480//1479 1510//1509 1498//1497
f 1511//1510 1513//1512 1500//1499
f 1518//1517 1498//1497 1510//1509
f 1501//1500 1513//1512 1511//1510
f 1502//1501 1474//1473 1498//1497
f 1510//1509 1499//1498 1518//1517
f 1501//1500 1483//1482 1512//1511
f 1519//1518 1484//1483 1502//1501
f 1514//1513 1518//1517 1499//1498
f 1484//1483 1519//1518 1520//1519
f 1503//1502 1495//1494 1521//1520
f 1502//1501 1498//1497 1522//1521
f 1523//1522 1524//1523 1522//1521
f 1523//1522 1522//1521 1498//1497
f 1498//1497 1518//1517 1523//1522
f 1504//1503 1513//1512 1501//1500
f 1504//1503 1501//1500 1525//1524
f 1526//1525 1525//1524 1501//1500
f 1527//1526 1523//1522 1518//1517
f 1504//1503 1525//1524 1528//1527
f 1529//1528 1530//1529 1531//1530
f 1532//1531 1533//1532 1534//1533
f 1535//1534 1536//1535 1537//1536
f 1538//1537 1539//1538 1540//1539
f 1541//1540 1542//1540 1543//1540
f 1544//1541 1545//1542 1546//1543
f 1547//1544 1548//1545 1549//1546
f 1550//1547 1551//1548 1552//1549
f 1553//1550 1554//1551 1555//1552
f 1556//1553 1557//1554 1558//1555
f 1559//1556 1560//1557 1561//1558
f 1561//1558 1560//1557 1562//1559
f 1560//1557 1559//1556 1563//1560
f 1564//1561 1565//1562 1566//1563
f 1529//1528 1559//1556 1561//1558
f 1532//1531 1565//1562 1567//1564
f 1562//1559 1560//1557 1568//1565
f 1564//1561 1569//1566 1570//1567
f 1570//1567 1571//1568 1564//1561
f 1565//1562 1564//1561 1571//1568
f 1571//1568 1572//1569 1565//1562
f 1572//1569 1567//1564 1565//1562
f 1563//1560 1573//1570 1574//1571
f 1560//1557 1574//1571 1575//1572
f 1560//1557 1563//1560 1574//1571
f 1529//1528 1531//1530 1563//1560
f 1566//1563 1576//1573 1569//1566
f 1566//1563 1565//1562 1534//1533
f 1565//1562 1532//1531 1534//1533
f 1529//1528 1563//1560 1559//1556
f 1566//1563 1569//1566 1564//1561
f 1568//1565 1560//1557 1575//1572
f 1571//1568 1570//1567 1577//1574
f 1562//1559 1568//1565 1578//1575
f 1562//1559 1578//1575 1579//1576
f 1561//1558 1562//1559 1579//1576
f 1561//1558 1579//1576 1580//1577
f 1572//1569 1571//1568 1581//1578
f 1563//1560 1531//1530 1573//1570
f 1566//1563 1582//1579 1576//1573
f 1566//1563 1534//1533 1582//1579
f 1532//1531 1567//1564 1533//1532
f 1569//1566 1583//1580 1577//1574
f 1568//1565 1575//1572 1584//1581
f 1529//1528 1561//1558 1585//1582
f 1577//1574 1570//1567 1569//1566
f 1561//1558 1580//1577 1585//1582
f 1582//1579 1586//1583 1576//1573
f 1574//1571 1573//1570 1587//1584
f 1586//1583 1535//1534 1576//1573
f 1534//1533 1533//1532 1582//1579
f 1575//1572 1574//1571 1587//1584
f 1583//1580 1569//1566 1576//1573
f 1583//1580 1576//1573 1535//1534
f 1588//1585 1533//1532 1567//1564
f 1530//1529 1529//1528 1585//1582
f 1588//1585 1567//1564 1589//1586
f 1584//1581 1539//1538 1568//1565
f 1577//1574 1590//1587 1571//1568
f 1572//1569 1591//1588 1589//1586
f 1572//1569 1589//1586 1567//1564
f 1568//1565 1538//1537 1578//1575
f 1581//1578 1591//1588 1572//1569
f 1590//1587 1581//1578 1571//1568
f 1592//1589 1573//1570 1531//1530
f 1593//1590 1592//1589 1531//1530
f 1531//1530 1530//1529 1593//1590
f 1594//1591 1575//1572 1587//1584
f 1595//1592 1533//1532 1588//1585
f 1575//1572 1594//1591 1584//1581
f 1539//1538 1538//1537 1568//1565
f 1577//1574 1596//1593 1590//1587
f 1578//1575 1597//1594 1579//1576
f 1592//1589 1587//1584 1573//1570
f 1598//1595 1586//1583 1582//1579
f 1533//1532 1598//1595 1582//1579
f 1535//1534 1586//1583 1599//1596
f 1530//1529 1600//1597 1593//1590
f 1601//1598 1583//1580 1535//1534
f 1601//1598 1535//1534 1537//1536
f 1585//1582 1580//1577 1602//1599
f 1603//1600 1588//1585 1589//1586
f 1579//1576 1597//1594 1602//1599
f 1579//1576 1602//1599 1580//1577
f 1538//1537 1540//1539 1578//1575
f 1540//1539 1597//1594 1578//1575
f 1590//1587 1604//1601 1581//1578
f 1604//1601 1591//1588 1581//1578
f 1605//1602 1587//1584 1606//1603
f 1606//1603 1587//1584 1592//1589
f 1592//1589 1607//1604 1606//1603
f 1586//1583 1598//1595 1608//1605
f 1586//1583 1608//1605 1609//1606
f 1598//1595 1533//1532 1610//1607
f 1611//1608 1587//1584 1605//1602
f 1533//1532 1612//1609 1610//1607
f 1600//1597 1530//1529 1613//1610
f 1600//1597 1613//1610 1614//1611
f 1601//1598 1537//1536 1615//1612
f 1533//1532 1595//1592 1612//1609
f 1594//1591 1587//1584 1611//1608
f 1616//1613 1613//1610 1530//1529
f 1616//1613 1530//1529 1585//1582
f 1583//1580 1617//1614 1577//1574
f 1584//1581 1594//1591 1539//1538
f 1616//1613 1585//1582 1602//1599
f 1577//1574 1617//1614 1596//1593
f 1595//1592 1588//1585 1603//1600
f 1589//1586 1591//1588 1603//1600
f 1596//1593 1604//1601 1590//1587
f 1611//1608 1605//1602 1618//1615
f 1612//1609 1619//1616 1610//1607
f 1611//1608 1620//1617 1594//1591
f 1621//1618 1622//1619 1613//1610
f 1621//1618 1613//1610 1616//1613
f 1601//1598 1623//1620 1624//1621
f 1601//1598 1624//1621 1583//1580
f 1594//1591 1620//1617 1625//1622
f 1617//1614 1583//1580 1624//1621
f 1625//1622 1539//1538 1594//1591
f 1602//1599 1626//1623 1616//1613
f 1625//1622 1540//1539 1539//1538
f 1627//1624 1603//1600 1591//1588
f 1604//1601 1627//1624 1591//1588
f 1611//1608 1628//1625 1620//1617
f 1629//1626 1630//1627 1612//1609
f 1629//1626 1612//1609 1595//1592
f 1626//1623 1621//1618 1616//1613
f 1631//1628 1596//1593 1617//1614
f 1597//1594 1626//1623 1602//1599
f 1631//1628 1604//1601 1596//1593
f 1632//1629 1627//1624 1604//1601
f 1621//1618 1633//1630 1622//1619
f 1620//1617 1634//1631 1635//1632
f 1636//1633 1637//1634 1629//1626
f 1636//1633 1629//1626 1595//1592
f 1620//1617 1635//1632 1625//1622
f 1624//1621 1631//1628 1617//1614
f 1636//1633 1595//1592 1603//1600
f 1625//1622 1635//1632 1638//1635
f 1636//1633 1603//1600 1627//1624
f 1638//1635 1540//1539 1625//1622
f 1638//1635 1626//1623 1597//1594
f 1638//1635 1597//1594 1540//1539
f 1631//1628 1632//1629 1604//1601
f 1639//1636 1640//1637 1621//1618
f 1639//1636 1621//1618 1641//1638
f 1642//1639 1643//1640 1644//1641
f 1642//1639 1644//1641 1624//1621
f 1645//1642 1641//1638 1626//1623
f 1645//1642 1626//1623 1646//1643
f 1641//1638 1621//1618 1626//1623
f 1624//1621 1644//1641 1631//1628
f 1644//1641 1647//1644 1648//1645
f 1635//1632 1649//1646 1650//1647
f 1646//1643 1626//1623 1651//1648
f 1631//1628 1644//1641 1648//1645
f 1631//1628 1648//1645 1652//1649
f 1653//1650 1654//1651 1636//1633
f 1635//1632 1650//1647 1638//1635
f 1655//1652 1651//1648 1626//1623
f 1627//1624 1653//1650 1636//1633
f 1631//1628 1652//1649 1632//1629
f 1655//1652 1626//1623 1638//1635
f 1656//1653 1657//1654 1658//1655
f 1659//1656 1660//1657 1661//1658
f 1661//1658 1662//1659 1663//1660
f 1661//1658 1663//1660 1659//1656
f 1658//1655 1657//1654 1664//1661
f 1648//1645 1665//1662 1652//1649
f 1650//1647 1655//1652 1638//1635
f 1652//1649 1653//1650 1627//1624
f 1652//1649 1627//1624 1632//1629
f 1666//1663 1667//1664 1657//1654
f 1656//1653 1666//1663 1657//1654
f 1661//1658 1668//1665 1662//1659
f 1658//1655 1669//1666 1656//1653
f 1669//1666 1658//1655 1670//1667
f 1657//1654 1667//1664 1671//1668
f 1662//1659 1672//1669 1663//1660
f 1671//1668 1664//1661 1657//1654
f 1664//1661 1670//1667 1658//1655
f 1663//1660 1673//1670 1659//1656
f 1664//1661 1674//1671 1670//1667
f 1672//1669 1675//1672 1663//1660
f 1675//1672 1673//1670 1663//1660
f 1661//1658 1676//1673 1668//1665
f 1661//1658 1660//1657 1676//1673
f 1662//1659 1668//1665 1677//1674
f 1659//1656 1673//1670 1660//1657
f 1672//1669 1662//1659 1677//1674
f 1670//1667 1674//1671 1678//1675
f 1666//1663 1656//1653 1679//1676
f 1656//1653 1680//1677 1679//1676
f 1656//1653 1669//1666 1680//1677
f 1668//1665 1676//1673 1681//1678
f 1669//1666 1670//1667 1682//1679
f 1669//1666 1682//1679 1683//1680
f 1677//1674 1668//1665 1684//1681
f 1671//1668 1667//1664 1685//1682
f 1660//1657 1673//1670 1686//1683
f 1664//1661 1671//1668 1687//1684
f 1673//1670 1675//1672 1688//1685
f 1668//1665 1681//1678 1684//1681
f 1669//1666 1683//1680 1680//1677
f 1667//1664 1689//1686 1685//1682
f 1686//1683 1676//1673 1660//1657
f 1670//1667 1678//1675 1682//1679
f 1672//1669 1690//1687 1691//1688
f 1674//1671 1664//1661 1687//1684
f 1675//1672 1672//1669 1691//1688
f 1688//1685 1675//1672 1691//1688
f 1679//1676 1692//1689 1666//1663
f 1693//1690 1681//1678 1676//1673
f 1692//1689 1667//1664 1666//1663
f 1667//1664 1692//1689 1689//1686
f 1676//1673 1686//1683 1693//1690
f 1677//1674 1684//1681 1545//1542
f 1677//1674 1544//1541 1694//1691
f 1690//1687 1672//1669 1677//1674
f 1690//1687 1677//1674 1694//1691
f 1686//1683 1673//1670 1688//1685
f 1679//1676 1680//1677 1695//1692
f 1696//1693 1697//1694 1681//1678
f 1681//1678 1693//1690 1696//1693
f 1684//1681 1681//1678 1697//1694
f 1683//1680 1698//1695 1680//1677
f 1682//1679 1699//1696 1683//1680
f 1544//1541 1677//1674 1545//1542
f 1685//1682 1689//1686 1700//1697
f 1685//1682 1701//1698 1671//1668
f 1671//1668 1701//1698 1687//1684
f 1674//1671 1702//1699 1678//1675
f 1687//1684 1702//1699 1674//1671
f 1698//1695 1695//1692 1680//1677
f 1698//1695 1683//1680 1703//1700
f 1704//1701 1684//1681 1697//1694
f 1705//1702 1699//1696 1706//1703
f 1544//1541 1707//1704 1708//1705
f 1706//1703 1699//1696 1682//1679
f 1544//1541 1708//1705 1709//1706
f 1544//1541 1709//1706 1694//1691
f 1706//1703 1682//1679 1710//1707
f 1685//1682 1700//1697 1701//1698
f 1678//1675 1710//1707 1682//1679
f 1711//1708 1686//1683 1688//1685
f 1712//1709 1692//1689 1679//1676
f 1695//1692 1712//1709 1679//1676
f 1698//1695 1713//1710 1695//1692
f 1714//1711 1715//1712 1697//1694
f 1714//1711 1697//1694 1696//1693
f 1716//1713 1714//1711 1696//1693
f 1693//1690 1716//1713 1696//1693
f 1692//1689 1717//1714 1689//1686
f 1718//1715 1693//1690 1686//1683
f 1689//1686 1717//1714 1700//1697
f 1718//1715 1686//1683 1711//1708
f 1719//1716 1706//1703 1710//1707
f 1708//1705 1720//1717 1709//1706
f 1678//1675 1721//1718 1710//1707
f 1722//1719 1711//1708 1688//1685
f 1702//1699 1721//1718 1678//1675
f 1694//1691 1723//1720 1690//1687
f 1723//1720 1691//1688 1690//1687
f 1723//1720 1722//1719 1691//1688
f 1722//1719 1688//1685 1691//1688
f 1724//1721 1712//1709 1695//1692
f 1692//1689 1712//1709 1717//1714
f 1693//1690 1718//1715 1716//1713
f 1710//1707 1721//1718 1725//1722
f 1726//1723 1727//1724 1709//1706
f 1727//1724 1694//1691 1709//1706
f 1701//1698 1728//1725 1687//1684
f 1728//1725 1702//1699 1687//1684
f 1702//1699 1729//1726 1721//1718
f 1723//1720 1730//1727 1722//1719
f 1731//1728 1712//1709 1724//1721
f 1732//1729 1733//1730 1714//1711
f 1716//1713 1732//1729 1714//1711
f 1701//1698 1700//1697 1728//1725
f 1729//1726 1734//1731 1721//1718
f 1735//1732 1736//1733 1694//1691
f 1735//1732 1694//1691 1727//1724
f 1730//1727 1711//1708 1722//1719
f 1736//1733 1723//1720 1694//1691
f 1737//1734 1732//1729 1716//1713
f 1717//1714 1712//1709 1738//1735
f 1739//1736 1738//1735 1712//1709
f 1739//1736 1712//1709 1731//1728
f 1740//1737 1737//1734 1716//1713
f 1716//1713 1718//1715 1740//1737
f 1700//1697 1717//1714 1738//1735
f 1740//1737 1718//1715 1711//1708
f 1738//1735 1728//1725 1700//1697
f 1711//1708 1730//1727 1740//1737
f 1741//1738 1742//1739 1729//1726
f 1736//1733 1743//1740 1723//1720
f 1728//1725 1741//1738 1702//1699
f 1741//1738 1729//1726 1702//1699
f 1743//1740 1730//1727 1723//1720
f 1739//1736 1731//1728 1744//1741
f 1737//1734 1740//1737 1745//1742
f 1739//1736 1746//1743 1738//1735
f 1745//1742 1730//1727 1747//1744
f 1745//1742 1740//1737 1730//1727
f 1738//1735 1746//1743 1741//1738
f 1738//1735 1741//1738 1728//1725
f 1741//1738 1746//1743 1748//1745
f 1747//1744 1749//1746 1750//1747
f 1747//1744 1730//1727 1749//1746
f 1749//1746 1730//1727 1743//1740
f 1751//1748 1752//1749 1753//1750
f 1754//1751 1755//1752 1756//1753
f 1754//1751 1756//1753 1757//1754
f 1758//1755 1751//1748 1753//1750
f 1759//1756 1757//1754 1756//1753
f 1758//1755 1760//1757 1751//1748
f 1759//1756 1756//1753 1761//1758
f 1759//1756 1761//1758 1762//1759
f 1763//1760 1760//1757 1764//1761
f 1751//1748 1760//1757 1763//1760
f 1751//1748 1763//1760 1765//1762
f 1761//1758 1756//1753 1766//1763
f 1761//1758 1767//1764 1768//1765
f 1769//1766 1770//1767 1763//1760
f 1771//1768 1755//1752 1754//1751
f 1754//1751 1772//1769 1771//1768
f 1753//1750 1773//1770 1774//1771
f 1752//1749 1773//1770 1753//1750
f 1756//1753 1755//1752 1775//1772
f 1775//1772 1766//1763 1756//1753
f 1765//1762 1776//1773 1751//1748
f 1761//1758 1766//1763 1777//1774
f 1761//1758 1777//1774 1767//1764
f 1763//1760 1770//1767 1778//1775
f 1765//1762 1763//1760 1778//1775
f 1772//1769 1779//1776 1780//1777
f 1772//1769 1780//1777 1771//1768
f 1781//1778 1774//1771 1773//1770
f 1752//1749 1751//1748 1782//1779
f 1782//1779 1751//1748 1776//1773
f 1783//1780 1767//1764 1784//1781
f 1785//1782 1786//1783 1787//1784
f 1785//1782 1787//1784 1770//1767
f 1766//1763 1775//1772 1788//1785
f 1766//1763 1788//1785 1789//1786
f 1770//1767 1787//1784 1778//1775
f 1777//1774 1766//1763 1789//1786
f 1790//1787 1781//1778 1773//1770
f 1752//1749 1782//1779 1791//1788
f 1792//1789 1784//1781 1793//1790
f 1794//1791 1786//1783 1795//1792
f 1788//1785 1775//1772 1796//1793
f 1784//1781 1767//1764 1797//1794
f 1784//1781 1797//1794 1793//1790
f 1787//1784 1786//1783 1794//1791
f 1767//1764 1777//1774 1797//1794
f 1798//1795 1755//1752 1771//1768
f 1799//1796 1771//1768 1780//1777
f 1800//1797 1799//1796 1780//1777
f 1800//1797 1780//1777 1801//1798
f 1802//1799 1803//1800 1804//1801
f 1802//1799 1804//1801 1790//1787
f 1802//1799 1790//1787 1773//1770
f 1773//1770 1752//1749 1791//1788
f 1773//1770 1791//1788 1802//1799
f 1798//1795 1775//1772 1755//1752
f 1775//1772 1798//1795 1796//1793
f 1805//1802 1806//1803 1793//1790
f 1807//1804 1808//1805 1809//1806
f 1807//1804 1809//1806 1794//1791
f 1782//1779 1776//1773 1810//1807
f 1776//1773 1765//1762 1811//1808
f 1777//1774 1789//1786 1812//1809
f 1812//1809 1797//1794 1777//1774
f 1787//1784 1813//1810 1778//1775
f 1811//1808 1765//1762 1778//1775
f 1811//1808 1778//1775 1813//1810
f 1814//1811 1798//1795 1771//1768
f 1814//1811 1771//1768 1799//1796
f 1815//1812 1803//1800 1802//1799
f 1816//1813 1802//1799 1791//1788
f 1817//1814 1818//1815 1800//1797
f 1819//1816 1820//1817 1803//1800
f 1819//1816 1803//1800 1815//1812
f 1798//1795 1821//1818 1796//1793
f 1822//1819 1823//1820 1805//1802
f 1824//1821 1825//1822 1808//1805
f 1822//1819 1805//1802 1826//1823
f 1808//1805 1825//1822 1809//1806
f 1826//1823 1805//1802 1793//1790
f 1796//1793 1827//1824 1788//1785
f 1797//1794 1826//1823 1793//1790
f 1794//1791 1809//1806 1787//1784
f 1828//1825 1799//1796 1800//1797
f 1800//1797 1818//1815 1828//1825
f 1821//1818 1798//1795 1814//1811
f 1826//1823 1818//1815 1822//1819
f 1825//1822 1829//1826 1809//1806
f 1830//1827 1791//1788 1782//1779
f 1830//1827 1782//1779 1810//1807
f 1776//1773 1547//1544 1810//1807
f 1788//1785 1827//1824 1831//1828
f 1776//1773 1811//1808 1547//1544
f 1831//1828 1789//1786 1788//1785
f 1789//1786 1831//1828 1812//1809
f 1787//1784 1832//1829 1813//1810
f 1816//1813 1815//1812 1802//1799
f 1818//1815 1833//1830 1828//1825
f 1830//1827 1816//1813 1791//1788
f 1833//1830 1818//1815 1826//1823
f 1819//1816 1834//1831 1829//1826
f 1829//1826 1834//1831 1809//1806
f 1797//1794 1835//1832 1826//1823
f 1828//1825 1814//1811 1799//1796
f 1815//1812 1834//1831 1819//1816
f 1796//1793 1821//1818 1827//1824
f 1836//1833 1830//1827 1810//1807
f 1837//1834 1787//1784 1809//1806
f 1547//1544 1836//1833 1810//1807
f 1797//1794 1838//1835 1835//1832
f 1839//1836 1831//1828 1827//1824
f 1838//1835 1797//1794 1812//1809
f 1831//1828 1838//1835 1812//1809
f 1813//1810 1832//1829 1548//1545
f 1548//1545 1811//1808 1813//1810
f 1840//1837 1821//1818 1814//1811
f 1828//1825 1840//1837 1814//1811
f 1841//1838 1834//1831 1815//1812
f 1841//1838 1815//1812 1816//1813
f 1830//1827 1842//1839 1816//1813
f 1835//1832 1833//1830 1826//1823
f 1827//1824 1821//1818 1839//1836
f 1834//1831 1837//1834 1809//1806
f 1837//1834 1548//1545 1832//1829
f 1837//1834 1832//1829 1787//1784
f 1548//1545 1547//1544 1811//1808
f 1833//1830 1843//1840 1828//1825
f 1842//1839 1841//1838 1816//1813
f 1836//1833 1842//1839 1830//1827
f 1843//1840 1833//1830 1835//1832
f 1839//1836 1821//1818 1840//1837
f 1837//1834 1834//1831 1844//1841
f 1837//1834 1844//1841 1548//1545
f 1547//1544 1845//1842 1836//1833
f 1839//1836 1846//1843 1831//1828
f 1846//1843 1838//1835 1831//1828
f 1847//1844 1840//1837 1828//1825
f 1828//1825 1843//1840 1847//1844
f 1844//1841 1834//1831 1841//1838
f 1845//1842 1841//1838 1842//1839
f 1842//1839 1836//1833 1845//1842
f 1839//1836 1840//1837 1847//1844
f 1846//1843 1847//1844 1843//1840
f 1846//1843 1843//1840 1835//1832
f 1846//1843 1839//1836 1847//1844
f 1846//1843 1835//1832 1838//1835
f 1549//1546 1548//1545 1844//1841
f 1845//1842 1547//1544 1549//1546
f 1844//1841 1841//1838 1549//1546
f 1841//1838 1845//1842 1549//1546
f 1848//1845 1849//1846 1850//1847
f 1848//1845 1850//1847 1553//1550
f 1851//1848 1852//1849 1853//1850
f 1854//1851 1853//1850 1855//1852
f 1856//1853 1550//1547 1850//1847
f 1857//1854 1855//1852 1853//1850
f 1858//1855 1859//1856 1848//1845
f 1860//1857 1861//1858 1862//1859
f 1863//1860 1860//1857 1852//1849
f 1856//1853 1864//1861 1865//1862
f 1856//1853 1865//1862 1551//1548
f 1553//1550 1858//1855 1848//1845
f 1852//1849 1860//1857 1862//1859
f 1852//1849 1862//1859 1853//1850
f 1866//1863 1854//1851 1855//1852
f 1866//1863 1855//1852 1867//1864
f 1551//1548 1550//1547 1856//1853
f 1857//1854 1853//1850 1862//1859
f 1850//1847 1550//1547 1554//1551
f 1554//1551 1553//1550 1850//1847
f 1855//1852 1857//1854 1868//1865
f 1869//1866 1870//1867 1865//1862
f 1865//1862 1871//1868 1869//1866
f 1872//1869 1858//1855 1553//1550
f 1873//1870 1867//1864 1874//1871
f 1873//1870 1874//1871 1875//1872
f 1865//1862 1870//1867 1551//1548
f 1867//1864 1855//1852 1874//1871
f 1874//1871 1855//1852 1876//1873
f 1855//1852 1868//1865 1876//1873
f 1554//1551 1550//1547 1877//1874
f 1857//1854 1862//1859 1878//1875
f 1868//1865 1857//1854 1878//1875
f 1869//1866 1879//1876 1880//1877
f 1869//1866 1880//1877 1870//1867
f 1881//1878 1861//1858 1882//1879
f 1883//1880 1875//1872 1874//1871
f 1883//1880 1874//1871 1884//1881
f 1553//1550 1885//1882 1872//1869
f 1862//1859 1886//1883 1878//1875
f 1880//1877 1887//1884 1888//1885
f 1880//1877 1888//1885 1889//1886
f 1890//1887 1884//1881 1891//1888
f 1890//1887 1891//1888 1892//1889
f 1870//1867 1880//1877 1889//1886
f 1893//1890 1894//1891 1872//1869
f 1884//1881 1874//1871 1891//1888
f 1861//1858 1881//1878 1895//1892
f 1872//1869 1885//1882 1893//1890
f 1862//1859 1861//1858 1895//1892
f 1862//1859 1895//1892 1896//1893
f 1551//1548 1870//1867 1889//1886
f 1553//1550 1555//1552 1885//1882
f 1886//1883 1862//1859 1896//1893
f 1877//1874 1550//1547 1552//1549
f 1897//1894 1898//1895 1888//1885
f 1899//1896 1897//1894 1900//1897
f 1901//1898 1902//1899 1903//1900
f 1892//1889 1904//1901 1903//1900
f 1889//1886 1888//1885 1898//1895
f 1905//1902 1906//1903 1907//1904
f 1905//1902 1908//1905 1893//1890
f 1891//1888 1904//1901 1892//1889
f 1881//1878 1909//1906 1895//1892
f 1893//1890 1885//1882 1910//1907
f 1889//1886 1911//1908 1551//1548
f 1874//1871 1876//1873 1912//1909
f 1551//1548 1911//1908 1552//1549
f 1876//1873 1913//1910 1912//1909
f 1868//1865 1913//1910 1876//1873
f 1877//1874 1555//1552 1554//1551
f 1898//1895 1897//1894 1914//1911
f 1914//1911 1897//1894 1899//1896
f 1915//1912 1901//1898 1903//1900
f 1903//1900 1904//1901 1915//1912
f 1901//1898 1916//1913 1917//1914
f 1905//1902 1910//1907 1918//1915
f 1905//1902 1918//1915 1906//1903
f 1895//1892 1909//1906 1916//1913
f 1893//1890 1910//1907 1905//1902
f 1910//1907 1885//1882 1558//1555
f 1558//1555 1885//1882 1555//1552
f 1886//1883 1919//1916 1878//1875
f 1919//1916 1868//1865 1878//1875
f 1919//1916 1913//1910 1868//1865
f 1915//1912 1920//1917 1901//1898
f 1899//1896 1918//1915 1914//1911
f 1920//1917 1916//1913 1901//1898
f 1895//1892 1916//1913 1920//1917
f 1921//1918 1889//1886 1898//1895
f 1891//1888 1874//1871 1922//1919
f 1889//1886 1921//1918 1911//1908
f 1922//1919 1874//1871 1912//1909
f 1896//1893 1923//1920 1886//1883
f 1552//1549 1911//1908 1924//1921
f 1556//1553 1877//1874 1552//1549
f 1556//1553 1555//1552 1877//1874
f 1925//1922 1898//1895 1914//1911
f 1918//1915 1926//1923 1914//1911
f 1921//1918 1898//1895 1925//1922
f 1927//1924 1895//1892 1920//1917
f 1910//1907 1926//1923 1918//1915
f 1891//1888 1922//1919 1904//1901
f 1895//1892 1927//1924 1896//1893
f 1557//1554 1910//1907 1558//1555
f 1896//1893 1927//1924 1923//1920
f 1555//1552 1556//1553 1558//1555
f 1923//1920 1928//1925 1886//1883
f 1886//1883 1928//1925 1919//1916
f 1924//1921 1556//1553 1552//1549
f 1914//1911 1926//1923 1929//1926
f 1922//1919 1930//1927 1904//1901
f 1557//1554 1926//1923 1910//1907
f 1931//1928 1922//1919 1912//1909
f 1911//1908 1921//1918 1932//1929
f 1932//1929 1924//1921 1911//1908
f 1913//1910 1931//1928 1912//1909
f 1928//1925 1933//1930 1919//1916
f 1933//1930 1913//1910 1919//1916
f 1929//1926 1925//1922 1914//1911
f 1934//1931 1920//1917 1915//1912
f 1934//1931 1927//1924 1920//1917
f 1930//1927 1934//1931 1915//1912
f 1930//1927 1915//1912 1904//1901
f 1925//1922 1932//1929 1921//1918
f 1930//1927 1922//1919 1931//1928
f 1927//1924 1935//1932 1923//1920
f 1935//1932 1928//1925 1923//1920
f 1933//1930 1931//1928 1913//1910
f 1936//1933 1556//1553 1924//1921
f 1929//1926 1926//1923 1937//1934
f 1938//1935 1932//1929 1925//1922
f 1938//1935 1925//1922 1929//1926
f 1939//1936 1927//1924 1934//1931
f 1940//1937 1934//1931 1930//1927
f 1937//1934 1926//1923 1557//1554
f 1938//1935 1924//1921 1932//1929
f 1936//1933 1557//1554 1556//1553
f 1935//1932 1933//1930 1928//1925
f 1929//1926 1937//1934 1938//1935
f 1934//1931 1940//1937 1939//1936
f 1940//1937 1930//1927 1931//1928
f 1927//1924 1939//1936 1935//1932
f 1936//1933 1937//1934 1557//1554
f 1935//1932 1939//1936 1940//1937
f 1935//1932 1940//1937 1933//1930
f 1940//1937 1931//1928 1933//1930
f 1938//1935 1936//1933 1924//1921
f 1938//1935 1937//1934 1936//1933
f 1941//1938 1942//1939 1943//1940
f 1944//1941 1945//1942 1946//1943
f 1947//1944 1948//1945 1949//1946
f 1950//1947 1951//1948 1952//1949
f 1953//1950 1954//1951 1955//1952
f 1956//1953 1957//1954 1958//1955
f 1959//1956 1960//1957 1961//1958
f 1962//1959 1963//1960 1964//1961
f 1965//1962 1966//1963 1967//1964
f 1968//1965 1969//1966 1970//1967
f 1971//1968 1972//1969 1973//1970
f 1974//1971 1975//1972 1976//1973
f 1977//1974 1978//1975 1979//1976
f 1980//1977 1981//1978 1982//1979
f 1983//1980 1982//1979 1984//1981
f 1985//1982 1986//1983 1987//1984
f 1985//1982 1987//1984 1988//1985
f 1989//1986 1990//1987 1991//1988
f 1987//1984 1986//1983 1992//1989
f 1991//1988 1990//1987 1993//1990
f 1988//1985 1987//1984 1994//1991
f 1995//1992 1988//1985 1994//1991
f 1990//1987 1996//1993 1997//1994
f 1990//1987 1997//1994 1993//1990
f 1998//1995 1950//1947 1994//1991
f 1996//1993 1999//1996 1997//1994
f 1987//1984 1992//1989 2000//1997
f 1994//1991 1987//1984 1998//1995
f 1998//1995 1987//1984 2001//1998
f 2002//1999 1998//1995 2001//1998
f 1991//1988 1993//1990 2003//2000
f 2003//2000 1953//1950 1991//1988
f 2001//1998 1987//1984 2004//2001
f 2002//1999 2001//1998 2005//2002
f 2005//2002 2006//2003 2002//1999
f 1999//1996 2007//2004 1997//1994
f 1987//1984 2000//1997 2004//2001
f 2001//1998 2004//2001 2008//2005
f 2005//2002 2001//1998 2008//2005
f 1959//1956 2009//2006 2005//2002
f 1959//1956 2005//2002 2008//2005
f 1956//1953 2010//2007 2007//2004
f 1997//1994 2007//2004 2011//2008
f 1959//1956 2008//2005 2012//2009
f 2007//2004 2010//2007 2011//2008
f 1959//1956 2012//2009 2013//2010
f 2010//2007 2014//2011 2011//2008
f 2003//2000 1993//1990 2015//2012
f 2016//2013 2003//2000 2015//2012
f 1997//1994 2011//2008 2017//2014
f 2004//2001 2000//1997 2018//2015
f 2013//2010 2012//2009 2019//2016
f 2011//2008 2014//2011 2017//2014
f 1997//1994 2017//2014 2020//2017
f 2000//1997 2021//2018 2018//2015
f 2019//2016 2004//2001 2022//2019
f 2008//2005 2004//2001 2012//2009
f 1993//1990 1997//1994 2023//2020
f 2015//2012 2024//2021 2016//2013
f 2012//2009 2004//2001 2019//2016
f 2025//2022 2019//2016 2026//2023
f 2017//2014 2027//2024 2028//2025
f 2020//2017 2017//2014 2029//2026
f 2015//2012 1993//1990 2030//2027
f 2017//2014 2028//2025 2031//2028
f 2017//2014 2031//2028 2029//2026
f 1993//1990 2023//2020 2030//2027
f 2004//2001 2018//2015 2032//2029
f 2026//2023 2019//2016 2033//2030
f 2033//2030 2019//2016 1942//1939
f 2004//2001 2032//2029 2022//2019
f 1942//1939 2019//2016 1943//1940
f 2029//2026 2031//2028 1962//1959
f 2018//2015 2034//2031 2032//2029
f 1942//1939 2035//2032 2036//2033
f 1942//1939 2036//2033 2033//2030
f 1962//1959 2037//2034 2029//2026
f 2020//2017 2029//2026 2037//2034
f 1997//1994 2020//2017 2023//2020
f 2030//2027 2038//2035 2015//2012
f 2019//2016 2022//2019 1943//1940
f 2020//2017 2037//2034 2039//2036
f 2020//2017 1946//1943 2023//2020
f 2022//2019 2032//2029 2040//2037
f 1943//1940 2022//2019 2041//2038
f 1943//1940 2041//2038 2042//2039
f 2043//2040 2044//2041 2045//2042
f 2046//2043 2047//2044 2048//2045
f 2030//2027 2023//2020 2049//2046
f 1943//1940 2042//2039 2050//2047
f 1943//1940 2050//2047 2043//2040
f 2020//2017 1944//1941 1946//1943
f 2040//2037 1948//1945 1947//1944
f 2022//2019 2040//2037 1947//1944
f 2022//2019 1947//1944 2041//2038
f 2049//2046 2023//2020 2051//2048
f 2051//2048 2052//2049 2049//2046
f 2042//2039 2041//2038 2053//2050
f 1946//1943 2054//2051 2055//2052
f 2023//2020 1946//1943 2055//2052
f 1947//1944 2056//2053 2041//2038
f 2057//2054 2053//2050 2041//2038
f 2054//2051 2058//2055 2059//2056
f 2054//2051 2059//2056 2055//2052
f 2055//2052 2060//2057 2051//2048
f 2055//2052 2051//2048 2023//2020
f 2061//2058 2062//2059 2063//2060
f 2061//2058 2063//2060 1985//1982
f 2064//2061 2065//2062 2066//2063
f 2064//2061 2066//2063 1989//1986
f 2064//2061 1989//1986 2067//2064
f 1985//1982 1988//1985 2061//2058
f 1990//1987 1989//1986 2066//2063
f 1988//1985 1995//1992 2061//2058
f 1995//1992 2068//2065 2061//2058
f 2066//2063 2069//2066 1996//1993
f 2066//2063 1996//1993 1990//1987
f 1989//1986 1991//1988 2070//2067
f 1989//1986 2070//2067 2071//2068
f 2071//2068 2070//2067 2072//2069
f 1986//1983 2073//2070 1992//1989
f 1994//1991 2068//2065 1995//1992
f 1950//1947 2068//2065 1994//1991
f 1996//1993 2074//2071 1999//1996
f 2070//2067 1991//1988 1953//1950
f 1998//1995 2002//1999 1950//1947
f 1951//1948 1950//1947 2002//1999
f 1953//1950 1955//1952 2070//2067
f 2075//2072 1951//1948 2002//1999
f 2074//2071 2076//2073 1999//1996
f 2006//2003 2075//2072 2002//1999
f 2007//2004 1999//1996 2076//2073
f 2000//1997 1992//1989 2077//2074
f 2009//2006 2006//2003 2005//2002
f 2009//2006 1961//1958 2006//2003
f 2076//2073 1957//1954 1956//1953
f 2076//2073 1956//1953 2007//2004
f 2016//2013 1953//1950 2003//2000
f 2000//1997 2077//2074 2078//2075
f 1953//1950 2016//2013 2079//2076
f 1959//1956 1961//1958 2009//2006
f 2010//2007 1956//1953 1958//1955
f 1958//1955 2080//2077 2010//2007
f 2013//2010 1960//1957 1959//1956
f 2014//2011 2010//2007 2080//2077
f 2081//2078 1960//1957 2013//2010
f 2080//2077 2082//2079 2014//2011
f 2078//2075 2021//2018 2000//1997
f 2013//2010 2025//2022 2081//2078
f 2014//2011 2082//2079 2027//2024
f 2013//2010 2019//2016 2025//2022
f 2017//2014 2014//2011 2027//2024
f 2021//2018 2078//2075 2083//2080
f 2028//2025 2027//2024 2084//2081
f 2085//2082 2024//2021 2015//2012
f 2025//2022 2026//2023 2086//2083
f 2028//2025 2084//2081 2087//2084
f 2087//2084 2084//2081 1962//1959
f 2021//2018 2088//2085 2034//2031
f 2021//2018 2034//2031 2018//2015
f 2038//2035 2085//2082 2015//2012
f 2037//2034 1962//1959 1964//1961
f 2089//2086 2035//2032 1942//1939
f 2090//2087 2037//2034 2047//2044
f 2089//2086 2044//2041 2035//2032
f 2090//2087 2047//2044 2046//2043
f 2030//2027 2091//2088 2038//2035
f 2034//2031 2040//2037 2032//2029
f 2044//2041 2089//2086 2045//2042
f 2049//2046 2091//2088 2030//2027
f 2043//2040 2053//2050 2044//2041
f 2048//2045 2047//2044 2092//2089
f 2049//2046 2052//2049 2093//2090
f 2053//2050 2043//2040 2050//2047
f 2094//2091 2092//2089 2095//2092
f 2094//2091 2095//2092 2054//2051
f 1947//1944 1949//1946 2056//2053
f 2054//2051 2095//2092 2058//2055
f 2052//2049 2051//2048 2060//2057
f 2096//2093 2097//2094 2056//2053
f 2096//2093 2041//2038 2097//2094
f 2096//2093 2057//2054 2041//2038
f 2058//2055 2098//2095 2059//2056
f 2058//2055 2060//2057 2055//2052
f 2058//2055 2055//2052 2098//2095
f 2061//2058 2068//2065 2062//2059
f 2069//2066 2066//2063 2065//2062
f 2073//2070 1986//1983 2099//2096
f 1950//1947 1952//1949 2068//2065
f 2069//2066 2074//2071 1996//1993
f 2072//2069 2070//2067 1955//1952
f 2077//2074 1992//1989 2073//2070
f 1957//1954 2076//2073 2074//2071
f 2006//2003 1961//1958 2075//2072
f 2078//2075 2077//2074 2100//2097
f 1953//1950 2079//2076 1954//1951
f 2016//2013 2024//2021 2101//2098
f 2016//2013 2101//2098 2079//2076
f 2027//2024 2082//2079 2102//2099
f 2078//2075 2100//2097 2083//2080
f 2021//2018 2083//2080 2103//2100
f 2027//2024 2102//2099 2084//2081
f 2024//2021 2085//2082 2101//2098
f 2021//2018 2103//2100 2088//2085
f 2084//2081 2104//2101 1963//1960
f 2084//2081 1963//1960 1962//1959
f 2037//2034 1964//1961 2105//2102
f 2037//2034 2105//2102 2047//2044
f 2044//2041 2106//2103 2035//2032
f 2107//2104 2034//2031 2088//2085
f 2091//2088 2108//2105 2038//2035
f 2040//2037 2107//2104 1948//1945
f 2047//2044 2095//2092 2092//2089
f 2108//2105 2049//2046 2093//2090
f 2056//2053 1949//1946 2096//2093
f 2057//2054 2109//2106 2053//2050
f 2052//2049 2060//2057 2110//2107
f 2093//2090 2052//2049 2110//2107
f 2111//2108 2057//2054 2096//2093
f 2111//2108 2109//2106 2057//2054
f 2095//2092 2112//2109 2058//2055
f 2112//2109 2113//2110 2058//2055
f 2113//2110 2060//2057 2058//2055
f 2068//2065 2114//2111 2062//2059
f 2115//2112 2069//2066 2065//2062
f 1952//1949 2114//2111 2068//2065
f 2116//2113 2073//2070 2099//2096
f 1952//1949 2117//2114 2114//2111
f 2115//2112 2074//2071 2069//2066
f 2117//2114 1952//1949 1951//1948
f 2118//2115 2074//2071 2115//2112
f 2072//2069 1955//1952 2119//2116
f 1951//1948 2120//2117 2117//2114
f 2075//2072 2120//2117 1951//1948
f 2118//2115 1957//1954 2074//2071
f 2073//2070 2116//2113 2077//2074
f 2121//2118 1957//1954 2118//2115
f 1961//1958 2122//2119 2120//2117
f 1961//1958 2120//2117 2075//2072
f 2077//2074 2116//2113 2100//2097
f 1961//1958 1968//1965 2122//2119
f 2121//2118 1958//1955 1957//1954
f 1960//1957 1968//1965 1961//1958
f 1972//1969 2080//2077 1958//1955
f 1972//1969 1958//1955 2121//2118
f 2100//2097 2116//2113 2123//2120
f 1972//1969 1971//1968 2080//2077
f 2079//2076 2124//2121 1954//1951
f 1968//1965 1960//1957 1969//1966
f 1969//1966 1960//1957 2081//2078
f 2080//2077 1971//1968 2082//2079
f 2124//2121 2079//2076 2101//2098
f 1969//1966 2081//2078 2025//2022
f 1969//1966 2025//2022 2125//2122
f 2082//2079 1971//1968 2102//2099
f 2124//2121 2101//2098 2126//2123
f 2100//2097 2123//2120 2127//2124
f 2100//2097 2127//2124 2083//2080
f 2083//2080 2127//2124 2103//2100
f 2086//2083 1974//1971 2125//2122
f 2086//2083 2125//2122 2025//2022
f 2102//2099 2128//2125 2084//2081
f 2085//2082 2126//2123 2101//2098
f 1974//1971 2086//2083 2129//2126
f 2084//2081 2128//2125 2104//2101
f 2129//2126 2086//2083 2130//2127
f 2103//2100 2127//2124 2088//2085
f 2126//2123 2085//2082 2038//2035
f 2036//2033 2131//2128 2129//2126
f 2036//2033 2129//2126 2130//2127
f 2035//2032 2131//2128 2036//2033
f 2038//2035 2132//2129 2126//2123
f 2106//2103 2131//2128 2035//2032
f 2088//2085 2127//2124 2133//2130
f 2088//2085 2133//2130 2107//2104
f 2108//2105 2132//2129 2038//2035
f 2107//2104 2133//2130 2134//2131
f 2107//2104 2134//2131 1948//1945
f 2053//2050 2106//2103 2044//2041
f 2093//2090 2135//2132 2132//2129
f 2093//2090 2132//2129 2108//2105
f 1948//1945 2134//2131 2136//2133
f 1948//1945 2136//2133 1949//1946
f 2110//2107 2135//2132 2093//2090
f 2136//2133 2096//2093 1949//1946
f 2137//2134 2115//2112 2065//2062
f 2114//2111 2138//2135 2062//2059
f 1966//1963 2115//2112 2137//2134
f 2114//2111 2139//2136 2138//2135
f 1965//1962 2115//2112 1966//1963
f 2140//2137 2141//2138 2116//2113
f 2140//2137 2116//2113 2099//2096
f 2117//2114 2139//2136 2114//2111
f 1965//1962 2142//2139 2115//2112
f 2142//2139 2118//2115 2115//2112
f 1955//1952 2143//2140 2119//2116
f 2143//2140 1955//1952 2144//2141
f 2142//2139 2145//2142 2118//2115
f 2141//2138 2146//2143 2116//2113
f 2145//2142 2121//2118 2118//2115
f 2144//2141 1955//1952 1954//1951
f 2145//2142 1972//1969 2121//2118
f 2146//2143 2123//2120 2116//2113
f 2124//2121 2144//2141 1954//1951
f 2144//2141 2124//2121 2147//2144
f 1971//1968 2148//2145 2102//2099
f 2147//2144 2124//2121 2126//2123
f 2146//2143 2149//2146 2123//2120
f 2147//2144 2126//2123 2150//2147
f 2123//2120 2149//2146 2127//2124
f 2102//2099 2148//2145 2151//2148
f 2102//2099 2151//2148 2128//2125
f 2149//2146 2152//2149 2127//2124
f 1974//1971 2153//2150 2125//2122
f 2126//2123 2154//2151 2150//2147
f 1963//1960 2104//2101 1964//1961
f 2152//2149 2155//2152 2127//2124
f 2132//2129 2154//2151 2126//2123
f 2131//2128 2106//2103 1978//1975
f 1964//1961 2156//2153 2105//2102
f 2155//2152 2133//2130 2127//2124
f 2157//2154 2154//2151 2132//2129
f 2155//2152 2134//2131 2133//2130
f 2158//2155 2047//2044 2105//2102
f 2053//2050 2159//2156 2106//2103
f 2157//2154 2132//2129 2135//2132
f 2047//2044 2158//2155 2160//2157
f 2047//2044 2160//2157 2095//2092
f 2161//2158 2162//2159 2135//2132
f 2162//2159 2157//2154 2135//2132
f 2134//2131 2163//2160 2136//2133
f 2109//2106 2159//2156 2053//2050
f 2095//2092 2160//2157 2113//2110
f 2110//2107 2161//2158 2135//2132
f 2136//2133 2164//2161 2096//2093
f 2164//2161 2111//2108 2096//2093
f 2164//2161 2109//2106 2111//2108
f 2113//2110 2112//2109 2095//2092
f 2113//2110 2110//2107 2060//2057
f 2165//2162 2166//2163 2138//2135
f 2137//2134 2167//2164 2168//2165
f 2137//2134 2168//2165 2169//2166
f 2170//2167 2165//2162 2138//2135
f 2169//2166 2171//2168 2137//2134
f 1966//1963 2137//2134 2171//2168
f 2138//2135 2139//2136 2170//2167
f 1967//1964 1966//1963 2171//2168
f 2172//2169 2141//2138 2140//2137
f 2173//2170 2170//2167 2139//2136
f 2174//2171 2173//2170 2139//2136
f 1965//1962 2175//2172 2142//2139
f 1967//1964 2175//2172 1965//1962
f 2174//2171 2139//2136 2117//2114
f 2176//2173 2143//2140 2144//2141
f 2141//2138 2172//2169 2177//2174
f 2178//2175 2174//2171 2117//2114
f 2120//2117 2178//2175 2117//2114
f 2175//2172 2179//2176 2142//2139
f 2180//2177 2181//2178 2176//2173
f 2180//2177 2176//2173 2144//2141
f 2177//2174 2146//2143 2141//2138
f 2142//2139 2179//2176 2182//2179
f 2142//2139 2182//2179 2145//2142
f 2178//2175 2120//2117 2122//2119
f 2183//2180 2178//2175 2122//2119
f 2184//2181 2183//2180 2122//2119
f 2185//2182 2186//2183 2145//2142
f 2185//2182 2145//2142 2182//2179
f 1968//1965 2184//2181 2122//2119
f 2186//2183 1972//1969 2145//2142
f 2146//2143 2177//2174 2187//2184
f 1970//1967 2184//2181 1968//1965
f 1973//1970 1972//1969 2186//2183
f 1973//1970 2186//2183 2188//2185
f 2189//2186 2180//2177 2147//2144
f 2180//2177 2144//2141 2147//2144
f 2148//2145 1971//1968 1973//1970
f 1970//1967 1969//1966 2125//2122
f 1976//1973 1970//1967 2125//2122
f 2148//2145 1973//1970 2190//2187
f 2146//2143 2187//2184 2149//2146
f 2149//2146 2187//2184 2191//2188
f 2189//2186 2147//2144 2150//2147
f 2192//2189 1976//1973 2125//2122
f 2192//2189 2125//2122 2153//2150
f 2148//2145 2190//2187 2151//2148
f 2149//2146 2191//2188 2152//2149
f 2189//2186 2150//2147 2154//2151
f 2193//2190 2189//2186 2154//2151
f 1975//1972 1974//1971 2129//2126
f 1975//1972 2129//2126 1977//1974
f 2128//2125 2194//2191 2104//2101
f 2155//2152 2152//2149 2191//2188
f 2155//2152 2191//2188 2195//2192
f 2131//2128 1978//1975 1977//1974
f 2131//2128 1977//1974 2129//2126
f 2104//2101 2156//2153 1964//1961
f 2106//2103 2196//2193 1978//1975
f 2156//2153 2197//2194 2105//2102
f 2198//2195 2193//2190 2154//2151
f 2154//2151 2157//2154 2198//2195
f 2106//2103 2199//2196 2196//2193
f 2195//2192 2134//2131 2155//2152
f 2200//2197 2199//2196 2106//2103
f 2105//2102 2201//2198 2158//2155
f 2198//2195 2157//2154 2162//2159
f 2163//2160 2134//2131 2195//2192
f 2163//2160 2195//2192 2202//2199
f 2159//2156 2200//2197 2106//2103
f 2158//2155 2203//2200 2160//2157
f 2204//2201 2205//2202 2162//2159
f 2162//2159 2161//2158 2204//2201
f 2109//2106 2206//2203 2159//2156
f 2163//2160 2202//2199 2207//2204
f 2163//2160 2207//2204 2136//2133
f 2208//2205 2209//2206 2164//2161
f 2209//2206 2109//2106 2164//2161
f 2160//2157 2210//2207 2113//2110
f 2113//2110 2210//2207 2211//2208
f 2212//2209 2204//2201 2161//2158
f 2212//2209 2161//2158 2110//2107
f 2207//2204 2208//2205 2136//2133
f 2208//2205 2164//2161 2136//2133
f 2211//2208 2212//2209 2113//2110
f 2212//2209 2110//2107 2113//2110
f 2172//2169 2165//2162 2213//2210
f 2165//2162 2170//2167 2213//2210
f 2171//2168 2169//2166 2181//2178
f 2169//2166 2176//2173 2181//2178
f 2169//2166 2143//2140 2176//2173
f 2170//2167 2173//2170 2214//2211
f 2170//2167 2214//2211 2213//2210
f 1967//1964 2171//2168 2215//2212
f 2171//2168 2181//2178 2215//2212
f 2172//2169 2213//2210 2177//2174
f 2173//2170 2174//2171 2214//2211
f 2175//2172 1967//1964 2215//2212
f 2215//2212 2181//2178 2216//2213
f 2174//2171 2183//2180 2214//2211
f 2174//2171 2178//2175 2183//2180
f 2179//2176 2175//2172 2217//2214
f 2177//2174 2213//2210 2218//2215
f 2177//2174 2218//2215 2187//2184
f 2213//2210 2214//2211 2219//2216
f 2181//2178 2180//2177 2220//2217
f 2182//2179 2179//2176 2217//2214
f 2175//2172 2215//2212 2216//2213
f 2182//2179 2217//2214 2185//2182
f 2216//2213 2181//2178 2220//2217
f 2213//2210 2219//2216 2218//2215
f 2214//2211 2183//2180 2219//2216
f 2184//2181 1970//1967 2183//2180
f 2219//2216 2183//2180 2221//2218
f 2186//2183 2185//2182 2188//2185
f 2217//2214 2216//2213 2185//2182
f 2217//2214 2175//2172 2216//2213
f 2220//2217 2180//2177 2189//2186
f 2187//2184 2218//2215 2191//2188
f 2183//2180 1976//1973 2221//2218
f 1973//1970 2188//2185 2190//2187
f 2185//2182 2216//2213 2222//2219
f 2183//2180 1970//1967 1976//1973
f 2188//2185 2185//2182 2190//2187
f 2185//2182 2222//2219 2190//2187
f 2222//2219 2220//2217 2193//2190
f 2220//2217 2189//2186 2193//2190
f 2216//2213 2220//2217 2222//2219
f 2218//2215 2219//2216 2221//2218
f 2191//2188 2218//2215 2221//2218
f 1976//1973 2192//2189 1974//1971
f 2151//2148 2190//2187 2223//2220
f 2223//2220 2190//2187 2224//2221
f 2191//2188 2221//2218 2195//2192
f 2221//2218 1976//1973 2225//2222
f 1976//1973 1975//1972 1979//1976
f 2222//2219 2193//2190 2198//2195
f 1976//1973 1979//1976 2225//2222
f 2221//2218 2225//2222 2226//2223
f 2225//2222 1979//1976 1978//1975
f 2190//2187 1981//1978 2224//2221
f 2190//2187 2222//2219 1981//1978
f 2227//2224 2224//2221 2228//2225
f 2227//2224 2228//2225 2229//2226
f 2226//2223 2225//2222 2230//2227
f 2224//2221 1981//1978 2228//2225
f 2221//2218 2231//2228 2207//2204
f 2221//2218 2226//2223 2231//2228
f 2228//2225 1981//1978 2232//2229
f 2222//2219 2198//2195 2162//2159
f 2195//2192 2221//2218 2202//2199
f 2221//2218 2207//2204 2202//2199
f 2207//2204 2231//2228 2233//2230
f 2226//2223 2234//2231 2231//2228
f 1981//1978 2222//2219 2205//2202
f 2222//2219 2162//2159 2205//2202
f 1981//1978 1984//1981 1982//1979
f 2231//2228 2235//2232 2233//2230
f 1981//1978 2205//2202 1984//1981
f 2205//2202 2212//2209 1984//1981
f 2205//2202 2204//2201 2212//2209
f 2207//2204 2233//2230 2236//2233
f 2233//2230 2237//2234 2236//2233
f 1984//1981 2238//2235 2239//2236
f 1984//1981 2212//2209 2238//2235
f 2063//2060 2240//2237 1986//1983
f 2071//2068 2067//2064 1989//1986
f 2241//2238 2242//2239 2243//2240
f 2241//2238 2243//2240 2244//2241
f 2245//2242 2241//2238 2244//2241
f 2246//2243 2247//2244 2248//2245
f 2246//2243 2248//2245 2249//2246
f 2243//2240 2250//2247 2244//2241
f 2249//2246 2248//2245 2251//2248
f 2251//2248 2252//2249 2249//2246
f 2245//2242 2253//2250 2241//2238
f 2247//2244 2254//2251 2248//2245
f 2255//2252 2246//2243 2249//2246
f 2245//2242 2244//2241 2256//2253
f 2251//2248 2248//2245 2254//2251
f 2249//2246 2252//2249 2255//2252
f 2244//2241 2250//2247 2257//2254
f 2256//2253 2244//2241 2257//2254
f 2251//2248 2254//2251 2258//2255
f 2251//2248 2258//2255 2252//2249
f 2257//2254 2250//2247 2259//2256
f 2252//2249 2258//2255 2260//2257
f 2242//2239 2241//2238 2261//2258
f 2242//2239 2261//2258 2262//2259
f 2241//2238 2253//2250 2261//2258
f 2247//2244 2246//2243 2263//2260
f 2246//2243 2264//2261 2263//2260
f 2246//2243 2265//2262 2264//2261
f 2246//2243 2255//2252 2265//2262
f 2242//2239 2262//2259 2266//2263
f 2242//2239 2266//2263 2267//2264
f 2245//2242 2268//2265 2253//2250
f 2254//2251 2247//2244 2269//2266
f 2254//2251 2269//2266 2270//2267
f 2243//2240 2242//2239 2267//2264
f 2245//2242 2271//2268 2268//2265
f 2245//2242 2256//2253 2271//2268
f 2255//2252 2252//2249 2272//2269
f 2250//2247 2243//2240 2267//2264
f 2250//2247 2267//2264 2273//2270
f 2254//2251 2270//2267 2067//2064
f 2252//2249 2274//2271 2272//2269
f 2258//2255 2254//2251 2067//2064
f 2256//2253 2257//2254 2063//2060
f 2260//2257 2274//2271 2252//2249
f 2262//2259 2261//2258 2275//2272
f 2256//2253 2063//2060 2271//2268
f 2276//2273 2250//2247 2273//2270
f 2259//2256 2250//2247 2276//2273
f 2257//2254 2259//2256 2240//2237
f 2063//2060 2257//2254 2240//2237
f 2258//2255 2067//2064 2071//2068
f 2258//2255 2071//2068 2260//2257
f 2274//2271 2260//2257 2277//2274
f 2261//2258 2253//2250 2278//2275
f 2279//2276 2262//2259 2275//2272
f 2253//2250 2280//2277 2278//2275
f 2263//2260 2269//2266 2247//2244
f 2253//2250 2268//2265 2280//2277
f 2255//2252 2281//2278 2265//2262
f 2266//2263 2262//2259 2279//2276
f 2281//2278 2255//2252 2282//2279
f 2269//2266 2283//2280 2270//2267
f 2255//2252 2272//2269 2282//2279
f 2284//2281 2268//2265 2271//2268
f 2267//2264 2266//2263 2285//2282
f 2273//2270 2267//2264 2285//2282
f 2272//2269 2274//2271 2286//2283
f 2284//2281 2271//2268 2063//2060
f 2063//2060 1986//1983 1985//1982
f 2276//2273 2099//2096 2259//2256
f 2240//2237 2259//2256 2099//2096
f 2072//2069 2260//2257 2071//2068
f 2072//2069 2277//2274 2260//2257
f 2287//2284 2275//2272 2261//2258
f 2278//2275 2287//2284 2261//2258
f 2288//2285 2289//2286 2263//2260
f 2288//2285 2263//2260 2264//2261
f 2288//2285 2264//2261 2265//2262
f 2269//2266 2263//2260 2289//2286
f 2281//2278 2288//2285 2265//2262
f 2280//2277 2268//2265 2290//2287
f 2269//2266 2291//2288 2283//2280
f 2290//2287 2268//2265 2284//2281
f 2282//2279 2272//2269 2286//2283
f 2285//2282 2292//2289 2273//2270
f 2064//2061 2270//2267 2283//2280
f 2293//2290 2284//2281 2063//2060
f 2270//2267 2064//2061 2067//2064
f 2294//2291 2276//2273 2273//2270
f 2294//2291 2273//2270 2292//2289
f 2293//2290 2063//2060 2062//2059
f 2274//2271 2295//2292 2286//2283
f 2277//2274 2295//2292 2274//2271
f 2294//2291 2099//2096 2276//2273
f 2099//2096 1986//1983 2240//2237
f 2291//2288 2269//2266 2289//2286
f 2296//2293 2266//2263 2279//2276
f 2266//2263 2296//2293 2285//2282
f 2290//2287 2284//2281 2297//2294
f 2282//2279 2286//2283 2298//2295
f 2285//2282 2299//2296 2292//2289
f 2283//2280 2167//2164 2064//2061
f 2065//2062 2064//2061 2167//2164
f 2294//2291 2140//2137 2099//2096
f 2072//2069 2119//2116 2277//2274
f 2287//2284 2300//2297 2275//2272
f 2301//2298 2287//2284 2278//2275
f 2302//2299 2289//2286 2288//2285
f 2303//2300 2302//2299 2288//2285
f 2279//2276 2275//2272 2300//2297
f 2281//2278 2303//2300 2288//2285
f 2280//2277 2290//2287 2278//2275
f 2296//2293 2299//2296 2285//2282
f 2297//2294 2304//2301 2290//2287
f 2293//2290 2166//2163 2297//2294
f 2293//2290 2297//2294 2284//2281
f 2305//2302 2167//2164 2283//2280
f 2292//2289 2306//2303 2294//2291
f 2062//2059 2138//2135 2307//2304
f 2062//2059 2307//2304 2293//2290
f 2137//2134 2065//2062 2167//2164
f 2295//2292 2298//2295 2286//2283
f 2294//2291 2306//2303 2308//2305
f 2294//2291 2308//2305 2140//2137
f 2119//2116 2295//2292 2277//2274
f 2278//2275 2309//2306 2301//2298
f 2302//2299 2310//2307 2289//2286
f 2289//2286 2310//2307 2311//2308
f 2289//2286 2311//2308 2291//2288
f 2296//2293 2279//2276 2300//2297
f 2290//2287 2309//2306 2278//2275
f 2281//2278 2312//2309 2303//2300
f 2312//2309 2281//2278 2282//2279
f 2291//2288 2311//2308 2305//2302
f 2291//2288 2305//2302 2283//2280
f 2312//2309 2282//2279 2313//2310
f 2313//2310 2282//2279 2298//2295
f 2299//2296 2314//2311 2292//2289
f 2314//2311 2306//2303 2292//2289
f 2140//2137 2308//2305 2315//2312
f 2140//2137 2315//2312 2172//2169
f 2316//2313 2317//2314 2119//2116
f 2316//2313 2119//2116 2143//2140
f 2317//2314 2295//2292 2119//2116
f 2318//2315 2300//2297 2287//2284
f 2318//2315 2287//2284 2301//2298
f 2309//2306 2318//2315 2301//2298
f 2303//2300 2310//2307 2302//2299
f 2300//2297 2319//2316 2296//2293
f 2304//2301 2309//2306 2290//2287
f 2299//2296 2296//2293 2320//2317
f 2320//2317 2314//2311 2299//2296
f 2298//2295 2321//2318 2313//2310
f 2322//2319 2297//2294 2166//2163
f 2167//2164 2305//2302 2168//2165
f 2323//2320 2322//2319 2166//2163
f 2323//2320 2166//2163 2165//2162
f 2295//2292 2321//2318 2298//2295
f 2306//2303 2324//2321 2308//2305
f 2324//2321 2315//2312 2308//2305
f 2323//2320 2165//2162 2315//2312
f 2168//2165 2325//2322 2316//2313
f 2168//2165 2316//2313 2169//2166
f 2317//2314 2321//2318 2295//2292
f 2315//2312 2165//2162 2172//2169
f 2169//2166 2316//2313 2143//2140
f 2318//2315 2319//2316 2300//2297
f 2311//2308 2310//2307 2326//2323
f 2326//2323 2310//2307 2303//2300
f 2327//2324 2326//2323 2303//2300
f 2312//2309 2327//2324 2303//2300
f 2328//2325 2318//2315 2309//2306
f 2329//2326 2311//2308 2326//2323
f 2296//2293 2319//2316 2320//2317
f 2328//2325 2309//2306 2304//2301
f 2311//2308 2329//2326 2305//2302
f 2322//2319 2328//2325 2304//2301
f 2330//2327 2327//2324 2312//2309
f 2330//2327 2312//2309 2313//2310
f 2322//2319 2304//2301 2297//2294
f 2329//2326 2325//2322 2305//2302
f 2331//2328 2330//2327 2313//2310
f 2331//2328 2313//2310 2321//2318
f 2314//2311 2324//2321 2306//2303
f 2168//2165 2305//2302 2325//2322
f 2325//2322 2317//2314 2316//2313
f 2331//2328 2321//2318 2317//2314
f 2324//2321 2323//2320 2315//2312
f 2332//2329 2319//2316 2318//2315
f 2318//2315 2328//2325 2332//2329
f 2329//2326 2326//2323 2333//2330
f 2330//2327 2326//2323 2327//2324
f 2320//2317 2319//2316 2334//2331
f 2335//2332 2328//2325 2322//2319
f 2314//2311 2320//2317 2334//2331
f 2329//2326 2333//2330 2336//2333
f 2322//2319 2323//2320 2335//2332
f 2336//2333 2325//2322 2329//2326
f 2324//2321 2314//2311 2334//2331
f 2334//2331 2323//2320 2324//2321
f 2317//2314 2325//2322 2336//2333
f 2336//2333 2331//2328 2317//2314
f 2326//2323 2330//2327 2333//2330
f 2319//2316 2332//2329 2334//2331
f 2332//2329 2335//2332 2334//2331
f 2332//2329 2328//2325 2335//2332
f 2333//2330 2330//2327 2336//2333
f 2330//2327 2331//2328 2336//2333
f 2335//2332 2323//2320 2334//2331
f 2337//2334 2338//2335 2339//2336
f 2340//2337 2341//2338 2342//2339
f 2343//2340 2344//2341 2345//2342
f 2346//2343 2347//2344 2348//2345
f 2349//2346 2350//2347 2351//2348
f 2352//2349 2353//2350 2354//2351
f 2355//2352 2356//2353 2357//2354
f 2355//2352 2357//2354 2358//2355
f 2359//2356 2360//2357 2356//2353
f 2359//2356 2356//2353 2355//2352
f 2356//2353 2360//2357 2361//2358
f 2356//2353 2361//2358 2357//2354
f 2358//2355 2362//2359 2355//2352
f 2357//2354 2361//2358 2363//2360
f 2358//2355 2357//2354 2364//2361
f 2357//2354 2363//2360 2364//2361
f 2359//2356 2365//2362 2360//2357
f 2366//2363 2359//2356 2355//2352
f 2355//2352 2362//2359 2366//2363
f 2361//2358 2367//2364 2363//2360
f 2358//2355 2368//2365 2362//2359
f 2369//2366 2358//2355 2364//2361
f 2370//2367 2365//2362 2359//2356
f 2371//2368 2372//2369 2360//2357
f 2361//2358 2360//2357 2372//2369
f 2373//2370 2367//2364 2361//2358
f 2358//2355 2374//2371 2368//2365
f 2367//2364 2375//2372 2363//2360
f 2364//2361 2363//2360 2369//2366
f 2369//2366 2374//2371 2358//2355
f 2366//2363 2376//2373 2359//2356
f 2365//2362 2371//2368 2360//2357
f 2361//2358 2372//2369 2373//2370
f 2366//2363 2362//2359 2377//2374
f 2362//2359 2368//2365 2377//2374
f 2369//2366 2363//2360 2378//2375
f 2375//2372 2378//2375 2363//2360
f 2378//2375 2379//2376 2369//2366
f 2370//2367 2359//2356 2376//2373
f 2366//2363 2377//2374 2380//2377
f 2368//2365 2374//2371 2381//2378
f 2369//2366 2379//2376 2374//2371
f 2366//2363 2380//2377 2376//2373
f 2382//2379 2380//2377 2377//2374
f 2377//2374 2368//2365 2383//2380
f 2384//2381 2375//2372 2367//2364
f 2375//2372 2384//2381 2385//2382
f 2370//2367 2386//2383 2365//2362
f 2370//2367 2376//2373 2386//2383
f 2387//2384 2365//2362 2386//2383
f 2365//2362 2387//2384 2371//2368
f 2372//2369 2371//2368 2388//2385
f 2372//2369 2388//2385 2389//2386
f 2373//2370 2372//2369 2389//2386
f 2373//2370 2389//2386 2390//2387
f 2373//2370 2391//2388 2367//2364
f 2367//2364 2391//2388 2392//2389
f 2367//2364 2392//2389 2384//2381
f 2384//2381 2338//2335 2385//2382
f 2376//2373 2380//2377 2393//2390
f 2393//2390 2380//2377 2382//2379
f 2382//2379 2377//2374 2394//2391
f 2394//2391 2377//2374 2383//2380
f 2373//2370 2390//2387 2391//2388
f 2368//2365 2395//2392 2383//2380
f 2392//2389 2391//2388 2396//2393
f 2338//2335 2384//2381 2397//2394
f 2338//2335 2397//2394 2398//2395
f 2379//2376 2399//2396 2374//2371
f 2399//2396 2381//2378 2374//2371
f 2399//2396 2379//2376 2400//2397
f 2401//2398 2387//2384 2386//2383
f 2376//2373 2402//2399 2386//2383
f 2403//2400 2387//2384 2401//2398
f 2376//2373 2404//2401 2402//2399
f 2403//2400 2371//2368 2387//2384
f 2388//2385 2371//2368 2403//2400
f 2381//2378 2340//2337 2395//2392
f 2381//2378 2395//2392 2368//2365
f 2405//2402 2396//2393 2391//2388
f 2382//2379 2394//2391 2393//2390
f 2401//2398 2386//2383 2402//2399
f 2393//2390 2404//2401 2376//2373
f 2406//2403 2389//2386 2388//2385
f 2407//2404 2394//2391 2383//2380
f 2390//2387 2408//2405 2391//2388
f 2383//2380 2395//2392 2407//2404
f 2391//2388 2408//2405 2405//2402
f 2398//2395 2409//2406 2338//2335
f 2338//2335 2409//2406 2339//2336
f 2399//2396 2340//2337 2381//2378
f 2410//2407 2404//2401 2393//2390
f 2410//2407 2393//2390 2394//2391
f 2406//2403 2388//2385 2403//2400
f 2410//2407 2394//2391 2407//2404
f 2405//2402 2408//2405 2411//2408
f 2409//2406 2405//2402 2411//2408
f 2412//2409 2340//2337 2399//2396
f 2399//2396 2413//2410 2412//2409
f 2414//2411 2403//2400 2401//2398
f 2389//2386 2406//2403 2415//2412
f 2389//2386 2415//2412 2390//2387
f 2390//2387 2415//2412 2408//2405
f 2395//2392 2416//2413 2407//2404
f 2395//2392 2342//2339 2416//2413
f 2342//2339 2395//2392 2340//2337
f 2402//2399 2414//2411 2401//2398
f 2403//2400 2417//2414 2406//2403
f 2416//2413 2410//2407 2407//2404
f 2408//2405 2415//2412 2344//2341
f 2344//2341 2411//2408 2408//2405
f 2411//2408 2418//2415 2409//2406
f 2413//2410 2419//2416 2412//2409
f 2404//2401 2420//2417 2402//2399
f 2403//2400 2414//2411 2417//2414
f 2421//2418 2404//2401 2410//2407
f 2406//2403 2417//2414 2415//2412
f 2341//2338 2340//2337 2412//2409
f 2418//2415 2411//2408 2422//2419
f 2419//2416 2341//2338 2412//2409
f 2419//2416 2413//2410 2423//2420
f 2424//2421 2414//2411 2402//2399
f 2402//2399 2420//2417 2424//2421
f 2414//2411 2425//2422 2417//2414
f 2420//2417 2404//2401 2421//2418
f 2417//2414 2426//2423 2415//2412
f 2416//2413 2421//2418 2410//2407
f 2415//2412 2426//2423 2427//2424
f 2427//2424 2344//2341 2415//2412
f 2344//2341 2343//2340 2411//2408
f 2343//2340 2428//2425 2419//2416
f 2428//2425 2341//2338 2419//2416
f 2411//2408 2343//2340 2422//2419
f 2343//2340 2429//2426 2422//2419
f 2343//2340 2419//2416 2429//2426
f 2429//2426 2423//2420 2422//2419
f 2424//2421 2425//2422 2414//2411
f 2421//2418 2430//2427 2420//2417
f 2426//2423 2417//2414 2425//2422
f 2341//2338 2431//2428 2416//2413
f 2341//2338 2416//2413 2342//2339
f 2345//2342 2428//2425 2343//2340
f 2424//2421 2420//2417 2430//2427
f 2431//2428 2430//2427 2421//2418
f 2431//2428 2421//2418 2416//2413
f 2345//2342 2344//2341 2427//2424
f 2432//2429 2431//2428 2341//2338
f 2432//2429 2341//2338 2428//2425
f 2433//2430 2425//2422 2424//2421
f 2430//2427 2433//2430 2424//2421
f 2426//2423 2425//2422 2433//2430
f 2432//2429 2430//2427 2431//2428
f 2427//2424 2426//2423 2433//2430
f 2427//2424 2433//2430 2434//2431
f 2427//2424 2434//2431 2345//2342
f 2428//2425 2345//2342 2434//2431
f 2434//2431 2432//2429 2428//2425
f 2433//2430 2430//2427 2434//2431
f 2434//2431 2430//2427 2432//2429
f 2435//2432 2436//2433 2437//2434
f 2435//2432 2438//2435 2436//2433
f 2439//2436 2437//2434 2440//2437
f 2439//2436 2435//2432 2437//2434
f 2437//2434 2441//2438 2440//2437
f 2437//2434 2436//2433 2441//2438
f 2438//2435 2435//2432 2442//2439
f 2436//2433 2443//2440 2441//2438
f 2438//2435 2444//2441 2436//2433
f 2436//2433 2444//2441 2443//2440
f 2439//2436 2440//2437 2445//2442
f 2446//2443 2435//2432 2439//2436
f 2435//2432 2446//2443 2442//2439
f 2441//2438 2443//2440 2447//2444
f 2438//2435 2442//2439 2448//2445
f 2449//2446 2444//2441 2438//2435
f 2450//2447 2439//2436 2445//2442
f 2451//2448 2440//2437 2452//2449
f 2441//2438 2452//2449 2440//2437
f 2453//2450 2441//2438 2447//2444
f 2438//2435 2448//2445 2454//2451
f 2447//2444 2443//2440 2455//2452
f 2444//2441 2449//2446 2443//2440
f 2449//2446 2438//2435 2454//2451
f 2446//2443 2439//2436 2456//2453
f 2445//2442 2440//2437 2451//2448
f 2441//2438 2453//2450 2452//2449
f 2446//2443 2457//2454 2442//2439
f 2442//2439 2457//2454 2448//2445
f 2449//2446 2458//2455 2443//2440
f 2455//2452 2443//2440 2458//2455
f 2458//2455 2449//2446 2459//2456
f 2450//2447 2456//2453 2439//2436
f 2446//2443 2460//2457 2457//2454
f 2448//2445 2461//2458 2454//2451
f 2449//2446 2454//2451 2459//2456
f 2446//2443 2456//2453 2460//2457
f 2462//2459 2457//2454 2460//2457
f 2457//2454 2463//2460 2448//2445
f 2464//2461 2447//2444 2455//2452
f 2455//2452 2465//2462 2464//2461
f 2450//2447 2445//2442 2466//2463
f 2450//2447 2466//2463 2456//2453
f 2467//2464 2466//2463 2445//2442
f 2445//2442 2451//2448 2467//2464
f 2452//2449 2468//2465 2451//2448
f 2452//2449 2469//2466 2468//2465
f 2453//2450 2469//2466 2452//2449
f 2453//2450 2470//2467 2469//2466
f 2453//2450 2447//2444 2471//2468
f 2447//2444 2464//2461 2472//2469
f 2447//2444 2472//2469 2471//2468
f 2464//2461 2465//2462 2347//2344
f 2456//2453 2473//2470 2460//2457
f 2473//2470 2462//2459 2460//2457
f 2462//2459 2474//2471 2457//2454
f 2474//2471 2463//2460 2457//2454
f 2453//2450 2471//2468 2470//2467
f 2448//2445 2463//2460 2475//2472
f 2472//2469 2476//2473 2471//2468
f 2347//2344 2477//2474 2478//2475
f 2347//2344 2478//2475 2464//2461
f 2459//2456 2454//2451 2479//2476
f 2479//2476 2454//2451 2461//2458
f 2479//2476 2480//2477 2459//2456
f 2481//2478 2466//2463 2467//2464
f 2456//2453 2466//2463 2482//2479
f 2483//2480 2481//2478 2467//2464
f 2456//2453 2482//2479 2484//2481
f 2483//2480 2467//2464 2451//2448
f 2468//2465 2483//2480 2451//2448
f 2461//2458 2448//2445 2475//2472
f 2461//2458 2475//2472 2351//2348
f 2485//2482 2471//2468 2476//2473
f 2462//2459 2473//2470 2474//2471
f 2481//2478 2482//2479 2466//2463
f 2473//2470 2456//2453 2484//2481
f 2486//2483 2468//2465 2469//2466
f 2487//2484 2463//2460 2474//2471
f 2470//2467 2471//2468 2488//2485
f 2463//2460 2487//2484 2475//2472
f 2471//2468 2485//2482 2488//2485
f 2477//2474 2347//2344 2489//2486
f 2347//2344 2346//2343 2489//2486
f 2479//2476 2461//2458 2351//2348
f 2490//2487 2473//2470 2484//2481
f 2490//2487 2474//2471 2473//2470
f 2486//2483 2483//2480 2468//2465
f 2490//2487 2487//2484 2474//2471
f 2485//2482 2491//2488 2488//2485
f 2489//2486 2491//2488 2485//2482
f 2492//2489 2479//2476 2351//2348
f 2479//2476 2492//2489 2493//2490
f 2494//2491 2481//2478 2483//2480
f 2469//2466 2495//2492 2486//2483
f 2469//2466 2470//2467 2495//2492
f 2470//2467 2488//2485 2495//2492
f 2475//2472 2487//2484 2496//2493
f 2475//2472 2496//2493 2349//2346
f 2349//2346 2351//2348 2475//2472
f 2482//2479 2481//2478 2494//2491
f 2483//2480 2486//2483 2497//2494
f 2496//2493 2487//2484 2490//2487
f 2488//2485 2353//2350 2495//2492
f 2353//2350 2488//2485 2491//2488
f 2491//2488 2489//2486 2498//2495
f 2493//2490 2492//2489 2499//2496
f 2484//2481 2482//2479 2500//2497
f 2483//2480 2497//2494 2494//2491
f 2501//2498 2490//2487 2484//2481
f 2486//2483 2495//2492 2497//2494
f 2350//2347 2492//2489 2351//2348
f 2498//2495 2502//2499 2491//2488
f 2499//2496 2492//2489 2350//2347
f 2499//2496 2503//2500 2493//2490
f 2504//2501 2482//2479 2494//2491
f 2482//2479 2504//2501 2500//2497
f 2494//2491 2497//2494 2505//2502
f 2500//2497 2501//2498 2484//2481
f 2497//2494 2495//2492 2506//2503
f 2496//2493 2490//2487 2501//2498
f 2495//2492 2507//2504 2506//2503
f 2507//2504 2495//2492 2353//2350
f 2353//2350 2491//2488 2354//2351
f 2354//2351 2499//2496 2508//2505
f 2508//2505 2499//2496 2350//2347
f 2491//2488 2502//2499 2354//2351
f 2354//2351 2502//2499 2509//2506
f 2354//2351 2509//2506 2499//2496
f 2509//2506 2502//2499 2503//2500
f 2504//2501 2494//2491 2505//2502
f 2501//2498 2500//2497 2510//2507
f 2506//2503 2505//2502 2497//2494
f 2350//2347 2349//2346 2496//2493
f 2350//2347 2496//2493 2511//2508
f 2352//2349 2354//2351 2508//2505
f 2504//2501 2510//2507 2500//2497
f 2511//2508 2501//2498 2510//2507
f 2511//2508 2496//2493 2501//2498
f 2352//2349 2507//2504 2353//2350
f 2512//2509 2350//2347 2511//2508
f 2512//2509 2508//2505 2350//2347
f 2513//2510 2504//2501 2505//2502
f 2510//2507 2504//2501 2513//2510
f 2506//2503 2513//2510 2505//2502
f 2512//2509 2511//2508 2510//2507
f 2507//2504 2513//2510 2506//2503
f 2507//2504 2514//2511 2513//2510
f 2507//2504 2352//2349 2514//2511
f 2508//2505 2514//2511 2352//2349
f 2514//2511 2508//2505 2512//2509
f 2513//2510 2514//2511 2510//2507
f 2514//2511 2512//2509 2510//2507
f 2515//2512 2516//2513 2517//2514
f 2518//2515 2519//2516 2520//2517
f 2521//2518 2522//2519 2378//2375
f 2375//2372 2385//2382 2521//2518
f 2378//2375 2375//2372 2521//2518
f 2378//2375 2523//2520 2379//2376
f 2522//2519 2524//2521 2378//2375
f 2337//2334 2521//2518 2385//2382
f 2379//2376 2523//2520 2400//2397
f 2337//2334 2525//2522 2521//2518
f 2521//2518 2526//2523 2522//2519
f 2524//2521 2523//2520 2378//2375
f 2527//2524 2524//2521 2522//2519
f 2385//2382 2338//2335 2337//2334
f 2523//2520 2524//2521 2528//2525
f 2526//2523 2527//2524 2522//2519
f 2526//2523 2521//2518 2525//2522
f 2529//2526 2523//2520 2528//2525
f 2527//2524 2516//2513 2524//2521
f 2400//2397 2523//2520 2529//2526
f 2399//2396 2400//2397 2529//2526
f 2529//2526 2528//2525 2530//2527
f 2530//2527 2528//2525 2515//2512
f 2524//2521 2515//2512 2528//2525
f 2524//2521 2516//2513 2515//2512
f 2527//2524 2526//2523 2531//2528
f 2527//2524 2531//2528 2516//2513
f 2529//2526 2413//2410 2399//2396
f 2337//2334 2532//2529 2525//2522
f 2526//2523 2525//2522 2531//2528
f 2409//2406 2418//2415 2339//2336
f 2337//2334 2339//2336 2532//2529
f 2525//2522 2532//2529 2533//2530
f 2516//2513 2531//2528 2534//2531
f 2535//2532 2413//2410 2529//2526
f 2530//2527 2515//2512 2536//2533
f 2525//2522 2533//2530 2537//2534
f 2525//2522 2537//2534 2531//2528
f 2535//2532 2529//2526 2530//2527
f 2534//2531 2531//2528 2537//2534
f 2418//2415 2538//2535 2339//2336
f 2413//2410 2535//2532 2423//2420
f 2538//2535 2532//2529 2339//2336
f 2536//2533 2515//2512 2539//2536
f 2515//2512 2517//2514 2539//2536
f 2540//2537 2516//2513 2534//2531
f 2540//2537 2517//2514 2516//2513
f 2418//2415 2541//2538 2538//2535
f 2542//2539 2535//2532 2530//2527
f 2532//2529 2543//2540 2533//2530
f 2542//2539 2530//2527 2536//2533
f 2543//2540 2544//2541 2533//2530
f 2544//2541 2537//2534 2533//2530
f 2545//2542 2541//2538 2418//2415
f 2545//2542 2418//2415 2422//2419
f 2546//2543 2545//2542 2422//2419
f 2423//2420 2546//2543 2422//2419
f 2535//2532 2546//2543 2423//2420
f 2532//2529 2538//2535 2543//2540
f 2537//2534 2544//2541 2534//2531
f 2517//2514 2547//2544 2539//2536
f 2534//2531 2544//2541 2540//2537
f 2540//2537 2547//2544 2517//2514
f 2542//2539 2546//2543 2535//2532
f 2548//2545 2544//2541 2543//2540
f 2549//2546 2536//2533 2539//2536
f 2547//2544 2549//2546 2539//2536
f 2544//2541 2550//2547 2540//2537
f 2550//2547 2547//2544 2540//2537
f 2543//2540 2538//2535 2541//2538
f 2543//2540 2541//2538 2548//2545
f 2549//2546 2542//2539 2536//2533
f 2551//2548 2546//2543 2542//2539
f 2549//2546 2551//2548 2542//2539
f 2544//2541 2548//2545 2552//2549
f 2544//2541 2552//2549 2550//2547
f 2553//2550 2549//2546 2547//2544
f 2550//2547 2553//2550 2547//2544
f 2546//2543 2551//2548 2545//2542
f 2553//2550 2551//2548 2549//2546
f 2552//2549 2553//2550 2550//2547
f 2541//2538 2545//2542 2552//2549
f 2541//2538 2552//2549 2548//2545
f 2545//2542 2551//2548 2552//2549
f 2552//2549 2551//2548 2553//2550
f 2554//2551 2458//2455 2555//2552
f 2455//2452 2554//2551 2465//2462
f 2458//2455 2554//2551 2455//2452
f 2458//2455 2459//2456 2556//2553
f 2555//2552 2458//2455 2557//2554
f 2348//2345 2465//2462 2554//2551
f 2459//2456 2480//2477 2556//2553
f 2348//2345 2554//2551 2558//2555
f 2554//2551 2555//2552 2559//2556
f 2557//2554 2458//2455 2556//2553
f 2560//2557 2555//2552 2557//2554
f 2465//2462 2348//2345 2347//2344
f 2556//2553 2561//2558 2557//2554
f 2559//2556 2555//2552 2560//2557
f 2559//2556 2558//2555 2554//2551
f 2562//2559 2561//2558 2556//2553
f 2560//2557 2557//2554 2519//2516
f 2480//2477 2562//2559 2556//2553
f 2479//2476 2562//2559 2480//2477
f 2562//2559 2563//2560 2561//2558
f 2563//2560 2520//2517 2561//2558
f 2557//2554 2561//2558 2520//2517
f 2557//2554 2520//2517 2519//2516
f 2560//2557 2564//2561 2559//2556
f 2560//2557 2519//2516 2564//2561
f 2562//2559 2479//2476 2493//2490
f 2348//2345 2558//2555 2565//2562
f 2559//2556 2564//2561 2558//2555
f 2489//2486 2346//2343 2498//2495
f 2348//2345 2565//2562 2346//2343
f 2558//2555 2566//2563 2565//2562
f 2519//2516 2567//2564 2564//2561
f 2568//2565 2562//2559 2493//2490
f 2563//2560 2569//2566 2520//2517
f 2558//2555 2564//2561 2570//2567
f 2558//2555 2570//2567 2566//2563
f 2568//2565 2563//2560 2562//2559
f 2567//2564 2570//2567 2564//2561
f 2498//2495 2346//2343 2571//2568
f 2493//2490 2503//2500 2568//2565
f 2571//2568 2346//2343 2565//2562
f 2569//2566 2572//2569 2520//2517
f 2520//2517 2572//2569 2518//2515
f 2573//2570 2567//2564 2519//2516
f 2573//2570 2519//2516 2518//2515
f 2498//2495 2571//2568 2574//2571
f 2575//2572 2563//2560 2568//2565
f 2565//2562 2566//2563 2576//2573
f 2575//2572 2569//2566 2563//2560
f 2576//2573 2566//2563 2577//2574
f 2577//2574 2566//2563 2570//2567
f 2578//2575 2502//2499 2498//2495
f 2578//2575 2498//2495 2574//2571
f 2579//2576 2502//2499 2578//2575
f 2503//2500 2502//2499 2579//2576
f 2568//2565 2503//2500 2579//2576
f 2565//2562 2576//2573 2571//2568
f 2570//2567 2567//2564 2577//2574
f 2518//2515 2572//2569 2580//2577
f 2567//2564 2573//2570 2577//2574
f 2573//2570 2518//2515 2580//2577
f 2575//2572 2568//2565 2579//2576
f 2581//2578 2576//2573 2577//2574
f 2582//2579 2572//2569 2569//2566
f 2580//2577 2572//2569 2582//2579
f 2577//2574 2573//2570 2583//2580
f 2583//2580 2573//2570 2580//2577
f 2576//2573 2581//2578 2574//2571
f 2576//2573 2574//2571 2571//2568
f 2582//2579 2569//2566 2575//2572
f 2584//2581 2575//2572 2579//2576
f 2582//2579 2575//2572 2584//2581
f 2577//2574 2583//2580 2585//2582
f 2577//2574 2585//2582 2581//2578
f 2586//2583 2580//2577 2582//2579
f 2583//2580 2580//2577 2586//2583
f 2579//2576 2578//2575 2584//2581
f 2586//2583 2582//2579 2584//2581
f 2585//2582 2583//2580 2586//2583
f 2574//2571 2581//2578 2585//2582
f 2574//2571 2585//2582 2578//2575
f 2578//2575 2585//2582 2584//2581
f 2585//2582 2586//2583 2584//2581
f 2587//2584 2588//2585 2589//2586
f 2590//2587 2591//2588 2592//2589
f 2593//2590 2594//2591 2595//2592
f 2593//2590 2595//2592 2596//2593
f 2592//2589 2591//2588 2597//2594
f 2592//2589 2597//2594 2598//2595
f 2596//2593 2595//2592 2599//2596
f 2598//2595 2600//2597 2601//2598
f 2602//2599 2603//2600 2604//2601
f 2605//2602 2602//2599 2604//2601
f 2605//2602 2604//2601 2606//2603
f 2607//2604 2608//2605 2609//2606
f 2607//2604 2609//2606 2610//2607
f 2611//2608 2612//2609 2591//2588
f 2613//2610 2614//2611 2615//2612
f 2616//2613 2613//2610 2615//2612
f 2617//2614 2590//2587 2618//2615
f 2619//2616 2593//2590 2620//2617
f 2619//2616 2620//2617 2621//2618
f 2591//2588 2612//2609 2597//2594
f 2592//2589 2618//2615 2590//2587
f 2594//2591 2616//2613 2615//2612
f 2597//2594 2612//2609 2600//2597
f 2594//2591 2615//2612 2595//2592
f 2620//2617 2622//2619 2621//2618
f 2592//2589 2623//2620 2618//2615
f 2624//2621 2618//2615 2623//2620
f 2596//2593 2620//2617 2593//2590
f 2615//2612 2625//2622 2595//2592
f 2620//2617 2596//2593 2622//2619
f 2597//2594 2600//2597 2598//2595
f 2626//2623 2599//2596 2595//2592
f 2626//2623 2595//2592 2625//2622
f 2622//2619 2596//2593 2599//2596
f 2627//2624 2608//2605 2607//2604
f 2617//2614 2618//2615 2628//2625
f 2619//2616 2621//2618 2629//2626
f 2612//2609 2611//2608 2630//2627
f 2612//2609 2630//2627 2631//2628
f 2614//2611 2632//2629 2615//2612
f 2631//2628 2633//2630 2600//2597
f 2631//2628 2600//2597 2612//2609
f 2625//2622 2615//2612 2632//2629
f 2624//2621 2623//2620 2634//2631
f 2635//2632 2634//2631 2623//2620
f 2601//2598 2600//2597 2633//2630
f 2636//2633 2602//2599 2605//2602
f 2607//2604 2637//2634 2627//2624
f 2613//2610 2638//2635 2639//2636
f 2613//2610 2639//2636 2614//2611
f 2628//2625 2618//2615 2640//2637
f 2628//2625 2640//2637 2641//2638
f 2629//2626 2621//2618 2642//2639
f 2614//2611 2643//2640 2632//2629
f 2618//2615 2624//2621 2640//2637
f 2644//2641 2640//2637 2624//2621
f 2621//2618 2622//2619 2642//2639
f 2625//2622 2632//2629 2643//2640
f 2625//2622 2643//2640 2645//2642
f 2624//2621 2634//2631 2644//2641
f 2622//2619 2646//2643 2642//2639
f 2629//2626 2642//2639 2647//2644
f 2631//2628 2630//2627 2648//2645
f 2631//2628 2648//2645 2649//2646
f 2633//2630 2631//2628 2649//2646
f 2633//2630 2649//2646 2589//2586
f 2602//2599 2650//2647 2638//2635
f 2648//2645 2651//2648 2652//2649
f 2614//2611 2639//2636 2653//2650
f 2648//2645 2652//2649 2649//2646
f 2614//2611 2653//2650 2654//2651
f 2655//2652 2647//2644 2642//2639
f 2640//2637 2644//2641 2656//2653
f 2643//2640 2614//2611 2654//2651
f 2644//2641 2634//2631 2656//2653
f 2645//2642 2643//2640 2654//2651
f 2645//2642 2654//2651 2657//2654
f 2634//2631 2658//2655 2656//2653
f 2659//2656 2633//2630 2589//2586
f 2660//2657 2633//2630 2659//2656
f 2661//2658 2639//2636 2638//2635
f 2661//2658 2638//2635 2650//2647
f 2662//2659 2650//2647 2602//2599
f 2662//2659 2602//2599 2636//2633
f 2663//2660 2637//2634 2607//2604
f 2628//2625 2641//2638 2664//2661
f 2639//2636 2661//2658 2653//2650
f 2665//2662 2647//2644 2655//2652
f 2649//2646 2587//2584 2589//2586
f 2666//2663 2667//2664 2655//2652
f 2666//2663 2655//2652 2642//2639
f 2667//2664 2666//2663 2668//2665
f 2589//2586 2667//2664 2668//2665
f 2642//2639 2646//2643 2666//2663
f 2646//2643 2669//2666 2666//2663
f 2659//2656 2589//2586 2668//2665
f 2669//2666 2646//2643 2670//2667
f 2660//2657 2659//2656 2671//2668
f 2672//2669 2636//2633 2673//2670
f 2674//2671 2672//2669 2673//2670
f 2674//2671 2673//2670 2675//2672
f 2676//2673 2677//2674 2678//2675
f 2679//2676 2607//2604 2628//2625
f 2664//2661 2679//2676 2628//2625
f 2680//2677 2647//2644 2681//2678
f 2647//2644 2665//2662 2681//2678
f 2664//2661 2641//2638 2640//2637
f 2664//2661 2640//2637 2682//2679
f 2649//2646 2652//2649 2683//2680
f 2656//2653 2682//2679 2640//2637
f 2654//2651 2653//2650 2684//2681
f 2649//2646 2683//2680 2587//2584
f 2665//2662 2655//2652 2685//2682
f 2682//2679 2656//2653 2686//2683
f 2655//2652 2667//2664 2687//2684
f 2655//2652 2687//2684 2685//2682
f 2667//2664 2588//2585 2687//2684
f 2667//2664 2589//2586 2588//2585
f 2654//2651 2684//2681 2657//2654
f 2686//2683 2656//2653 2658//2655
f 2657//2654 2684//2681 2688//2685
f 2689//2686 2690//2686 2691//2686
f 2689//2686 2691//2686 2692//2686
f 2666//2663 2669//2666 2693//2687
f 2659//2656 2668//2665 2694//2688
f 2669//2666 2670//2667 2695//2689
f 2696//2690 2676//2673 2637//2634
f 2661//2658 2697//2691 2653//2650
f 2698//2692 2699//2693 2685//2682
f 2699//2693 2698//2692 2587//2584
f 2699//2693 2587//2584 2683//2680
f 2700//2694 2701//2695 2702//2696
f 2700//2694 2702//2696 2703//2697
f 2669//2666 2695//2689 2700//2698
f 2669//2666 2700//2698 2693//2687
f 2694//2688 2704//2699 2659//2656
f 2658//2655 2705//2700 2706//2701
f 2650//2647 2697//2691 2661//2658
f 2672//2669 2662//2659 2636//2633
f 2707//2702 2672//2669 2674//2671
f 2696//2690 2708//2703 2677//2674
f 2696//2690 2677//2674 2676//2673
f 2679//2676 2663//2660 2607//2604
f 2709//2704 2679//2676 2664//2661
f 2681//2678 2710//2705 2680//2677
f 2651//2648 2711//2706 2652//2649
f 2652//2649 2711//2706 2683//2680
f 2709//2704 2664//2661 2682//2679
f 2653//2650 2697//2691 2712//2707
f 2685//2682 2681//2678 2665//2662
f 2653//2650 2712//2707 2684//2681
f 2709//2704 2682//2679 2686//2683
f 2713//2708 2685//2682 2699//2693
f 2683//2680 2714//2709 2715//2710
f 2716//2711 2713//2708 2699//2693
f 2716//2711 2699//2693 2715//2710
f 2716//2711 2715//2710 2714//2709
f 2700//2694 2717//2712 2701//2695
f 2718//2713 2719//2714 2720//2715
f 2718//2713 2720//2715 2694//2688
f 2706//2701 2686//2683 2658//2655
f 2721//2716 2700//2698 2695//2689
f 2694//2688 2720//2715 2704//2699
f 2722//2717 2697//2691 2650//2647
f 2662//2659 2723//2718 2650//2647
f 2724//2719 2696//2690 2637//2634
f 2663//2660 2724//2719 2637//2634
f 2697//2691 2725//2720 2712//2707
f 2681//2678 2685//2682 2713//2708
f 2683//2680 2711//2706 2726//2721
f 2712//2707 2727//2722 2684//2681
f 2728//2723 2709//2704 2686//2683
f 2683//2680 2726//2721 2714//2709
f 2713//2708 2716//2711 2700//2698
f 2713//2708 2700//2698 2721//2716
f 2716//2711 2719//2714 2700//2698
f 2716//2711 2714//2709 2720//2715
f 2716//2711 2720//2715 2719//2714
f 2720//2715 2714//2709 2726//2721
f 2727//2722 2729//2724 2688//2685
f 2727//2722 2688//2685 2684//2681
f 2706//2701 2728//2723 2686//2683
f 2730//2725 2721//2716 2695//2689
f 2720//2715 2731//2726 2704//2699
f 2730//2725 2695//2689 2732//2727
f 2733//2728 2722//2717 2650//2647
f 2723//2718 2733//2728 2650//2647
f 2734//2729 2724//2719 2663//2660
f 2722//2717 2725//2720 2697//2691
f 2735//2730 2679//2676 2709//2704
f 2710//2705 2681//2678 2713//2708
f 2736//2731 2735//2730 2709//2704
f 2710//2705 2713//2708 2737//2732
f 2728//2723 2736//2731 2709//2704
f 2737//2732 2713//2708 2721//2716
f 2737//2732 2721//2716 2730//2725
f 2728//2723 2706//2701 2738//2733
f 2726//2721 2731//2726 2720//2715
f 2733//2728 2739//2734 2722//2717
f 2724//2719 2740//2735 2696//2690
f 2741//2736 2663//2660 2679//2676
f 2712//2707 2725//2720 2742//2737
f 2737//2732 2743//2738 2710//2705
f 2726//2721 2711//2706 2744//2739
f 2712//2707 2742//2737 2727//2722
f 2726//2721 2744//2739 2745//2740
f 2727//2722 2742//2737 2746//2741
f 2747//2742 2736//2731 2728//2723
f 2726//2721 2745//2740 2748//2743
f 2729//2724 2727//2722 2746//2741
f 2729//2724 2746//2741 2749//2744
f 2738//2733 2747//2742 2728//2723
f 2748//2743 2731//2726 2726//2721
f 2750//2745 2743//2738 2737//2732
f 2730//2725 2750//2745 2737//2732
f 2751//2746 2723//2718 2662//2659
f 2752//2747 2751//2746 2662//2659
f 2742//2737 2725//2720 2753//2748
f 2754//2749 2735//2730 2736//2731
f 2753//2748 2755//2750 2756//2751
f 2750//2745 2757//2752 2743//2738
f 2744//2739 2758//2753 2759//2754
f 2742//2737 2753//2748 2756//2751
f 2745//2740 2744//2739 2759//2754
f 2760//2755 2754//2749 2736//2731
f 2742//2737 2756//2751 2746//2741
f 2736//2731 2747//2742 2760//2755
f 2745//2740 2759//2754 2748//2743
f 2746//2741 2756//2751 2749//2744
f 2750//2745 2730//2725 2761//2756
f 2760//2755 2747//2742 2738//2733
f 2749//2744 2756//2751 2762//2757
f 2748//2743 2759//2754 2763//2758
f 2764//2759 2760//2755 2738//2733
f 2738//2733 2765//2760 2764//2759
f 2766//2761 2767//2762 2723//2718
f 2751//2746 2766//2761 2723//2718
f 2768//2763 2769//2764 2724//2719
f 2768//2763 2724//2719 2734//2729
f 2770//2765 2768//2763 2734//2729
f 2771//2766 2757//2752 2772//2767
f 2758//2753 2773//2768 2759//2754
f 2773//2768 2774//2769 2775//2770
f 2772//2767 2757//2752 2750//2745
f 2759//2754 2773//2768 2775//2770
f 2776//2771 2777//2772 2760//2755
f 2777//2772 2754//2749 2760//2755
f 2756//2751 2755//2750 2762//2757
f 2762//2757 2755//2750 2778//2773
f 2779//2774 2759//2754 2775//2770
f 2780//2775 2762//2757 2778//2773
f 2778//2773 2781//2776 2780//2775
f 2772//2767 2781//2776 2778//2773
f 2772//2767 2761//2756 2781//2776
f 2772//2767 2750//2745 2761//2756
f 2759//2754 2779//2774 2763//2758
f 2779//2774 2782//2777 2763//2758
f 2779//2774 2775//2770 2782//2777
f 2775//2770 2776//2771 2764//2759
f 2775//2770 2764//2759 2782//2777
f 2776//2771 2760//2755 2764//2759
f 2764//2759 2783//2778 2782//2777
f 2755//2750 2771//2766 2778//2773
f 2774//2769 2777//2772 2775//2770
f 2778//2773 2771//2766 2772//2767
f 2777//2772 2776//2771 2775//2770
f 2784//2779 2785//2780 2786//2781
f 2787//2782 2788//2783 2789//2784
f 2730//2725 2790//2785 2791//2786
f 2792//2787 2793//2788 2794//2789
f 2795//2790 2796//2791 2797//2792
f 2793//2788 2798//2793 2794//2789
f 2792//2787 2794//2789 2799//2794
f 2792//2787 2799//2794 2800//2795
f 2797//2792 2801//2796 2802//2797
f 2797//2792 2802//2797 2803//2798
f 2795//2790 2797//2792 2803//2798
f 2795//2790 2803//2798 2804//2799
f 2795//2790 2804//2799 2805//2800
f 2794//2789 2798//2793 2806//2801
f 2799//2794 2794//2789 2806//2801
f 2799//2794 2806//2801 2788//2783
f 2800//2795 2799//2794 2788//2783
f 2788//2783 2807//2802 2800//2795
f 2802//2797 2784//2779 2808//2803
f 2803//2798 2802//2797 2808//2803
f 2804//2799 2803//2798 2808//2803
f 2808//2803 2784//2779 2809//2804
f 2804//2799 2808//2803 2810//2805
f 2811//2806 2599//2596 2793//2788
f 2812//2807 2599//2596 2811//2806
f 2797//2792 2598//2595 2813//2808
f 2796//2791 2814//2809 2797//2792
f 2793//2788 2792//2787 2811//2806
f 2792//2787 2812//2807 2811//2806
f 2801//2796 2797//2792 2813//2808
f 2793//2788 2815//2810 2798//2793
f 2792//2787 2800//2795 2812//2807
f 2812//2807 2800//2795 2816//2811
f 2802//2797 2801//2796 2817//2812
f 2805//2800 2818//2813 2795//2790
f 2806//2801 2798//2793 2819//2814
f 2807//2802 2816//2811 2800//2795
f 2817//2812 2784//2779 2802//2797
f 2810//2805 2805//2800 2804//2799
f 2788//2783 2787//2782 2807//2802
f 2809//2804 2784//2779 2786//2781
f 2808//2803 2809//2804 2810//2805
f 2793//2788 2626//2623 2815//2810
f 2812//2807 2820//2815 2622//2619
f 2813//2808 2598//2595 2601//2598
f 2813//2808 2821//2816 2801//2796
f 2818//2813 2796//2791 2795//2790
f 2798//2793 2815//2810 2822//2817
f 2812//2807 2816//2811 2820//2815
f 2820//2815 2816//2811 2823//2818
f 2817//2812 2801//2796 2821//2816
f 2805//2800 2824//2819 2818//2813
f 2798//2793 2822//2817 2819//2814
f 2817//2812 2825//2820 2784//2779
f 2805//2800 2826//2821 2824//2819
f 2825//2820 2785//2780 2784//2779
f 2806//2801 2819//2814 2827//2822
f 2826//2821 2805//2800 2810//2805
f 2826//2821 2810//2805 2828//2823
f 2827//2822 2789//2784 2806//2801
f 2789//2784 2788//2783 2806//2801
f 2786//2781 2810//2805 2809//2804
f 2623//2620 2592//2589 2598//2595
f 2814//2809 2623//2620 2598//2595
f 2793//2788 2599//2596 2626//2623
f 2812//2807 2622//2619 2599//2596
f 2797//2792 2814//2809 2598//2595
f 2815//2810 2626//2623 2829//2824
f 2813//2808 2601//2598 2830//2825
f 2796//2791 2818//2813 2635//2632
f 2821//2816 2813//2808 2830//2825
f 2815//2810 2829//2824 2822//2817
f 2817//2812 2821//2816 2830//2825
f 2817//2812 2830//2825 2831//2826
f 2825//2820 2817//2812 2831//2826
f 2786//2781 2785//2780 2832//2827
f 2786//2781 2833//2828 2810//2805
f 2833//2828 2828//2823 2810//2805
f 2635//2632 2623//2620 2814//2809
f 2814//2809 2796//2791 2635//2632
f 2829//2824 2834//2829 2822//2817
f 2818//2813 2824//2819 2835//2830
f 2823//2818 2816//2811 2836//2831
f 2837//2832 2819//2814 2822//2817
f 2816//2811 2838//2833 2836//2831
f 2807//2802 2838//2833 2816//2811
f 2819//2814 2837//2832 2839//2834
f 2827//2822 2819//2814 2839//2834
f 2838//2833 2807//2802 2787//2782
f 2840//2835 2826//2821 2828//2823
f 2626//2623 2625//2622 2645//2642
f 2829//2824 2626//2623 2645//2642
f 2635//2632 2818//2813 2705//2700
f 2820//2815 2670//2667 2622//2619
f 2820//2815 2823//2818 2841//2836
f 2842//2837 2818//2813 2835//2830
f 2823//2818 2836//2831 2841//2836
f 2825//2820 2831//2826 2843//2838
f 2835//2830 2824//2819 2844//2839
f 2826//2821 2844//2839 2824//2819
f 2826//2821 2840//2835 2844//2839
f 2787//2782 2845//2840 2838//2833
f 2832//2827 2846//2841 2786//2781
f 2786//2781 2846//2841 2833//2828
f 2635//2632 2705//2700 2634//2631
f 2622//2619 2670//2667 2646//2643
f 2601//2598 2633//2630 2660//2657
f 2830//2825 2601//2598 2660//2657
f 2705//2700 2818//2813 2842//2837
f 2670//2667 2820//2815 2841//2836
f 2830//2825 2847//2842 2831//2826
f 2831//2826 2847//2842 2843//2838
f 2838//2833 2848//2843 2836//2831
f 2785//2780 2825//2820 2849//2844
f 2832//2827 2785//2780 2849//2844
f 2828//2823 2850//2845 2840//2835
f 2851//2846 2827//2822 2839//2834
f 2787//2782 2789//2784 2852//2847
f 2850//2845 2828//2823 2833//2828
f 2851//2846 2789//2784 2827//2822
f 2657//2654 2829//2824 2645//2642
f 2829//2824 2657//2654 2853//2848
f 2834//2829 2829//2824 2853//2848
f 2830//2825 2660//2657 2847//2842
f 2834//2829 2854//2849 2822//2817
f 2837//2832 2822//2817 2854//2849
f 2848//2843 2838//2833 2845//2840
f 2849//2844 2825//2820 2855//2850
f 2845//2840 2787//2782 2852//2847
f 2856//2851 2833//2828 2846//2841
f 2856//2851 2850//2845 2833//2828
f 2634//2631 2705//2700 2658//2655
f 2841//2836 2836//2831 2857//2852
f 2854//2849 2858//2853 2837//2832
f 2836//2831 2848//2843 2857//2852
f 2855//2850 2825//2820 2843//2838
f 2837//2832 2858//2853 2859//2854
f 2840//2835 2860//2855 2844//2839
f 2859//2854 2839//2834 2837//2832
f 2850//2845 2860//2855 2840//2835
f 2832//2827 2849//2844 2846//2841
f 2851//2846 2852//2847 2789//2784
f 2842//2837 2861//2856 2705//2700
f 2862//2857 2853//2848 2657//2654
f 2671//2668 2847//2842 2660//2657
f 2847//2842 2671//2668 2863//2858
f 2861//2856 2842//2837 2864//2859
f 2834//2829 2853//2848 2854//2849
f 2847//2842 2863//2858 2843//2838
f 2864//2859 2842//2837 2835//2830
f 2835//2830 2844//2839 2865//2860
f 2843//2838 2863//2858 2855//2850
f 2860//2855 2865//2860 2844//2839
f 2849//2844 2866//2861 2846//2841
f 2861//2856 2706//2701 2705//2700
f 2841//2836 2857//2852 2695//2689
f 2841//2836 2695//2689 2670//2667
f 2864//2859 2835//2830 2865//2860
f 2857//2852 2848//2843 2867//2862
f 2845//2840 2868//2863 2848//2843
f 2859//2854 2869//2864 2839//2834
f 2839//2834 2869//2864 2851//2846
f 2852//2847 2868//2863 2845//2840
f 2866//2861 2856//2851 2846//2841
f 2688//2685 2862//2857 2657//2654
f 2659//2656 2704//2699 2671//2668
f 2863//2858 2671//2668 2704//2699
f 2853//2848 2862//2857 2870//2865
f 2853//2848 2870//2865 2854//2849
f 2864//2859 2865//2860 2871//2866
f 2870//2865 2858//2853 2854//2849
f 2872//2867 2857//2852 2867//2862
f 2863//2858 2873//2868 2855//2850
f 2868//2863 2867//2862 2848//2843
f 2874//2869 2868//2863 2852//2847
f 2866//2861 2875//2870 2856//2851
f 2875//2870 2850//2845 2856//2851
f 2732//2727 2695//2689 2857//2852
f 2871//2866 2861//2856 2864//2859
f 2855//2850 2876//2871 2849//2844
f 2851//2846 2869//2864 2877//2872
f 2876//2871 2866//2861 2849//2844
f 2878//2873 2879//2874 2860//2855
f 2878//2873 2860//2855 2850//2845
f 2877//2872 2852//2847 2851//2846
f 2877//2872 2874//2869 2852//2847
f 2765//2760 2738//2733 2706//2701
f 2688//2685 2729//2724 2880//2875
f 2688//2685 2880//2875 2862//2857
f 2881//2876 2765//2760 2706//2701
f 2881//2876 2706//2701 2861//2856
f 2862//2857 2880//2875 2870//2865
f 2790//2785 2732//2727 2857//2852
f 2704//2699 2731//2726 2882//2877
f 2704//2699 2882//2877 2863//2858
f 2871//2866 2881//2876 2861//2856
f 2872//2867 2790//2785 2857//2852
f 2882//2877 2873//2868 2863//2858
f 2870//2865 2883//2878 2858//2853
f 2865//2860 2879//2874 2871//2866
f 2858//2853 2883//2878 2884//2879
f 2858//2853 2884//2879 2859//2854
f 2873//2868 2876//2871 2855//2850
f 2860//2855 2879//2874 2865//2860
f 2859//2854 2884//2879 2869//2864
f 2876//2871 2885//2880 2866//2861
f 2850//2845 2875//2870 2878//2873
f 2880//2875 2883//2878 2870//2865
f 2886//2881 2872//2867 2867//2862
f 2868//2863 2886//2881 2867//2862
f 2887//2882 2874//2869 2877//2872
f 2885//2880 2875//2870 2866//2861
f 2729//2724 2749//2744 2880//2875
f 2888//2883 2765//2760 2881//2876
f 2790//2785 2730//2725 2732//2727
f 2731//2726 2748//2743 2889//2884
f 2731//2726 2889//2884 2882//2877
f 2889//2884 2890//2885 2873//2868
f 2889//2884 2873//2868 2882//2877
f 2886//2881 2790//2785 2872//2867
f 2873//2868 2890//2885 2876//2871
f 2884//2879 2891//2886 2869//2864
f 2887//2882 2868//2863 2874//2869
f 2887//2882 2886//2881 2868//2863
f 2890//2885 2885//2880 2876//2871
f 2891//2886 2877//2872 2869//2864
f 2891//2886 2887//2882 2877//2872
f 2892//2887 2875//2870 2885//2880
f 2883//2878 2880//2875 2893//2888
f 2888//2883 2881//2876 2871//2866
f 2886//2881 2791//2786 2790//2785
f 2894//2889 2888//2883 2871//2866
f 2879//2874 2894//2889 2871//2866
f 2893//2888 2884//2879 2883//2878
f 2890//2885 2895//2890 2885//2880
f 2895//2890 2892//2887 2885//2880
f 2892//2887 2878//2873 2875//2870
f 2749//2744 2896//2891 2880//2875
f 2888//2883 2783//2778 2764//2759
f 2888//2883 2764//2759 2765//2760
f 2791//2786 2761//2756 2730//2725
f 2889//2884 2748//2743 2763//2758
f 2893//2888 2880//2875 2896//2891
f 2886//2881 2897//2892 2791//2786
f 2890//2885 2889//2884 2895//2890
f 2893//2888 2898//2893 2884//2879
f 2884//2879 2898//2893 2891//2886
f 2899//2894 2886//2881 2887//2882
f 2894//2889 2879//2874 2878//2873
f 2898//2893 2900//2895 2891//2886
f 2900//2895 2887//2882 2891//2886
f 2900//2895 2899//2894 2887//2882
f 2892//2887 2895//2890 2901//2896
f 2901//2896 2894//2889 2878//2873
f 2901//2896 2878//2873 2892//2887
f 2749//2744 2762//2757 2780//2775
f 2780//2775 2896//2891 2749//2744
f 2781//2776 2761//2756 2897//2892
f 2761//2756 2791//2786 2897//2892
f 2902//2897 2763//2758 2782//2777
f 2902//2897 2782//2777 2903//2898
f 2903//2898 2782//2777 2783//2778
f 2889//2884 2763//2758 2902//2897
f 2893//2888 2896//2891 2898//2893
f 2904//2899 2783//2778 2888//2883
f 2895//2890 2889//2884 2902//2897
f 2888//2883 2894//2889 2904//2899
f 2897//2892 2886//2881 2899//2894
f 2901//2896 2904//2899 2894//2889
f 2896//2891 2780//2775 2905//2900
f 2780//2775 2781//2776 2905//2900
f 2781//2776 2897//2892 2905//2900
f 2896//2891 2905//2900 2898//2893
f 2783//2778 2904//2899 2903//2898
f 2905//2900 2900//2895 2898//2893
f 2905//2900 2899//2894 2900//2895
f 2905//2900 2897//2892 2899//2894
f 2902//2897 2901//2896 2895//2890
f 2902//2897 2903//2898 2901//2896
f 2903//2898 2904//2899 2901//2896
f 2906//2901 2907//2902 2908//2903
f 2909//2904 2910//2905 2911//2906
f 2912//2907 2913//2908 2914//2909
f 2915//2910 2916//2911 2917//2912
f 2918//2913 2919//2914 2920//2915
f 2918//2913 2920//2915 2921//2916
f 2918//2913 2921//2916 2922//2917
f 2916//2911 2918//2913 2922//2917
f 2916//2911 2922//2917 2917//2912
f 2920//2915 2923//2918 2921//2916
f 2922//2917 2924//2919 2917//2912
f 2921//2916 2925//2920 2922//2917
f 2926//2921 2927//2922 2918//2913
f 2928//2923 2926//2921 2918//2913
f 2928//2923 2918//2913 2916//2911
f 2916//2911 2929//2924 2928//2923
f 2929//2924 2916//2911 2915//2910
f 2918//2913 2927//2922 2919//2914
f 2930//2925 2915//2910 2931//2926
f 2919//2914 2927//2922 2920//2915
f 2931//2926 2915//2910 2917//2912
f 2917//2912 2932//2927 2931//2926
f 2932//2927 2917//2912 2924//2919
f 2923//2918 2933//2928 2934//2929
f 2923//2918 2934//2929 2921//2916
f 2921//2916 2934//2929 2925//2920
f 2925//2920 2924//2919 2922//2917
f 2924//2919 2935//2930 2932//2927
f 2936//2931 2937//2932 2928//2923
f 2928//2923 2937//2932 2926//2921
f 2929//2924 2936//2931 2928//2923
f 2926//2921 2938//2933 2939//2934
f 2930//2925 2940//2935 2929//2924
f 2926//2921 2939//2934 2927//2922
f 2929//2924 2915//2910 2930//2925
f 2927//2922 2939//2934 2941//2936
f 2931//2926 2942//2937 2930//2925
f 2920//2915 2927//2922 2941//2936
f 2920//2915 2941//2936 2943//2938
f 2923//2918 2920//2915 2943//2938
f 2943//2938 2933//2928 2923//2918
f 2933//2928 2944//2939 2934//2929
f 2934//2929 2944//2939 2945//2940
f 2925//2920 2934//2929 2945//2940
f 2946//2941 2935//2930 2924//2919
f 2946//2941 2924//2919 2925//2920
f 2925//2920 2945//2940 2946//2941
f 2936//2931 2929//2924 2947//2942
f 2929//2924 2940//2935 2947//2942
f 2926//2921 2937//2932 2938//2933
f 2938//2933 2948//2943 2939//2934
f 2942//2937 2940//2935 2930//2925
f 2941//2936 2939//2934 2949//2944
f 2931//2926 2950//2945 2942//2937
f 2943//2938 2941//2936 2949//2944
f 2931//2926 2932//2927 2950//2945
f 2951//2946 2950//2945 2932//2927
f 2935//2930 2951//2946 2932//2927
f 2936//2931 2952//2947 2953//2948
f 2954//2949 2907//2902 2937//2932
f 2937//2932 2936//2931 2954//2949
f 2936//2931 2947//2942 2952//2947
f 2937//2932 2907//2902 2938//2933
f 2938//2933 2906//2901 2948//2943
f 2942//2937 2955//2950 2940//2935
f 2943//2938 2949//2944 2956//2951
f 2933//2928 2943//2938 2956//2951
f 2956//2951 2957//2952 2933//2928
f 2933//2928 2957//2952 2944//2939
f 2945//2940 2944//2939 2958//2953
f 2935//2930 2946//2941 2959//2954
f 2946//2941 2945//2940 2958//2953
f 2954//2949 2936//2931 2953//2948
f 2952//2947 2947//2942 2960//2955
f 2947//2942 2961//2956 2960//2955
f 2907//2902 2906//2901 2938//2933
f 2961//2956 2947//2942 2940//2935
f 2940//2935 2955//2950 2961//2956
f 2939//2934 2962//2957 2949//2944
f 2951//2946 2935//2930 2963//2958
f 2944//2939 2957//2952 2964//2959
f 2935//2930 2959//2954 2963//2958
f 2959//2954 2946//2941 2965//2960
f 2958//2953 2965//2960 2946//2941
f 2954//2949 2953//2948 2966//2961
f 2953//2948 2967//2962 2966//2961
f 2953//2948 2952//2947 2967//2962
f 2960//2955 2961//2956 2968//2963
f 2939//2934 2948//2943 2969//2964
f 2955//2950 2942//2937 2970//2965
f 2962//2957 2939//2934 2969//2964
f 2971//2966 2942//2937 2950//2945
f 2949//2944 2962//2957 2972//2967
f 2950//2945 2973//2968 2971//2966
f 2956//2951 2949//2944 2972//2967
f 2950//2945 2951//2946 2973//2968
f 2951//2946 2974//2969 2973//2968
f 2951//2946 2963//2958 2974//2969
f 2944//2939 2964//2959 2975//2970
f 2975//2970 2976//2971 2958//2953
f 2975//2970 2958//2953 2944//2939
f 2965//2960 2958//2953 2976//2971
f 2977//2972 2967//2962 2952//2947
f 2952//2947 2960//2955 2977//2972
f 2954//2949 2978//2973 2907//2902
f 2954//2949 2966//2961 2978//2973
f 2960//2955 2968//2963 2977//2972
f 2906//2901 2908//2903 2979//2974
f 2948//2943 2979//2974 2969//2964
f 2955//2950 2970//2965 2980//2975
f 2970//2965 2942//2937 2971//2966
f 2972//2967 2981//2976 2956//2951
f 2956//2951 2981//2976 2957//2952
f 2974//2969 2963//2958 2982//2977
f 2976//2971 2983//2978 2965//2960
f 2966//2961 2967//2962 2984//2979
f 2907//2902 2978//2973 2908//2903
f 2968//2963 2985//2980 2977//2972
f 2948//2943 2906//2901 2979//2974
f 2961//2956 2955//2950 2980//2975
f 2969//2964 2979//2974 2986//2981
f 2962//2957 2969//2964 2987//2982
f 2970//2965 2971//2966 2988//2983
f 2972//2967 2962//2957 2987//2982
f 2973//2968 2989//2984 2971//2966
f 2973//2968 2974//2969 2989//2984
f 2990//2985 2957//2952 2981//2976
f 2964//2959 2991//2986 2975//2970
f 2959//2954 2965//2960 2992//2987
f 2992//2987 2963//2958 2959//2954
f 2983//2978 2976//2971 2993//2988
f 2983//2978 2992//2987 2965//2960
f 2978//2973 2966//2961 2994//2989
f 2966//2961 2984//2979 2994//2989
f 2967//2962 2977//2972 2995//2990
f 2967//2962 2995//2990 2984//2979
f 2977//2972 2985//2980 2995//2990
f 2980//2975 2968//2963 2961//2956
f 2969//2964 2986//2981 2987//2982
f 2981//2976 2996//2991 2990//2985
f 2990//2985 2964//2959 2957//2952
f 2964//2959 2990//2985 2991//2986
f 2963//2958 2997//2992 2982//2977
f 2963//2958 2992//2987 2997//2992
f 2976//2971 2975//2970 2993//2988
f 2998//2993 2978//2973 2994//2989
f 2998//2993 2908//2903 2978//2973
f 2985//2980 2968//2963 2999//2994
f 2908//2903 2998//2993 3000//2995
f 2979//2974 2908//2903 3000//2995
f 2968//2963 2980//2975 2999//2994
f 2979//2974 3000//2995 3001//2996
f 2979//2974 3001//2996 2986//2981
f 2980//2975 3002//2997 3003//2998
f 3002//2997 2980//2975 2970//2965
f 2970//2965 2988//2983 3002//2997
f 2986//2981 3004//2999 2987//2982
f 2988//2983 2971//2966 3005//3000
f 2972//2967 2987//2982 3004//2999
f 2972//2967 3004//2999 3006//3001
f 2971//2966 2989//2984 3005//3000
f 3006//3001 2981//2976 2972//2967
f 2981//2976 3006//3001 2996//2991
f 2989//2984 2974//2969 3007//3002
f 2975//2970 2991//2986 3008//3003
f 2997//2992 2992//2987 3009//3004
f 2993//2988 2975//2970 3008//3003
f 2994//2989 2984//2979 3010//3005
f 2995//2990 3010//3005 2984//2979
f 3011//3006 2995//2990 2985//2980
f 2998//2993 2994//2989 3012//3007
f 2985//2980 2999//2994 3013//3008
f 2980//2975 3003//2998 2999//2994
f 3002//2997 2988//2983 3014//3009
f 2988//2983 3005//3000 3014//3009
f 3015//3010 2990//2985 2996//2991
f 2974//2969 2982//2977 3007//3002
f 2982//2977 3016//3011 3007//3002
f 2990//2985 3015//3010 2991//2986
f 2982//2977 2997//2992 3016//3011
f 2991//2986 3017//3012 3018//3013
f 2991//2986 3018//3013 3008//3003
f 2992//2987 3019//3014 3009//3004
f 3020//3015 3019//3014 2983//2978
f 3020//3015 2983//2978 2993//2988
f 3019//3014 2992//2987 2983//2978
f 3011//3006 3010//3005 2995//2990
f 3011//3006 2985//2980 3013//3008
f 3021//3016 2986//2981 3001//2996
f 3004//2999 2986//2981 3021//3016
f 2989//2984 3007//3002 3022//3017
f 3015//3010 3017//3012 2991//2986
f 2997//2992 3009//3004 3023//3018
f 3010//3005 3024//3019 2994//2989
f 3012//3007 2994//2989 3024//3019
f 2999//2994 3025//3020 3013//3008
f 3000//2995 2998//2993 3026//3021
f 2999//2994 3003//2998 3025//3020
f 3001//2996 3000//2995 3027//3022
f 3003//2998 3002//2997 3028//3023
f 3014//3009 3028//3023 3002//2997
f 3021//3016 3029//3024 3004//2999
f 3004//2999 3029//3024 3030//3025
f 3014//3009 3005//3000 3031//3026
f 3004//2999 3030//3025 3006//3001
f 3031//3026 3005//3000 2989//2984
f 3031//3026 2989//2984 3022//3017
f 3032//3027 2996//2991 3006//3001
f 3015//3010 2996//2991 3032//3027
f 3022//3017 3007//3002 3033//3028
f 3007//3002 3034//3029 3033//3028
f 3034//3029 3007//3002 3016//3011
f 3035//3030 3023//3018 3009//3004
f 3008//3003 3036//3031 2993//2988
f 3036//3031 3020//3015 2993//2988
f 3035//3030 3009//3004 3019//3014
f 3026//3021 2998//2993 3012//3007
f 3027//3022 3000//2995 3026//3021
f 3003//2998 3028//3023 3025//3020
f 3021//3016 3001//2996 3027//3022
f 3031//3026 3022//3017 3037//3032
f 3030//3025 3032//3027 3006//3001
f 3033//3028 3037//3032 3022//3017
f 3023//3018 3016//3011 2997//2992
f 3018//3013 3038//3033 3008//3003
f 3038//3033 3036//3031 3008//3003
f 3020//3015 3035//3030 3019//3014
f 3039//3034 3040//3035 3024//3019
f 3039//3034 3024//3019 3010//3005
f 3041//3036 3039//3034 3010//3005
f 3040//3035 3012//3007 3024//3019
f 3011//3006 3041//3036 3010//3005
f 3026//3021 3012//3007 3040//3035
f 3013//3008 3041//3036 3011//3006
f 3014//3009 3042//3037 3028//3023
f 3042//3037 3014//3009 3043//3038
f 3043//3038 3014//3009 3031//3026
f 3030//3025 3044//3039 3032//3027
f 3041//3036 3045//3040 3039//3034
f 3046//3041 3026//3021 3040//3035
f 3013//3008 3047//3042 3041//3036
f 3046//3041 3048//3043 3026//3021
f 3025//3020 3049//3044 3047//3042
f 3025//3020 3047//3042 3013//3008
f 3048//3043 3027//3022 3026//3021
f 3050//3045 3049//3044 3025//3020
f 3050//3045 3025//3020 3028//3023
f 3051//3046 3021//3016 3027//3022
f 3052//3047 3028//3023 3042//3037
f 3029//3024 3021//3016 3051//3046
f 3029//3024 3044//3039 3030//3025
f 3044//3039 3053//3048 3032//3027
f 3053//3048 3054//3049 3032//3027
f 3054//3049 3015//3010 3032//3027
f 3015//3010 3054//3049 3055//3050
f 3015//3010 3055//3050 3017//3012
f 3055//3050 3056//3051 3017//3012
f 3017//3012 3056//3051 3018//3013
f 3023//3018 3057//3052 3016//3011
f 3056//3051 3038//3033 3018//3013
f 3058//3053 3023//3018 3035//3030
f 3038//3033 3059//3054 3036//3031
f 3036//3031 3059//3054 3060//3055
f 3060//3055 3061//3056 3020//3015
f 3060//3055 3020//3015 3036//3031
f 3061//3056 3058//3053 3035//3030
f 3061//3056 3035//3030 3020//3015
f 3062//3057 3040//3035 3039//3034
f 3045//3040 3062//3057 3039//3034
f 3041//3036 3047//3042 3045//3040
f 3047//3042 3049//3044 3063//3058
f 3048//3043 3064//3059 3027//3022
f 3027//3022 3064//3059 3051//3046
f 3050//3045 3028//3023 3052//3047
f 3043//3038 3031//3026 3065//3060
f 3065//3060 3031//3026 3037//3032
f 3034//3029 3066//3061 3033//3028
f 3016//3011 3066//3061 3034//3029
f 3057//3052 3066//3061 3016//3011
f 3023//3018 3058//3053 3057//3052
f 3046//3041 3067//3062 3048//3043
f 3064//3059 3048//3043 3067//3062
f 3050//3045 3063//3058 3049//3044
f 3051//3046 3068//3063 3029//3024
f 3069//3064 3052//3047 3042//3037
f 3029//3024 3068//3063 3070//3065
f 3069//3064 3042//3037 3043//3038
f 3029//3024 3070//3065 3044//3039
f 3069//3064 3043//3038 3065//3060
f 3044//3039 3070//3065 3053//3048
f 3065//3060 3037//3032 3071//3066
f 3033//3028 3071//3066 3037//3032
f 3071//3066 3033//3028 3072//3067
f 3066//3061 3072//3067 3033//3028
f 3062//3057 3073//3068 3040//3035
f 3045//3040 3074//3069 3062//3057
f 3073//3068 3046//3041 3040//3035
f 3064//3059 3075//3070 3051//3046
f 3051//3046 3075//3070 3068//3063
f 3076//3071 3055//3050 3054//3049
f 3058//3053 3077//3072 3057//3052
f 3056//3051 3078//3073 3038//3033
f 3079//3074 3074//3069 3045//3040
f 3074//3069 3073//3068 3062//3057
f 3080//3075 3079//3074 3045//3040
f 3080//3075 3045//3040 3047//3042
f 3073//3068 3067//3062 3046//3041
f 3047//3042 3081//3076 3080//3075
f 3063//3058 3081//3076 3047//3042
f 3082//3077 3081//3076 3063//3058
f 3082//3077 3063//3058 3050//3045
f 3083//3078 3082//3077 3050//3045
f 3083//3078 3050//3045 3052//3047
f 3069//3064 3083//3078 3052//3047
f 3053//3048 3070//3065 3084//3079
f 3084//3079 3085//3080 3054//3049
f 3084//3079 3054//3049 3053//3048
f 3055//3050 3078//3073 3056//3051
f 3038//3033 3078//3073 3059//3054
f 3061//3056 3077//3072 3058//3053
f 3074//3069 3086//3081 3073//3068
f 3073//3068 3087//3082 3067//3062
f 3088//3083 3064//3059 3067//3062
f 3088//3083 3067//3062 3087//3082
f 3064//3059 3088//3083 3075//3070
f 3089//3084 3075//3070 3088//3083
f 3075//3070 3089//3084 3068//3063
f 3090//3085 3065//3060 3071//3066
f 3054//3049 3085//3080 3076//3071
f 3066//3061 3091//3086 3072//3067
f 3091//3086 3066//3061 3057//3052
f 3055//3050 3092//3087 3078//3073
f 3078//3073 3093//3088 3059//3054
f 3059//3054 3093//3088 3060//3055
f 3060//3055 3094//3089 3061//3056
f 3094//3089 3077//3072 3061//3056
f 3086//3081 3087//3082 3073//3068
f 3095//3090 3086//3081 3074//3069
f 3095//3090 3074//3069 3079//3074
f 3096//3091 3095//3090 3079//3074
f 3080//3075 3096//3091 3079//3074
f 3080//3075 2912//2907 3096//3091
f 3081//3076 2912//2907 3080//3075
f 3082//3077 2912//2907 3081//3076
f 3083//3078 2913//2908 3082//3077
f 3089//3084 3097//3092 3068//3063
f 3070//3065 3068//3063 3097//3092
f 3070//3065 3097//3092 3098//3093
f 2911//2906 3083//3078 3069//3064
f 2911//2906 3069//3064 3065//3060
f 3084//3079 3070//3065 3098//3093
f 3090//3085 2911//2906 3065//3060
f 3084//3079 3098//3093 3085//3080
f 3072//3067 3090//3085 3071//3066
f 3076//3071 3092//3087 3055//3050
f 3057//3052 3077//3072 3091//3086
f 3099//3094 3093//3088 3078//3073
f 3093//3088 3094//3089 3060//3055
f 3086//3081 3100//3095 3087//3082
f 2913//2908 2912//2907 3082//3077
f 3088//3083 3101//3096 3089//3084
f 3098//3093 3102//3097 3085//3080
f 3103//3098 3090//3085 3072//3067
f 3104//3099 3103//3098 3072//3067
f 3105//3100 3076//3071 3085//3080
f 3091//3086 3104//3099 3072//3067
f 3076//3071 3105//3100 3092//3087
f 3092//3087 3099//3094 3078//3073
f 3106//3101 3086//3081 3095//3090
f 3096//3091 3106//3101 3095//3090
f 3106//3101 3100//3095 3086//3081
f 3100//3095 3101//3096 3087//3082
f 3087//3082 3101//3096 3088//3083
f 3089//3084 3101//3096 3097//3092
f 2910//2905 2913//2908 3083//3078
f 3098//3093 3097//3092 3107//3102
f 2910//2905 3083//3078 2911//2906
f 3098//3093 3107//3102 3102//3097
f 2909//2904 2911//2906 3090//3085
f 3103//3098 2909//2904 3090//3085
f 3102//3097 3105//3100 3085//3080
f 3105//3100 3108//3103 3092//3087
f 3092//3087 3108//3103 3109//3104
f 3110//3105 3104//3099 3091//3086
f 3110//3105 3091//3086 3077//3072
f 3109//3104 3099//3094 3092//3087
f 3099//3094 3111//3106 3093//3088
f 3111//3106 3094//3089 3093//3088
f 3111//3106 3110//3105 3077//3072
f 3111//3106 3077//3072 3094//3089
f 3112//3107 3106//3101 3096//3091
f 3113//3108 3101//3096 3100//3095
f 2914//2909 3114//3109 2912//2907
f 3101//3096 3115//3110 3097//3092
f 3116//3111 3105//3100 3102//3097
f 3109//3104 3111//3106 3099//3094
f 3112//3107 3117//3112 3106//3101
f 3100//3095 3106//3101 3117//3112
f 3114//3109 3112//3107 3096//3091
f 3096//3091 2912//2907 3114//3109
f 3113//3108 3100//3095 3117//3112
f 3101//3096 3113//3108 3115//3110
f 2914//2909 2913//2908 3118//3113
f 3118//3113 2913//2908 2910//2905
f 3107//3102 3097//3092 3115//3110
f 3107//3102 3115//3110 3119//3114
f 3102//3097 3107//3102 3120//3115
f 3102//3097 3120//3115 3116//3111
f 3121//3116 2909//2904 3103//3098
f 3121//3116 3103//3098 3104//3099
f 3122//3117 3121//3116 3104//3099
f 3108//3103 3105//3100 3116//3111
f 3122//3117 3104//3099 3110//3105
f 3109//3104 3123//3118 3111//3106
f 3124//3119 3110//3105 3111//3106
f 3114//3109 2914//2909 3118//3113
f 3115//3110 3113//3108 3125//3120
f 3126//3121 3118//3113 2910//2905
f 3126//3121 2910//2905 2909//2904
f 3120//3115 3107//3102 3119//3114
f 3121//3116 3126//3121 2909//2904
f 3116//3111 3120//3115 3127//3122
f 3121//3116 3122//3117 3128//3123
f 3108//3103 3116//3111 3127//3122
f 3108//3103 3129//3124 3123//3118
f 3109//3104 3108//3103 3123//3118
f 3122//3117 3110//3105 3124//3119
f 3123//3118 3124//3119 3111//3106
f 3117//3112 3112//3107 3130//3125
f 3117//3112 3130//3125 3113//3108
f 3130//3125 3112//3107 3131//3126
f 3112//3107 3114//3109 3131//3126
f 3125//3120 3113//3108 3130//3125
f 3114//3109 3118//3113 3131//3126
f 3119//3114 3115//3110 3125//3120
f 3119//3114 3125//3120 3132//3127
f 3118//3113 3126//3121 3133//3128
f 3120//3115 3119//3114 3132//3127
f 3128//3123 3133//3128 3126//3121
f 3128//3123 3126//3121 3121//3116
f 3120//3115 3132//3127 3127//3122
f 3134//3129 3128//3123 3122//3117
f 3129//3124 3108//3103 3127//3122
f 3129//3124 3135//3130 3123//3118
f 3135//3130 3134//3129 3124//3119
f 3135//3130 3124//3119 3123//3118
f 3122//3117 3124//3119 3134//3129
f 3130//3125 3131//3126 3136//3131
f 3130//3125 3136//3131 3125//3120
f 3136//3131 3131//3126 3137//3132
f 3132//3127 3125//3120 3138//3133
f 3138//3133 3125//3120 3136//3131
f 3133//3128 3137//3132 3131//3126
f 3131//3126 3118//3113 3133//3128
f 3138//3133 3127//3122 3132//3127
f 3127//3122 3138//3133 3135//3130
f 3139//3134 3140//3135 3128//3123
f 3139//3134 3128//3123 3134//3129
f 3129//3124 3127//3122 3135//3130
f 3135//3130 3139//3134 3134//3129
f 3138//3133 3136//3131 3141//3136
f 3136//3131 3137//3132 3140//3135
f 3136//3131 3140//3135 3141//3136
f 3137//3132 3133//3128 3140//3135
f 3140//3135 3133//3128 3128//3123
f 3138//3133 3141//3136 3135//3130
f 3141//3136 3140//3135 3139//3134
f 3141//3136 3139//3134 3135//3130
f 3142//3137 3143//3138 3144//3139
f 3145//3140 3146//3141 3147//3142
f 3148//3143 3149//3144 3150//3145
f 3151//3146 3152//3147 3153//3148
f 3154//3149 3155//3150 3156//3151
f 3157//3152 3158//3153 3159//3154
f 3160//3155 3161//3156 3162//3157
f 3163//3158 3164//3159 3165//3160
f 3166//3161 3167//3161 3168//3161
f 3169//3162 3170//3162 3171//3162
f 3172//3163 3173//3164 3174//3165
f 3175//3166 3176//3166 3177//3166
f 3178//3167 3179//3168 3180//3169
f 3181//3170 3182//3171 3183//3172
f 3184//3173 3185//3173 3186//3173
f 3187//3174 3188//3174 3189//3174
f 3190//3175 3191//3175 3192//3175
f 3193//3176 3194//3176 3195//3176
f 3196//3177 3197//3178 3198//3179
f 3199//3180 3200//3181 3201//3182
f 3202//3183 3203//3183 3204//3183
f 3200//3181 3205//3184 3206//3185
f 3207//3186 3208//3187 3209//3188
f 3210//3189 3211//3190 3212//3191
f 3209//3188 3197//3178 3213//3192
f 3214//3193 3210//3189 3215//3194
f 3216//3195 3208//3187 3217//3196
f 3218//3197 3211//3190 3219//3198
f 3220//3199 3221//3200 3222//3201
f 3223//3202 3224//3203 3225//3204
f 3226//3205 3227//3206 3228//3207
f 3229//3208 3230//3209 3231//3210
f 3232//3211 3229//3208 3233//3212
f 3234//3213 3235//3214 3236//3215
f 3237//3216 3238//3217 3239//3218
f 3240//3219 3241//3220 3242//3221
f 3243//3222 3244//3223 3245//3224
f 3246//3225 3149//3144 3247//3226
f 3248//3227 3249//3228 3142//3137
f 3248//3227 3142//3137 3250//3229
f 3251//3230 3252//3231 3253//3232
f 3254//3233 3251//3230 3253//3232
f 3255//3234 3256//3235 3257//3236
f 3257//3236 3258//3237 3255//3234
f 3259//3238 3260//3239 3261//3240
f 3261//3240 3262//3241 3259//3238
f 3263//3242 3264//3243 3244//3223
f 3263//3242 3244//3223 3243//3222
f 3265//3244 3266//3245 3267//3246
f 3268//3247 3269//3248 3270//3249
f 3149//3144 3148//3143 3247//3226
f 3271//3250 3159//3154 3158//3153
f 3271//3250 3158//3153 3272//3251
f 3249//3228 3273//3252 3271//3250
f 3249//3228 3271//3250 3272//3251
f 3273//3252 3249//3228 3274//3253
f 3275//3254 3276//3255 3254//3233
f 3254//3233 3277//3256 3275//3254
f 3278//3257 3277//3256 3254//3233
f 3278//3257 3254//3233 3279//3258
f 3142//3137 3249//3228 3272//3251
f 3142//3137 3272//3251 3143//3138
f 3280//3259 3281//3260 3282//3261
f 3254//3233 3253//3232 3145//3140
f 3279//3258 3254//3233 3145//3140
f 3144//3139 3283//3262 3284//3263
f 3144//3139 3284//3263 3142//3137
f 3281//3260 3147//3142 3285//3264
f 3286//3265 3287//3266 3288//3267
f 3286//3265 3288//3267 3289//3268
f 3290//3269 3291//3270 3255//3271
f 3292//3272 3293//3273 3294//3274
f 3295//3275 3292//3272 3294//3274
f 3256//3235 3286//3265 3289//3268
f 3256//3235 3289//3268 3257//3236
f 3255//3271 3296//3276 3290//3269
f 3297//3277 3259//3278 3298//3279
f 3293//3273 3292//3272 3262//3241
f 3293//3273 3262//3241 3261//3240
f 3265//3244 3267//3246 3299//3280
f 3270//3249 3269//3248 3300//3281
f 3244//3223 3264//3243 3301//3282
f 3301//3282 3153//3148 3152//3147
f 3301//3282 3152//3147 3244//3223
f 3156//3151 3302//3283 3149//3144
f 3156//3151 3149//3144 3154//3149
f 3149//3144 3302//3283 3179//3168
f 3303//3284 3304//3285 3305//3286
f 3303//3284 3305//3286 3271//3250
f 3277//3256 3278//3257 3306//3287
f 3277//3256 3306//3287 3307//3288
f 3308//3289 3307//3288 3306//3287
f 3273//3252 3303//3284 3271//3250
f 3309//3290 3310//3291 3275//3254
f 3277//3256 3309//3290 3275//3254
f 3278//3257 3279//3258 3308//3289
f 3311//3292 3312//3293 3313//3294
f 3280//3259 3314//3295 3281//3260
f 3315//3296 3316//3297 3317//3298
f 3287//3266 3315//3296 3317//3298
f 3318//3299 3319//3300 3320//3301
f 3283//3262 3144//3139 3321//3302
f 3322//3303 3147//3142 3281//3260
f 3322//3303 3145//3140 3147//3142
f 3295//3275 3323//3304 3292//3272
f 3324//3305 3295//3275 3325//3306
f 3326//3307 3288//3267 3287//3266
f 3326//3307 3287//3266 3317//3298
f 3327//3308 3318//3299 3320//3301
f 3327//3308 3320//3301 3290//3269
f 3328//3309 3327//3308 3290//3269
f 3329//3310 3173//3164 3298//3279
f 3323//3304 3329//3310 3298//3279
f 3323//3304 3298//3279 3292//3272
f 3295//3275 3294//3274 3325//3306
f 3288//3267 3326//3307 3264//3243
f 3296//3276 3330//3311 3328//3309
f 3296//3276 3328//3309 3290//3269
f 3331//3312 3297//3277 3298//3279
f 3331//3312 3298//3279 3173//3164
f 3294//3274 3150//3145 3179//3168
f 3264//3243 3332//3313 3301//3282
f 3269//3248 3333//3314 3334//3315
f 3269//3248 3334//3315 3300//3281
f 3179//3168 3150//3145 3149//3144
f 3335//3316 3303//3284 3336//3317
f 3335//3316 3336//3317 3165//3160
f 3337//3318 3338//3319 3307//3288
f 3339//3320 3162//3157 3161//3156
f 3340//3321 3337//3318 3307//3288
f 3157//3152 3341//3322 3342//3323
f 3303//3284 3217//3196 3336//3317
f 3338//3319 3219//3198 3277//3256
f 3338//3319 3277//3256 3307//3288
f 3307//3288 3308//3289 3343//3324
f 3307//3288 3343//3324 3344//3325
f 3345//3326 3346//3327 3347//3328
f 3348//3329 3347//3328 3349//3330
f 3157//3152 3350//3331 3158//3153
f 3273//3252 3216//3195 3217//3196
f 3273//3252 3217//3196 3303//3284
f 3351//3332 3216//3195 3273//3252
f 3219//3198 3309//3290 3277//3256
f 3279//3258 3343//3324 3308//3289
f 3352//3333 3182//3171 3353//3334
f 3349//3330 3347//3328 3354//3335
f 3355//3336 3319//3300 3356//3337
f 3158//3153 3350//3331 3357//3338
f 3158//3153 3357//3338 3143//3138
f 3358//3339 3311//3292 3313//3294
f 3314//3295 3280//3259 3359//3340
f 3145//3140 3360//3341 3279//3258
f 3360//3341 3343//3324 3279//3258
f 3361//3342 3295//3275 3362//3343
f 3182//3171 3352//3333 3363//3344
f 3326//3307 3317//3298 3354//3335
f 3326//3307 3354//3335 3347//3328
f 3357//3338 3196//3177 3144//3139
f 3357//3338 3144//3139 3143//3138
f 3364//3345 3365//3345 3366//3345
f 3321//3302 3144//3139 3367//3346
f 3283//3262 3321//3302 3368//3347
f 3369//3348 3281//3260 3314//3295
f 3322//3303 3281//3260 3369//3348
f 3322//3303 3369//3348 3370//3349
f 3322//3303 3360//3341 3145//3140
f 3323//3304 3295//3275 3361//3342
f 3363//3344 3325//3306 3371//3350
f 3363//3344 3371//3350 3182//3171
f 3372//3351 3373//3351 3374//3351
f 3173//3164 3329//3310 3375//3352
f 3376//3353 3377//3353 3378//3353
f 3294//3274 3179//3168 3371//3350
f 3294//3274 3371//3350 3325//3306
f 3264//3243 3326//3307 3332//3313
f 3330//3311 3379//3354 3380//3355
f 3330//3311 3380//3355 3328//3309
f 3381//3356 3379//3354 3330//3311
f 3382//3357 3383//3358 3331//3312
f 3382//3357 3331//3312 3173//3164
f 3382//3357 3173//3164 3172//3163
f 3384//3359 3265//3244 3299//3280
f 3384//3359 3299//3280 3385//3360
f 3332//3313 3386//3361 3301//3282
f 3386//3361 3153//3148 3301//3282
f 3386//3361 3387//3362 3153//3148
f 3388//3363 3389//3364 3156//3151
f 3389//3364 3180//3169 3302//3283
f 3389//3364 3302//3283 3156//3151
f 3180//3169 3179//3168 3302//3283
f 3163//3158 3390//3365 3391//3366
f 3163//3158 3165//3160 3336//3317
f 3163//3158 3336//3317 3390//3365
f 3392//3367 3160//3155 3162//3157
f 3392//3367 3162//3157 3393//3368
f 3338//3319 3337//3318 3160//3155
f 3338//3319 3160//3155 3392//3367
f 3344//3325 3343//3324 3394//3369
f 3344//3325 3394//3369 3395//3370
f 3396//3371 3397//3371 3398//3371
f 3399//3372 3400//3373 3401//3374
f 3342//3323 3350//3331 3157//3152
f 3402//3375 3403//3376 3404//3377
f 3405//3378 3181//3170 3183//3172
f 3406//3379 3407//3379 3408//3379
f 3356//3337 3400//3373 3399//3372
f 3409//3380 3216//3195 3351//3332
f 3219//3198 3410//3381 3309//3290
f 3402//3375 3361//3342 3403//3376
f 3411//3382 3347//3328 3346//3327
f 3319//3300 3412//3383 3400//3373
f 3319//3300 3400//3373 3356//3337
f 3350//3331 3207//3186 3357//3338
f 3413//3384 3358//3339 3313//3294
f 3359//3340 3414//3385 3314//3295
f 3415//3386 3361//3342 3402//3375
f 3182//3171 3416//3387 3183//3172
f 3347//3328 3411//3382 3326//3307
f 3417//3388 3412//3383 3319//3300
f 3417//3388 3319//3300 3318//3299
f 3213//3192 3196//3177 3357//3338
f 3418//3389 3419//3389 3420//3389
f 3213//3192 3197//3178 3196//3177
f 3321//3302 3421//3390 3422//3391
f 3321//3302 3422//3391 3368//3347
f 3423//3392 3424//3393 3369//3348
f 3423//3392 3369//3348 3314//3295
f 3425//3394 3214//3395 3322//3303
f 3214//3395 3426//3396 3322//3303
f 3360//3341 3322//3303 3426//3396
f 3427//3397 3428//3397 3429//3397
f 3415//3386 3430//3398 3323//3304
f 3415//3386 3323//3304 3361//3342
f 3371//3350 3416//3387 3182//3171
f 3318//3299 3431//3399 3417//3388
f 3327//3308 3431//3399 3318//3299
f 3432//3400 3380//3355 3327//3308
f 3433//3401 3434//3401 3435//3401
f 3197//3178 3436//3402 3437//3403
f 3197//3178 3437//3403 3438//3404
f 3439//3405 3425//3394 3440//3406
f 3199//3180 3205//3184 3200//3181
f 3329//3310 3441//3407 3375//3352
f 3329//3310 3323//3304 3430//3398
f 3326//3307 3442//3408 3332//3313
f 3443//3409 3327//3308 3380//3355
f 3443//3409 3380//3355 3379//3354
f 3444//3410 3445//3411 3332//3313
f 3445//3411 3443//3409 3386//3361
f 3445//3411 3386//3361 3332//3313
f 3379//3354 3386//3361 3443//3409
f 3379//3354 3446//3412 3447//3413
f 3379//3354 3447//3413 3386//3361
f 3448//3414 3206//3185 3449//3415
f 3180//3169 3449//3415 3206//3185
f 3180//3169 3206//3185 3205//3184
f 3205//3184 3450//3416 3180//3169
f 3450//3416 3178//3167 3180//3169
f 3451//3417 3452//3418 3453//3419
f 3451//3417 3453//3419 3454//3420
f 3455//3421 3451//3417 3238//3217
f 3390//3365 3336//3317 3456//3422
f 3240//3219 3457//3423 3395//3370
f 3238//3217 3237//3216 3458//3424
f 3238//3217 3458//3424 3455//3421
f 3394//3369 3240//3219 3395//3370
f 3237//3216 3459//3425 3342//3323
f 3237//3216 3342//3323 3458//3424
f 3460//3426 3461//3427 3346//3327
f 3462//3428 3463//3428 3464//3428
f 3400//3373 3465//3429 3466//3430
f 3467//3431 3468//3431 3469//3431
f 3470//3432 3465//3429 3400//3373
f 3350//3331 3342//3323 3459//3425
f 3471//3433 3472//3434 3473//3435
f 3218//3197 3219//3198 3338//3319
f 3474//3436 3475//3437 3476//3438
f 3402//3375 3477//3439 3478//3440
f 3479//3441 3477//3439 3402//3375
f 3480//3442 3481//3442 3482//3442
f 3483//3443 3484//3443 3485//3443
f 3346//3327 3461//3427 3411//3382
f 3470//3432 3400//3373 3486//3444
f 3487//3445 3488//3445 3489//3445
f 3490//3446 3491//3446 3492//3446
f 3350//3331 3493//3447 3208//3187
f 3360//3341 3211//3190 3494//3448
f 3360//3341 3494//3448 3343//3324
f 3495//3449 3496//3450 3497//3451
f 3498//3452 3402//3375 3478//3440
f 3499//3453 3500//3453 3501//3453
f 3411//3382 3502//3454 3326//3307
f 3400//3373 3412//3383 3486//3444
f 3350//3331 3208//3187 3207//3186
f 3209//3188 3216//3195 3197//3178
f 3216//3195 3503//3455 3436//3402
f 3216//3195 3436//3402 3197//3178
f 3504//3456 3214//3193 3505//3457
f 3504//3456 3219//3198 3214//3193
f 3214//3193 3219//3198 3210//3189
f 3211//3190 3360//3341 3212//3191
f 3415//3386 3402//3375 3498//3452
f 3506//3458 3416//3387 3371//3350
f 3412//3383 3417//3388 3507//3459
f 3508//3460 3509//3460 3510//3460
f 3511//3461 3512//3462 3431//3399
f 3209//3188 3213//3192 3513//3463
f 3209//3188 3514//3464 3207//3186
f 3515//3465 3214//3395 3425//3394
f 3515//3465 3425//3394 3439//3405
f 3210//3189 3212//3191 3516//3466
f 3210//3189 3517//3467 3215//3194
f 3518//3468 3519//3469 3520//3470
f 3521//3471 3522//3471 3523//3471
f 3524//3472 3430//3398 3415//3386
f 3326//3307 3502//3454 3442//3408
f 3444//3410 3511//3461 3431//3399
f 3519//3469 3518//3468 3525//3473
f 3519//3469 3525//3473 3329//3310
f 3179//3168 3506//3458 3371//3350
f 3442//3408 3526//3474 3332//3313
f 3431//3399 3327//3308 3443//3409
f 3431//3399 3443//3409 3444//3410
f 3527//3475 3441//3407 3329//3310
f 3527//3475 3329//3310 3528//3476
f 3528//3476 3329//3310 3525//3473
f 3178//3167 3529//3477 3179//3168
f 3529//3477 3506//3458 3179//3168
f 3526//3474 3444//3410 3332//3313
f 3450//3416 3529//3477 3178//3167
f 3530//3478 3238//3217 3451//3417
f 3530//3478 3451//3417 3454//3420
f 3457//3423 3240//3219 3531//3479
f 3393//3368 3532//3480 3392//3367
f 3336//3317 3533//3481 3456//3422
f 3532//3480 3338//3319 3392//3367
f 3394//3369 3241//3220 3240//3219
f 3237//3216 3534//3482 3459//3425
f 3217//3196 3533//3481 3336//3317
f 3535//3483 3338//3319 3532//3480
f 3394//3369 3536//3484 3241//3220
f 3222//3201 3465//3429 3470//3432
f 3537//3485 3473//3435 3472//3434
f 3538//3486 3533//3481 3217//3196
f 3338//3319 3535//3483 3539//3487
f 3338//3319 3539//3487 3540//3488
f 3475//3437 3541//3489 3476//3438
f 3477//3439 3223//3202 3478//3440
f 3542//3490 3411//3382 3461//3427
f 3543//3491 3544//3492 3545//3493
f 3543//3491 3545//3493 3546//3494
f 3546//3494 3545//3493 3547//3495
f 3547//3495 3545//3493 3548//3496
f 3211//3190 3549//3497 3550//3498
f 3550//3498 3494//3448 3211//3190
f 3496//3450 3551//3499 3552//3500
f 3496//3450 3552//3500 3497//3451
f 3416//3387 3553//3501 3183//3172
f 3412//3383 3554//3502 3555//3503
f 3412//3383 3555//3503 3486//3444
f 3208//3187 3216//3195 3209//3188
f 3211//3190 3210//3189 3219//3198
f 3556//3504 3415//3386 3498//3452
f 3556//3504 3498//3452 3557//3505
f 3506//3458 3558//3506 3416//3387
f 3554//3502 3412//3383 3507//3459
f 3415//3386 3556//3504 3524//3472
f 3506//3458 3559//3507 3558//3506
f 3502//3454 3560//3508 3442//3408
f 3561//3509 3442//3408 3560//3508
f 3511//3461 3444//3410 3526//3474
f 3525//3473 3562//3510 3563//3511
f 3525//3473 3563//3511 3528//3476
f 3506//3458 3564//3512 3559//3507
f 3240//3219 3565//3513 3531//3479
f 3566//3514 3567//3515 3456//3422
f 3566//3514 3456//3422 3533//3481
f 3532//3480 3568//3516 3569//3517
f 3237//3216 3570//3518 3534//3482
f 3532//3480 3569//3517 3535//3483
f 3221//3200 3465//3429 3222//3201
f 3534//3482 3570//3518 3571//3519
f 3534//3482 3571//3519 3572//3520
f 3573//3521 3574//3522 3226//3205
f 3573//3521 3226//3205 3228//3207
f 3575//3523 3576//3524 3226//3205
f 3575//3523 3226//3205 3574//3522
f 3230//3209 3577//3525 3578//3526
f 3230//3209 3578//3526 3579//3527
f 3579//3527 3536//3484 3231//3210
f 3579//3527 3231//3210 3230//3209
f 3541//3489 3580//3528 3476//3438
f 3477//3439 3224//3203 3223//3202
f 3542//3490 3581//3529 3411//3382
f 3582//3530 3583//3531 3228//3207
f 3582//3530 3228//3207 3227//3206
f 3229//3208 3231//3210 3584//3532
f 3553//3501 3416//3387 3585//3533
f 3411//3382 3586//3534 3587//3535
f 3411//3382 3587//3535 3502//3454
f 3227//3206 3236//3215 3235//3214
f 3227//3206 3235//3214 3582//3530
f 3233//3212 3229//3208 3584//3532
f 3588//3536 3589//3537 3416//3387
f 3588//3536 3416//3387 3558//3506
f 3236//3215 3590//3538 3234//3213
f 3591//3539 3592//3539 3593//3539
f 3594//3540 3595//3540 3596//3540
f 3597//3541 3598//3541 3599//3541
f 3600//3542 3601//3542 3602//3542
f 3603//3543 3604//3544 3605//3545
f 3606//3546 3607//3547 3241//3220
f 3573//3521 3605//3545 3604//3544
f 3573//3521 3604//3544 3574//3522
f 3579//3527 3606//3546 3241//3220
f 3579//3527 3241//3220 3536//3484
f 3608//3548 3583//3531 3582//3530
f 3608//3548 3582//3530 3609//3549
f 3231//3210 3610//3550 3611//3551
f 3231//3210 3611//3551 3584//3532
f 3612//3552 3613//3553 3614//3554
f 3615//3555 3616//3556 3617//3557
f 3618//3558 3619//3559 3620//3560
f 3621//3561 3622//3562 3623//3563
f 3624//3564 3625//3565 3626//3566
f 3626//3566 3627//3567 3628//3568
f 3629//3569 3630//3570 3631//3571
f 3632//3572 3633//3573 3634//3574
f 3628//3568 3627//3567 3635//3575
f 3636//3576 3637//3577 3638//3578
f 3639//3579 3640//3580 3641//3581
f 3642//3582 3643//3583 3644//3584
f 3645//3585 3646//3586 3647//3587
f 3648//3588 3649//3589 3650//3590
f 3648//3588 3651//3591 3652//3592
f 3653//3593 3654//3594 3655//3595
f 3656//3596 3657//3597 3658//3598
f 3658//3598 3659//3599 3660//3600
f 3661//3601 3662//3602 3663//3603
f 3664//3604 3665//3605 3666//3606
f 3667//3607 3668//3608 3669//3609
f 3667//3607 3669//3609 3666//3606
f 3665//3605 3670//3610 3671//3611
f 3665//3605 3671//3611 3672//3612
f 3666//3606 3665//3605 3672//3612
f 3666//3606 3672//3612 3667//3607
f 3673//3613 3674//3614 3664//3604
f 3669//3609 3673//3613 3666//3606
f 3664//3604 3666//3606 3673//3613
f 3670//3610 3665//3605 3675//3615
f 3670//3610 3675//3615 3671//3611
f 3664//3604 3676//3616 3665//3605
f 3677//3617 3673//3613 3669//3609
f 3676//3616 3678//3618 3665//3605
f 3675//3615 3665//3605 3678//3618
f 3679//3619 3680//3620 3669//3609
f 3678//3618 3681//3621 3675//3615
f 3681//3621 3682//3622 3675//3615
f 3669//3609 3668//3608 3612//3552
f 3674//3614 3683//3623 3664//3604
f 3673//3613 3684//3624 3674//3614
f 3683//3623 3676//3616 3664//3604
f 3676//3616 3685//3625 3678//3618
f 3680//3620 3677//3617 3669//3609
f 3678//3618 3685//3625 3681//3621
f 3671//3611 3675//3615 3686//3626
f 3668//3608 3667//3607 3613//3553
f 3672//3612 3687//3627 3667//3607
f 3688//3628 3677//3617 3680//3620
f 3681//3621 3685//3625 3689//3629
f 3680//3620 3679//3619 3690//3630
f 3679//3619 3669//3609 3612//3552
f 3675//3615 3682//3622 3691//3631
f 3672//3612 3671//3611 3686//3626
f 3687//3627 3672//3612 3686//3626
f 3692//3632 3676//3616 3683//3623
f 3693//3633 3673//3613 3677//3617
f 3680//3620 3690//3630 3694//3634
f 3689//3629 3695//3635 3681//3621
f 3679//3619 3612//3552 3690//3630
f 3675//3615 3691//3631 3686//3626
f 3687//3627 3696//3636 3667//3607
f 3683//3623 3674//3614 3684//3624
f 3673//3613 3693//3633 3684//3624
f 3692//3632 3697//3637 3676//3616
f 3697//3637 3698//3638 3676//3616
f 3677//3617 3699//3639 3693//3633
f 3699//3639 3677//3617 3688//3628
f 3698//3638 3700//3640 3685//3625
f 3685//3625 3676//3616 3698//3638
f 3685//3625 3701//3641 3689//3629
f 3681//3621 3695//3635 3682//3622
f 3612//3552 3614//3554 3690//3630
f 3612//3552 3668//3608 3613//3553
f 3687//3627 3686//3626 3696//3636
f 3613//3553 3667//3607 3696//3636
f 3683//3623 3702//3642 3692//3632
f 3683//3623 3684//3624 3702//3642
f 3685//3625 3700//3640 3701//3641
f 3688//3628 3680//3620 3703//3643
f 3680//3620 3694//3634 3703//3643
f 3690//3630 3704//3644 3694//3634
f 3690//3630 3614//3554 3704//3644
f 3691//3631 3682//3622 3705//3645
f 3706//3646 3614//3554 3613//3553
f 3686//3626 3691//3631 3707//3647
f 3696//3636 3686//3626 3708//3648
f 3613//3553 3696//3636 3706//3646
f 3693//3633 3702//3642 3684//3624
f 3697//3637 3709//3649 3698//3638
f 3700//3640 3710//3650 3701//3641
f 3689//3629 3701//3641 3695//3635
f 3695//3635 3711//3651 3682//3622
f 3614//3554 3712//3652 3704//3644
f 3711//3651 3705//3645 3682//3622
f 3711//3651 3713//3653 3707//3647
f 3705//3645 3711//3651 3707//3647
f 3712//3652 3614//3554 3706//3646
f 3712//3652 3706//3646 3714//3654
f 3705//3645 3707//3647 3691//3631
f 3686//3626 3707//3647 3708//3648
f 3696//3636 3708//3648 3715//3655
f 3706//3646 3696//3636 3715//3655
f 3707//3647 3716//3656 3708//3648
f 3715//3655 3708//3648 3716//3656
f 3688//3628 3717//3657 3699//3639
f 3709//3649 3700//3640 3698//3638
f 3718//3658 3717//3657 3688//3628
f 3719//3659 3718//3658 3688//3628
f 3719//3659 3688//3628 3703//3643
f 3701//3641 3720//3660 3695//3635
f 3694//3634 3721//3661 3703//3643
f 3694//3634 3704//3644 3721//3661
f 3722//3662 3711//3651 3695//3635
f 3712//3652 3714//3654 3723//3663
f 3707//3647 3713//3653 3724//3664
f 3723//3663 3714//3654 3725//3665
f 3714//3654 3706//3646 3726//3666
f 3707//3647 3724//3664 3727//3667
f 3727//3667 3716//3656 3707//3647
f 3706//3646 3715//3655 3726//3666
f 3715//3655 3716//3656 3728//3668
f 3692//3632 3702//3642 3729//3669
f 3729//3669 3730//3670 3697//3637
f 3729//3669 3697//3637 3692//3632
f 3718//3658 3731//3671 3717//3657
f 3719//3659 3703//3643 3732//3672
f 3710//3650 3733//3673 3701//3641
f 3720//3660 3722//3662 3695//3635
f 3722//3662 3734//3674 3711//3651
f 3735//3675 3704//3644 3712//3652
f 3711//3651 3734//3674 3713//3653
f 3723//3663 3735//3675 3712//3652
f 3713//3653 3736//3676 3737//3677
f 3737//3677 3724//3664 3713//3653
f 3725//3665 3714//3654 3738//3678
f 3724//3664 3737//3677 3739//3679
f 3714//3654 3726//3666 3738//3678
f 3716//3656 3727//3667 3728//3668
f 3715//3655 3728//3668 3726//3666
f 3699//3639 3740//3680 3693//3633
f 3730//3670 3709//3649 3697//3637
f 3709//3649 3741//3681 3700//3640
f 3701//3641 3733//3673 3720//3660
f 3704//3644 3742//3682 3721//3661
f 3742//3682 3704//3644 3735//3675
f 3736//3676 3713//3653 3734//3674
f 3735//3675 3723//3663 3743//3683
f 3737//3677 3736//3676 3744//3684
f 3745//3685 3723//3663 3725//3665
f 3725//3665 3746//3686 3745//3685
f 3725//3665 3747//3687 3746//3686
f 3738//3678 3747//3687 3725//3665
f 3737//3677 3748//3688 3739//3679
f 3739//3679 3749//3689 3724//3664
f 3746//3686 3747//3687 3750//3690
f 3747//3687 3738//3678 3750//3690
f 3727//3667 3724//3664 3749//3689
f 3702//3642 3693//3633 3740//3680
f 3702//3642 3740//3680 3618//3558
f 3709//3649 3730//3670 3751//3691
f 3709//3649 3751//3691 3741//3681
f 3741//3681 3752//3692 3700//3640
f 3752//3692 3710//3650 3700//3640
f 3703//3643 3721//3661 3753//3693
f 3732//3672 3703//3643 3753//3693
f 3742//3682 3753//3693 3721//3661
f 3722//3662 3754//3694 3734//3674
f 3734//3674 3754//3694 3736//3676
f 3736//3676 3755//3695 3744//3684
f 3723//3663 3745//3685 3743//3683
f 3756//3696 3745//3685 3746//3686
f 3756//3696 3757//3697 3745//3685
f 3748//3688 3737//3677 3744//3684
f 3746//3686 3758//3698 3756//3696
f 3746//3686 3750//3690 3758//3698
f 3748//3688 3759//3699 3739//3679
f 3750//3690 3738//3678 3726//3666
f 3760//3700 3750//3690 3726//3666
f 3726//3666 3728//3668 3761//3701
f 3728//3668 3727//3667 3761//3701
f 3727//3667 3762//3702 3761//3701
f 3763//3703 3764//3704 3729//3669
f 3729//3669 3702//3642 3763//3703
f 3702//3642 3618//3558 3763//3703
f 3730//3670 3625//3565 3751//3691
f 3699//3639 3717//3657 3740//3680
f 3718//3658 3765//3705 3731//3671
f 3719//3659 3765//3705 3718//3658
f 3710//3650 3766//3706 3767//3707
f 3710//3650 3767//3707 3733//3673
f 3753//3693 3768//3708 3732//3672
f 3754//3694 3769//3709 3755//3695
f 3736//3676 3754//3694 3755//3695
f 3743//3683 3770//3710 3735//3675
f 3757//3697 3770//3710 3743//3683
f 3743//3683 3745//3685 3757//3697
f 3755//3695 3771//3711 3744//3684
f 3757//3697 3756//3696 3772//3712
f 3744//3684 3771//3711 3773//3713
f 3748//3688 3744//3684 3773//3713
f 3759//3699 3748//3688 3773//3713
f 3758//3698 3750//3690 3756//3696
f 3739//3679 3759//3699 3774//3714
f 3749//3689 3739//3679 3774//3714
f 3760//3700 3775//3715 3750//3690
f 3727//3667 3749//3689 3762//3702
f 3749//3689 3774//3714 3776//3716
f 3726//3666 3761//3701 3777//3717
f 3764//3704 3730//3670 3729//3669
f 3717//3657 3778//3718 3740//3680
f 3731//3671 3779//3719 3717//3657
f 3710//3650 3752//3692 3766//3706
f 3768//3708 3719//3659 3732//3672
f 3767//3707 3766//3706 3780//3720
f 3733//3673 3767//3707 3781//3721
f 3720//3660 3733//3673 3781//3721
f 3768//3708 3753//3693 3782//3722
f 3720//3660 3781//3721 3722//3662
f 3742//3682 3782//3722 3753//3693
f 3722//3662 3781//3721 3754//3694
f 3782//3722 3742//3682 3735//3675
f 3782//3722 3735//3675 3770//3710
f 3755//3695 3769//3709 3771//3711
f 3757//3697 3772//3712 3783//3723
f 3771//3711 3784//3724 3785//3725
f 3773//3713 3771//3711 3785//3725
f 3756//3696 3775//3715 3772//3712
f 3772//3712 3775//3715 3786//3726
f 3759//3699 3773//3713 3785//3725
f 3750//3690 3775//3715 3756//3696
f 3775//3715 3760//3700 3787//3727
f 3785//3725 3774//3714 3759//3699
f 3726//3666 3788//3728 3760//3700
f 3749//3689 3776//3716 3789//3729
f 3762//3702 3749//3689 3789//3729
f 3726//3666 3777//3717 3788//3728
f 3787//3727 3760//3700 3788//3728
f 3787//3727 3788//3728 3790//3730
f 3761//3701 3762//3702 3791//3731
f 3777//3717 3761//3701 3792//3732
f 3792//3732 3761//3701 3791//3731
f 3762//3702 3793//3733 3791//3731
f 3764//3704 3625//3565 3730//3670
f 3765//3705 3794//3734 3731//3671
f 3752//3692 3741//3681 3795//3735
f 3719//3659 3615//3555 3765//3705
f 3719//3659 3768//3708 3615//3555
f 3780//3720 3766//3706 3796//3736
f 3615//3555 3768//3708 3616//3556
f 3768//3708 3782//3722 3616//3556
f 3767//3707 3796//3736 3781//3721
f 3767//3707 3780//3720 3796//3736
f 3754//3694 3781//3721 3769//3709
f 3770//3710 3797//3737 3782//3722
f 3769//3709 3798//3738 3771//3711
f 3783//3723 3770//3710 3757//3697
f 3771//3711 3798//3738 3799//3739
f 3785//3725 3784//3724 3800//3740
f 3801//3741 3802//3742 3785//3725
f 3775//3715 3787//3727 3803//3743
f 3802//3742 3774//3714 3785//3725
f 3804//3744 3803//3743 3787//3727
f 3802//3742 3621//3561 3774//3714
f 3787//3727 3790//3730 3804//3744
f 3774//3714 3621//3561 3776//3716
f 3790//3730 3788//3728 3805//3745
f 3776//3716 3806//3746 3789//3729
f 3762//3702 3789//3729 3807//3747
f 3807//3747 3793//3733 3762//3702
f 3789//3729 3808//3748 3807//3747
f 3788//3728 3777//3717 3792//3732
f 3788//3728 3792//3732 3809//3749
f 3792//3732 3810//3750 3809//3749
f 3740//3680 3619//3559 3618//3558
f 3625//3565 3764//3704 3811//3751
f 3740//3680 3778//3718 3619//3559
f 3779//3719 3778//3718 3717//3657
f 3751//3691 3624//3564 3741//3681
f 3731//3671 3812//3752 3779//3719
f 3752//3692 3795//3735 3766//3706
f 3616//3556 3782//3722 3797//3737
f 3813//3753 3781//3721 3796//3736
f 3781//3721 3813//3753 3814//3754
f 3814//3754 3769//3709 3781//3721
f 3616//3556 3797//3737 3815//3755
f 3616//3556 3815//3755 3617//3557
f 3617//3557 3815//3755 3816//3756
f 3797//3737 3770//3710 3817//3757
f 3769//3709 3814//3754 3798//3738
f 3817//3757 3770//3710 3783//3723
f 3771//3711 3799//3739 3818//3758
f 3772//3712 3786//3726 3819//3759
f 3772//3712 3819//3759 3783//3723
f 3784//3724 3771//3711 3818//3758
f 3775//3715 3820//3760 3786//3726
f 3785//3725 3800//3740 3801//3741
f 3803//3743 3820//3760 3775//3715
f 3802//3742 3622//3562 3621//3561
f 3776//3716 3621//3561 3806//3746
f 3789//3729 3806//3746 3808//3748
f 3788//3728 3821//3761 3805//3745
f 3807//3747 3808//3748 3822//3762
f 3788//3728 3809//3749 3821//3761
f 3793//3733 3807//3747 3822//3762
f 3793//3733 3823//3763 3791//3731
f 3823//3763 3824//3764 3791//3731
f 3791//3731 3824//3764 3792//3732
f 3764//3704 3763//3703 3825//3765
f 3741//3681 3624//3564 3826//3766
f 3765//3705 3615//3555 3794//3734
f 3766//3706 3827//3767 3796//3736
f 3615//3555 3617//3557 3828//3768
f 3617//3557 3816//3756 3829//3769
f 3796//3736 3830//3770 3831//3771
f 3814//3754 3813//3753 3832//3772
f 3815//3755 3797//3737 3817//3757
f 3816//3756 3815//3755 3833//3773
f 3796//3736 3831//3771 3813//3753
f 3814//3754 3832//3772 3798//3738
f 3829//3769 3816//3756 3834//3774
f 3798//3738 3832//3772 3799//3739
f 3783//3723 3819//3759 3817//3757
f 3784//3724 3818//3758 3800//3740
f 3802//3742 3801//3741 3835//3775
f 3803//3743 3804//3744 3836//3776
f 3804//3744 3837//3777 3836//3776
f 3804//3744 3790//3730 3805//3745
f 3805//3745 3837//3777 3804//3744
f 3621//3561 3838//3778 3806//3746
f 3805//3745 3821//3761 3839//3779
f 3809//3749 3810//3750 3821//3761
f 3793//3733 3822//3762 3823//3763
f 3792//3732 3824//3764 3840//3780
f 3810//3750 3792//3732 3840//3780
f 3763//3703 3620//3560 3825//3765
f 3763//3703 3618//3558 3620//3560
f 3751//3691 3625//3565 3624//3564
f 3731//3671 3794//3734 3812//3752
f 3741//3681 3826//3766 3795//3735
f 3796//3736 3827//3767 3830//3770
f 3829//3769 3828//3768 3617//3557
f 3813//3753 3831//3771 3841//3781
f 3815//3755 3817//3757 3842//3782
f 3833//3773 3815//3755 3842//3782
f 3834//3774 3816//3756 3833//3773
f 3817//3757 3819//3759 3842//3782
f 3843//3783 3819//3759 3844//3784
f 3844//3784 3819//3759 3786//3726
f 3786//3726 3820//3760 3844//3784
f 3803//3743 3845//3785 3820//3760
f 3805//3745 3839//3779 3846//3786
f 3810//3750 3840//3780 3847//3787
f 3764//3704 3848//3788 3811//3751
f 3779//3719 3849//3789 3778//3718
f 3794//3734 3850//3790 3812//3752
f 3794//3734 3615//3555 3851//3791
f 3831//3771 3830//3770 3852//3792
f 3829//3769 3834//3774 3853//3793
f 3832//3772 3813//3753 3854//3794
f 3833//3773 3842//3782 3855//3795
f 3834//3774 3833//3773 3855//3795
f 3834//3774 3855//3795 3856//3796
f 3854//3794 3857//3797 3832//3772
f 3799//3739 3832//3772 3857//3797
f 3818//3758 3799//3739 3857//3797
f 3800//3740 3818//3758 3801//3741
f 3622//3562 3802//3742 3858//3798
f 3836//3776 3859//3799 3803//3743
f 3621//3561 3623//3563 3838//3778
f 3805//3745 3846//3786 3837//3777
f 3808//3748 3806//3746 3838//3778
f 3808//3748 3838//3778 3860//3800
f 3821//3761 3861//3801 3839//3779
f 3808//3748 3860//3800 3822//3762
f 3821//3761 3810//3750 3862//3802
f 3823//3763 3822//3762 3824//3764
f 3764//3704 3825//3765 3848//3788
f 3619//3559 3863//3803 3620//3560
f 3811//3751 3626//3566 3625//3565
f 3779//3719 3812//3752 3849//3789
f 3624//3564 3628//3568 3826//3766
f 3851//3791 3615//3555 3828//3768
f 3795//3735 3827//3767 3766//3706
f 3830//3770 3827//3767 3852//3792
f 3831//3771 3852//3792 3864//3804
f 3834//3774 3856//3796 3853//3793
f 3864//3804 3841//3781 3831//3771
f 3854//3794 3813//3753 3841//3781
f 3854//3794 3865//3805 3857//3797
f 3856//3796 3855//3795 3866//3806
f 3841//3781 3864//3804 3867//3807
f 3842//3782 3819//3759 3843//3783
f 3855//3795 3842//3782 3843//3783
f 3841//3781 3867//3807 3854//3794
f 3818//3758 3857//3797 3868//3808
f 3843//3783 3844//3784 3869//3809
f 3801//3741 3818//3758 3868//3808
f 3844//3784 3820//3760 3869//3809
f 3835//3775 3801//3741 3868//3808
f 3820//3760 3845//3785 3869//3809
f 3845//3785 3870//3810 3869//3809
f 3835//3775 3858//3798 3802//3742
f 3803//3743 3859//3799 3871//3811
f 3803//3743 3871//3811 3845//3785
f 3837//3777 3872//3812 3836//3776
f 3838//3778 3623//3563 3873//3813
f 3872//3812 3837//3777 3846//3786
f 3860//3800 3838//3778 3874//3814
f 3861//3801 3821//3761 3862//3802
f 3822//3762 3860//3800 3875//3815
f 3810//3750 3847//3787 3862//3802
f 3824//3764 3822//3762 3875//3815
f 3778//3718 3876//3816 3619//3559
f 3778//3718 3849//3789 3876//3816
f 3795//3735 3826//3766 3877//3817
f 3853//3793 3878//3818 3829//3769
f 3852//3792 3879//3819 3864//3804
f 3853//3793 3856//3796 3880//3820
f 3867//3807 3864//3804 3881//3821
f 3855//3795 3882//3822 3866//3806
f 3855//3795 3843//3783 3882//3822
f 3866//3806 3632//3572 3880//3820
f 3866//3806 3880//3820 3856//3796
f 3868//3808 3857//3797 3865//3805
f 3869//3809 3882//3822 3843//3783
f 3623//3563 3622//3562 3873//3813
f 3836//3776 3872//3812 3859//3799
f 3860//3800 3874//3814 3629//3569
f 3840//3780 3824//3764 3883//3823
f 3883//3823 3847//3787 3840//3780
f 3884//3824 3825//3765 3620//3560
f 3620//3560 3885//3825 3884//3824
f 3626//3566 3628//3568 3624//3564
f 3812//3752 3886//3826 3849//3789
f 3794//3734 3851//3791 3850//3790
f 3827//3767 3795//3735 3887//3827
f 3888//3828 3851//3791 3828//3768
f 3827//3767 3879//3819 3852//3792
f 3828//3768 3829//3769 3878//3818
f 3853//3793 3889//3829 3878//3818
f 3853//3793 3880//3820 3889//3829
f 3865//3805 3854//3794 3890//3830
f 3882//3822 3891//3831 3866//3806
f 3867//3807 3881//3821 3892//3832
f 3854//3794 3867//3807 3892//3832
f 3890//3830 3854//3794 3892//3832
f 3881//3821 3893//3833 3892//3832
f 3869//3809 3891//3831 3882//3822
f 3868//3808 3865//3805 3890//3830
f 3868//3808 3890//3830 3835//3775
f 3858//3798 3894//3834 3895//3835
f 3858//3798 3895//3835 3622//3562
f 3873//3813 3622//3562 3895//3835
f 3838//3778 3873//3813 3874//3814
f 3839//3779 3861//3801 3896//3836
f 3861//3801 3862//3802 3896//3836
f 3620//3560 3863//3803 3885//3825
f 3812//3752 3850//3790 3886//3826
f 3795//3735 3877//3817 3887//3827
f 3888//3828 3828//3768 3878//3818
f 3881//3821 3864//3804 3897//3837
f 3880//3820 3632//3572 3898//3838
f 3866//3806 3891//3831 3899//3839
f 3899//3839 3632//3572 3866//3806
f 3869//3809 3870//3810 3891//3831
f 3835//3775 3890//3830 3900//3840
f 3845//3785 3901//3841 3870//3810
f 3858//3798 3835//3775 3902//3842
f 3845//3785 3871//3811 3903//3843
f 3845//3785 3903//3843 3901//3841
f 3872//3812 3871//3811 3859//3799
f 3874//3814 3873//3813 3630//3570
f 3839//3779 3896//3836 3904//3844
f 3846//3786 3839//3779 3904//3844
f 3860//3800 3629//3569 3875//3815
f 3824//3764 3875//3815 3905//3845
f 3824//3764 3905//3845 3883//3823
f 3847//3787 3883//3823 3906//3846
f 3848//3788 3825//3765 3884//3824
f 3811//3751 3848//3788 3907//3847
f 3619//3559 3876//3816 3863//3803
f 3626//3566 3811//3751 3907//3847
f 3827//3767 3887//3827 3908//3848
f 3827//3767 3908//3848 3879//3819
f 3864//3804 3879//3819 3909//3849
f 3880//3820 3910//3850 3889//3829
f 3880//3820 3898//3838 3910//3850
f 3893//3833 3881//3821 3897//3837
f 3890//3830 3892//3832 3893//3833
f 3890//3830 3893//3833 3900//3840
f 3901//3841 3891//3831 3870//3810
f 3835//3775 3900//3840 3902//3842
f 3858//3798 3911//3851 3894//3834
f 3894//3834 3912//3852 3895//3835
f 3871//3811 3872//3812 3913//3853
f 3895//3835 3912//3852 3630//3570
f 3895//3835 3630//3570 3873//3813
f 3872//3812 3846//3786 3914//3854
f 3846//3786 3904//3844 3914//3854
f 3896//3836 3862//3802 3906//3846
f 3862//3802 3847//3787 3906//3846
f 3885//3825 3863//3803 3915//3855
f 3907//3847 3627//3567 3626//3566
f 3876//3816 3849//3789 3916//3856
f 3826//3766 3628//3568 3917//3857
f 3826//3766 3917//3857 3877//3817
f 3918//3858 3850//3790 3851//3791
f 3864//3804 3909//3849 3919//3859
f 3897//3837 3864//3804 3919//3859
f 3920//3860 3633//3573 3632//3572
f 3920//3860 3632//3572 3899//3839
f 3893//3833 3921//3861 3922//3862
f 3899//3839 3891//3831 3920//3860
f 3893//3833 3922//3862 3900//3840
f 3901//3841 3920//3860 3891//3831
f 3872//3812 3914//3854 3913//3853
f 3629//3569 3874//3814 3630//3570
f 3875//3815 3629//3569 3905//3845
f 3923//3863 3848//3788 3884//3824
f 3878//3818 3924//3864 3888//3828
f 3898//3838 3632//3572 3634//3574
f 3897//3837 3925//3865 3893//3833
f 3922//3862 3902//3842 3900//3840
f 3903//3843 3920//3860 3901//3841
f 3858//3798 3902//3842 3911//3851
f 3871//3811 3926//3866 3903//3843
f 3894//3834 3911//3851 3912//3852
f 3912//3852 3631//3571 3630//3570
f 3914//3854 3904//3844 3913//3853
f 3629//3569 3927//3867 3905//3845
f 3896//3836 3906//3846 3928//3868
f 3883//3823 3905//3845 3929//3869
f 3883//3823 3929//3869 3906//3846
f 3884//3824 3930//3870 3923//3863
f 3884//3824 3885//3825 3930//3870
f 3885//3825 3915//3855 3930//3870
f 3849//3789 3931//3871 3916//3856
f 3849//3789 3886//3826 3931//3871
f 3850//3790 3918//3858 3932//3872
f 3879//3819 3933//3873 3909//3849
f 3878//3818 3889//3829 3934//3874
f 3897//3837 3919//3859 3925//3865
f 3898//3838 3634//3574 3910//3850
f 3921//3861 3893//3833 3925//3865
f 3922//3862 3935//3875 3902//3842
f 3911//3851 3936//3876 3912//3852
f 3871//3811 3913//3853 3937//3877
f 3926//3866 3871//3811 3937//3877
f 3912//3852 3936//3876 3631//3571
f 3904//3844 3937//3877 3913//3853
f 3896//3836 3928//3868 3637//3577
f 3906//3846 3929//3869 3938//3878
f 3863//3803 3939//3879 3915//3855
f 3863//3803 3876//3816 3939//3879
f 3940//3880 3886//3826 3850//3790
f 3887//3827 3877//3817 3941//3881
f 3879//3819 3908//3848 3942//3882
f 3879//3819 3942//3882 3933//3873
f 3924//3864 3878//3818 3934//3874
f 3943//3883 3921//3861 3925//3865
f 3920//3860 3944//3884 3633//3573
f 3922//3862 3921//3861 3935//3875
f 3945//3885 3944//3884 3920//3860
f 3945//3885 3920//3860 3903//3843
f 3946//3886 3911//3851 3902//3842
f 3936//3876 3911//3851 3946//3886
f 3936//3876 3947//3887 3631//3571
f 3637//3577 3937//3877 3904//3844
f 3631//3571 3948//3888 3629//3569
f 3904//3844 3896//3836 3637//3577
f 3948//3888 3927//3867 3629//3569
f 3905//3845 3927//3867 3949//3889
f 3928//3868 3906//3846 3938//3878
f 3949//3889 3929//3869 3905//3845
f 3949//3889 3950//3890 3929//3869
f 3950//3890 3938//3878 3929//3869
f 3907//3847 3848//3788 3923//3863
f 3917//3857 3628//3568 3635//3575
f 3886//3826 3940//3880 3931//3871
f 3932//3872 3940//3880 3850//3790
f 3918//3858 3851//3791 3951//3891
f 3851//3791 3888//3828 3951//3891
f 3908//3848 3887//3827 3952//3892
f 3888//3828 3924//3864 3951//3891
f 3889//3829 3910//3850 3934//3874
f 3910//3850 3634//3574 3953//3893
f 3634//3574 3954//3894 3955//3895
f 3925//3865 3956//3896 3957//3897
f 3634//3574 3633//3573 3954//3894
f 3943//3883 3925//3865 3957//3897
f 3944//3884 3954//3894 3633//3573
f 3921//3861 3958//3898 3935//3875
f 3902//3842 3935//3875 3946//3886
f 3926//3866 3945//3885 3903//3843
f 3926//3866 3636//3576 3945//3885
f 3946//3886 3959//3899 3947//3887
f 3946//3886 3947//3887 3936//3876
f 3926//3866 3937//3877 3636//3576
f 3876//3816 3916//3856 3939//3879
f 3941//3881 3877//3817 3917//3857
f 3887//3827 3941//3881 3952//3892
f 3908//3848 3952//3892 3942//3882
f 3934//3874 3910//3850 3960//3900
f 3961//3901 3925//3865 3919//3859
f 3925//3865 3961//3901 3956//3896
f 3943//3883 3958//3898 3921//3861
f 3954//3894 3944//3884 3962//3902
f 3947//3887 3963//3903 3948//3888
f 3947//3887 3948//3888 3631//3571
f 3637//3577 3636//3576 3937//3877
f 3964//3904 3949//3889 3927//3867
f 3950//3890 3949//3889 3965//3905
f 3915//3855 3966//3906 3930//3870
f 3931//3871 3967//3907 3916//3856
f 3968//3908 3924//3864 3934//3874
f 3960//3900 3910//3850 3953//3893
f 3946//3886 3935//3875 3959//3899
f 3947//3887 3959//3899 3963//3903
f 3927//3867 3948//3888 3964//3904
f 3969//3909 3637//3577 3928//3868
f 3928//3868 3938//3878 3970//3910
f 3969//3909 3928//3868 3970//3910
f 3964//3904 3971//3911 3949//3889
f 3971//3911 3965//3905 3949//3889
f 3965//3905 3972//3912 3950//3890
f 3973//3913 3938//3878 3950//3890
f 3923//3863 3930//3870 3974//3914
f 3930//3870 3966//3906 3974//3914
f 3966//3906 3915//3855 3975//3915
f 3976//3916 3907//3847 3923//3863
f 3915//3855 3939//3879 3977//3917
f 3907//3847 3978//3918 3627//3567
f 3942//3882 3952//3892 3979//3919
f 3909//3849 3933//3873 3980//3920
f 3909//3849 3980//3920 3919//3859
f 3919//3859 3980//3920 3961//3901
f 3634//3574 3955//3895 3953//3893
f 3944//3884 3981//3921 3962//3902
f 3935//3875 3958//3898 3982//3922
f 3945//3885 3981//3921 3944//3884
f 3959//3899 3935//3875 3982//3922
f 3981//3921 3945//3885 3636//3576
f 3948//3888 3983//3923 3964//3904
f 3637//3577 3969//3909 3638//3578
f 3972//3912 3984//3924 3950//3890
f 3973//3913 3970//3910 3938//3878
f 3939//3879 3985//3925 3977//3917
f 3907//3847 3976//3916 3978//3918
f 3627//3567 3978//3918 3986//3926
f 3939//3879 3916//3856 3967//3907
f 3635//3575 3627//3567 3986//3926
f 3932//3872 3918//3858 3987//3927
f 3952//3892 3941//3881 3988//3928
f 3918//3858 3951//3891 3987//3927
f 3951//3891 3924//3864 3968//3908
f 3933//3873 3942//3882 3989//3929
f 3934//3874 3960//3900 3990//3930
f 3954//3894 3962//3902 3991//3931
f 3959//3899 3982//3922 3963//3903
f 3963//3903 3983//3923 3948//3888
f 3992//3932 3636//3576 3638//3578
f 3931//3871 3940//3880 3993//3933
f 3635//3575 3994//3934 3917//3857
f 3917//3857 3994//3934 3941//3881
f 3952//3892 3988//3928 3979//3919
f 3995//3935 3968//3908 3934//3874
f 3990//3930 3960//3900 3996//3936
f 3996//3936 3960//3900 3953//3893
f 3956//3896 3997//3937 3957//3897
f 3954//3894 3991//3931 3955//3895
f 3962//3902 3998//3938 3991//3931
f 3981//3921 3636//3576 3999//3939
f 3999//3939 3636//3576 3992//3932
f 3964//3904 3983//3923 4000//3940
f 4001//3941 3972//3912 3965//3905
f 3976//3916 3923//3863 4002//3942
f 4002//3942 3923//3863 3974//3914
f 3975//3915 3915//3855 4003//3943
f 3977//3917 4003//3943 3915//3855
f 4004//3944 3635//3575 3986//3926
f 3967//3907 3931//3871 3993//3933
f 3941//3881 3994//3934 4005//3945
f 3940//3880 3932//3872 4006//3946
f 3932//3872 3987//3927 4006//3946
f 3942//3882 3979//3919 3989//3929
f 3996//3936 3953//3893 4007//3947
f 4007//3947 3953//3893 3955//3895
f 3955//3895 3991//3931 4007//3947
f 4008//3948 3943//3883 3957//3897
f 3943//3883 4008//3948 3958//3898
f 3962//3902 3981//3921 4009//3949
f 3992//3932 3638//3578 4010//3950
f 3969//3909 3970//3910 4010//3950
f 4010//3950 3638//3578 3969//3909
f 3964//3904 4000//3940 4011//3951
f 3984//3924 4012//3952 3973//3913
f 3984//3924 3973//3913 3950//3890
f 3973//3913 4012//3952 4013//3953
f 4011//3951 3971//3911 3964//3904
f 4013//3953 3970//3910 3973//3913
f 3939//3879 3967//3907 3985//3925
f 3967//3907 3993//3933 4014//3954
f 3990//3930 3995//3935 3934//3874
f 3997//3937 3956//3896 3961//3901
f 4015//3955 3957//3897 3997//3937
f 3958//3898 4016//3956 3982//3922
f 3981//3921 3999//3939 4009//3949
f 4011//3951 4017//3957 3971//3911
f 4017//3957 3965//3905 3971//3911
f 3940//3880 4006//3946 3993//3933
f 3941//3881 4005//3945 3988//3928
f 3987//3927 3951//3891 4018//3958
f 4018//3958 3951//3891 3968//3908
f 3980//3920 4019//3959 4020//3960
f 3980//3920 4020//3960 3961//3901
f 4021//3961 3957//3897 4015//3955
f 4021//3961 4008//3948 3957//3897
f 4008//3948 4016//3956 3958//3898
f 3963//3903 3982//3922 4022//3962
f 3983//3923 3963//3903 4022//3962
f 3972//3912 4001//3941 4023//3963
f 4010//3950 3970//3910 4024//3964
f 3977//3917 3985//3925 4003//3943
f 3994//3934 3635//3575 4004//3944
f 3988//3928 4025//3965 3979//3919
f 3980//3920 3933//3873 3989//3929
f 4007//3947 3991//3931 4026//3966
f 3991//3931 3998//3938 4026//3966
f 4008//3948 4021//3961 4016//3956
f 3962//3902 4027//3967 3998//3938
f 3962//3902 4009//3949 4027//3967
f 3982//3922 4028//3968 4022//3962
f 3992//3932 4029//3969 3999//3939
f 3983//3923 4022//3962 4030//3970
f 4030//3970 4031//3971 3983//3923
f 4031//3971 4000//3940 3983//3923
f 4001//3941 3965//3905 4017//3957
f 4023//3963 4032//3972 3972//3912
f 4032//3972 3984//3924 3972//3912
f 4013//3953 4024//3964 3970//3910
f 4002//3942 3974//3914 4033//3973
f 3974//3914 4034//3974 4033//3973
f 3974//3914 3966//3906 4034//3974
f 3966//3906 4035//3975 4034//3974
f 3966//3906 3975//3915 4035//3975
f 4035//3975 3975//3915 4003//3943
f 4036//3976 3978//3918 3976//3916
f 4036//3976 3976//3916 4002//3942
f 4037//3977 3978//3918 4036//3976
f 4037//3977 3986//3926 3978//3918
f 3985//3925 3967//3907 4038//3978
f 3967//3907 4014//3954 4038//3978
f 3987//3927 4018//3958 4039//3979
f 3979//3919 4040//3980 4041//3981
f 3989//3929 3979//3919 4041//3981
f 3990//3930 3996//3936 4042//3982
f 3997//3937 3961//3901 4020//3960
f 3997//3937 4043//3983 4015//3955
f 3982//3922 4016//3956 4028//3968
f 3999//3939 4029//3969 4009//3949
f 4011//3951 4000//3940 4031//3971
f 3986//3926 4037//3977 4004//3944
f 4025//3965 3988//3928 4005//3945
f 4044//3984 4006//3946 3987//3927
f 3987//3927 4039//3979 4044//3984
f 4040//3980 3979//3919 4025//3965
f 4018//3958 3968//3908 4045//3985
f 3968//3908 3995//3935 4045//3985
f 3989//3929 4046//3986 3980//3920
f 3980//3920 4046//3986 4019//3959
f 4047//3987 4007//3947 4026//3966
f 3992//3932 4048//3988 4029//3969
f 4049//3989 4035//3975 4003//3943
f 4036//3976 4002//3942 4050//3990
f 4051//3991 4003//3943 3985//3925
f 4038//3978 4051//3991 3985//3925
f 4014//3954 3993//3933 3643//3583
f 3994//3934 4004//3944 3639//3579
f 4020//3960 4052//3992 3997//3937
f 4053//3993 3996//3936 4047//3987
f 3996//3936 4007//3947 4047//3987
f 4028//3968 4054//3994 4022//3962
f 4029//3969 4055//3995 4009//3949
f 4056//3996 3992//3932 4010//3950
f 4056//3996 4048//3988 3992//3932
f 4024//3964 4056//3996 4010//3950
f 4057//3997 4017//3957 4011//3951
f 4017//3957 4058//3998 4001//3941
f 4059//3999 4012//3952 3984//3924
f 4059//3999 4060//4000 4012//3952
f 4060//4000 4013//3953 4012//3952
f 4050//3990 4002//3942 4033//3973
f 4034//3974 4035//3975 4061//4001
f 4006//3946 3643//3583 3993//3933
f 3994//3934 4062//4002 4005//3945
f 3989//3929 4041//3981 4046//3986
f 3995//3935 3990//3930 4042//3982
f 4020//3960 4019//3959 4063//4003
f 3996//3936 4053//3993 4042//3982
f 4052//3992 4043//3983 3997//3937
f 4043//3983 4064//4004 4015//3955
f 4015//3955 4064//4004 4021//3961
f 4026//3966 3998//3938 4065//4005
f 4066//4006 4016//3956 4021//3961
f 4016//3956 4067//4007 4028//3968
f 4009//3949 4068//4008 4027//3967
f 4022//3962 4054//3994 4069//4009
f 4022//3962 4069//4009 4030//3970
f 4029//3969 4048//3988 4055//3995
f 4057//3997 4058//3998 4017//3957
f 4059//3999 3984//3924 4032//3972
f 4070//4010 4024//3964 4013//3953
f 4001//3941 4071//4011 4023//3963
f 4023//3963 4071//4011 4032//3972
f 4051//3991 4049//3989 4003//3943
f 4038//3978 4014//3954 4072//4012
f 3643//3583 3642//3582 4014//3954
f 4006//3946 4044//3984 4073//4013
f 4047//3987 4026//3966 4065//4005
f 3998//3938 4074//4014 4065//4005
f 4027//3967 4074//4014 3998//3938
f 4054//3994 4028//3968 4067//4007
f 4031//3971 4075//4015 4011//3951
f 4075//4015 4057//3997 4011//3951
f 4057//3997 4076//4016 4058//3998
f 4060//4000 4070//4010 4013//3953
f 4062//4002 3994//3934 3639//3579
f 3643//3583 4006//3946 4073//4013
f 4025//3965 4005//3945 4077//4017
f 4044//3984 4039//3979 4078//4018
f 4063//4003 4052//3992 4020//3960
f 4016//3956 4066//4006 4067//4007
f 4055//3995 4068//4008 4009//3949
f 4030//3970 4075//4015 4031//3971
f 4070//4010 4079//4019 4024//3964
f 4079//4019 4056//3996 4024//3964
f 4058//3998 4071//4011 4001//3941
f 4080//4020 4059//3999 4032//3972
f 4081//4021 4061//4001 4035//3975
f 4035//3975 4049//3989 4081//4021
f 4082//4022 4037//3977 4036//3976
f 4051//3991 4038//3978 4072//4012
f 3640//3580 4004//3944 4037//3977
f 4014//3954 3642//3582 4072//4012
f 3639//3579 4004//3944 3640//3580
f 4077//4017 4005//3945 4062//4002
f 4044//3984 4078//4018 4073//4013
f 4039//3979 4018//3958 4083//4023
f 4041//3981 4040//3980 4084//4024
f 4083//4023 4018//3958 4045//3985
f 4045//3985 3995//3935 4085//4025
f 3995//3935 4086//4026 4085//4025
f 4086//4026 3995//3935 4042//3982
f 4064//4004 4087//4027 4021//3961
f 4021//3961 4087//4027 4066//4006
f 4055//3995 4088//4028 4068//4008
f 4060//4000 4089//4029 4070//4010
f 4090//4030 4033//3973 4034//3974
f 4090//4030 4034//3974 4061//4001
f 4091//4031 4050//3990 4033//3973
f 4082//4022 4036//3976 4050//3990
f 4051//3991 4092//4032 4049//3989
f 4093//4033 4037//3977 4082//4022
f 3640//3580 4037//3977 4093//4033
f 4062//4002 3639//3579 3641//3581
f 4025//3965 4077//4017 4094//4034
f 4039//3979 4095//4035 4078//4018
f 4094//4034 4040//3980 4025//3965
f 4045//3985 4096//4036 4083//4023
f 4041//3981 4084//4024 4046//3986
f 4085//4025 4096//4036 4045//3985
f 4019//3959 4046//3986 4097//4037
f 4047//3987 4065//4005 4098//4038
f 4068//4008 4074//4014 4027//3967
f 4056//3996 4099//4039 4048//3988
f 4090//4030 4091//4031 4033//3973
f 4082//4022 4050//3990 4091//4031
f 4092//4032 4051//3991 4072//4012
f 4039//3979 4083//4023 4095//4035
f 4046//3986 4084//4024 4100//4040
f 4097//4037 4046//3986 4100//4040
f 4019//3959 4097//4037 4063//4003
f 4069//4009 4075//4015 4030//3970
f 4101//4041 4058//3998 4076//4016
f 4080//4020 4032//3972 4071//4011
f 4102//4042 4090//4030 4061//4001
f 4061//4001 4081//4021 4102//4042
f 4103//4043 4062//4002 3641//3581
f 4078//4018 4104//4044 4073//4013
f 4040//3980 4094//4034 4084//4024
f 4105//4045 4086//4026 4042//3982
f 4063//4003 4106//4046 4052//3992
f 4053//3993 4047//3987 4107//4047
f 4052//3992 4108//4048 4043//3983
f 4107//4047 4047//3987 4098//4038
f 4043//3983 4108//4048 4064//4004
f 4055//3995 4048//3988 4109//4049
f 4079//4019 4099//4039 4056//3996
f 4089//4029 4110//4050 4070//4010
f 4072//4012 4111//4051 4092//4032
f 3642//3582 4112//4052 4072//4012
f 4073//4013 4104//4044 3643//3583
f 4077//4017 4062//4002 4103//4043
f 4113//4053 4094//4034 4077//4017
f 4063//4003 4097//4037 4106//4046
f 4105//4045 4042//3982 4053//3993
f 4055//3995 4109//4049 4088//4028
f 4057//3997 4114//4054 4076//4016
f 4114//4054 4115//4055 4076//4016
f 4101//4041 4116//4056 4058//3998
f 4116//4056 4071//4011 4058//3998
f 4117//4057 4081//4021 4049//3989
f 4091//4031 4118//4058 4082//4022
f 4093//4033 4082//4022 4118//4058
f 4119//4059 3640//3580 4093//4033
f 3644//3584 4112//4052 3642//3582
f 4120//4060 4078//4018 4095//4035
f 4095//4035 4083//4023 4121//4061
f 4084//4024 4094//4034 4122//4062
f 4121//4061 4083//4023 4096//4036
f 4108//4048 4087//4027 4064//4004
f 4115//4055 4101//4041 4076//4016
f 4123//4063 4089//4029 4060//4000
f 4124//4064 4060//4000 4059//3999
f 4116//4056 4125//4065 4071//4011
f 4071//4011 4125//4065 4080//4020
f 4126//4066 4059//3999 4080//4020
f 4127//4067 4091//4031 4090//4030
f 4102//4042 4127//4067 4090//4030
f 4127//4067 4128//4068 4091//4031
f 4118//4058 4091//4031 4128//4068
f 4049//3989 4092//4032 4117//4057
f 4072//4012 4112//4052 4111//4051
f 4119//4059 3641//3581 3640//3580
f 4104//4044 3644//3584 3643//3583
f 4120//4060 4104//4044 4078//4018
f 4085//4025 4086//4026 4129//4069
f 4129//4069 4086//4026 4105//4045
f 4087//4027 4130//4070 4066//4006
f 4131//4071 4067//4007 4066//4006
f 4067//4007 4132//4072 4054//3994
f 4054//3994 4132//4072 4069//4009
f 4069//4009 4133//4073 4075//4015
f 4134//4074 4099//4039 4079//4019
f 4075//4015 4114//4054 4057//3997
f 4110//4050 4135//4075 4070//4010
f 4135//4075 4079//4019 4070//4010
f 4081//4021 4117//4057 4102//4042
f 4092//4032 4136//4076 4117//4057
f 4111//4051 4136//4076 4092//4032
f 4095//4035 4121//4061 4120//4060
f 4137//4077 4094//4034 4113//4053
f 4122//4062 4094//4034 4137//4077
f 4106//4046 4138//4078 4052//3992
f 4138//4078 4108//4048 4052//3992
f 4139//4079 4107//4047 4098//4038
f 4139//4079 4098//4038 4140//4080
f 4140//4080 4098//4038 4065//4005
f 4065//4005 4074//4014 4140//4080
f 4066//4006 4130//4070 4131//4071
f 4141//4081 4074//4014 4068//4008
f 4131//4071 4142//4082 4067//4007
f 4088//4028 4141//4081 4068//4008
f 4132//4072 4143//4083 4069//4009
f 4099//4039 4144//4084 4048//3988
f 4144//4084 4109//4049 4048//3988
f 4135//4075 4134//4074 4079//4019
f 4112//4052 4145//4085 4111//4051
f 4053//3993 4146//4086 4105//4045
f 4067//4007 4142//4082 4132//4072
f 4143//4083 4133//4073 4069//4009
f 4123//4063 4110//4050 4089//4029
f 4126//4066 4124//4064 4059//3999
f 4125//4065 4126//4066 4080//4020
f 3644//3584 4147//4087 4112//4052
f 4148//4088 3641//3581 4119//4059
f 4103//4043 3641//3581 4148//4088
f 4104//4044 4147//4087 3644//3584
f 4149//4089 4077//4017 4103//4043
f 4150//4090 4113//4053 4077//4017
f 4150//4090 4077//4017 4149//4089
f 4121//4061 4096//4036 4151//4091
f 4151//4091 4096//4036 4085//4025
f 4152//4092 4085//4025 4129//4069
f 4146//4086 4053//3993 4107//4047
f 4108//4048 4130//4070 4087//4027
f 4153//4093 4141//4081 4088//4028
f 4109//4049 4153//4093 4088//4028
f 4060//4000 4124//4064 4123//4063
f 4118//4058 4128//4068 4154//4094
f 4137//4077 4113//4053 4150//4090
f 4122//4062 4137//4077 4155//4095
f 4122//4062 4155//4095 4084//4024
f 4100//4040 4084//4024 4155//4095
f 4151//4091 4085//4025 4152//4092
f 4129//4069 4105//4045 4146//4086
f 4139//4079 4156//4096 4107//4047
f 4074//4014 4141//4081 4140//4080
f 4133//4073 4114//4054 4075//4015
f 4157//4097 4127//4067 4102//4042
f 4158//4098 4157//4097 4102//4042
f 4154//4094 4128//4068 4127//4067
f 4154//4094 4127//4067 4159//4099
f 4117//4057 4158//4098 4102//4042
f 4160//4100 4118//4058 4154//4094
f 4111//4051 4161//4101 4136//4076
f 4162//4102 4093//4033 4118//4058
f 4163//4103 4093//4033 4162//4102
f 4163//4103 4119//4059 4093//4033
f 4112//4052 4147//4087 4145//4085
f 4104//4044 4164//4104 4147//4087
f 4120//4060 4164//4104 4104//4044
f 4165//4105 4120//4060 4121//4061
f 4166//4106 4100//4040 4155//4095
f 4100//4040 4167//4107 4097//4037
f 4097//4037 4167//4107 4106//4046
f 4140//4080 4168//4108 4139//4079
f 4153//4093 4169//4109 4141//4081
f 4101//4041 4170//4110 4116//4056
f 4171//4111 4125//4065 4116//4056
f 4157//4097 4159//4099 4127//4067
f 4160//4100 4162//4102 4118//4058
f 4145//4085 4161//4101 4111//4051
f 4120//4060 4172//4112 4164//4104
f 4120//4060 4165//4105 4172//4112
f 4165//4105 4121//4061 4151//4091
f 4167//4107 4100//4040 4166//4106
f 4146//4086 4107//4047 4156//4096
f 4173//4113 4108//4048 4138//4078
f 4174//4114 4130//4070 4108//4048
f 4142//4082 4175//4115 4132//4072
f 4144//4084 4176//4116 4109//4049
f 4144//4084 4099//4039 4134//4074
f 4114//4054 4170//4110 4115//4055
f 4115//4055 4170//4110 4101//4041
f 4123//4063 4177//4117 4110//4050
f 4170//4110 4171//4111 4116//4056
f 4178//4118 4124//4064 4126//4066
f 4125//4065 4178//4118 4126//4066
f 4163//4103 4148//4088 4119//4059
f 4149//4089 4103//4043 4148//4088
f 4179//4119 4129//4069 4146//4086
f 4132//4072 4180//4120 4143//4083
f 4143//4083 4181//4121 4133//4073
f 4177//4117 4135//4075 4110//4050
f 4182//4122 4117//4057 4136//4076
f 4137//4077 4183//4123 4155//4095
f 4165//4105 4151//4091 4184//4124
f 4152//4092 4129//4069 4179//4119
f 4106//4046 4185//4125 4138//4078
f 4141//4081 4186//4126 4140//4080
f 4175//4115 4180//4120 4132//4072
f 4109//4049 4176//4116 4153//4093
f 4133//4073 4181//4121 4114//4054
f 4182//4122 4158//4098 4117//4057
f 4187//4127 4160//4100 4154//4094
f 4145//4085 4188//4128 4161//4101
f 4189//4129 4150//4090 4149//4089
f 4189//4129 4149//4089 4190//4130
f 4156//4096 4139//4079 4191//4131
f 4173//4113 4174//4114 4108//4048
f 4186//4126 4168//4108 4140//4080
f 4192//4132 4131//4071 4130//4070
f 4131//4071 4192//4132 4142//4082
f 4177//4117 4193//4133 4135//4075
f 4193//4133 4134//4074 4135//4075
f 4178//4118 4177//4117 4124//4064
f 4177//4117 4123//4063 4124//4064
f 4194//4134 4178//4118 4125//4065
f 4195//4135 4187//4127 4154//4094
f 4163//4103 4162//4102 4196//4136
f 4197//4137 4145//4085 4147//4087
f 4190//4130 4149//4089 4148//4088
f 4150//4090 4189//4129 4137//4077
f 4183//4123 4137//4077 4189//4129
f 4155//4095 4183//4123 4198//4138
f 4155//4095 4198//4138 4166//4106
f 4184//4124 4151//4091 4199//4139
f 4152//4092 4199//4139 4151//4091
f 4106//4046 4167//4107 4185//4125
f 4191//4131 4139//4079 4200//4140
f 4200//4140 4139//4079 4168//4108
f 4201//4141 4130//4070 4174//4114
f 4201//4141 4192//4132 4130//4070
f 4153//4093 4202//4142 4169//4109
f 4143//4083 4180//4120 4181//4121
f 4203//4143 4144//4084 4134//4074
f 4204//4144 4171//4111 4170//4110
f 4171//4111 4204//4144 4205//4145
f 4171//4111 4194//4134 4125//4065
f 4159//4099 4195//4135 4154//4094
f 4158//4098 4206//4146 4157//4097
f 4161//4101 4182//4122 4136//4076
f 4145//4085 4207//4147 4188//4128
f 4197//4137 4207//4147 4145//4085
f 4208//4148 4147//4087 4164//4104
f 4152//4092 4209//4149 4199//4139
f 4179//4119 4209//4149 4152//4092
f 4210//4150 4179//4119 4146//4086
f 4185//4125 4173//4113 4138//4078
f 4169//4109 4186//4126 4141//4081
f 4192//4132 4211//4151 4142//4082
f 4211//4151 4175//4115 4142//4082
f 4181//4121 4212//4152 4114//4054
f 4193//4133 4203//4143 4134//4074
f 4212//4152 4170//4110 4114//4054
f 4212//4152 4204//4144 4170//4110
f 4205//4145 4194//4134 4171//4111
f 4206//4146 4159//4099 4157//4097
f 4182//4122 4213//4153 4158//4098
f 4187//4127 4196//4136 4160//4100
f 4196//4136 4162//4102 4160//4100
f 4214//4154 4163//4103 4196//4136
f 4214//4154 4148//4088 4163//4103
f 4172//4112 4215//4155 4164//4104
f 4156//4096 4216//4156 4146//4086
f 4203//4143 4176//4116 4144//4084
f 4217//4157 4178//4118 4194//4134
f 4208//4148 4218//4158 4147//4087
f 4164//4104 4215//4155 4208//4148
f 4216//4156 4210//4150 4146//4086
f 4153//4093 4219//4159 4202//4142
f 4176//4116 4219//4159 4153//4093
f 4178//4118 4217//4157 4177//4117
f 4213//4153 4206//4146 4158//4098
f 4220//4160 4195//4135 4159//4099
f 4161//4101 4221//4161 4182//4122
f 4188//4128 4221//4161 4161//4101
f 4197//4137 4147//4087 4218//4158
f 4214//4154 4190//4130 4148//4088
f 4189//4129 4222//4162 4183//4123
f 4183//4123 4222//4162 4198//4138
f 4166//4106 4223//4163 4224//4164
f 4166//4106 4224//4164 4167//4107
f 4173//4113 4185//4125 4225//4165
f 4191//4131 4216//4156 4156//4096
f 4173//4113 4225//4165 4174//4114
f 4226//4166 4186//4126 4169//4109
f 4169//4109 4227//4167 4226//4166
f 4202//4142 4227//4167 4169//4109
f 4180//4120 4228//4168 4181//4121
f 4181//4121 4229//4169 4212//4152
f 4217//4157 4193//4133 4177//4117
f 4206//4146 4220//4160 4159//4099
f 4165//4105 4230//4170 4172//4112
f 4198//4138 4231//4171 4166//4106
f 4223//4163 4166//4106 4231//4171
f 4167//4107 4224//4164 4185//4125
f 4225//4165 4232//4172 4174//4114
f 4232//4172 4201//4141 4174//4114
f 4168//4108 4233//4173 4200//4140
f 4186//4126 4233//4173 4168//4108
f 4219//4159 4176//4116 4203//4143
f 4182//4122 4221//4161 4213//4153
f 4234//4174 4190//4130 4214//4154
f 4235//4175 4189//4129 4190//4130
f 4236//4176 4215//4155 4172//4112
f 4230//4170 4236//4176 4172//4112
f 4184//4124 4230//4170 4165//4105
f 4237//4177 4199//4139 4209//4149
f 4201//4141 4238//4178 4192//4132
f 4226//4166 4233//4173 4186//4126
f 4238//4178 4211//4151 4192//4132
f 4239//4179 4227//4167 4202//4142
f 4219//4159 4239//4179 4202//4142
f 4181//4121 4228//4168 4229//4169
f 4240//4180 4203//4143 4193//4133
f 4205//4145 4204//4144 4241//4181
f 4241//4181 4194//4134 4205//4145
f 4194//4134 4242//4182 4217//4157
f 4220//4160 4243//4183 4195//4135
f 4244//4184 4213//4153 4221//4161
f 4243//4183 4187//4127 4195//4135
f 4187//4127 4245//4185 4196//4136
f 4218//4158 4246//4186 4197//4137
f 4208//4148 4215//4155 4218//4158
f 4222//4162 4247//4187 4198//4138
f 4198//4138 4247//4187 4231//4171
f 4237//4177 4184//4124 4199//4139
f 4248//4188 4193//4133 4217//4157
f 4249//4189 4220//4160 4206//4146
f 4213//4153 4249//4189 4206//4146
f 4221//4161 4250//4190 4244//4184
f 4243//4183 4245//4185 4187//4127
f 4188//4128 4251//4191 4250//4190
f 4188//4128 4250//4190 4221//4161
f 4245//4185 4252//4192 4196//4136
f 4207//4147 4251//4191 4188//4128
f 4252//4192 4214//4154 4196//4136
f 4207//4147 4246//4186 4251//4191
f 4197//4137 4246//4186 4207//4147
f 4235//4175 4190//4130 4234//4174
f 4189//4129 4235//4175 4222//4162
f 4253//4193 4230//4170 4184//4124
f 4253//4193 4184//4124 4237//4177
f 4209//4149 4179//4119 4254//4194
f 4185//4125 4224//4164 4255//4195
f 4254//4194 4179//4119 4210//4150
f 4185//4125 4255//4195 4225//4165
f 4256//4196 4191//4131 4200//4140
f 4232//4172 4238//4178 4201//4141
f 4175//4115 4257//4197 4180//4120
f 4258//4198 4219//4159 4203//4143
f 4228//4168 4259//4199 4229//4169
f 4258//4198 4203//4143 4240//4180
f 4260//4200 4204//4144 4212//4152
f 4204//4144 4260//4200 4241//4181
f 4242//4182 4248//4188 4217//4157
f 4241//4181 4261//4201 4194//4134
f 4261//4201 4242//4182 4194//4134
f 4234//4174 4214//4154 4252//4192
f 4262//4202 4237//4177 4209//4149
f 4262//4202 4209//4149 4254//4194
f 4263//4203 4254//4194 4210//4150
f 4263//4203 4210//4150 4216//4156
f 4256//4196 4216//4156 4191//4131
f 4233//4173 4256//4196 4200//4140
f 4211//4151 4257//4197 4175//4115
f 4180//4120 4257//4197 4264//4204
f 4265//4205 4239//4179 4219//4159
f 4180//4120 4264//4204 4228//4168
f 4249//4189 4266//4206 4220//4160
f 4244//4184 4249//4189 4213//4153
f 4266//4206 4243//4183 4220//4160
f 4247//4187 4222//4162 4235//4175
f 4255//4195 4267//4207 4225//4165
f 4267//4207 4232//4172 4225//4165
f 4268//4208 4258//4198 4240//4180
f 4229//4169 4269//4209 4212//4152
f 4212//4152 4269//4209 4260//4200
f 4270//4210 4193//4133 4248//4188
f 4270//4210 4240//4180 4193//4133
f 4271//4211 4218//4158 4215//4155
f 4262//4202 4253//4193 4237//4177
f 4231//4171 4272//4212 4223//4163
f 4226//4166 4227//4167 4233//4173
f 4265//4205 4219//4159 4258//4198
f 4229//4169 4259//4199 4273//4213
f 4229//4169 4273//4213 4269//4209
f 4270//4210 4268//4208 4240//4180
f 4266//4206 4274//4214 4243//4183
f 4246//4186 4275//4215 4251//4191
f 4218//4158 4271//4211 4246//4186
f 4235//4175 4234//4174 4276//4216
f 4277//4217 4236//4176 4230//4170
f 4247//4187 4272//4212 4231//4171
f 4223//4163 4272//4212 4278//4218
f 4224//4164 4223//4163 4278//4218
f 4224//4164 4279//4219 4255//4195
f 4263//4203 4216//4156 4280//4220
f 4280//4220 4216//4156 4256//4196
f 4260//4200 4261//4201 4241//4181
f 4242//4182 4270//4210 4248//4188
f 4281//4221 4249//4189 4244//4184
f 4251//4191 4282//4222 4250//4190
f 4283//4223 4271//4211 4215//4155
f 4236//4176 4283//4223 4215//4155
f 4235//4175 4284//4224 4247//4187
f 4253//4193 4277//4217 4230//4170
f 4224//4164 4278//4218 4279//4219
f 4285//4225 4256//4196 4233//4173
f 4227//4167 4285//4225 4233//4173
f 4238//4178 4286//4226 4211//4151
f 4286//4226 4257//4197 4211//4151
f 3646//3586 4227//4167 4239//4179
f 4239//4179 3647//3587 3646//3586
f 3647//3587 4239//4179 4265//4205
f 4228//4168 4264//4204 4287//4227
f 4228//4168 4287//4227 4259//4199
f 4288//4228 4261//4201 4260//4200
f 4289//4229 4290//4230 4266//4206
f 4289//4229 4266//4206 4249//4189
f 4250//4190 4281//4221 4244//4184
f 4274//4214 4245//4185 4243//4183
f 4251//4191 4275//4215 4282//4222
f 4252//4192 4291//4231 4234//4174
f 4291//4231 4276//4216 4234//4174
f 4246//4186 4271//4211 4275//4215
f 4284//4224 4235//4175 4276//4216
f 4277//4217 4283//4223 4236//4176
f 4284//4224 4292//4232 4247//4187
f 4293//4233 4262//4202 4254//4194
f 4293//4233 4254//4194 4263//4203
f 4232//4172 4267//4207 4294//4234
f 4232//4172 4294//4234 4238//4178
f 4227//4167 3646//3586 4285//4225
f 4287//4227 4295//4235 4259//4199
f 4288//4228 4260//4200 4269//4209
f 4296//4236 4242//4182 4261//4201
f 4245//4185 4297//4237 4252//4192
f 4271//4211 4298//4238 4275//4215
f 4299//4239 4277//4217 4253//4193
f 4292//4232 4300//4240 4247//4187
f 4272//4212 4247//4187 4300//4240
f 4299//4239 4253//4193 4262//4202
f 4255//4195 4279//4219 4301//4241
f 4257//4197 4302//4242 4264//4204
f 4264//4204 4302//4242 4287//4227
f 4268//4208 4303//4243 4258//4198
f 4296//4236 4270//4210 4242//4182
f 4304//4244 4289//4229 4249//4189
f 4304//4244 4249//4189 4281//4221
f 4290//4230 4274//4214 4266//4206
f 4274//4214 4305//4245 4245//4185
f 4305//4245 4297//4237 4245//4185
f 4252//4192 4297//4237 4291//4231
f 4300//4240 4306//4246 4272//4212
f 4307//4247 4299//4239 4262//4202
f 4307//4247 4262//4202 4293//4233
f 4272//4212 4306//4246 4278//4218
f 4267//4207 4255//4195 4301//4241
f 4267//4207 4301//4241 4294//4234
f 4294//4234 4308//4248 4238//4178
f 4238//4178 4308//4248 4286//4226
f 4286//4226 4302//4242 4257//4197
f 4309//4249 4268//4208 4270//4210
f 4288//4228 4310//4250 4261//4201
f 4310//4250 4296//4236 4261//4201
f 4311//4251 4281//4221 4250//4190
f 4278//4218 4306//4246 4312//4252
f 4279//4219 4278//4218 4312//4252
f 4313//4253 4293//4233 4263//4203
f 4314//4254 4285//4225 3646//3586
f 4315//4255 4314//4254 3646//3586
f 4265//4205 4316//4256 3647//3587
f 4303//4243 4265//4205 4258//4198
f 4259//4199 4295//4235 4273//4213
f 4269//4209 4273//4213 4288//4228
f 4290//4230 4317//4257 4274//4214
f 4317//4257 4305//4245 4274//4214
f 4282//4222 4311//4251 4250//4190
f 4275//4215 4318//4258 4282//4222
f 4275//4215 4298//4238 4318//4258
f 4291//4231 4319//4259 4276//4216
f 4283//4223 4320//4260 4271//4211
f 4321//4261 4283//4223 4277//4217
f 4299//4239 4321//4261 4277//4217
f 4307//4247 4322//4262 4299//4239
f 4323//4263 4293//4233 4313//4253
f 4279//4219 4312//4252 4324//4264
f 4279//4219 4324//4264 4301//4241
f 4313//4253 4263//4203 4280//4220
f 4325//4265 4313//4253 4280//4220
f 4256//4196 4325//4265 4280//4220
f 4285//4225 4325//4265 4256//4196
f 3650//3590 4304//4244 4281//4221
f 4291//4231 4297//4237 4319//4259
f 4271//4211 4320//4260 4298//4238
f 4276//4216 4326//4266 4284//4224
f 4323//4263 4307//4247 4293//4233
f 4314//4254 4325//4265 4285//4225
f 4327//4267 4308//4248 4294//4234
f 4303//4243 4316//4256 4265//4205
f 4296//4236 4309//4249 4270//4210
f 4273//4213 4328//4268 4288//4228
f 4311//4251 3650//3590 4281//4221
f 4276//4216 4319//4259 4329//4269
f 4276//4216 4329//4269 4326//4266
f 4283//4223 4330//4270 4320//4260
f 4284//4224 4326//4266 4331//4271
f 4330//4270 4283//4223 4321//4261
f 4284//4224 4331//4271 4292//4232
f 4322//4262 4321//4261 4299//4239
f 4292//4232 4331//4271 4300//4240
f 4294//4234 4301//4241 4332//4272
f 4332//4272 4327//4267 4294//4234
f 3645//3585 4315//4255 3646//3586
f 4316//4256 3645//3585 3647//3587
f 4302//4242 4333//4273 4287//4227
f 4287//4227 4334//4274 4295//4235
f 4335//4275 4303//4243 4268//4208
f 4309//4249 4335//4275 4268//4208
f 4336//4276 4310//4250 4288//4228
f 4337//4277 4290//4230 4289//4229
f 4304//4244 4337//4277 4289//4229
f 4305//4245 4317//4257 4338//4278
f 4282//4222 4339//4279 4311//4251
f 4305//4245 4338//4278 4297//4237
f 4318//4258 4339//4279 4282//4222
f 4306//4246 4340//4280 4312//4252
f 4313//4253 4341//4281 4323//4263
f 4342//4282 4313//4253 4325//4265
f 4343//4283 4286//4226 4308//4248
f 4333//4273 4334//4274 4287//4227
f 4273//4213 4295//4235 4344//4284
f 4345//4285 4309//4249 4296//4236
f 4328//4268 4336//4276 4288//4228
f 4310//4250 4345//4285 4296//4236
f 4346//4286 4319//4259 4297//4237
f 4298//4238 4347//4287 4318//4258
f 4320//4260 4348//4288 4298//4238
f 4306//4246 4300//4240 4340//4280
f 4314//4254 4349//4289 4325//4265
f 4343//4283 4302//4242 4286//4226
f 4303//4243 4350//4290 4316//4256
f 4273//4213 4344//4284 4328//4268
f 4345//4285 4335//4275 4309//4249
f 4351//4291 4317//4257 4290//4230
f 4337//4277 4351//4291 4290//4230
f 4300//4240 4331//4271 4352//4292
f 4312//4252 4340//4280 4353//4293
f 4301//4241 4324//4264 4354//4294
f 4354//4294 4332//4272 4301//4241
f 4327//4267 4343//4283 4308//4248
f 4315//4255 4355//4295 4314//4254
f 4302//4242 4343//4283 4333//4273
f 4356//4296 4344//4284 4295//4235
f 3648//3588 3650//3590 4311//4251
f 4338//4278 4346//4286 4297//4237
f 4318//4258 4347//4287 4339//4279
f 4357//4297 4326//4266 4329//4269
f 4358//4298 4321//4261 4322//4262
f 4300//4240 4352//4292 4340//4280
f 4359//4299 4322//4262 4307//4247
f 4359//4299 4307//4247 4323//4263
f 4313//4253 4342//4282 4341//4281
f 4349//4289 4342//4282 4325//4265
f 4332//4272 4360//4300 4327//4267
f 4344//4284 4336//4276 4328//4268
f 4361//4301 4345//4285 4310//4250
f 4336//4276 4361//4301 4310//4250
f 4304//4244 3649//3589 4337//4277
f 3649//3589 4304//4244 3650//3590
f 4362//4302 4338//4278 4317//4257
f 4339//4279 3648//3588 4311//4251
f 4358//4298 4330//4270 4321//4261
f 4331//4271 4363//4303 4352//4292
f 4341//4281 4359//4299 4323//4263
f 4312//4252 4353//4293 4324//4264
f 4364//4304 4349//4289 4314//4254
f 3645//3585 4355//4295 4315//4255
f 4350//4290 3645//3585 4316//4256
f 4333//4273 3653//3593 4334//4274
f 4335//4275 4365//4305 4303//4243
f 4334//4274 4356//4296 4295//4235
f 4362//4302 4317//4257 4351//4291
f 4366//4306 4346//4286 4338//4278
f 4357//4297 4329//4269 4319//4259
f 4348//4288 4347//4287 4298//4238
f 4320//4260 4367//4307 4348//4288
f 4330//4270 4367//4307 4320//4260
f 4331//4271 4326//4266 4368//4308
f 4340//4280 4352//4292 4369//4309
f 4353//4293 4340//4280 4369//4309
f 4360//4300 4370//4310 4327//4267
f 4355//4295 4364//4304 4314//4254
f 4343//4283 4327//4267 4370//4310
f 4343//4283 4371//4311 4333//4273
f 4333//4273 4371//4311 3653//3593
f 4350//4290 4303//4243 4372//4312
f 4372//4312 4303//4243 4365//4305
f 4361//4301 4373//4313 4345//4285
f 4339//4279 3651//3591 3648//3588
f 4362//4302 4366//4306 4338//4278
f 4346//4286 4357//4297 4319//4259
f 4357//4297 4368//4308 4326//4266
f 4367//4307 4330//4270 4358//4298
f 4331//4271 4368//4308 4363//4303
f 4374//4314 4358//4298 4322//4262
f 4359//4299 4374//4314 4322//4262
f 4324//4264 4353//4293 4375//4315
f 4375//4315 4354//4294 4324//4264
f 4332//4272 4354//4294 4376//4316
f 4376//4316 4360//4300 4332//4272
f 4364//4304 4377//4317 4349//4289
f 4378//4318 4355//4295 3645//3585
f 4350//4290 4378//4318 3645//3585
f 4334//4274 3653//3593 4356//4296
f 4373//4313 4335//4275 4345//4285
f 4379//4319 4336//4276 4344//4284
f 4379//4319 4361//4301 4336//4276
f 3652//3592 3649//3589 3648//3588
f 4347//4287 4380//4320 4339//4279
f 4348//4288 4381//4321 4347//4287
f 4382//4322 4374//4314 4359//4299
f 4353//4293 4369//4309 4375//4315
f 4383//4323 4359//4299 4341//4281
f 4383//4323 4341//4281 4342//4282
f 4384//4324 4383//4323 4342//4282
f 4385//4325 4384//4324 4342//4282
f 4385//4325 4342//4282 4349//4289
f 4339//4279 4380//4320 3651//3591
f 4367//4307 4381//4321 4348//4288
f 4383//4323 4382//4322 4359//4299
f 4377//4317 4385//4325 4349//4289
f 4376//4316 4386//4326 4360//4300
f 4370//4310 4360//4300 4386//4326
f 4343//4283 4387//4327 4371//4311
f 4388//4328 4365//4305 4335//4275
f 4356//4296 4389//4329 4344//4284
f 4344//4284 4389//4329 4379//4319
f 4390//4330 4351//4291 4337//4277
f 4390//4330 4337//4277 3649//3589
f 4347//4287 4381//4321 4380//4320
f 4357//4297 4346//4286 3657//3597
f 3657//3597 4391//4331 4357//4297
f 4368//4308 4357//4297 4391//4331
f 4367//4307 4392//4332 4381//4321
f 4358//4298 4392//4332 4367//4307
f 4354//4294 4375//4315 4393//4333
f 4376//4316 4354//4294 4393//4333
f 4394//4334 4364//4304 4355//4295
f 4378//4318 4394//4334 4355//4295
f 4343//4283 4370//4310 4387//4327
f 4350//4290 4395//4335 4378//4318
f 4388//4328 4372//4312 4365//4305
f 3653//3593 3655//3595 4356//4296
f 4390//4330 4396//4336 4351//4291
f 3652//3592 4390//4330 3649//3589
f 3659//3599 4366//4306 4362//4302
f 3657//3597 4346//4286 4366//4306
f 4374//4314 4397//4337 4358//4298
f 4398//4338 4352//4292 4363//4303
f 4369//4309 4352//4292 4398//4338
f 4376//4316 4399//4339 4386//4326
f 4395//4335 4350//4290 4372//4312
f 4371//4311 3654//3594 3653//3593
f 4388//4328 4395//4335 4372//4312
f 4356//4296 3655//3595 4389//4329
f 4373//4313 4388//4328 4335//4275
f 4396//4336 3659//3599 4362//4302
f 4396//4336 4362//4302 4351//4291
f 4381//4321 4400//4340 4380//4320
f 4397//4337 4392//4332 4358//4298
f 4398//4338 4363//4303 4368//4308
f 4401//4341 4374//4314 4382//4322
f 4384//4324 4382//4322 4383//4323
f 4402//4342 4384//4324 4385//4325
f 4376//4316 4393//4333 4399//4339
f 4377//4317 4403//4343 4385//4325
f 4394//4334 4404//4344 4377//4317
f 4394//4334 4377//4317 4364//4304
f 4395//4335 4405//4345 4378//4318
f 4371//4311 4387//4327 3654//3594
f 4406//4346 4373//4313 4361//4301
f 4389//4329 4407//4347 4379//4319
f 4407//4347 4361//4301 4379//4319
f 4407//4347 4406//4346 4361//4301
f 4408//4348 3651//3591 4380//4320
f 4400//4340 4408//4348 4380//4320
f 4391//4331 3657//3597 3656//3596
f 4368//4308 4391//4331 4409//4349
f 4398//4338 4368//4308 4410//4350
f 4401//4341 4397//4337 4374//4314
f 4369//4309 4398//4338 4411//4351
f 4369//4309 4411//4351 4375//4315
f 4387//4327 4370//4310 4412//4352
f 4413//4353 4395//4335 4388//4328
f 3651//3591 4408//4348 4414//4354
f 3651//3591 4414//4354 3652//3592
f 3657//3597 4366//4306 3658//3598
f 3658//3598 4366//4306 3659//3599
f 4375//4315 4411//4351 4415//4355
f 4393//4333 4375//4315 4415//4355
f 4386//4326 4399//4339 4416//4356
f 4404//4344 4403//4343 4377//4317
f 4416//4356 4370//4310 4386//4326
f 4370//4310 4416//4356 4412//4352
f 4405//4345 4394//4334 4378//4318
f 4417//4357 3655//3595 3654//3594
f 4389//4329 3655//3595 4418//4358
f 4413//4353 4388//4328 4373//4313
f 4406//4346 4413//4353 4373//4313
f 4396//4336 4390//4330 4419//4359
f 4419//4359 4390//4330 3652//3592
f 3652//3592 4414//4354 4419//4359
f 4400//4340 4381//4321 4392//4332
f 4410//4350 4368//4308 4409//4349
f 4397//4337 4420//4360 4392//4332
f 4421//4361 4382//4322 4384//4324
f 4399//4339 4393//4333 4415//4355
f 4402//4342 4385//4325 4403//4343
f 4389//4329 4418//4358 4407//4347
f 4422//4362 3659//3599 4396//4336
f 4411//4351 4398//4338 4423//4363
f 4424//4364 4401//4341 4382//4322
f 4421//4361 4424//4364 4382//4322
f 4421//4361 4384//4324 4402//4342
f 3654//3594 4387//4327 4425//4365
f 4395//4335 4426//4366 4405//4345
f 4417//4357 4427//4367 4418//4358
f 4418//4358 3655//3595 4417//4357
f 4418//4358 4428//4368 4407//4347
f 4428//4368 4406//4346 4407//4347
f 4422//4362 4396//4336 4419//4359
f 4409//4349 4391//4331 4429//4369
f 4420//4360 4400//4340 4392//4332
f 4423//4363 4398//4338 4410//4350
f 4397//4337 4401//4341 4424//4364
f 4411//4351 4430//4370 4415//4355
f 4403//4343 4431//4371 4402//4342
f 4432//4372 4403//4343 4404//4344
f 4404//4344 4394//4334 4405//4345
f 4387//4327 4412//4352 4425//4365
f 4413//4353 4433//4373 4395//4335
f 4433//4373 4426//4366 4395//4335
f 4434//4374 4435//4375 4414//4354
f 4408//4348 4434//4374 4414//4354
f 4408//4348 4400//4340 4436//4376
f 3656//3596 4429//4369 4391//4331
f 4410//4350 4409//4349 4437//4377
f 4397//4337 4438//4378 4420//4360
f 4410//4350 4437//4377 4423//4363
f 4424//4364 4438//4378 4397//4337
f 4423//4363 4430//4370 4411//4351
f 4431//4371 4421//4361 4402//4342
f 4399//4339 4415//4355 4439//4379
f 4432//4372 4431//4371 4403//4343
f 4416//4356 4399//4339 4439//4379
f 4405//4345 4426//4366 4404//4344
f 3654//3594 4425//4365 4417//4357
f 4417//4357 4440//4380 4427//4367
f 4441//4381 4433//4373 4413//4353
f 4406//4346 4441//4381 4413//4353
f 4442//4382 4428//4368 4418//4358
f 4419//4359 4414//4354 4435//4375
f 4422//4362 3660//3600 3659//3599
f 3656//3596 3658//3598 3660//3600
f 4436//4376 4434//4374 4408//4348
f 4420//4360 4436//4376 4400//4340
f 4409//4349 4429//4369 4443//4383
f 4421//4361 4444//4384 4424//4364
f 4431//4371 4444//4384 4421//4361
f 4445//4385 4432//4372 4404//4344
f 4425//4365 4412//4352 4446//4386
f 4417//4357 4425//4365 4440//4380
f 4427//4367 4442//4382 4418//4358
f 4447//4387 4441//4381 4406//4346
f 4447//4387 4406//4346 4428//4368
f 4448//4388 3660//3600 4422//4362
f 4449//4389 4448//4388 4422//4362
f 4449//4389 4422//4362 4419//4359
f 4429//4369 3656//3596 3660//3600
f 4436//4376 4450//4390 4434//4374
f 4437//4377 4409//4349 4443//4383
f 4444//4384 4438//4378 4424//4364
f 4415//4355 4430//4370 4451//4391
f 4415//4355 4451//4391 4439//4379
f 4452//4392 4416//4356 4439//4379
f 4412//4352 4416//4356 4446//4386
f 4445//4385 4404//4344 4426//4366
f 4442//4382 4447//4387 4428//4368
f 4435//4375 4449//4389 4419//4359
f 4434//4374 4450//4390 4435//4375
f 4420//4360 3661//3601 4436//4376
f 4437//4377 4443//4383 4453//4393
f 4454//4394 4438//4378 4444//4384
f 4455//4395 4431//4371 4432//4372
f 4455//4395 4432//4372 4445//4385
f 4416//4356 4452//4392 4446//4386
f 4425//4365 4446//4386 4456//4396
f 4440//4380 4425//4365 4456//4396
f 4457//4397 4426//4366 4433//4373
f 4441//4381 4457//4397 4433//4373
f 4458//4398 4449//4389 4435//4375
f 4450//4390 4458//4398 4435//4375
f 3660//3600 4459//4399 4429//4369
f 4438//4378 3661//3601 4420//4360
f 4423//4363 4437//4377 4453//4393
f 4460//4400 4423//4363 4453//4393
f 4430//4370 4423//4363 4460//4400
f 4440//4380 4461//4401 4427//4367
f 3660//3600 4448//4388 4462//4402
f 4449//4389 4462//4402 4448//4388
f 4459//4399 3660//3600 4462//4402
f 4450//4390 4436//4376 4463//4403
f 3661//3601 4463//4403 4436//4376
f 4430//4370 4460//4400 4451//4391
f 4464//4404 4444//4384 4431//4371
f 4439//4379 4451//4391 4465//4405
f 4455//4395 4464//4404 4431//4371
f 4446//4386 4452//4392 4466//4406
f 4467//4407 4468//4408 4455//4395
f 4467//4407 4455//4395 4445//4385
f 4446//4386 4466//4406 4456//4396
f 4467//4407 4426//4366 4457//4397
f 4467//4407 4445//4385 4426//4366
f 4440//4380 4456//4396 4461//4401
f 4427//4367 4461//4401 4469//4409
f 4470//4410 4441//4381 4447//4387
f 4470//4410 4457//4397 4441//4381
f 4470//4410 4447//4387 4442//4382
f 4458//4398 4450//4390 4471//4411
f 4443//4383 4429//4369 4459//4399
f 4443//4383 4459//4399 4472//4412
f 4438//4378 4454//4394 3661//3601
f 4454//4394 4444//4384 4464//4404
f 4464//4404 4455//4395 4468//4408
f 4439//4379 4465//4405 4452//4392
f 4452//4392 4473//4413 4466//4406
f 4457//4397 4474//4414 4467//4407
f 4469//4409 4442//4382 4427//4367
f 4469//4409 4470//4410 4442//4382
f 4462//4402 4449//4389 4475//4415
f 4475//4415 4449//4389 4458//4398
f 4471//4411 4475//4415 4458//4398
f 4450//4390 4463//4403 4471//4411
f 4443//4383 4472//4412 4453//4393
f 3662//3602 3661//3601 4454//4394
f 4460//4400 4453//4393 4476//4416
f 4460//4400 4476//4416 4465//4405
f 3662//3602 4454//4394 4464//4404
f 4451//4391 4460//4400 4465//4405
f 4465//4405 4473//4413 4452//4392
f 4477//4417 4456//4396 4466//4406
f 4461//4401 4456//4396 4477//4417
f 4461//4401 4478//4418 4469//4409
f 4479//4419 4457//4397 4470//4410
f 4471//4411 4463//4403 4480//4420
f 4481//4421 4459//4399 4462//4402
f 4463//4403 3661//3601 3663//3603
f 4472//4412 4459//4399 4481//4421
f 4453//4393 4472//4412 4476//4416
f 3662//3602 4464//4404 4482//4422
f 4482//4422 4464//4404 4468//4408
f 4465//4405 4483//4423 4473//4413
f 4466//4406 4473//4413 4477//4417
f 4468//4408 4467//4407 4474//4414
f 4479//4419 4474//4414 4457//4397
f 4469//4409 4478//4418 4470//4410
f 4475//4415 4484//4424 4462//4402
f 4475//4415 4471//4411 4480//4420
f 4475//4415 4480//4420 4484//4424
f 4463//4403 3663//3603 4480//4420
f 3663//3603 4485//4425 4480//4420
f 3663//3603 3662//3602 4486//4426
f 4486//4426 3662//3602 4482//4422
f 4465//4405 4476//4416 4483//4423
f 4482//4422 4468//4408 4487//4427
f 4473//4413 4483//4423 4477//4417
f 4487//4427 4468//4408 4474//4414
f 4477//4417 4478//4418 4461//4401
f 4478//4418 4479//4419 4470//4410
f 4481//4421 4462//4402 4484//4424
f 4484//4424 4480//4420 4485//4425
f 4485//4425 3663//3603 4486//4426
f 4472//4412 4481//4421 4476//4416
f 4481//4421 4488//4428 4476//4416
f 4476//4416 4488//4428 4483//4423
f 4487//4427 4474//4414 4489//4429
f 4490//4430 4478//4418 4477//4417
f 4478//4418 4489//4429 4479//4419
f 4489//4429 4474//4414 4479//4419
f 4481//4421 4484//4424 4491//4431
f 4484//4424 4485//4425 4491//4431
f 4481//4421 4491//4431 4492//4432
f 4485//4425 4486//4426 4493//4433
f 4488//4428 4481//4421 4492//4432
f 4494//4434 4493//4433 4486//4426
f 4486//4426 4482//4422 4494//4434
f 4494//4434 4482//4422 4487//4427
f 4483//4423 4488//4428 4490//4430
f 4489//4429 4495//4435 4494//4434
f 4494//4434 4487//4427 4489//4429
f 4483//4423 4490//4430 4477//4417
f 4490//4430 4489//4429 4478//4418
f 4491//4431 4485//4425 4493//4433
f 4492//4432 4491//4431 4496//4436
f 4491//4431 4493//4433 4496//4436
f 4493//4433 4494//4434 4496//4436
f 4492//4432 4497//4437 4488//4428
f 4497//4437 4492//4432 4496//4436
f 4494//4434 4495//4435 4496//4436
f 4496//4436 4495//4435 4497//4437
f 4488//4428 4497//4437 4490//4430
f 4497//4437 4495//4435 4489//4429
f 4497//4437 4489//4429 4490//4430
f 4498//4438 4499//4439 4500//4440
f 4501//4441 4502//4442 4503//4443
f 4504//4444 4505//4445 4506//4446
f 4507//4447 4508//4448 4509//4449
f 4510//4450 4511//4451 4512//4452
f 4513//4453 4514//4454 4515//4455
f 4516//4456 4517//4457 4518//4458
f 4516//4456 4518//4458 4519//4459
f 4514//4454 4520//4460 4521//4461
f 4522//4462 4523//4463 4517//4457
f 4522//4462 4517//4457 4516//4456
f 4524//4464 4525//4465 4516//4456
f 4514//4454 4521//4461 4515//4455
f 4526//4466 4514//4454 4513//4453
f 4524//4464 4516//4456 4519//4459
f 4518//4458 4517//4457 4527//4467
f 4528//4468 4529//4469 4521//4461
f 4515//4455 4521//4461 4529//4469
f 4524//4464 4519//4459 4530//4470
f 4529//4469 4531//4471 4515//4455
f 4531//4471 4513//4453 4515//4455
f 4513//4453 4532//4472 4526//4466
f 4513//4453 4531//4471 4533//4473
f 4527//4467 4534//4474 4518//4458
f 4519//4459 4518//4458 4534//4474
f 4519//4459 4534//4474 4535//4475
f 4535//4475 4530//4470 4519//4459
f 4514//4454 4536//4476 4520//4460
f 4522//4462 4525//4465 4523//4463
f 4522//4462 4516//4456 4525//4465
f 4521//4461 4520//4460 4537//4477
f 4521//4461 4537//4477 4528//4468
f 4514//4454 4526//4466 4536//4476
f 4538//4478 4536//4476 4526//4466
f 4517//4457 4539//4479 4540//4480
f 4517//4457 4540//4480 4527//4467
f 4541//4481 4542//4482 4524//4464
f 4528//4468 4543//4483 4529//4469
f 4530//4470 4541//4481 4524//4464
f 4540//4480 4544//4484 4527//4467
f 4533//4473 4532//4472 4513//4453
f 4531//4471 4529//4469 4533//4473
f 4533//4473 4545//4485 4532//4472
f 4544//4484 4534//4474 4527//4467
f 4520//4460 4546//4486 4537//4477
f 4546//4486 4520//4460 4536//4476
f 4547//4487 4523//4463 4525//4465
f 4525//4465 4548//4488 4547//4487
f 4536//4476 4549//4489 4546//4486
f 4537//4477 4550//4490 4528//4468
f 4549//4489 4536//4476 4538//4478
f 4517//4457 4523//4463 4539//4479
f 4542//4482 4548//4488 4525//4465
f 4542//4482 4525//4465 4524//4464
f 4528//4468 4550//4490 4543//4483
f 4529//4469 4543//4483 4551//4491
f 4529//4469 4551//4491 4552//4492
f 4533//4473 4529//4469 4552//4492
f 4533//4473 4553//4493 4545//4485
f 4534//4474 4544//4484 4554//4494
f 4535//4475 4534//4474 4555//4495
f 4530//4470 4535//4475 4555//4495
f 4530//4470 4555//4495 4556//4496
f 4533//4473 4552//4492 4553//4493
f 4555//4495 4534//4474 4554//4494
f 4538//4478 4526//4466 4557//4497
f 4526//4466 4532//4472 4557//4497
f 4542//4482 4541//4481 4558//4498
f 4544//4484 4540//4480 4559//4499
f 4532//4472 4545//4485 4557//4497
f 4558//4498 4541//4481 4530//4470
f 4530//4470 4556//4496 4558//4498
f 4560//4500 4523//4463 4547//4487
f 4550//4490 4537//4477 4561//4501
f 4560//4500 4539//4479 4523//4463
f 4548//4488 4542//4482 4562//4502
f 4539//4479 4560//4500 4563//4503
f 4539//4479 4563//4503 4540//4480
f 4562//4502 4542//4482 4558//4498
f 4550//4490 4561//4501 4564//4504
f 4550//4490 4564//4504 4543//4483
f 4540//4480 4563//4503 4559//4499
f 4551//4491 4543//4483 4564//4504
f 4557//4497 4545//4485 4565//4505
f 4566//4506 4544//4484 4559//4499
f 4545//4485 4567//4507 4565//4505
f 4544//4484 4566//4506 4554//4494
f 4552//4492 4551//4491 4568//4508
f 4553//4493 4569//4509 4567//4507
f 4567//4507 4545//4485 4553//4493
f 4552//4492 4569//4509 4553//4493
f 4554//4494 4570//4510 4555//4495
f 4571//4511 4537//4477 4546//4486
f 4571//4511 4546//4486 4572//4512
f 4548//4488 4573//4513 4574//4514
f 4548//4488 4574//4514 4547//4487
f 4561//4501 4537//4477 4571//4511
f 4575//4515 4549//4489 4538//4478
f 4562//4502 4573//4513 4548//4488
f 4538//4478 4557//4497 4576//4516
f 4576//4516 4557//4497 4577//4517
f 4577//4517 4557//4497 4565//4505
f 4559//4499 4578//4518 4566//4506
f 4579//4519 4551//4491 4564//4504
f 4551//4491 4579//4519 4568//4508
f 4580//4520 4554//4494 4566//4506
f 4555//4495 4581//4521 4556//4496
f 4569//4509 4552//4492 4568//4508
f 4580//4520 4570//4510 4554//4494
f 4570//4510 4581//4521 4555//4495
f 4574//4514 4582//4522 4547//4487
f 4546//4486 4504//4444 4583//4523
f 4575//4515 4504//4444 4546//4486
f 4575//4515 4546//4486 4549//4489
f 4560//4500 4547//4487 4508//4448
f 4561//4501 4571//4511 4584//4524
f 4575//4515 4538//4478 4576//4516
f 4573//4513 4562//4502 4585//4525
f 4585//4525 4562//4502 4558//4498
f 4561//4501 4584//4524 4564//4504
f 4563//4503 4578//4518 4559//4499
f 4583//4523 4572//4512 4546//4486
f 4508//4448 4547//4487 4582//4522
f 4560//4500 4586//4526 4563//4503
f 4585//4525 4558//4498 4587//4527
f 4588//4528 4587//4527 4558//4498
f 4578//4518 4589//4529 4566//4506
f 4556//4496 4588//4528 4558//4498
f 4556//4496 4590//4530 4588//4528
f 4579//4519 4500//4440 4499//4439
f 4579//4519 4499//4439 4568//4508
f 4591//4531 4580//4520 4566//4506
f 4581//4521 4590//4530 4556//4496
f 4499//4439 4569//4509 4568//4508
f 4580//4520 4592//4532 4570//4510
f 4592//4532 4581//4521 4570//4510
f 4593//4533 4582//4522 4574//4514
f 4501//4441 4571//4511 4572//4512
f 4501//4441 4572//4512 4583//4523
f 4573//4513 4594//4534 4593//4533
f 4573//4513 4593//4533 4574//4514
f 4508//4448 4586//4526 4560//4500
f 4571//4511 4501//4441 4595//4535
f 4571//4511 4595//4535 4584//4524
f 4505//4445 4575//4515 4576//4516
f 4586//4526 4596//4536 4563//4503
f 4585//4525 4594//4534 4573//4513
f 4505//4445 4576//4516 4597//4537
f 4563//4503 4596//4536 4578//4518
f 4584//4524 4595//4535 4598//4538
f 4597//4537 4576//4516 4577//4517
f 4597//4537 4577//4517 4599//4539
f 4578//4518 4596//4536 4589//4529
f 4584//4524 4598//4538 4564//4504
f 4564//4504 4598//4538 4579//4519
f 4599//4539 4577//4517 4565//4505
f 4565//4505 4600//4540 4599//4539
f 4589//4529 4591//4531 4566//4506
f 4567//4507 4600//4540 4565//4505
f 4567//4507 4601//4541 4600//4540
f 4591//4531 4592//4532 4580//4520
f 4499//4439 4601//4541 4569//4509
f 4601//4541 4567//4507 4569//4509
f 4511//4451 4594//4534 4585//4525
f 4598//4538 4500//4440 4579//4519
f 4592//4532 4602//4542 4581//4521
f 4602//4542 4590//4530 4581//4521
f 4583//4523 4502//4442 4501//4441
f 4507//4447 4586//4526 4508//4448
f 4594//4534 4511//4451 4593//4533
f 4505//4445 4504//4444 4575//4515
f 4595//4535 4501//4441 4603//4543
f 4586//4526 4507//4447 4596//4536
f 4596//4536 4507//4447 4604//4544
f 4595//4535 4603//4543 4598//4538
f 4589//4529 4596//4536 4604//4544
f 4511//4451 4585//4525 4587//4527
f 4500//4440 4598//4538 4498//4438
f 4600//4540 4597//4537 4599//4539
f 4604//4544 4591//4531 4589//4529
f 4605//4545 4600//4540 4601//4541
f 4591//4531 4606//4546 4592//4532
f 4602//4542 4588//4528 4590//4530
f 4499//4439 4605//4545 4601//4541
f 4606//4546 4602//4542 4592//4532
f 4504//4444 4502//4442 4583//4523
f 4510//4450 4508//4448 4582//4522
f 4593//4533 4510//4450 4582//4522
f 4511//4451 4510//4450 4593//4533
f 4607//4547 4505//4445 4597//4537
f 4604//4544 4507//4447 4608//4548
f 4598//4538 4603//4543 4498//4438
f 4609//4549 4511//4451 4587//4527
f 4605//4545 4607//4547 4597//4537
f 4605//4545 4597//4537 4600//4540
f 4608//4548 4606//4546 4591//4531
f 4608//4548 4591//4531 4604//4544
f 4609//4549 4587//4527 4588//4528
f 4602//4542 4609//4549 4588//4528
f 4498//4438 4605//4545 4499//4439
f 4503//4443 4502//4442 4506//4446
f 4502//4442 4504//4444 4506//4446
f 4509//4449 4508//4448 4512//4452
f 4512//4452 4508//4448 4510//4450
f 4501//4441 4503//4443 4603//4543
f 4607//4547 4610//4550 4506//4446
f 4506//4446 4505//4445 4607//4547
f 4608//4548 4507//4447 4509//4449
f 4608//4548 4509//4449 4611//4551
f 4512//4452 4511//4451 4612//4552
f 4603//4543 4503//4443 4498//4438
f 4498//4438 4503//4443 4613//4553
f 4612//4552 4511//4451 4609//4549
f 4605//4545 4498//4438 4613//4553
f 4613//4553 4610//4550 4605//4545
f 4610//4550 4607//4547 4605//4545
f 4608//4548 4611//4551 4606//4546
f 4602//4542 4606//4546 4611//4551
f 4611//4551 4612//4552 4602//4542
f 4612//4552 4609//4549 4602//4542
f 4503//4443 4506//4446 4613//4553
f 4506//4446 4610//4550 4613//4553
f 4509//4449 4512//4452 4611//4551
f 4611//4551 4512//4452 4612//4552
f 4614//4554 4615//4555 4616//4556
f 4614//4554 4616//4556 4617//4557
f 4618//4558 4619//4559 4614//4554
f 4618//4558 4614//4554 4617//4557
f 4616//4556 4620//4560 4617//4557
f 4617//4557 4620//4560 4621//4561
f 4621//4561 4618//4558 4617//4557
f 4622//4562 4623//4563 4614//4564
f 4622//4562 4614//4564 4624//4565
f 4614//4564 4625//4566 4626//4567
f 4614//4564 4626//4567 4624//4565
f 4616//4556 4627//4568 4622//4562
f 4616//4556 4622//4562 4628//4569
f 4626//4567 4629//4570 4618//4558
f 4626//4567 4618//4558 4630//4571
f 4620//4560 4616//4556 4628//4569
f 4631//4572 4622//4562 4624//4565
f 4626//4567 4631//4572 4624//4565
f 4626//4567 4630//4571 4632//4573
f 4618//4558 4621//4561 4633//4574
f 4618//4558 4633//4574 4630//4571
f 4634//4575 4635//4576 4621//4561
f 4634//4575 4621//4561 4620//4560
f 4635//4576 4633//4574 4621//4561
f 4636//4577 4628//4569 4622//4562
f 4632//4573 4637//4578 4626//4567
f 4628//4569 4638//4579 4620//4560
f 4637//4578 4630//4571 4639//4580
f 4620//4560 4638//4579 4634//4575
f 4633//4574 4639//4580 4630//4571
f 4640//4581 4641//4582 4622//4562
f 4640//4581 4622//4562 4631//4572
f 4642//4583 4640//4581 4631//4572
f 4642//4583 4631//4572 4626//4567
f 4626//4567 4643//4584 4642//4583
f 4622//4562 4641//4582 4636//4577
f 4637//4578 4643//4584 4626//4567
f 4634//4575 4644//4585 4635//4576
f 4644//4585 4639//4580 4633//4574
f 4644//4585 4633//4574 4635//4576
f 4640//4581 4645//4586 4641//4582
f 4643//4584 4646//4587 4642//4583
f 4641//4582 4647//4588 4648//4589
f 4641//4582 4648//4589 4636//4577
f 4649//4590 4650//4591 4643//4584
f 4649//4590 4643//4584 4637//4578
f 4648//4589 4638//4579 4636//4577
f 4639//4580 4649//4590 4637//4578
f 4648//4589 4634//4575 4638//4579
f 4651//4592 4652//4593 4640//4581
f 4642//4583 4649//4590 4651//4592
f 4642//4583 4651//4592 4640//4581
f 4648//4589 4653//4594 4640//4581
f 4648//4589 4640//4581 4652//4593
f 4642//4583 4654//4595 4649//4590
f 4648//4589 4652//4593 4655//4596
f 4644//4585 4634//4575 4648//4589
f 4644//4585 4648//4589 4655//4596
f 4649//4590 4639//4580 4644//4585
f 4649//4590 4644//4585 4655//4596
f 4651//4592 4649//4590 4655//4596
f 4656//4597 4657//4598 4658//4599
f 4659//4600 4660//4601 4661//4602
f 4662//4603 4663//4604 4664//4605
f 4662//4603 4665//4606 4666//4607
f 4667//4608 4668//4609 4669//4610
f 4670//4611 4671//4612 4672//4613
f 4673//4614 4674//4615 4675//4616
f 4676//4617 4673//4614 4677//4618
f 4678//4619 4679//4620 4668//4609
f 4664//4605 4680//4621 4681//4622
f 4682//4623 4683//4624 4684//4625
f 4685//4626 4686//4627 4687//4628
f 4688//4629 4657//4598 4656//4597
f 4689//4630 4688//4629 4656//4597
f 4690//4631 4656//4597 4658//4599
f 4691//4632 4690//4631 4692//4633
f 4690//4631 4693//4634 4694//4635
f 4693//4634 4690//4631 4658//4599
f 4690//4631 4695//4636 4692//4633
f 4690//4631 4694//4635 4696//4637
f 4696//4637 4695//4636 4690//4631
f 4697//4638 4657//4598 4698//4639
f 4657//4598 4688//4629 4699//4640
f 4657//4598 4699//4640 4698//4639
f 4658//4599 4700//4641 4693//4634
f 4696//4637 4701//4642 4695//4636
f 4694//4635 4702//4643 4696//4637
f 4703//4644 4704//4645 4657//4598
f 4703//4644 4657//4598 4705//4646
f 4657//4598 4704//4645 4706//4647
f 4658//4599 4657//4598 4706//4647
f 4658//4599 4706//4647 4700//4641
f 4688//4629 4692//4633 4707//4648
f 4688//4629 4707//4648 4699//4640
f 4692//4633 4695//4636 4707//4648
f 4693//4634 4700//4641 4708//4649
f 4693//4634 4708//4649 4694//4635
f 4701//4642 4696//4637 4702//4643
f 4702//4643 4694//4635 4708//4649
f 4701//4642 4702//4643 4709//4650
f 4697//4638 4698//4639 4710//4651
f 4706//4647 4704//4645 4711//4652
f 4706//4647 4712//4653 4700//4641
f 4712//4653 4713//4654 4700//4641
f 4713//4654 4708//4649 4700//4641
f 4701//4642 4707//4648 4695//4636
f 4702//4643 4708//4649 4709//4650
f 4714//4655 4715//4656 4704//4645
f 4714//4655 4704//4645 4703//4644
f 4711//4652 4704//4645 4715//4656
f 4698//4639 4716//4657 4710//4651
f 4711//4652 4717//4658 4706//4647
f 4717//4658 4712//4653 4706//4647
f 4698//4639 4699//4640 4718//4659
f 4698//4639 4718//4659 4716//4657
f 4699//4640 4707//4648 4718//4659
f 4709//4650 4719//4660 4707//4648
f 4709//4650 4707//4648 4701//4642
f 4714//4655 4710//4651 4716//4657
f 4716//4657 4718//4659 4720//4661
f 4721//4662 4712//4653 4717//4658
f 4721//4662 4713//4654 4712//4653
f 4713//4654 4721//4662 4722//4663
f 4707//4648 4723//4664 4718//4659
f 4713//4654 4722//4663 4708//4649
f 4708//4649 4722//4663 4724//4665
f 4708//4649 4724//4665 4709//4650
f 4707//4648 4719//4660 4725//4666
f 4719//4660 4709//4650 4724//4665
f 4717//4658 4711//4652 4726//4667
f 4726//4667 4711//4652 4715//4656
f 4716//4657 4720//4661 4714//4655
f 4721//4662 4717//4658 4726//4667
f 4720//4661 4718//4659 4723//4664
f 4707//4648 4725//4666 4723//4664
f 4719//4660 4724//4665 4727//4668
f 4719//4660 4727//4668 4728//4669
f 4729//4670 4726//4667 4715//4656
f 4729//4670 4715//4656 4714//4655
f 4720//4661 4729//4670 4714//4655
f 4720//4661 4723//4664 4730//4671
f 4721//4662 4731//4672 4722//4663
f 4723//4664 4725//4666 4732//4673
f 4722//4663 4731//4672 4733//4674
f 4722//4663 4733//4674 4724//4665
f 4728//4669 4725//4666 4719//4660
f 4727//4668 4724//4665 4733//4674
f 4734//4675 4728//4669 4727//4668
f 4720//4661 4735//4676 4729//4670
f 4736//4677 4726//4667 4729//4670
f 4730//4671 4735//4676 4720//4661
f 4721//4662 4726//4667 4736//4677
f 4730//4671 4723//4664 4732//4673
f 4731//4672 4721//4662 4737//4678
f 4733//4674 4738//4679 4734//4675
f 4733//4674 4734//4675 4727//4668
f 4735//4676 4736//4677 4729//4670
f 4730//4671 4739//4680 4735//4676
f 4736//4677 4737//4678 4721//4662
f 4732//4673 4740//4681 4739//4680
f 4732//4673 4739//4680 4730//4671
f 4737//4678 4741//4682 4731//4672
f 4732//4673 4725//4666 4742//4683
f 4741//4682 4733//4674 4731//4672
f 4728//4669 4734//4675 4743//4684
f 4728//4669 4743//4684 4725//4666
f 4738//4679 4744//4685 4734//4675
f 4736//4677 4735//4676 4745//4686
f 4739//4680 4745//4686 4735//4676
f 4737//4678 4736//4677 4745//4686
f 4737//4678 4745//4686 4746//4687
f 4740//4681 4732//4673 4747//4688
f 4747//4688 4732//4673 4748//4689
f 4732//4673 4742//4683 4748//4689
f 4725//4666 4743//4684 4742//4683
f 4733//4674 4741//4682 4749//4690
f 4733//4674 4749//4690 4738//4679
f 4734//4675 4744//4685 4743//4684
f 4737//4678 4746//4687 4741//4682
f 4744//4685 4738//4679 4749//4690
f 4744//4685 4750//4691 4743//4684
f 4751//4692 4745//4686 4739//4680
f 4751//4692 4739//4680 4740//4681
f 4746//4687 4745//4686 4752//4693
f 4747//4688 4751//4692 4740//4681
f 4746//4687 4752//4693 4753//4694
f 4741//4682 4746//4687 4753//4694
f 4741//4682 4754//4695 4749//4690
f 4744//4685 4749//4690 4755//4696
f 4755//4696 4750//4691 4744//4685
f 4752//4693 4745//4686 4751//4692
f 4756//4697 4752//4693 4751//4692
f 4756//4697 4751//4692 4747//4688
f 4753//4694 4752//4693 4757//4698
f 4748//4689 4756//4697 4747//4688
f 4753//4694 4754//4695 4741//4682
f 4749//4690 4754//4695 4758//4699
f 4743//4684 4750//4691 4759//4700
f 4749//4690 4758//4699 4755//4696
f 4760//4701 4757//4698 4752//4693
f 4760//4701 4752//4693 4756//4697
f 4748//4689 4761//4702 4756//4697
f 4754//4695 4753//4694 4757//4698
f 4748//4689 4659//4600 4761//4702
f 4748//4689 4742//4683 4762//4703
f 4748//4689 4762//4703 4659//4600
f 4742//4683 4743//4684 4762//4703
f 4762//4703 4743//4684 4759//4700
f 4762//4703 4759//4700 4763//4704
f 4755//4696 4758//4699 4764//4705
f 4750//4691 4755//4696 4764//4705
f 4760//4701 4756//4697 4761//4702
f 4754//4695 4757//4698 4765//4706
f 4754//4695 4766//4707 4758//4699
f 4766//4707 4764//4705 4758//4699
f 4759//4700 4750//4691 4764//4705
f 4759//4700 4764//4705 4767//4708
f 4766//4707 4754//4695 4765//4706
f 4766//4707 4768//4709 4764//4705
f 4768//4709 4767//4708 4764//4705
f 4769//4710 4770//4711 4760//4701
f 4769//4710 4760//4701 4761//4702
f 4661//4602 4769//4710 4761//4702
f 4661//4602 4761//4702 4659//4600
f 4765//4706 4757//4698 4760//4701
f 4765//4706 4760//4701 4770//4711
f 4762//4703 4660//4601 4659//4600
f 4766//4707 4765//4706 4771//4712
f 4762//4703 4763//4704 4660//4601
f 4763//4704 4759//4700 4772//4713
f 4767//4708 4772//4713 4759//4700
f 4771//4712 4765//4706 4770//4711
f 4771//4712 4773//4714 4766//4707
f 4773//4714 4768//4709 4766//4707
f 4767//4708 4774//4715 4772//4713
f 4767//4708 4768//4709 4775//4716
f 4767//4708 4775//4716 4776//4717
f 4777//4718 4661//4602 4660//4601
f 4770//4711 4769//4710 4778//4719
f 4771//4712 4770//4711 4778//4719
f 4763//4704 4779//4720 4660//4601
f 4774//4715 4780//4721 4772//4713
f 4773//4714 4775//4716 4768//4709
f 4775//4716 4773//4714 4781//4722
f 4775//4716 4781//4722 4776//4717
f 4774//4715 4767//4708 4776//4717
f 4778//4719 4769//4710 4661//4602
f 4777//4718 4660//4601 4779//4720
f 4771//4712 4778//4719 4782//4723
f 4779//4720 4763//4704 4783//4724
f 4773//4714 4771//4712 4782//4723
f 4763//4704 4772//4713 4783//4724
f 4784//4725 4778//4719 4661//4602
f 4784//4725 4661//4602 4777//4718
f 4785//4726 4777//4718 4779//4720
f 4783//4724 4786//4727 4779//4720
f 4772//4713 4780//4721 4783//4724
f 4782//4723 4781//4722 4773//4714
f 4776//4717 4781//4722 4787//4728
f 4774//4715 4787//4728 4788//4729
f 4788//4729 4780//4721 4774//4715
f 4787//4728 4774//4715 4776//4717
f 4785//4726 4779//4720 4786//4727
f 4780//4721 4789//4730 4783//4724
f 4781//4722 4782//4723 4790//4731
f 4781//4722 4790//4731 4787//4728
f 4791//4732 4784//4725 4777//4718
f 4791//4732 4777//4718 4785//4726
f 4791//4732 4785//4726 4792//4733
f 4786//4727 4793//4734 4785//4726
f 4793//4734 4786//4727 4783//4724
f 4793//4734 4783//4724 4794//4735
f 4778//4719 4784//4725 4782//4723
f 4789//4730 4794//4735 4783//4724
f 4789//4730 4780//4721 4788//4729
f 4790//4731 4795//4736 4788//4729
f 4790//4731 4788//4729 4787//4728
f 4796//4737 4793//4734 4797//4738
f 4792//4733 4785//4726 4793//4734
f 4793//4734 4796//4737 4792//4733
f 4794//4735 4797//4738 4793//4734
f 4791//4732 4667//4608 4798//4739
f 4791//4732 4798//4739 4784//4725
f 4782//4723 4784//4725 4798//4739
f 4782//4723 4798//4739 4799//4740
f 4790//4731 4782//4723 4799//4740
f 4790//4731 4799//4740 4795//4736
f 4788//4729 4800//4741 4801//4742
f 4788//4729 4801//4742 4789//4730
f 4795//4736 4800//4741 4788//4729
f 4802//4743 4796//4737 4797//4738
f 4663//4604 4802//4743 4797//4738
f 4803//4744 4667//4608 4792//4733
f 4667//4608 4791//4732 4792//4733
f 4789//4730 4804//4745 4794//4735
f 4801//4742 4804//4745 4789//4730
f 4799//4740 4800//4741 4795//4736
f 4805//4746 4806//4746 4807//4746
f 4808//4747 4809//4748 4810//4749
f 4811//4750 4812//4750 4813//4750
f 4814//4751 4815//4751 4816//4751
f 4817//4752 4818//4753 4819//4754
f 4817//4752 4819//4754 4820//4755
f 4821//4756 4819//4754 4818//4753
f 4821//4756 4818//4753 4822//4757
f 4818//4753 4817//4752 4823//4758
f 4822//4757 4818//4753 4823//4758
f 4822//4757 4823//4758 4824//4759
f 4821//4756 4822//4757 4824//4759
f 4821//4756 4824//4759 4825//4760
f 4823//4758 4826//4761 4824//4759
f 4825//4760 4824//4759 4802//4743
f 4824//4759 4827//4762 4828//4763
f 4824//4759 4828//4763 4802//4743
f 4828//4763 4796//4737 4802//4743
f 4802//4743 4829//4764 4662//4603
f 4803//4744 4796//4737 4828//4763
f 4803//4744 4792//4733 4796//4737
f 4797//4738 4830//4765 4663//4604
f 4803//4744 4668//4609 4667//4608
f 4794//4735 4804//4745 4830//4765
f 4794//4735 4830//4765 4797//4738
f 4667//4608 4799//4740 4798//4739
f 4799//4740 4831//4766 4800//4741
f 4831//4766 4801//4742 4800//4741
f 4831//4766 4804//4745 4801//4742
f 4832//4767 4833//4768 4808//4747
f 4832//4767 4808//4747 4810//4749
f 4672//4613 4819//4754 4670//4611
f 4819//4754 4821//4756 4834//4769
f 4819//4754 4834//4769 4670//4611
f 4835//4770 4834//4769 4821//4756
f 4836//4771 4837//4772 4673//4614
f 4836//4771 4673//4614 4817//4752
f 4825//4760 4835//4770 4821//4756
f 4817//4752 4673//4614 4676//4617
f 4817//4752 4676//4617 4823//4758
f 4826//4761 4823//4758 4676//4617
f 4835//4770 4825//4760 4838//4773
f 4828//4763 4827//4762 4839//4774
f 4825//4760 4802//4743 4662//4603
f 4825//4760 4662//4603 4666//4607
f 4838//4773 4825//4760 4666//4607
f 4678//4619 4668//4609 4803//4744
f 4678//4619 4803//4744 4828//4763
f 4663//4604 4830//4765 4664//4605
f 4838//4773 4666//4607 4840//4775
f 4840//4775 4666//4607 4665//4606
f 4667//4608 4669//4610 4831//4766
f 4667//4608 4831//4766 4799//4740
f 4669//4610 4841//4776 4804//4745
f 4669//4610 4804//4745 4831//4766
f 4842//4777 4671//4612 4670//4611
f 4842//4777 4670//4611 4834//4769
f 4834//4769 4843//4778 4842//4777
f 4834//4769 4835//4770 4843//4778
f 4673//4614 4675//4616 4671//4612
f 4844//4779 4835//4770 4838//4773
f 4826//4761 4676//4617 4839//4774
f 4844//4779 4838//4773 4845//4780
f 4678//4619 4828//4763 4839//4774
f 4664//4605 4846//4781 4662//4603
f 4662//4603 4846//4781 4847//4782
f 4662//4603 4847//4782 4848//4783
f 4662//4603 4848//4783 4665//4606
f 4840//4775 4845//4780 4838//4773
f 4849//4784 4830//4765 4804//4745
f 4848//4783 4850//4785 4851//4786
f 4848//4783 4851//4786 4665//4606
f 4852//4787 4853//4788 4845//4780
f 4852//4787 4845//4780 4840//4775
f 4668//4609 4854//4789 4669//4610
f 4841//4776 4669//4610 4854//4789
f 4854//4789 4849//4784 4804//4745
f 4854//4789 4804//4745 4841//4776
f 4855//4790 4856//4791 4842//4777
f 4855//4790 4842//4777 4843//4778
f 4843//4778 4857//4792 4855//4790
f 4835//4770 4857//4792 4843//4778
f 4671//4612 4842//4777 4856//4791
f 4671//4612 4856//4791 4858//4793
f 4671//4612 4677//4618 4673//4614
f 4677//4618 4671//4612 4858//4793
f 4859//4794 4676//4617 4677//4618
f 4839//4774 4676//4617 4859//4794
f 4860//4795 4844//4779 4845//4780
f 4679//4620 4678//4619 4839//4774
f 4679//4620 4839//4774 4681//4622
f 4664//4605 4685//4626 4683//4624
f 4664//4605 4861//4796 4846//4781
f 4683//4624 4847//4782 4862//4797
f 4860//4795 4845//4780 4863//4798
f 4830//4765 4680//4621 4664//4605
f 4683//4624 4848//4783 4847//4782
f 4863//4798 4845//4780 4864//4799
f 4849//4784 4854//4789 4668//4609
f 4849//4784 4668//4609 4679//4620
f 4849//4784 4680//4621 4830//4765
f 4683//4624 4682//4623 4848//4783
f 4845//4780 4865//4800 4864//4799
f 4848//4783 4682//4623 4866//4801
f 4865//4800 4845//4780 4867//4802
f 4682//4623 4868//4803 4866//4801
f 4869//4804 4855//4790 4857//4792
f 4870//4805 4869//4804 4857//4792
f 4869//4804 4856//4791 4855//4790
f 4857//4792 4835//4770 4871//4806
f 4857//4792 4871//4806 4872//4807
f 4835//4770 4844//4779 4873//4808
f 4835//4770 4873//4808 4871//4806
f 4873//4808 4844//4779 4874//4809
f 4677//4618 4858//4793 4859//4794
f 4859//4794 4858//4793 4687//4628
f 4859//4794 4687//4628 4686//4627
f 4860//4795 4875//4810 4874//4809
f 4860//4795 4874//4809 4844//4779
f 4859//4794 4686//4627 4876//4811
f 4859//4794 4876//4811 4839//4774
f 4876//4811 4686//4627 4685//4626
f 4875//4810 4860//4795 4877//4812
f 4839//4774 4876//4811 4878//4813
f 4839//4774 4878//4813 4681//4622
f 4876//4811 4685//4626 4664//4605
f 4877//4812 4860//4795 4879//4814
f 4876//4811 4664//4605 4681//4622
f 4679//4620 4681//4622 4680//4621
f 4684//4625 4683//4624 4685//4626
f 4684//4625 4879//4814 4860//4795
f 4679//4620 4680//4621 4849//4784
f 4860//4795 4864//4799 4865//4800
f 4860//4795 4865//4800 4684//4625
f 4684//4625 4865//4800 4682//4623
f 4880//4815 4869//4804 4870//4805
f 4872//4807 4871//4806 4881//4816
f 4856//4791 4869//4804 4880//4815
f 4856//4791 4880//4815 4882//4817
f 4856//4791 4882//4817 4858//4793
f 4858//4793 4882//4817 4687//4628
f 4883//4818 4881//4816 4871//4806
f 4883//4818 4871//4806 4874//4809
f 4687//4628 4882//4817 4884//4819
f 4882//4817 4883//4818 4875//4810
f 4882//4817 4875//4810 4884//4819
f 4874//4809 4875//4810 4883//4818
f 4687//4628 4884//4819 4685//4626
f 4884//4819 4875//4810 4879//4814
f 4884//4819 4879//4814 4684//4625
f 4685//4626 4884//4819 4684//4625
f 4880//4815 4881//4816 4883//4818
f 4880//4815 4883//4818 4882//4817